EDA_Raw,Time_Seconds
0.169117,0.0
0.164001,0.25
0.167838,0.5
0.155047,0.75
0.158884,1.0
0.162722,1.25
0.171676,1.5
0.181909,1.75
0.192143,2.0
0.203655,2.25
0.212609,2.5
0.22796,2.75
0.267614,3.0
0.308547,3.25
0.36739,3.5
0.422394,3.75
0.441582,4.0
0.449257,4.25
0.453094,4.5
0.456932,4.75
0.455653,5.0
0.45949,5.25
0.455653,5.5
0.449257,5.75
0.410881,6.0
0.422394,6.25
0.414719,6.5
0.423673,6.75
0.436465,7.0
0.442861,7.25
0.451815,7.5
0.482515,7.75
0.531124,8.0
0.58357,8.25
0.639854,8.5
0.687183,8.75
0.743467,9.0
0.815101,9.25
0.873943,9.5
0.914876,9.75
0.98651,10.0
1.11059,10.25
1.136242,10.5
1.181013,10.75
1.195084,11.0
1.219389,11.25
1.209155,11.5
1.193805,11.75
1.172059,12.0
1.161826,12.25
1.145197,12.5
1.133684,12.75
1.126009,13.0
1.106821,13.25
1.097867,13.5
1.088913,13.75
1.078679,14.0
1.072284,14.25
1.067167,14.5
1.056934,14.75
1.054375,15.0
1.054375,15.25
1.051817,15.5
1.051817,15.75
1.047979,16.0
1.044142,16.25
1.036467,16.5
1.033908,16.75
1.03135,17.0
1.026233,17.25
1.021117,17.5
1.009604,17.75
1.016,18.0
1.016,18.25
1.016,18.5
1.023675,18.75
1.035188,19.0
1.036467,19.25
1.032629,19.5
1.026233,19.75
1.017279,20.0
1.012162,20.25
0.999371,20.5
0.990416,20.75
0.984021,21.0
0.981462,21.25
0.972508,21.5
0.971229,21.75
0.959716,22.0
0.957158,22.25
0.949483,22.5
0.948204,22.75
0.940529,23.0
0.940529,23.25
0.932854,23.5
0.925179,23.75
0.921341,24.0
0.917503,24.25
0.914945,24.5
0.912387,24.75
0.905991,25.0
0.905991,25.25
0.903433,25.5
0.898316,25.75
0.894478,26.0
0.889362,26.25
0.888083,26.5
0.885524,26.75
0.877849,27.0
0.87657,27.25
0.872732,27.5
0.865057,27.75
0.865057,28.0
0.867616,28.25
0.868895,28.5
0.868895,28.75
0.865057,29.0
0.865057,29.25
0.849707,29.5
0.862499,29.75
0.862499,30.0
0.850986,30.25
0.84587,30.5
0.839474,30.75
0.834357,31.0
0.82924,31.25
0.824124,31.5
0.825403,31.75
0.833078,32.0
0.857382,32.25
0.882966,32.5
0.898316,32.75
0.899595,33.0
0.895758,33.25
0.905991,33.5
0.918783,33.75
0.920062,34.0
0.916224,34.25
0.908549,34.5
0.902153,34.75
0.895758,35.0
0.900874,35.25
0.914945,35.5
0.90727,35.75
0.902153,36.0
0.893199,36.25
0.885524,36.5
0.882966,36.75
0.882966,37.0
0.843311,37.25
0.863778,37.5
0.868895,37.75
0.858661,38.0
0.858661,38.25
0.854824,38.5
0.86122,38.75
0.833078,39.0
0.840753,39.25
0.839474,39.5
0.831799,39.75
0.83052,40.0
0.824124,40.25
0.820286,40.5
0.824124,40.75
0.816449,41.0
0.807495,41.25
0.802378,41.5
0.799819,41.75
0.797261,42.0
0.795982,42.25
0.790865,42.5
0.792144,42.75
0.793424,43.0
0.808774,43.25
0.806215,43.5
0.799819,43.75
0.789586,44.0
0.784469,44.25
0.781911,44.5
0.778073,44.75
0.769119,45.0
0.771678,45.25
0.775515,45.5
0.769119,45.75
0.764003,46.0
0.758886,46.25
0.748652,46.5
0.733302,46.75
0.743536,47.0
0.742257,47.25
0.73714,47.5
0.730744,47.75
0.726907,48.0
0.732023,48.25
0.729465,48.5
0.726907,48.75
0.723069,49.0
0.719231,49.25
0.725627,49.5
0.749932,49.75
0.747373,50.0
0.746094,50.25
0.73714,50.5
0.729465,50.75
0.723069,51.0
0.719231,51.25
0.719231,51.5
0.712836,51.75
0.710277,52.0
0.703881,52.25
0.702602,52.5
0.694927,52.75
0.701323,53.0
0.70644,53.25
0.701323,53.5
0.702602,53.75
0.696206,54.0
0.692369,54.25
0.688531,54.5
0.684694,54.75
0.683415,55.0
0.682135,55.25
0.677019,55.5
0.677019,55.75
0.673181,56.0
0.673181,56.25
0.670623,56.5
0.668064,56.75
0.664227,57.0
0.664227,57.25
0.65911,57.5
0.656552,57.75
0.656552,58.0
0.651435,58.25
0.650156,58.5
0.648877,58.75
0.646319,59.0
0.641202,59.25
0.639923,59.5
0.639923,59.75
0.638644,60.0
0.633527,60.25
0.632248,60.5
0.630968,60.75
0.629689,61.0
0.62841,61.25
0.625852,61.5
0.624573,61.75
0.623293,62.0
0.614339,62.25
0.618177,62.5
0.615618,62.75
0.614339,63.0
0.610502,63.25
0.610502,63.5
0.606664,63.75
0.604106,64.0
0.604106,64.25
0.600268,64.5
0.600268,64.75
0.592593,65.0
0.592593,65.25
0.579801,65.5
0.588756,65.75
0.609222,66.0
0.610502,66.25
0.611781,66.5
0.61306,66.75
0.607943,67.0
0.604106,67.25
0.601547,67.5
0.601547,67.75
0.602827,68.0
0.601547,68.25
0.601547,68.5
0.598989,68.75
0.600268,69.0
0.595152,69.25
0.604106,69.5
0.604106,69.75
0.598989,70.0
0.600268,70.25
0.59771,70.5
0.593872,70.75
0.591314,71.0
0.592593,71.25
0.588756,71.5
0.591314,71.75
0.584918,72.0
0.586197,72.25
0.58236,72.5
0.58236,72.75
0.581081,73.0
0.579801,73.25
0.579801,73.5
0.579801,73.75
0.577243,74.0
0.573406,74.25
0.573406,74.5
0.569568,74.75
0.570847,75.0
0.569568,75.25
0.56701,75.5
0.56701,75.75
0.564451,76.0
0.561893,76.25
0.558056,76.5
0.554218,76.75
0.549101,77.0
0.55166,77.25
0.547822,77.5
0.546543,77.75
0.533751,78.0
0.531193,78.25
0.526076,78.5
0.524797,78.75
0.523518,79.0
0.522239,79.25
0.518401,79.5
0.513284,79.75
0.506889,80.0
0.501772,80.25
0.564382,80.5
0.56822,80.75
0.56822,81.0
0.566941,81.25
0.572057,81.5
0.596362,81.75
0.601478,82.0
0.597641,82.25
0.593803,82.5
0.591245,82.75
0.588687,83.0
0.588687,83.25
0.586128,83.5
0.584849,83.75
0.584849,84.0
0.58357,84.25
0.586128,84.5
0.578453,84.75
0.579732,85.0
0.579732,85.25
0.581012,85.5
0.579732,85.75
0.578453,86.0
0.574616,86.25
0.573337,86.5
0.572057,86.75
0.569499,87.0
0.569499,87.25
0.565662,87.5
0.565662,87.75
0.561824,88.0
0.564382,88.25
0.559266,88.5
0.563103,88.75
0.559266,89.0
0.557986,89.25
0.556707,89.5
0.555428,89.75
0.554149,90.0
0.55287,90.25
0.551591,90.5
0.545195,90.75
0.543916,91.0
0.540078,91.25
0.540078,91.5
0.53752,91.75
0.532403,92.0
0.526007,92.25
0.523449,92.5
0.52217,92.75
0.519611,93.0
0.518332,93.25
0.515774,93.5
0.517053,93.75
0.514495,94.0
0.513215,94.25
0.509378,94.5
0.509378,94.75
0.504261,95.0
0.501703,95.25
0.500424,95.5
0.497865,95.75
0.495307,96.0
0.492749,96.25
0.491469,96.5
0.486353,96.75
0.485074,97.0
0.485074,97.25
0.481236,97.5
0.476119,97.75
0.473561,98.0
0.472282,98.25
0.469723,98.5
0.469723,98.75
0.465886,99.0
0.465886,99.25
0.463328,99.5
0.460769,99.75
0.460769,100.0
0.45949,100.25
0.456932,100.5
0.454373,100.75
0.454373,101.0
0.451815,101.25
0.449257,101.5
0.447978,101.75
0.446698,102.0
0.44414,102.25
0.441582,102.5
0.437744,102.75
0.442861,103.0
0.446698,103.25
0.454373,103.5
0.460769,103.75
0.462048,104.0
0.463328,104.25
0.458211,104.5
0.460769,104.75
0.454373,105.0
0.455653,105.25
0.451815,105.5
0.440302,105.75
0.439023,106.0
0.437744,106.25
0.437744,106.5
0.437744,106.75
0.436465,107.0
0.435186,107.25
0.440302,107.5
0.433907,107.75
0.439023,108.0
0.437744,108.25
0.437744,108.5
0.436465,108.75
0.433907,109.0
0.435186,109.25
0.431348,109.5
0.430069,109.75
0.427511,110.0
0.426232,110.25
0.424952,110.5
0.426232,110.75
0.423673,111.0
0.421115,111.25
0.415998,111.5
0.412161,111.75
0.408323,112.0
0.405765,112.25
0.405765,112.5
0.404486,112.75
0.401927,113.0
0.400648,113.25
0.400648,113.5
0.400648,113.75
0.400648,114.0
0.399369,114.25
0.399369,114.5
0.400648,114.75
0.403206,115.0
0.404486,115.25
0.405765,115.5
0.408323,115.75
0.408323,116.0
0.405765,116.25
0.408323,116.5
0.414719,116.75
0.415998,117.0
0.41344,117.25
0.412161,117.5
0.408323,117.75
0.407044,118.0
0.401927,118.25
0.401927,118.5
0.400648,118.75
0.403206,119.0
0.405765,119.25
0.412161,119.5
0.412161,119.75
0.412161,120.0
0.412161,120.25
0.409602,120.5
0.409602,120.75
0.407044,121.0
0.407044,121.25
0.405765,121.5
0.405765,121.75
0.403206,122.0
0.401927,122.25
0.400648,122.5
0.399369,122.75
0.399369,123.0
0.396811,123.25
0.39809,123.5
0.39809,123.75
0.395531,124.0
0.394252,124.25
0.392973,124.5
0.392973,124.75
0.386577,125.0
0.387856,125.25
0.380181,125.5
0.386577,125.75
0.385298,126.0
0.384019,126.25
0.38146,126.5
0.38146,126.75
0.378902,127.0
0.378902,127.25
0.372506,127.5
0.373785,127.75
0.372506,128.0
0.369948,128.25
0.369948,128.5
0.368669,128.75
0.36739,129.0
0.364831,129.25
0.363552,129.5
0.358435,129.75
0.360994,130.0
0.358435,130.25
0.355877,130.5
0.355877,130.75
0.354598,131.0
0.354598,131.25
0.353319,131.5
0.357156,131.75
0.353319,132.0
0.358435,132.25
0.363552,132.5
0.364831,132.75
0.363552,133.0
0.359714,133.25
0.358435,133.5
0.358435,133.75
0.357156,134.0
0.355877,134.25
0.355877,134.5
0.355877,134.75
0.355877,135.0
0.353319,135.25
0.354598,135.5
0.349481,135.75
0.343085,136.0
0.339248,136.25
0.337968,136.5
0.337968,136.75
0.334131,137.0
0.332852,137.25
0.331573,137.5
0.332852,137.75
0.322618,138.0
0.327735,138.25
0.326456,138.5
0.325177,138.75
0.323898,139.0
0.321339,139.25
0.321339,139.5
0.325177,139.75
0.321339,140.0
0.312385,140.25
0.327735,140.5
0.329014,140.75
0.326456,141.0
0.325177,141.25
0.326456,141.5
0.330293,141.75
0.331573,142.0
0.334131,142.25
0.332852,142.5
0.332852,142.75
0.329014,143.0
0.329014,143.25
0.326456,143.5
0.327735,143.75
0.326456,144.0
0.329014,144.25
0.325177,144.5
0.325177,144.75
0.32006,145.0
0.318781,145.25
0.318781,145.5
0.316223,145.75
0.314943,146.0
0.314943,146.25
0.313664,146.5
0.313664,146.75
0.312385,147.0
0.313664,147.25
0.305989,147.5
0.311106,147.75
0.311106,148.0
0.311106,148.25
0.309827,148.5
0.308547,148.75
0.309827,149.0
0.308547,149.25
0.309827,149.5
0.308547,149.75
0.308547,150.0
0.307268,150.25
0.309827,150.5
0.305989,150.75
0.30471,151.0
0.303431,151.25
0.303431,151.5
0.295756,151.75
0.300872,152.0
0.298314,152.25
0.302152,152.5
0.302152,152.75
0.305989,153.0
0.305989,153.25
0.30471,153.5
0.30471,153.75
0.303431,154.0
0.302152,154.25
0.299593,154.5
0.299593,154.75
0.298314,155.0
0.295756,155.25
0.294477,155.5
0.290639,155.75
0.297035,156.0
0.298314,156.25
0.298314,156.5
0.298314,156.75
0.299593,157.0
0.298314,157.25
0.297035,157.5
0.297035,157.75
0.297035,158.0
0.295756,158.25
0.294477,158.5
0.295756,158.75
0.298314,159.0
0.298314,159.25
0.297035,159.5
0.298314,159.75
0.297035,160.0
0.297035,160.25
0.295756,160.5
0.298314,160.75
0.295756,161.0
0.294477,161.25
0.294477,161.5
0.293197,161.75
0.28936,162.0
0.288081,162.25
0.286802,162.5
0.284243,162.75
0.284243,163.0
0.282964,163.25
0.276568,163.5
0.281685,163.75
0.280406,164.0
0.280406,164.25
0.279126,164.5
0.277847,164.75
0.27401,165.0
0.277847,165.25
0.27401,165.5
0.276568,165.75
0.275289,166.0
0.277847,166.25
0.267614,166.5
0.270172,166.75
0.270172,167.0
0.266335,167.25
0.266335,167.5
0.265056,167.75
0.267614,168.0
0.263776,168.25
0.265056,168.5
0.265056,168.75
0.263776,169.0
0.257381,169.25
0.263776,169.5
0.265056,169.75
0.262497,170.0
0.261218,170.25
0.25866,170.5
0.25866,170.75
0.261218,171.0
0.25866,171.25
0.257381,171.5
0.257381,171.75
0.257381,172.0
0.257381,172.25
0.256101,172.5
0.254822,172.75
0.254822,173.0
0.253543,173.25
0.252264,173.5
0.252264,173.75
0.252264,174.0
0.253543,174.25
0.252264,174.5
0.252264,174.75
0.250985,175.0
0.250985,175.25
0.250985,175.5
0.250985,175.75
0.24331,176.0
0.249705,176.25
0.247147,176.5
0.249705,176.75
0.247147,177.0
0.252264,177.25
0.256101,177.5
0.256101,177.75
0.257381,178.0
0.257381,178.25
0.257381,178.5
0.257381,178.75
0.25866,179.0
0.256101,179.25
0.257381,179.5
0.25866,179.75
0.256101,180.0
0.256101,180.25
0.257381,180.5
0.256101,180.75
0.253543,181.0
0.253543,181.25
0.254822,181.5
0.250985,181.75
0.249705,182.0
0.244589,182.25
0.249705,182.5
0.248426,182.75
0.248426,183.0
0.244589,183.25
0.245868,183.5
0.247147,183.75
0.24203,184.0
0.240751,184.25
0.24203,184.5
0.240751,184.75
0.236914,185.0
0.239472,185.25
0.239472,185.5
0.239472,185.75
0.235635,186.0
0.236914,186.25
0.235635,186.5
0.239472,186.75
0.236914,187.0
0.236914,187.25
0.234355,187.5
0.235635,187.75
0.231797,188.0
0.234355,188.25
0.234355,188.5
0.234355,188.75
0.234355,189.0
0.233076,189.25
0.230518,189.5
0.233076,189.75
0.231797,190.0
0.231797,190.25
0.22796,190.5
0.229239,190.75
0.22796,191.0
0.22796,191.25
0.22796,191.5
0.22796,191.75
0.22796,192.0
0.233076,192.25
0.234355,192.5
0.234355,192.75
0.234355,193.0
0.235635,193.25
0.236914,193.5
0.235635,193.75
0.236914,194.0
0.234355,194.25
0.238193,194.5
0.235635,194.75
0.235635,195.0
0.234355,195.25
0.235635,195.5
0.233076,195.75
0.230518,196.0
0.222843,196.25
0.22796,196.5
0.221564,196.75
0.22796,197.0
0.22796,197.25
0.22668,197.5
0.229239,197.75
0.22668,198.0
0.22796,198.25
0.22796,198.5
0.225401,198.75
0.22668,199.0
0.224122,199.25
0.225401,199.5
0.225401,199.75
0.225401,200.0
0.225401,200.25
0.222843,200.5
0.222843,200.75
0.224122,201.0
0.212609,201.25
0.222843,201.5
0.224122,201.75
0.216447,202.0
0.220284,202.25
0.220284,202.5
0.221564,202.75
0.220284,203.0
0.220284,203.25
0.219005,203.5
0.219005,203.75
0.217726,204.0
0.219005,204.25
0.219005,204.5
0.220284,204.75
0.213889,205.0
0.213889,205.25
0.219005,205.5
0.216447,205.75
0.216447,206.0
0.212609,206.25
0.216447,206.5
0.217726,206.75
0.219005,207.0
0.220284,207.25
0.220284,207.5
0.220284,207.75
0.222843,208.0
0.222843,208.25
0.222843,208.5
0.222843,208.75
0.219005,209.0
0.219005,209.25
0.216447,209.5
0.220284,209.75
0.216447,210.0
0.220284,210.25
0.219005,210.5
0.220284,210.75
0.222843,211.0
0.221564,211.25
0.220284,211.5
0.217726,211.75
0.215168,212.0
0.21133,212.25
0.210051,212.5
0.210051,212.75
0.208772,213.0
0.210051,213.25
0.206214,213.5
0.206214,213.75
0.199818,214.0
0.203655,214.25
0.203655,214.5
0.212609,214.75
0.206214,215.0
0.215168,215.25
0.216447,215.5
0.215168,215.75
0.215168,216.0
0.216447,216.25
0.217726,216.5
0.219005,216.75
0.220284,217.0
0.219005,217.25
0.221564,217.5
0.221564,217.75
0.224122,218.0
0.222843,218.25
0.224122,218.5
0.220284,218.75
0.213889,219.0
0.210051,219.25
0.213889,219.5
0.210051,219.75
0.203655,220.0
0.216447,220.25
0.215168,220.5
0.216447,220.75
0.213889,221.0
0.215168,221.25
0.213889,221.5
0.215168,221.75
0.215168,222.0
0.212609,222.25
0.212609,222.5
0.215168,222.75
0.215168,223.0
0.215168,223.25
0.216447,223.5
0.217726,223.75
0.215168,224.0
0.213889,224.25
0.21133,224.5
0.225401,224.75
0.21133,225.0
0.215168,225.25
0.21133,225.5
0.213889,225.75
0.212609,226.0
0.213889,226.25
0.213889,226.5
0.215168,226.75
0.215168,227.0
0.217726,227.25
0.217726,227.5
0.216447,227.75
0.216447,228.0
0.215168,228.25
0.216447,228.5
0.215168,228.75
0.216447,229.0
0.216447,229.25
0.217726,229.5
0.215168,229.75
0.215168,230.0
0.215168,230.25
0.213889,230.5
0.213889,230.75
0.212609,231.0
0.213889,231.25
0.21133,231.5
0.21133,231.75
0.213889,232.0
0.213889,232.25
0.213889,232.5
0.202376,232.75
0.204934,233.0
0.21133,233.25
0.21133,233.5
0.21133,233.75
0.212609,234.0
0.207493,234.25
0.206214,234.5
0.206214,234.75
0.206214,235.0
0.204934,235.25
0.208772,235.5
0.206214,235.75
0.210051,236.0
0.210051,236.25
0.212609,236.5
0.212609,236.75
0.21133,237.0
0.213889,237.25
0.213889,237.5
0.212609,237.75
0.219005,238.0
0.219005,238.25
0.219005,238.5
0.220284,238.75
0.221564,239.0
0.222843,239.25
0.221564,239.5
0.221564,239.75
0.221564,240.0
0.220284,240.25
0.220284,240.5
0.220284,240.75
0.217726,241.0
0.216447,241.25
0.215168,241.5
0.217726,241.75
0.213889,242.0
0.215168,242.25
0.212609,242.5
0.213889,242.75
0.212609,243.0
0.215168,243.25
0.213889,243.5
0.213889,243.75
0.215168,244.0
0.213889,244.25
0.215168,244.5
0.213889,244.75
0.212609,245.0
0.215168,245.25
0.217726,245.5
0.217726,245.75
0.217726,246.0
0.217726,246.25
0.219005,246.5
0.217726,246.75
0.217726,247.0
0.217726,247.25
0.219005,247.5
0.220284,247.75
0.217726,248.0
0.219005,248.25
0.220284,248.5
0.219005,248.75
0.220284,249.0
0.219005,249.25
0.219005,249.5
0.219005,249.75
0.219005,250.0
0.219005,250.25
0.220284,250.5
0.217726,250.75
0.217726,251.0
0.212609,251.25
0.219005,251.5
0.220284,251.75
0.219005,252.0
0.219005,252.25
0.217726,252.5
0.217726,252.75
0.217726,253.0
0.216447,253.25
0.219005,253.5
0.217726,253.75
0.216447,254.0
0.216447,254.25
0.216447,254.5
0.216447,254.75
0.215168,255.0
0.215168,255.25
0.217726,255.5
0.221564,255.75
0.221564,256.0
0.221564,256.25
0.220284,256.5
0.217726,256.75
0.216447,257.0
0.213889,257.25
0.208772,257.5
0.207493,257.75
0.206214,258.0
0.203655,258.25
0.21133,258.5
0.213889,258.75
0.201097,259.0
0.198538,259.25
0.198538,259.5
0.220284,259.75
0.204934,260.0
0.198538,260.25
0.201097,260.5
0.198538,260.75
0.198538,261.0
0.198538,261.25
0.201097,261.5
0.198538,261.75
0.201097,262.0
0.201097,262.25
0.199818,262.5
0.199818,262.75
0.206214,263.0
0.208772,263.25
0.21133,263.5
0.212609,263.75
0.212609,264.0
0.215168,264.25
0.213889,264.5
0.217726,264.75
0.213889,265.0
0.217726,265.25
0.215168,265.5
0.217726,265.75
0.220284,266.0
0.220284,266.25
0.219005,266.5
0.220284,266.75
0.220284,267.0
0.219005,267.25
0.220284,267.5
0.221564,267.75
0.213889,268.0
0.220284,268.25
0.220284,268.5
0.222843,268.75
0.220284,269.0
0.220284,269.25
0.220284,269.5
0.220284,269.75
0.219005,270.0
0.221564,270.25
0.220284,270.5
0.221564,270.75
0.220284,271.0
0.220284,271.25
0.221564,271.5
0.220284,271.75
0.219005,272.0
0.217726,272.25
0.220284,272.5
0.216447,272.75
0.217726,273.0
0.219005,273.25
0.217726,273.5
0.216447,273.75
0.219005,274.0
0.221564,274.25
0.221564,274.5
0.222843,274.75
0.221564,275.0
0.221564,275.25
0.221564,275.5
0.221564,275.75
0.220284,276.0
0.219005,276.25
0.217726,276.5
0.217726,276.75
0.222843,277.0
0.229239,277.25
0.22668,277.5
0.220284,277.75
0.208772,278.0
0.204934,278.25
0.204934,278.5
0.204934,278.75
0.204934,279.0
0.198538,279.25
0.219005,279.5
0.222843,279.75
0.225401,280.0
0.230518,280.25
0.230518,280.5
0.234355,280.75
0.231797,281.0
0.233076,281.25
0.230518,281.5
0.230518,281.75
0.229239,282.0
0.22796,282.25
0.22796,282.5
0.22668,282.75
0.22668,283.0
0.225401,283.25
0.224122,283.5
0.225401,283.75
0.219005,284.0
0.224122,284.25
0.224122,284.5
0.225401,284.75
0.221564,285.0
0.224122,285.25
0.222843,285.5
0.222843,285.75
0.224122,286.0
0.225401,286.25
0.224122,286.5
0.225401,286.75
0.220284,287.0
0.220284,287.25
0.216447,287.5
0.217726,287.75
0.216447,288.0
0.215168,288.25
0.213889,288.5
0.213889,288.75
0.212609,289.0
0.212609,289.25
0.213889,289.5
0.207493,289.75
0.213889,290.0
0.213889,290.25
0.213889,290.5
0.215168,290.75
0.213889,291.0
0.213889,291.25
0.21133,291.5
0.212609,291.75
0.210051,292.0
0.21133,292.25
0.21133,292.5
0.21133,292.75
0.21133,293.0
0.212609,293.25
0.212609,293.5
0.212609,293.75
0.21133,294.0
0.21133,294.25
0.21133,294.5
0.208772,294.75
0.210051,295.0
0.21133,295.25
0.21133,295.5
0.21133,295.75
0.210051,296.0
0.21133,296.25
0.21133,296.5
0.210051,296.75
0.207493,297.0
0.210051,297.25
0.208772,297.5
0.210051,297.75
0.207493,298.0
0.208772,298.25
0.201097,298.5
0.206214,298.75
0.207493,299.0
0.208772,299.25
0.207493,299.5
0.208772,299.75
0.207493,300.0
0.21133,300.25
0.207493,300.5
0.208772,300.75
0.208772,301.0
0.208772,301.25
0.208772,301.5
0.210051,301.75
0.208772,302.0
0.208772,302.25
0.207493,302.5
0.207493,302.75
0.203655,303.0
0.203655,303.25
0.202376,303.5
0.202376,303.75
0.202376,304.0
0.202376,304.25
0.203655,304.5
0.202376,304.75
0.201097,305.0
0.201097,305.25
0.203655,305.5
0.201097,305.75
0.202376,306.0
0.202376,306.25
0.202376,306.5
0.201097,306.75
0.201097,307.0
0.202376,307.25
0.202376,307.5
0.203655,307.75
0.201097,308.0
0.197259,308.25
0.202376,308.5
0.203655,308.75
0.202376,309.0
0.204934,309.25
0.202376,309.5
0.201097,309.75
0.201097,310.0
0.202376,310.25
0.199818,310.5
0.198538,310.75
0.198538,311.0
0.197259,311.25
0.203655,311.5
0.206214,311.75
0.204934,312.0
0.204934,312.25
0.203655,312.5
0.206214,312.75
0.204934,313.0
0.206214,313.25
0.202376,313.5
0.203655,313.75
0.198538,314.0
0.198538,314.25
0.192143,314.5
0.194701,314.75
0.193422,315.0
0.199818,315.25
0.192143,315.5
0.19598,315.75
0.199818,316.0
0.197259,316.25
0.199818,316.5
0.198538,316.75
0.198538,317.0
0.198538,317.25
0.199818,317.5
0.198538,317.75
0.197259,318.0
0.198538,318.25
0.198538,318.5
0.197259,318.75
0.19598,319.0
0.19598,319.25
0.193422,319.5
0.193422,319.75
0.193422,320.0
0.192143,320.25
0.192143,320.5
0.192143,320.75
0.190863,321.0
0.19598,321.25
0.19598,321.5
0.197259,321.75
0.197259,322.0
0.19598,322.25
0.19598,322.5
0.197259,322.75
0.197259,323.0
0.19598,323.25
0.19598,323.5
0.198538,323.75
0.19598,324.0
0.19598,324.25
0.194701,324.5
0.197259,324.75
0.193422,325.0
0.19598,325.25
0.194701,325.5
0.19598,325.75
0.194701,326.0
0.194701,326.25
0.19598,326.5
0.19598,326.75
0.194701,327.0
0.194701,327.25
0.19598,327.5
0.193422,327.75
0.194701,328.0
0.194701,328.25
0.194701,328.5
0.19598,328.75
0.194701,329.0
0.194701,329.25
0.194701,329.5
0.194701,329.75
0.192143,330.0
0.193422,330.25
0.193422,330.5
0.193422,330.75
0.192143,331.0
0.192143,331.25
0.193422,331.5
0.193422,331.75
0.192143,332.0
0.192143,332.25
0.193422,332.5
0.187026,332.75
0.192143,333.0
0.190863,333.25
0.192143,333.5
0.192143,333.75
0.192143,334.0
0.190863,334.25
0.190863,334.5
0.192143,334.75
0.192143,335.0
0.190863,335.25
0.190863,335.5
0.192143,335.75
0.188305,336.0
0.192143,336.25
0.190863,336.5
0.190863,336.75
0.190863,337.0
0.190863,337.25
0.192143,337.5
0.192143,337.75
0.184468,338.0
0.192143,338.25
0.192143,338.5
0.189584,338.75
0.190863,339.0
0.189584,339.25
0.189584,339.5
0.189584,339.75
0.189584,340.0
0.190863,340.25
0.189584,340.5
0.190863,340.75
0.189584,341.0
0.188305,341.25
0.189584,341.5
0.188305,341.75
0.188305,342.0
0.188305,342.25
0.188305,342.5
0.188305,342.75
0.189584,343.0
0.188305,343.25
0.187026,343.5
0.187026,343.75
0.188305,344.0
0.187026,344.25
0.188305,344.5
0.188305,344.75
0.183188,345.0
0.188305,345.25
0.187026,345.5
0.188305,345.75
0.187026,346.0
0.188305,346.25
0.187026,346.5
0.188305,346.75
0.183188,347.0
0.187026,347.25
0.187026,347.5
0.187026,347.75
0.187026,348.0
0.187026,348.25
0.188305,348.5
0.187026,348.75
0.187026,349.0
0.185747,349.25
0.185747,349.5
0.184468,349.75
0.179351,350.0
0.184468,350.25
0.185747,350.5
0.185747,350.75
0.184468,351.0
0.183188,351.25
0.181909,351.5
0.175513,351.75
0.181909,352.0
0.181909,352.25
0.179351,352.5
0.181909,352.75
0.179351,353.0
0.179351,353.25
0.18063,353.5
0.181909,353.75
0.183188,354.0
0.183188,354.25
0.181909,354.5
0.181909,354.75
0.181909,355.0
0.181909,355.25
0.181909,355.5
0.183188,355.75
0.181909,356.0
0.181909,356.25
0.181909,356.5
0.183188,356.75
0.181909,357.0
0.181909,357.25
0.181909,357.5
0.183188,357.75
0.181909,358.0
0.183188,358.25
0.181909,358.5
0.183188,358.75
0.183188,359.0
0.183188,359.25
0.184468,359.5
0.183188,359.75
0.181909,360.0
0.18063,360.25
0.18063,360.5
0.181909,360.75
0.181909,361.0
0.181909,361.25
0.181909,361.5
0.181909,361.75
0.181909,362.0
0.183188,362.25
0.183188,362.5
0.176793,362.75
0.18063,363.0
0.181909,363.25
0.183188,363.5
0.181909,363.75
0.181909,364.0
0.18063,364.25
0.181909,364.5
0.18063,364.75
0.176793,365.0
0.18063,365.25
0.179351,365.5
0.179351,365.75
0.18063,366.0
0.179351,366.25
0.174234,366.5
0.18063,366.75
0.181909,367.0
0.181909,367.25
0.18063,367.5
0.181909,367.75
0.18063,368.0
0.181909,368.25
0.181909,368.5
0.18063,368.75
0.179351,369.0
0.181909,369.25
0.18063,369.5
0.181909,369.75
0.181909,370.0
0.18063,370.25
0.18063,370.5
0.18063,370.75
0.179351,371.0
0.178072,371.25
0.181909,371.5
0.178072,371.75
0.179351,372.0
0.179351,372.25
0.179351,372.5
0.18063,372.75
0.18063,373.0
0.181909,373.25
0.179351,373.5
0.18063,373.75
0.179351,374.0
0.18063,374.25
0.179351,374.5
0.18063,374.75
0.179351,375.0
0.179351,375.25
0.178072,375.5
0.178072,375.75
0.18063,376.0
0.18063,376.25
0.179351,376.5
0.178072,376.75
0.178072,377.0
0.178072,377.25
0.178072,377.5
0.179351,377.75
0.18063,378.0
0.179351,378.25
0.178072,378.5
0.179351,378.75
0.178072,379.0
0.179351,379.25
0.178072,379.5
0.18063,379.75
0.178072,380.0
0.18063,380.25
0.172955,380.5
0.178072,380.75
0.176793,381.0
0.179351,381.25
0.179351,381.5
0.178072,381.75
0.178072,382.0
0.176793,382.25
0.178072,382.5
0.178072,382.75
0.176793,383.0
0.176793,383.25
0.178072,383.5
0.178072,383.75
0.176793,384.0
0.178072,384.25
0.178072,384.5
0.178072,384.75
0.175513,385.0
0.176793,385.25
0.176793,385.5
0.178072,385.75
0.178072,386.0
0.176793,386.25
0.178072,386.5
0.172955,386.75
0.179351,387.0
0.171676,387.25
0.178072,387.5
0.178072,387.75
0.179351,388.0
0.176793,388.25
0.176793,388.5
0.176793,388.75
0.176793,389.0
0.175513,389.25
0.178072,389.5
0.178072,389.75
0.176793,390.0
0.176793,390.25
0.175513,390.5
0.176793,390.75
0.176793,391.0
0.176793,391.25
0.175513,391.5
0.175513,391.75
0.176793,392.0
0.175513,392.25
0.176793,392.5
0.178072,392.75
0.176793,393.0
0.176793,393.25
0.176793,393.5
0.175513,393.75
0.176793,394.0
0.176793,394.25
0.176793,394.5
0.176793,394.75
0.176793,395.0
0.178072,395.25
0.176793,395.5
0.176793,395.75
0.175513,396.0
0.176793,396.25
0.171676,396.5
0.175513,396.75
0.170397,397.0
0.175513,397.25
0.169117,397.5
0.175513,397.75
0.175513,398.0
0.175513,398.25
0.174234,398.5
0.172955,398.75
0.175513,399.0
0.172955,399.25
0.174234,399.5
0.172955,399.75
0.174234,400.0
0.172955,400.25
0.174234,400.5
0.175513,400.75
0.174234,401.0
0.174234,401.25
0.172955,401.5
0.174234,401.75
0.171676,402.0
0.172955,402.25
0.172955,402.5
0.171676,402.75
0.172955,403.0
0.170397,403.25
0.171676,403.5
0.170397,403.75
0.170397,404.0
0.170397,404.25
0.170397,404.5
0.167838,404.75
0.169117,405.0
0.170397,405.25
0.170397,405.5
0.164001,405.75
0.170397,406.0
0.16528,406.25
0.169117,406.5
0.171676,406.75
0.170397,407.0
0.171676,407.25
0.171676,407.5
0.170397,407.75
0.170397,408.0
0.170397,408.25
0.170397,408.5
0.170397,408.75
0.171676,409.0
0.170397,409.25
0.169117,409.5
0.169117,409.75
0.170397,410.0
0.167838,410.25
0.169117,410.5
0.170397,410.75
0.170397,411.0
0.170397,411.25
0.169117,411.5
0.171676,411.75
0.170397,412.0
0.170397,412.25
0.170397,412.5
0.170397,412.75
0.169117,413.0
0.170397,413.25
0.170397,413.5
0.170397,413.75
0.169117,414.0
0.170397,414.25
0.170397,414.5
0.170397,414.75
0.169117,415.0
0.169117,415.25
0.169117,415.5
0.167838,415.75
0.169117,416.0
0.167838,416.25
0.170397,416.5
0.169117,416.75
0.170397,417.0
0.169117,417.25
0.169117,417.5
0.169117,417.75
0.169117,418.0
0.169117,418.25
0.167838,418.5
0.170397,418.75
0.167838,419.0
0.169117,419.25
0.169117,419.5
0.167838,419.75
0.169117,420.0
0.167838,420.25
0.167838,420.5
0.167838,420.75
0.167838,421.0
0.164001,421.25
0.167838,421.5
0.167838,421.75
0.169117,422.0
0.167838,422.25
0.167838,422.5
0.167838,422.75
0.167838,423.0
0.166559,423.25
0.16528,423.5
0.166559,423.75
0.166559,424.0
0.166559,424.25
0.167838,424.5
0.166559,424.75
0.164001,425.0
0.166559,425.25
0.167838,425.5
0.167838,425.75
0.166559,426.0
0.16528,426.25
0.166559,426.5
0.16528,426.75
0.164001,427.0
0.16528,427.25
0.166559,427.5
0.166559,427.75
0.166559,428.0
0.16528,428.25
0.16528,428.5
0.166559,428.75
0.164001,429.0
0.166559,429.25
0.164001,429.5
0.164001,429.75
0.164001,430.0
0.164001,430.25
0.164001,430.5
0.164001,430.75
0.166559,431.0
0.164001,431.25
0.16528,431.5
0.164001,431.75
0.16528,432.0
0.164001,432.25
0.16528,432.5
0.164001,432.75
0.164001,433.0
0.164001,433.25
0.16528,433.5
0.166559,433.75
0.164001,434.0
0.157605,434.25
0.164001,434.5
0.162722,434.75
0.161442,435.0
0.164001,435.25
0.161442,435.5
0.162722,435.75
0.162722,436.0
0.162722,436.25
0.164001,436.5
0.164001,436.75
0.161442,437.0
0.162722,437.25
0.162722,437.5
0.164001,437.75
0.162722,438.0
0.162722,438.25
0.161442,438.5
0.162722,438.75
0.162722,439.0
0.162722,439.25
0.161442,439.5
0.162722,439.75
0.161442,440.0
0.162722,440.25
0.161442,440.5
0.161442,440.75
0.160163,441.0
0.162722,441.25
0.155047,441.5
0.161442,441.75
0.162722,442.0
0.162722,442.25
0.161442,442.5
0.161442,442.75
0.161442,443.0
0.160163,443.25
0.161442,443.5
0.162722,443.75
0.161442,444.0
0.162722,444.25
0.161442,444.5
0.162722,444.75
0.160163,445.0
0.161442,445.25
0.160163,445.5
0.160163,445.75
0.160163,446.0
0.161442,446.25
0.160163,446.5
0.161442,446.75
0.160163,447.0
0.160163,447.25
0.160163,447.5
0.160163,447.75
0.160163,448.0
0.158884,448.25
0.160163,448.5
0.158884,448.75
0.160163,449.0
0.158884,449.25
0.161442,449.5
0.160163,449.75
0.160163,450.0
0.160163,450.25
0.158884,450.5
0.158884,450.75
0.160163,451.0
0.158884,451.25
0.157605,451.5
0.161442,451.75
0.160163,452.0
0.160163,452.25
0.160163,452.5
0.160163,452.75
0.160163,453.0
0.160163,453.25
0.158884,453.5
0.158884,453.75
0.160163,454.0
0.157605,454.25
0.157605,454.5
0.158884,454.75
0.158884,455.0
0.158884,455.25
0.158884,455.5
0.161442,455.75
0.158884,456.0
0.158884,456.25
0.157605,456.5
0.160163,456.75
0.157605,457.0
0.157605,457.25
0.157605,457.5
0.158884,457.75
0.158884,458.0
0.158884,458.25
0.158884,458.5
0.158884,458.75
0.157605,459.0
0.157605,459.25
0.157605,459.5
0.157605,459.75
0.157605,460.0
0.157605,460.25
0.157605,460.5
0.157605,460.75
0.157605,461.0
0.152488,461.25
0.158884,461.5
0.158884,461.75
0.157605,462.0
0.158884,462.25
0.156326,462.5
0.158884,462.75
0.156326,463.0
0.157605,463.25
0.156326,463.5
0.158884,463.75
0.157605,464.0
0.157605,464.25
0.156326,464.5
0.157605,464.75
0.156326,465.0
0.155047,465.25
0.156326,465.5
0.157605,465.75
0.157605,466.0
0.158884,466.25
0.157605,466.5
0.160163,466.75
0.157605,467.0
0.157605,467.25
0.152488,467.5
0.158884,467.75
0.152488,468.0
0.158884,468.25
0.157605,468.5
0.157605,468.75
0.156326,469.0
0.157605,469.25
0.157605,469.5
0.157605,469.75
0.156326,470.0
0.156326,470.25
0.156326,470.5
0.148651,470.75
0.155047,471.0
0.153767,471.25
0.155047,471.5
0.155047,471.75
0.157605,472.0
0.156326,472.25
0.155047,472.5
0.155047,472.75
0.155047,473.0
0.155047,473.25
0.155047,473.5
0.155047,473.75
0.155047,474.0
0.155047,474.25
0.156326,474.5
0.156326,474.75
0.157605,475.0
0.157605,475.25
0.157605,475.5
0.158884,475.75
0.156326,476.0
0.156326,476.25
0.156326,476.5
0.157605,476.75
0.155047,477.0
0.155047,477.25
0.156326,477.5
0.157605,477.75
0.156326,478.0
0.156326,478.25
0.157605,478.5
0.157605,478.75
0.155047,479.0
0.157605,479.25
0.156326,479.5
0.156326,479.75
0.157605,480.0
0.156326,480.25
0.156326,480.5
0.156326,480.75
0.156326,481.0
0.155047,481.25
0.156326,481.5
0.155047,481.75
0.156326,482.0
0.156326,482.25
0.157605,482.5
0.156326,482.75
0.156326,483.0
0.158884,483.25
0.156326,483.5
0.155047,483.75
0.156326,484.0
0.156326,484.25
0.155047,484.5
0.155047,484.75
0.153767,485.0
0.153767,485.25
0.156326,485.5
0.155047,485.75
0.155047,486.0
0.155047,486.25
0.156326,486.5
0.156326,486.75
0.156326,487.0
0.152488,487.25
0.153767,487.5
0.152488,487.75
0.153767,488.0
0.153767,488.25
0.155047,488.5
0.156326,488.75
0.156326,489.0
0.155047,489.25
0.153767,489.5
0.148651,489.75
0.153767,490.0
0.152488,490.25
0.153767,490.5
0.155047,490.75
0.153767,491.0
0.152488,491.25
0.153767,491.5
0.153767,491.75
0.152488,492.0
0.153767,492.25
0.155047,492.5
0.152488,492.75
0.153767,493.0
0.155047,493.25
0.155047,493.5
0.155047,493.75
0.153767,494.0
0.153767,494.25
0.153767,494.5
0.155047,494.75
0.152488,495.0
0.153767,495.25
0.151209,495.5
0.155047,495.75
0.153767,496.0
0.153767,496.25
0.152488,496.5
0.155047,496.75
0.155047,497.0
0.153767,497.25
0.152488,497.5
0.152488,497.75
0.153767,498.0
0.152488,498.25
0.152488,498.5
0.152488,498.75
0.152488,499.0
0.152488,499.25
0.153767,499.5
0.153767,499.75
0.152488,500.0
0.153767,500.25
0.152488,500.5
0.152488,500.75
0.151209,501.0
0.152488,501.25
0.152488,501.5
0.152488,501.75
0.153767,502.0
0.153767,502.25
0.153767,502.5
0.152488,502.75
0.152488,503.0
0.151209,503.25
0.152488,503.5
0.14993,503.75
0.152488,504.0
0.151209,504.25
0.152488,504.5
0.144813,504.75
0.148651,505.0
0.152488,505.25
0.151209,505.5
0.151209,505.75
0.14993,506.0
0.152488,506.25
0.151209,506.5
0.151209,506.75
0.151209,507.0
0.14993,507.25
0.151209,507.5
0.151209,507.75
0.151209,508.0
0.151209,508.25
0.151209,508.5
0.151209,508.75
0.151209,509.0
0.14993,509.25
0.14993,509.5
0.151209,509.75
0.14993,510.0
0.151209,510.25
0.14993,510.5
0.152488,510.75
0.151209,511.0
0.14993,511.25
0.14993,511.5
0.151209,511.75
0.148651,512.0
0.14993,512.25
0.148651,512.5
0.151209,512.75
0.14993,513.0
0.151209,513.25
0.146092,513.5
0.151209,513.75
0.151209,514.0
0.152488,514.25
0.14993,514.5
0.14993,514.75
0.151209,515.0
0.14993,515.25
0.151209,515.5
0.14993,515.75
0.14993,516.0
0.151209,516.25
0.151209,516.5
0.148651,516.75
0.14993,517.0
0.14993,517.25
0.147372,517.5
0.148651,517.75
0.148651,518.0
0.147372,518.25
0.14993,518.5
0.14993,518.75
0.14993,519.0
0.14993,519.25
0.148651,519.5
0.14993,519.75
0.148651,520.0
0.147372,520.25
0.148651,520.5
0.14993,520.75
0.148651,521.0
0.14993,521.25
0.14993,521.5
0.151209,521.75
0.148651,522.0
0.14993,522.25
0.142255,522.5
0.148651,522.75
0.147372,523.0
0.148651,523.25
0.147372,523.5
0.14993,523.75
0.148651,524.0
0.148651,524.25
0.148651,524.5
0.14993,524.75
0.146092,525.0
0.147372,525.25
0.148651,525.5
0.146092,525.75
0.148651,526.0
0.148651,526.25
0.147372,526.5
0.148651,526.75
0.148651,527.0
0.148651,527.25
0.148651,527.5
0.147372,527.75
0.147372,528.0
0.148651,528.25
0.147372,528.5
0.142255,528.75
0.148651,529.0
0.142255,529.25
0.148651,529.5
0.147372,529.75
0.148651,530.0
0.148651,530.25
0.148651,530.5
0.147372,530.75
0.148651,531.0
0.147372,531.25
0.148651,531.5
0.147372,531.75
0.147372,532.0
0.146092,532.25
0.147372,532.5
0.148651,532.75
0.147372,533.0
0.147372,533.25
0.144813,533.5
0.148651,533.75
0.144813,534.0
0.147372,534.25
0.147372,534.5
0.148651,534.75
0.148651,535.0
0.148651,535.25
0.147372,535.5
0.14993,535.75
0.147372,536.0
0.148651,536.25
0.147372,536.5
0.146092,536.75
0.147372,537.0
0.147372,537.25
0.147372,537.5
0.148651,537.75
0.142255,538.0
0.148651,538.25
0.140976,538.5
0.148651,538.75
0.147372,539.0
0.148651,539.25
0.147372,539.5
0.148651,539.75
0.146092,540.0
0.147372,540.25
0.146092,540.5
0.147372,540.75
0.14993,541.0
0.147372,541.25
0.147372,541.5
0.146092,541.75
0.146092,542.0
0.143534,542.25
0.147372,542.5
0.146092,542.75
0.146092,543.0
0.146092,543.25
0.146092,543.5
0.147372,543.75
0.146092,544.0
0.146092,544.25
0.144813,544.5
0.146092,544.75
0.142255,545.0
0.146092,545.25
0.146092,545.5
0.146092,545.75
0.146092,546.0
0.146092,546.25
0.146092,546.5
0.146092,546.75
0.146092,547.0
0.146092,547.25
0.147372,547.5
0.144813,547.75
0.146092,548.0
0.144813,548.25
0.146092,548.5
0.146092,548.75
0.146092,549.0
0.147372,549.25
0.144813,549.5
0.144813,549.75
0.144813,550.0
0.144813,550.25
0.144813,550.5
0.144813,550.75
0.144813,551.0
0.144813,551.25
0.146092,551.5
0.144813,551.75
0.146092,552.0
0.137138,552.25
0.144813,552.5
0.143534,552.75
0.144813,553.0
0.143534,553.25
0.143534,553.5
0.144813,553.75
0.143534,554.0
0.143534,554.25
0.143534,554.5
0.144813,554.75
0.144813,555.0
0.146092,555.25
0.143534,555.5
0.144813,555.75
0.143534,556.0
0.144813,556.25
0.144813,556.5
0.144813,556.75
0.143534,557.0
0.144813,557.25
0.144813,557.5
0.144813,557.75
0.143534,558.0
0.143534,558.25
0.143534,558.5
0.142255,558.75
0.143534,559.0
0.144813,559.25
0.143534,559.5
0.144813,559.75
0.142255,560.0
0.143534,560.25
0.143534,560.5
0.142255,560.75
0.140976,561.0
0.142255,561.25
0.139696,561.5
0.143534,561.75
0.142255,562.0
0.142255,562.25
0.142255,562.5
0.146092,562.75
0.138417,563.0
0.144813,563.25
0.144813,563.5
0.144813,563.75
0.143534,564.0
0.140976,564.25
0.143534,564.5
0.143534,564.75
0.140976,565.0
0.142255,565.25
0.143534,565.5
0.144813,565.75
0.143534,566.0
0.143534,566.25
0.143534,566.5
0.142255,566.75
0.140976,567.0
0.143534,567.25
0.143534,567.5
0.142255,567.75
0.143534,568.0
0.143534,568.25
0.143534,568.5
0.143534,568.75
0.142255,569.0
0.142255,569.25
0.143534,569.5
0.140976,569.75
0.142255,570.0
0.142255,570.25
0.142255,570.5
0.142255,570.75
0.142255,571.0
0.143534,571.25
0.143534,571.5
0.142255,571.75
0.142255,572.0
0.142255,572.25
0.142255,572.5
0.143534,572.75
0.142255,573.0
0.142255,573.25
0.142255,573.5
0.142255,573.75
0.143534,574.0
0.140976,574.25
0.140976,574.5
0.140976,574.75
0.142255,575.0
0.140976,575.25
0.142255,575.5
0.135859,575.75
0.140976,576.0
0.140976,576.25
0.142255,576.5
0.143534,576.75
0.142255,577.0
0.142255,577.25
0.139696,577.5
0.143534,577.75
0.139696,578.0
0.142255,578.25
0.140976,578.5
0.142255,578.75
0.140976,579.0
0.140976,579.25
0.142255,579.5
0.143534,579.75
0.139696,580.0
0.140976,580.25
0.140976,580.5
0.139696,580.75
0.140976,581.0
0.139696,581.25
0.140976,581.5
0.139696,581.75
0.140976,582.0
0.140976,582.25
0.140976,582.5
0.140976,582.75
0.139696,583.0
0.139696,583.25
0.137138,583.5
0.140976,583.75
0.138417,584.0
0.139696,584.25
0.139696,584.5
0.139696,584.75
0.137138,585.0
0.139696,585.25
0.139696,585.5
0.140976,585.75
0.140976,586.0
0.139696,586.25
0.140976,586.5
0.142255,586.75
0.139696,587.0
0.139696,587.25
0.139696,587.5
0.142255,587.75
0.140976,588.0
0.142255,588.25
0.139696,588.5
0.142255,588.75
0.137138,589.0
0.140976,589.25
0.140976,589.5
0.142255,589.75
0.140976,590.0
0.142255,590.25
0.142255,590.5
0.140976,590.75
0.140976,591.0
0.140976,591.25
0.140976,591.5
0.139696,591.75
0.140976,592.0
0.139696,592.25
0.140976,592.5
0.139696,592.75
0.140976,593.0
0.142255,593.25
0.142255,593.5
0.135859,593.75
0.140976,594.0
0.140976,594.25
0.143534,594.5
0.140976,594.75
0.140976,595.0
0.140976,595.25
0.140976,595.5
0.142255,595.75
0.140976,596.0
0.139696,596.25
0.140976,596.5
0.140976,596.75
0.139696,597.0
0.139696,597.25
0.140976,597.5
0.140976,597.75
0.13458,598.0
0.140976,598.25
0.140976,598.5
0.142255,598.75
0.140976,599.0
0.139696,599.25
0.139696,599.5
0.139696,599.75
0.138417,600.0
0.139696,600.25
0.140976,600.5
0.139696,600.75
0.139696,601.0
0.133301,601.25
0.140976,601.5
0.140976,601.75
0.139696,602.0
0.139696,602.25
0.140976,602.5
0.138417,602.75
0.139696,603.0
0.139696,603.25
0.139696,603.5
0.139696,603.75
0.138417,604.0
0.139696,604.25
0.139696,604.5
0.142255,604.75
0.137138,605.0
0.139696,605.25
0.139696,605.5
0.140976,605.75
0.139696,606.0
0.139696,606.25
0.139696,606.5
0.140976,606.75
0.140976,607.0
0.140976,607.25
0.139696,607.5
0.140976,607.75
0.139696,608.0
0.137138,608.25
0.139696,608.5
0.139696,608.75
0.139696,609.0
0.140976,609.25
0.140976,609.5
0.140976,609.75
0.140976,610.0
0.139696,610.25
0.139696,610.5
0.140976,610.75
0.139696,611.0
0.140976,611.25
0.140976,611.5
0.140976,611.75
0.140976,612.0
0.140976,612.25
0.140976,612.5
0.140976,612.75
0.139696,613.0
0.139696,613.25
0.139696,613.5
0.138417,613.75
0.139696,614.0
0.138417,614.25
0.138417,614.5
0.137138,614.75
0.139696,615.0
0.139696,615.25
0.139696,615.5
0.139696,615.75
0.138417,616.0
0.138417,616.25
0.137138,616.5
0.139696,616.75
0.138417,617.0
0.138417,617.25
0.138417,617.5
0.139696,617.75
0.138417,618.0
0.138417,618.25
0.137138,618.5
0.137138,618.75
0.138417,619.0
0.137138,619.25
0.137138,619.5
0.138417,619.75
0.138417,620.0
0.137138,620.25
0.138417,620.5
0.139696,620.75
0.138417,621.0
0.138417,621.25
0.137138,621.5
0.137138,621.75
0.137138,622.0
0.137138,622.25
0.138417,622.5
0.138417,622.75
0.138417,623.0
0.138417,623.25
0.138417,623.5
0.139696,623.75
0.138417,624.0
0.137138,624.25
0.137138,624.5
0.135859,624.75
0.13458,625.0
0.138417,625.25
0.138417,625.5
0.138417,625.75
0.135859,626.0
0.138417,626.25
0.130742,626.5
0.137138,626.75
0.135859,627.0
0.135859,627.25
0.135859,627.5
0.135859,627.75
0.137138,628.0
0.137138,628.25
0.138417,628.5
0.135859,628.75
0.137138,629.0
0.135859,629.25
0.137138,629.5
0.137138,629.75
0.137138,630.0
0.13458,630.25
0.137138,630.5
0.130742,630.75
0.138417,631.0
0.135859,631.25
0.135859,631.5
0.138417,631.75
0.13458,632.0
0.13458,632.25
0.137138,632.5
0.137138,632.75
0.128184,633.0
0.138417,633.25
0.137138,633.5
0.137138,633.75
0.137138,634.0
0.137138,634.25
0.137138,634.5
0.135859,634.75
0.135859,635.0
0.135859,635.25
0.138417,635.5
0.13458,635.75
0.135859,636.0
0.135859,636.25
0.135859,636.5
0.135859,636.75
0.137138,637.0
0.137138,637.25
0.137138,637.5
0.138417,637.75
0.135859,638.0
0.135859,638.25
0.13458,638.5
0.135859,638.75
0.135859,639.0
0.137138,639.25
0.135859,639.5
0.137138,639.75
0.137138,640.0
0.137138,640.25
0.135859,640.5
0.137138,640.75
0.135859,641.0
0.135859,641.25
0.137138,641.5
0.137138,641.75
0.135859,642.0
0.135859,642.25
0.135859,642.5
0.137138,642.75
0.135859,643.0
0.135859,643.25
0.135859,643.5
0.135859,643.75
0.13458,644.0
0.135859,644.25
0.137138,644.5
0.135859,644.75
0.133301,645.0
0.135859,645.25
0.137138,645.5
0.135859,645.75
0.135859,646.0
0.135859,646.25
0.137138,646.5
0.13458,646.75
0.137138,647.0
0.135859,647.25
0.137138,647.5
0.137138,647.75
0.137138,648.0
0.137138,648.25
0.137138,648.5
0.132021,648.75
0.137138,649.0
0.135859,649.25
0.133301,649.5
0.135859,649.75
0.135859,650.0
0.135859,650.25
0.135859,650.5
0.13458,650.75
0.135859,651.0
0.13458,651.25
0.13458,651.5
0.13458,651.75
0.13458,652.0
0.13458,652.25
0.135859,652.5
0.135859,652.75
0.13458,653.0
0.13458,653.25
0.13458,653.5
0.135859,653.75
0.13458,654.0
0.135859,654.25
0.133301,654.5
0.135859,654.75
0.133301,655.0
0.135859,655.25
0.133301,655.5
0.135859,655.75
0.135859,656.0
0.137138,656.25
0.137138,656.5
0.137138,656.75
0.13458,657.0
0.135859,657.25
0.128184,657.5
0.13458,657.75
0.128184,658.0
0.135859,658.25
0.135859,658.5
0.137138,658.75
0.13458,659.0
0.135859,659.25
0.13458,659.5
0.135859,659.75
0.13458,660.0
0.13458,660.25
0.13458,660.5
0.135859,660.75
0.135859,661.0
0.135859,661.25
0.13458,661.5
0.13458,661.75
0.135859,662.0
0.135859,662.25
0.135859,662.5
0.135859,662.75
0.135859,663.0
0.133301,663.25
0.13458,663.5
0.133301,663.75
0.137138,664.0
0.135859,664.25
0.13458,664.5
0.137138,664.75
0.132021,665.0
0.13458,665.25
0.130742,665.5
0.125626,665.75
0.129463,666.0
0.129463,666.25
0.128184,666.5
0.129463,666.75
0.129463,667.0
0.128184,667.25
0.129463,667.5
0.129463,667.75
0.128184,668.0
0.128184,668.25
0.126905,668.5
0.126905,668.75
0.126905,669.0
0.126905,669.25
0.126905,669.5
0.126905,669.75
0.126905,670.0
0.126905,670.25
0.124346,670.5
0.126905,670.75
0.125626,671.0
0.125626,671.25
0.124346,671.5
0.128184,671.75
0.125626,672.0
0.128184,672.25
0.121788,672.5
0.128184,672.75
0.128184,673.0
0.126905,673.25
0.126905,673.5
0.126905,673.75
0.125626,674.0
0.123067,674.25
0.120509,674.5
0.129463,674.75
0.128184,675.0
0.130742,675.25
0.130742,675.5
0.129463,675.75
0.126905,676.0
0.126905,676.25
0.129463,676.5
0.128184,676.75
0.126905,677.0
0.128184,677.25
0.128184,677.5
0.129463,677.75
0.128184,678.0
0.129463,678.25
0.129463,678.5
0.128184,678.75
0.129463,679.0
0.126905,679.25
0.128184,679.5
0.126905,679.75
0.128184,680.0
0.128184,680.25
0.129463,680.5
0.128184,680.75
0.128184,681.0
0.130742,681.25
0.129463,681.5
0.129463,681.75
0.128184,682.0
0.128184,682.25
0.11923,682.5
0.129463,682.75
0.128184,683.0
0.123067,683.25
0.128184,683.5
0.123067,683.75
0.128184,684.0
0.123067,684.25
0.128184,684.5
0.128184,684.75
0.126905,685.0
0.128184,685.25
0.129463,685.5
0.129463,685.75
0.128184,686.0
0.128184,686.25
0.128184,686.5
0.129463,686.75
0.128184,687.0
0.128184,687.25
0.129463,687.5
0.129463,687.75
0.126905,688.0
0.129463,688.25
0.129463,688.5
0.129463,688.75
0.128184,689.0
0.128184,689.25
0.129463,689.5
0.128184,689.75
0.129463,690.0
0.129463,690.25
0.128184,690.5
0.128184,690.75
0.129463,691.0
0.129463,691.25
0.128184,691.5
0.129463,691.75
0.128184,692.0
0.129463,692.25
0.129463,692.5
0.129463,692.75
0.128184,693.0
0.128184,693.25
0.125626,693.5
0.128184,693.75
0.128184,694.0
0.128184,694.25
0.128184,694.5
0.128184,694.75
0.128184,695.0
0.128184,695.25
0.129463,695.5
0.126905,695.75
0.128184,696.0
0.124346,696.25
0.126905,696.5
0.124346,696.75
0.126905,697.0
0.125626,697.25
0.126905,697.5
0.129463,697.75
0.126905,698.0
0.126905,698.25
0.126905,698.5
0.128184,698.75
0.125626,699.0
0.126905,699.25
0.128184,699.5
0.123067,699.75
0.128184,700.0
0.126905,700.25
0.128184,700.5
0.126905,700.75
0.125626,701.0
0.126905,701.25
0.128184,701.5
0.126905,701.75
0.129463,702.0
0.126905,702.25
0.125626,702.5
0.126905,702.75
0.126905,703.0
0.126905,703.25
0.126905,703.5
0.126905,703.75
0.125626,704.0
0.128184,704.25
0.126905,704.5
0.128184,704.75
0.124346,705.0
0.129463,705.25
0.128184,705.5
0.129463,705.75
0.130742,706.0
0.128184,706.25
0.128184,706.5
0.129463,706.75
0.129463,707.0
0.126905,707.25
0.129463,707.5
0.129463,707.75
0.123067,708.0
0.129463,708.25
0.128184,708.5
0.130742,708.75
0.128184,709.0
0.128184,709.25
0.128184,709.5
0.128184,709.75
0.125626,710.0
0.126905,710.25
0.126905,710.5
0.128184,710.75
0.128184,711.0
0.128184,711.25
0.128184,711.5
0.128184,711.75
0.128184,712.0
0.125626,712.25
0.128184,712.5
0.126905,712.75
0.128184,713.0
0.126905,713.25
0.128184,713.5
0.128184,713.75
0.128184,714.0
0.129463,714.25
0.129463,714.5
0.128184,714.75
0.128184,715.0
0.128184,715.25
0.126905,715.5
0.128184,715.75
0.129463,716.0
0.128184,716.25
0.129463,716.5
0.129463,716.75
0.129463,717.0
0.128184,717.25
0.128184,717.5
0.129463,717.75
0.128184,718.0
0.126905,718.25
0.129463,718.5
0.129463,718.75
0.129463,719.0
0.128184,719.25
0.129463,719.5
0.130742,719.75
0.128184,720.0
0.128184,720.25
0.128184,720.5
0.128184,720.75
0.126905,721.0
0.128184,721.25
0.126905,721.5
0.128184,721.75
0.128184,722.0
0.128184,722.25
0.129463,722.5
0.129463,722.75
0.123067,723.0
0.128184,723.25
0.128184,723.5
0.126905,723.75
0.128184,724.0
0.128184,724.25
0.126905,724.5
0.126905,724.75
0.125626,725.0
0.128184,725.25
0.128184,725.5
0.125626,725.75
0.126905,726.0
0.126905,726.25
0.125626,726.5
0.121788,726.75
0.126905,727.0
0.126905,727.25
0.126905,727.5
0.126905,727.75
0.128184,728.0
0.126905,728.25
0.126905,728.5
0.126905,728.75
0.126905,729.0
0.126905,729.25
0.128184,729.5
0.128184,729.75
0.121788,730.0
0.128184,730.25
0.126905,730.5
0.128184,730.75
0.128184,731.0
0.129463,731.25
0.126905,731.5
0.126905,731.75
0.117951,732.0
0.128184,732.25
0.128184,732.5
0.126905,732.75
0.128184,733.0
0.128184,733.25
0.128184,733.5
0.128184,733.75
0.128184,734.0
0.126905,734.25
0.128184,734.5
0.125626,734.75
0.128184,735.0
0.126905,735.25
0.126905,735.5
0.126905,735.75
0.126905,736.0
0.126905,736.25
0.126905,736.5
0.128184,736.75
0.126905,737.0
0.126905,737.25
0.123067,737.5
0.126905,737.75
0.126905,738.0
0.126905,738.25
0.126905,738.5
0.128184,738.75
0.126905,739.0
0.125626,739.25
0.126905,739.5
0.125626,739.75
0.125626,740.0
0.124346,740.25
0.126905,740.5
0.126905,740.75
0.126905,741.0
0.120509,741.25
0.126905,741.5
0.129463,741.75
0.126905,742.0
0.126905,742.25
0.128184,742.5
0.126905,742.75
0.125626,743.0
0.128184,743.25
0.126905,743.5
0.129463,743.75
0.126905,744.0
0.128184,744.25
0.121788,744.5
0.128184,744.75
0.125626,745.0
0.125626,745.25
0.126905,745.5
0.126905,745.75
0.126905,746.0
0.125626,746.25
0.125626,746.5
0.126905,746.75
0.125626,747.0
0.128184,747.25
0.126905,747.5
0.126905,747.75
0.126905,748.0
0.120509,748.25
0.125626,748.5
0.126905,748.75
0.126905,749.0
0.126905,749.25
0.126905,749.5
0.125626,749.75
0.125626,750.0
0.126905,750.25
0.125626,750.5
0.124346,750.75
0.125626,751.0
0.123067,751.25
0.125626,751.5
0.125626,751.75
0.125626,752.0
0.125626,752.25
0.126905,752.5
0.128184,752.75
0.126905,753.0
0.126905,753.25
0.125626,753.5
0.128184,753.75
0.125626,754.0
0.126905,754.25
0.125626,754.5
0.125626,754.75
0.125626,755.0
0.126905,755.25
0.128184,755.5
0.126905,755.75
0.125626,756.0
0.125626,756.25
0.126905,756.5
0.124346,756.75
0.128184,757.0
0.11923,757.25
0.125626,757.5
0.126905,757.75
0.124346,758.0
0.126905,758.25
0.125626,758.5
0.125626,758.75
0.124346,759.0
0.126905,759.25
0.123067,759.5
0.126905,759.75
0.125626,760.0
0.124346,760.25
0.125626,760.5
0.125626,760.75
0.125626,761.0
0.124346,761.25
0.117951,761.5
0.124346,761.75
0.125626,762.0
0.124346,762.25
0.123067,762.5
0.124346,762.75
0.124346,763.0
0.124346,763.25
0.124346,763.5
0.125626,763.75
0.124346,764.0
0.124346,764.25
0.126905,764.5
0.124346,764.75
0.120509,765.0
0.125626,765.25
0.125626,765.5
0.125626,765.75
0.124346,766.0
0.125626,766.25
0.125626,766.5
0.126905,766.75
0.124346,767.0
0.125626,767.25
0.126905,767.5
0.124346,767.75
0.124346,768.0
0.124346,768.25
0.124346,768.5
0.125626,768.75
0.125626,769.0
0.126905,769.25
0.125626,769.5
0.126905,769.75
0.124346,770.0
0.125626,770.25
0.124346,770.5
0.126905,770.75
0.11923,771.0
0.125626,771.25
0.124346,771.5
0.124346,771.75
0.125626,772.0
0.126905,772.25
0.125626,772.5
0.125626,772.75
0.125626,773.0
0.123067,773.25
0.125626,773.5
0.125626,773.75
0.125626,774.0
0.125626,774.25
0.126905,774.5
0.126905,774.75
0.126905,775.0
0.126905,775.25
0.125626,775.5
0.11923,775.75
0.124346,776.0
0.125626,776.25
0.125626,776.5
0.125626,776.75
0.125626,777.0
0.125626,777.25
0.125626,777.5
0.126905,777.75
0.125626,778.0
0.125626,778.25
0.124346,778.5
0.125626,778.75
0.125626,779.0
0.125626,779.25
0.120509,779.5
0.126905,779.75
0.125626,780.0
0.124346,780.25
0.125626,780.5
0.125626,780.75
0.125626,781.0
0.124346,781.25
0.124346,781.5
0.126905,781.75
0.125626,782.0
0.125626,782.25
0.126905,782.5
0.125626,782.75
0.126905,783.0
0.125626,783.25
0.126905,783.5
0.125626,783.75
0.125626,784.0
0.124346,784.25
0.125626,784.5
0.125626,784.75
0.123067,785.0
0.124346,785.25
0.124346,785.5
0.126905,785.75
0.124346,786.0
0.125626,786.25
0.125626,786.5
0.126905,786.75
0.121788,787.0
0.125626,787.25
0.125626,787.5
0.124346,787.75
0.125626,788.0
0.124346,788.25
0.126905,788.5
0.124346,788.75
0.125626,789.0
0.126905,789.25
0.125626,789.5
0.124346,789.75
0.126905,790.0
0.125626,790.25
0.125626,790.5
0.125626,790.75
0.125626,791.0
0.125626,791.25
0.126905,791.5
0.125626,791.75
0.125626,792.0
0.126905,792.25
0.124346,792.5
0.125626,792.75
0.126905,793.0
0.126905,793.25
0.124346,793.5
0.125626,793.75
0.126905,794.0
0.125626,794.25
0.126905,794.5
0.125626,794.75
0.125626,795.0
0.125626,795.25
0.11923,795.5
0.125626,795.75
0.126905,796.0
0.124346,796.25
0.125626,796.5
0.126905,796.75
0.125626,797.0
0.126905,797.25
0.125626,797.5
0.125626,797.75
0.124346,798.0
0.124346,798.25
0.125626,798.5
0.125626,798.75
0.126905,799.0
0.126905,799.25
0.126905,799.5
0.125626,799.75
0.125626,800.0
0.11923,800.25
0.125626,800.5
0.124346,800.75
0.124346,801.0
0.125626,801.25
0.125626,801.5
0.125626,801.75
0.126905,802.0
0.125626,802.25
0.125626,802.5
0.126905,802.75
0.124346,803.0
0.126905,803.25
0.124346,803.5
0.128184,803.75
0.125626,804.0
0.126905,804.25
0.125626,804.5
0.126905,804.75
0.121788,805.0
0.125626,805.25
0.125626,805.5
0.125626,805.75
0.125626,806.0
0.123067,806.25
0.123067,806.5
0.124346,806.75
0.125626,807.0
0.125626,807.25
0.125626,807.5
0.125626,807.75
0.125626,808.0
0.124346,808.25
0.123067,808.5
0.124346,808.75
0.116671,809.0
0.125626,809.25
0.125626,809.5
0.125626,809.75
0.124346,810.0
0.11923,810.25
0.125626,810.5
0.125626,810.75
0.124346,811.0
0.124346,811.25
0.124346,811.5
0.124346,811.75
0.124346,812.0
0.125626,812.25
0.125626,812.5
0.125626,812.75
0.124346,813.0
0.126905,813.25
0.125626,813.5
0.126905,813.75
0.124346,814.0
0.125626,814.25
0.124346,814.5
0.126905,814.75
0.124346,815.0
0.125626,815.25
0.125626,815.5
0.125626,815.75
0.125626,816.0
0.124346,816.25
0.124346,816.5
0.124346,816.75
0.125626,817.0
0.123067,817.25
0.125626,817.5
0.124346,817.75
0.125626,818.0
0.124346,818.25
0.125626,818.5
0.126905,818.75
0.126905,819.0
0.125626,819.25
0.124346,819.5
0.117951,819.75
0.123067,820.0
0.124346,820.25
0.126905,820.5
0.126905,820.75
0.125626,821.0
0.125626,821.25
0.125626,821.5
0.126905,821.75
0.124346,822.0
0.124346,822.25
0.124346,822.5
0.124346,822.75
0.125626,823.0
0.125626,823.25
0.124346,823.5
0.125626,823.75
0.125626,824.0
0.126905,824.25
0.125626,824.5
0.126905,824.75
0.121788,825.0
0.125626,825.25
0.124346,825.5
0.125626,825.75
0.125626,826.0
0.125626,826.25
0.125626,826.5
0.126905,826.75
0.126905,827.0
0.126905,827.25
0.125626,827.5
0.120509,827.75
0.125626,828.0
0.124346,828.25
0.124346,828.5
0.125626,828.75
0.125626,829.0
0.125626,829.25
0.124346,829.5
0.126905,829.75
0.125626,830.0
0.125626,830.25
0.11923,830.5
0.126905,830.75
0.121788,831.0
0.125626,831.25
0.125626,831.5
0.124346,831.75
0.126905,832.0
0.125626,832.25
0.125626,832.5
0.125626,832.75
0.125626,833.0
0.124346,833.25
0.126905,833.5
0.123067,833.75
0.125626,834.0
0.125626,834.25
0.124346,834.5
0.125626,834.75
0.125626,835.0
0.124346,835.25
0.124346,835.5
0.126905,835.75
0.124346,836.0
0.125626,836.25
0.123067,836.5
0.125626,836.75
0.124346,837.0
0.124346,837.25
0.125626,837.5
0.125626,837.75
0.125626,838.0
0.124346,838.25
0.125626,838.5
0.124346,838.75
0.124346,839.0
0.123067,839.25
0.124346,839.5
0.125626,839.75
0.125626,840.0
0.125626,840.25
0.124346,840.5
0.126905,840.75
0.126905,841.0
0.125626,841.25
0.124346,841.5
0.125626,841.75
0.121788,842.0
0.124346,842.25
0.124346,842.5
0.125626,842.75
0.124346,843.0
0.124346,843.25
0.125626,843.5
0.125626,843.75
0.125626,844.0
0.124346,844.25
0.125626,844.5
0.123067,844.75
0.123067,845.0
0.124346,845.25
0.125626,845.5
0.125626,845.75
0.124346,846.0
0.125626,846.25
0.125626,846.5
0.124346,846.75
0.124346,847.0
0.125626,847.25
0.126905,847.5
0.125626,847.75
0.125626,848.0
0.124346,848.25
0.124346,848.5
0.124346,848.75
0.125626,849.0
0.124346,849.25
0.124346,849.5
0.125626,849.75
0.125626,850.0
0.123067,850.25
0.124346,850.5
0.125626,850.75
0.125626,851.0
0.125626,851.25
0.125626,851.5
0.125626,851.75
0.125626,852.0
0.125626,852.25
0.125626,852.5
0.125626,852.75
0.124346,853.0
0.125626,853.25
0.124346,853.5
0.125626,853.75
0.125626,854.0
0.125626,854.25
0.125626,854.5
0.125626,854.75
0.125626,855.0
0.124346,855.25
0.124346,855.5
0.124346,855.75
0.124346,856.0
0.126905,856.25
0.125626,856.5
0.126905,856.75
0.124346,857.0
0.124346,857.25
0.124346,857.5
0.124346,857.75
0.124346,858.0
0.125626,858.25
0.123067,858.5
0.124346,858.75
0.121788,859.0
0.121788,859.25
0.121788,859.5
0.121788,859.75
0.121788,860.0
0.120509,860.25
0.120509,860.5
0.120509,860.75
0.11923,861.0
0.116671,861.25
0.11923,861.5
0.117951,861.75
0.11923,862.0
0.11923,862.25
0.117951,862.5
0.11923,862.75
0.116671,863.0
0.116671,863.25
0.116671,863.5
0.117951,863.75
0.115392,864.0
0.117951,864.25
0.116671,864.5
0.11923,864.75
0.110275,865.0
0.117951,865.25
0.117951,865.5
0.117951,865.75
0.117951,866.0
0.115392,866.25
0.116671,866.5
0.115392,866.75
0.116671,867.0
0.116671,867.25
0.115392,867.5
0.116671,867.75
0.116671,868.0
0.116671,868.25
0.116671,868.5
0.115392,868.75
0.115392,869.0
0.107717,869.25
0.112834,869.5
0.114113,869.75
0.112834,870.0
0.114113,870.25
0.114113,870.5
0.114113,870.75
0.114113,871.0
0.115392,871.25
0.115392,871.5
0.114113,871.75
0.112834,872.0
0.111555,872.25
0.114113,872.5
0.115392,872.75
0.112834,873.0
0.114113,873.25
0.112834,873.5
0.115392,873.75
0.115392,874.0
0.114113,874.25
0.112834,874.5
0.114113,874.75
0.112834,875.0
0.114113,875.25
0.115392,875.5
0.114113,875.75
0.114113,876.0
0.116671,876.25
0.116671,876.5
0.112834,876.75
0.117951,877.0
0.116671,877.25
0.117951,877.5
0.116671,877.75
0.116671,878.0
0.116671,878.25
0.117951,878.5
0.116671,878.75
0.116671,879.0
0.11923,879.25
0.117951,879.5
0.116671,879.75
0.111555,880.0
0.11923,880.25
0.116671,880.5
0.11923,880.75
0.117951,881.0
0.11923,881.25
0.117951,881.5
0.116671,881.75
0.11923,882.0
0.117951,882.25
0.117951,882.5
0.11923,882.75
0.11923,883.0
0.117951,883.25
0.11923,883.5
0.11923,883.75
0.11923,884.0
0.120509,884.25
0.120509,884.5
0.123067,884.75
0.117951,885.0
0.11923,885.25
0.11923,885.5
0.121788,885.75
0.117951,886.0
0.11923,886.25
0.11923,886.5
0.11923,886.75
0.11923,887.0
0.117951,887.25
0.11923,887.5
0.120509,887.75
0.11923,888.0
0.120509,888.25
0.11923,888.5
0.117951,888.75
0.120509,889.0
0.117951,889.25
0.11923,889.5
0.11923,889.75
0.11923,890.0
0.120509,890.25
0.120509,890.5
0.120509,890.75
0.11923,891.0
0.120509,891.25
0.117951,891.5
0.120509,891.75
0.120509,892.0
0.120509,892.25
0.120509,892.5
0.120509,892.75
0.120509,893.0
0.11923,893.25
0.120509,893.5
0.11923,893.75
0.120509,894.0
0.11923,894.25
0.120509,894.5
0.120509,894.75
0.120509,895.0
0.120509,895.25
0.120509,895.5
0.121788,895.75
0.120509,896.0
0.11923,896.25
0.120509,896.5
0.120509,896.75
0.117951,897.0
0.120509,897.25
0.114113,897.5
0.120509,897.75
0.120509,898.0
0.11923,898.25
0.120509,898.5
0.120509,898.75
0.11923,899.0
0.11923,899.25
0.120509,899.5
0.11923,899.75
0.11923,900.0
0.11923,900.25
0.120509,900.5
0.121788,900.75
0.11923,901.0
0.121788,901.25
0.120509,901.5
0.121788,901.75
0.11923,902.0
0.120509,902.25
0.11923,902.5
0.120509,902.75
0.11923,903.0
0.121788,903.25
0.112834,903.5
0.121788,903.75
0.121788,904.0
0.11923,904.25
0.120509,904.5
0.120509,904.75
0.117951,905.0
0.11923,905.25
0.120509,905.5
0.120509,905.75
0.11923,906.0
0.120509,906.25
0.121788,906.5
0.123067,906.75
0.120509,907.0
0.120509,907.25
0.11923,907.5
0.121788,907.75
0.114113,908.0
0.121788,908.25
0.121788,908.5
0.121788,908.75
0.120509,909.0
0.120509,909.25
0.121788,909.5
0.121788,909.75
0.120509,910.0
0.120509,910.25
0.120509,910.5
0.120509,910.75
0.115392,911.0
0.120509,911.25
0.121788,911.5
0.120509,911.75
0.120509,912.0
0.121788,912.25
0.120509,912.5
0.11923,912.75
0.120509,913.0
0.11923,913.25
0.11923,913.5
0.11923,913.75
0.121788,914.0
0.120509,914.25
0.121788,914.5
0.114113,914.75
0.120509,915.0
0.120509,915.25
0.11923,915.5
0.120509,915.75
0.120509,916.0
0.11923,916.25
0.120509,916.5
0.120509,916.75
0.11923,917.0
0.11923,917.25
0.120509,917.5
0.123067,917.75
0.120509,918.0
0.121788,918.25
0.112834,918.5
0.120509,918.75
0.11923,919.0
0.11923,919.25
0.11923,919.5
0.11923,919.75
0.11923,920.0
0.117951,920.25
0.120509,920.5
0.11923,920.75
0.120509,921.0
0.117951,921.25
0.11923,921.5
0.117951,921.75
0.120509,922.0
0.11923,922.25
0.11923,922.5
0.120509,922.75
0.120509,923.0
0.120509,923.25
0.120509,923.5
0.120509,923.75
0.120509,924.0
0.120509,924.25
0.117951,924.5
0.120509,924.75
0.11923,925.0
0.120509,925.25
0.11923,925.5
0.120509,925.75
0.115392,926.0
0.11923,926.25
0.120509,926.5
0.11923,926.75
0.11923,927.0
0.117951,927.25
0.120509,927.5
0.11923,927.75
0.121788,928.0
0.120509,928.25
0.120509,928.5
0.123067,928.75
0.121788,929.0
0.120509,929.25
0.120509,929.5
0.120509,929.75
0.120509,930.0
0.120509,930.25
0.121788,930.5
0.121788,930.75
0.121788,931.0
0.120509,931.25
0.123067,931.5
0.121788,931.75
0.121788,932.0
0.121788,932.25
0.121788,932.5
0.11923,932.75
0.121788,933.0
0.121788,933.25
0.120509,933.5
0.120509,933.75
0.120509,934.0
0.120509,934.25
0.120509,934.5
0.121788,934.75
0.120509,935.0
0.123067,935.25
0.11923,935.5
0.123067,935.75
0.115392,936.0
0.121788,936.25
0.121788,936.5
0.121788,936.75
0.121788,937.0
0.120509,937.25
0.120509,937.5
0.123067,937.75
0.120509,938.0
0.11923,938.25
0.121788,938.5
0.121788,938.75
0.121788,939.0
0.121788,939.25
0.121788,939.5
0.123067,939.75
0.121788,940.0
0.121788,940.25
0.121788,940.5
0.121788,940.75
0.11923,941.0
0.121788,941.25
0.121788,941.5
0.121788,941.75
0.120509,942.0
0.121788,942.25
0.121788,942.5
0.121788,942.75
0.120509,943.0
0.120509,943.25
0.11923,943.5
0.120509,943.75
0.120509,944.0
0.11923,944.25
0.115392,944.5
0.11923,944.75
0.116671,945.0
0.121788,945.25
0.120509,945.5
0.121788,945.75
0.121788,946.0
0.120509,946.25
0.120509,946.5
0.121788,946.75
0.120509,947.0
0.120509,947.25
0.123067,947.5
0.123067,947.75
0.123067,948.0
0.121788,948.25
0.121788,948.5
0.121788,948.75
0.121788,949.0
0.120509,949.25
0.120509,949.5
0.120509,949.75
0.120509,950.0
0.121788,950.25
0.120509,950.5
0.121788,950.75
0.120509,951.0
0.120509,951.25
0.120509,951.5
0.121788,951.75
0.11923,952.0
0.121788,952.25
0.120509,952.5
0.123067,952.75
0.114113,953.0
0.121788,953.25
0.123067,953.5
0.121788,953.75
0.121788,954.0
0.123067,954.25
0.121788,954.5
0.11923,954.75
0.121788,955.0
0.121788,955.25
0.121788,955.5
0.123067,955.75
0.121788,956.0
0.123067,956.25
0.123067,956.5
0.121788,956.75
0.121788,957.0
0.120509,957.25
0.121788,957.5
0.123067,957.75
0.123067,958.0
0.121788,958.25
0.123067,958.5
0.123067,958.75
0.123067,959.0
0.123067,959.25
0.123067,959.5
0.123067,959.75
0.121788,960.0
0.120509,960.25
0.123067,960.5
0.123067,960.75
0.121788,961.0
0.121788,961.25
0.120509,961.5
0.124346,961.75
0.121788,962.0
0.123067,962.25
0.121788,962.5
0.123067,962.75
0.120509,963.0
0.121788,963.25
0.121788,963.5
0.120509,963.75
0.121788,964.0
0.121788,964.25
0.121788,964.5
0.121788,964.75
0.11923,965.0
0.120509,965.25
0.121788,965.5
0.11923,965.75
0.123067,966.0
0.116671,966.25
0.121788,966.5
0.123067,966.75
0.123067,967.0
0.123067,967.25
0.123067,967.5
0.123067,967.75
0.121788,968.0
0.121788,968.25
0.121788,968.5
0.123067,968.75
0.121788,969.0
0.116671,969.25
0.121788,969.5
0.123067,969.75
0.123067,970.0
0.121788,970.25
0.120509,970.5
0.120509,970.75
0.121788,971.0
0.120509,971.25
0.121788,971.5
0.121788,971.75
0.123067,972.0
0.121788,972.25
0.121788,972.5
0.123067,972.75
0.123067,973.0
0.121788,973.25
0.123067,973.5
0.123067,973.75
0.120509,974.0
0.121788,974.25
0.124346,974.5
0.123067,974.75
0.123067,975.0
0.121788,975.25
0.123067,975.5
0.123067,975.75
0.123067,976.0
0.121788,976.25
0.121788,976.5
0.120509,976.75
0.123067,977.0
0.120509,977.25
0.121788,977.5
0.121788,977.75
0.120509,978.0
0.123067,978.25
0.121788,978.5
0.123067,978.75
0.120509,979.0
0.121788,979.25
0.120509,979.5
0.123067,979.75
0.120509,980.0
0.120509,980.25
0.120509,980.5
0.121788,980.75
0.121788,981.0
0.121788,981.25
0.121788,981.5
0.120509,981.75
0.120509,982.0
0.11923,982.25
0.120509,982.5
0.120509,982.75
0.121788,983.0
0.120509,983.25
0.121788,983.5
0.123067,983.75
0.121788,984.0
0.120509,984.25
0.11923,984.5
0.115392,984.75
0.117951,985.0
0.120509,985.25
0.120509,985.5
0.121788,985.75
0.120509,986.0
0.120509,986.25
0.121788,986.5
0.121788,986.75
0.120509,987.0
0.121788,987.25
0.120509,987.5
0.121788,987.75
0.121788,988.0
0.121788,988.25
0.120509,988.5
0.123067,988.75
0.121788,989.0
0.123067,989.25
0.115392,989.5
0.121788,989.75
0.121788,990.0
0.121788,990.25
0.120509,990.5
0.121788,990.75
0.121788,991.0
0.120509,991.25
0.11923,991.5
0.120509,991.75
0.120509,992.0
0.120509,992.25
0.120509,992.5
0.120509,992.75
0.120509,993.0
0.11923,993.25
0.120509,993.5
0.120509,993.75
0.121788,994.0
0.121788,994.25
0.121788,994.5
0.121788,994.75
0.121788,995.0
0.121788,995.25
0.120509,995.5
0.120509,995.75
0.11923,996.0
0.120509,996.25
0.120509,996.5
0.121788,996.75
0.115392,997.0
0.121788,997.25
0.115392,997.5
0.120509,997.75
0.11923,998.0
0.120509,998.25
0.120509,998.5
0.117951,998.75
0.120509,999.0
0.120509,999.25
0.120509,999.5
0.120509,999.75
0.120509,1000.0
0.120509,1000.25
0.121788,1000.5
0.114113,1000.75
0.121788,1001.0
0.120509,1001.25
0.11923,1001.5
0.120509,1001.75
0.11923,1002.0
0.120509,1002.25
0.121788,1002.5
0.123067,1002.75
0.120509,1003.0
0.121788,1003.25
0.120509,1003.5
0.121788,1003.75
0.120509,1004.0
0.120509,1004.25
0.121788,1004.5
0.120509,1004.75
0.116671,1005.0
0.120509,1005.25
0.120509,1005.5
0.120509,1005.75
0.120509,1006.0
0.120509,1006.25
0.120509,1006.5
0.120509,1006.75
0.11923,1007.0
0.121788,1007.25
0.121788,1007.5
0.121788,1007.75
0.120509,1008.0
0.120509,1008.25
0.120509,1008.5
0.120509,1008.75
0.121788,1009.0
0.120509,1009.25
0.120509,1009.5
0.11923,1009.75
0.120509,1010.0
0.11923,1010.25
0.121788,1010.5
0.121788,1010.75
0.121788,1011.0
0.123067,1011.25
0.115392,1011.5
0.121788,1011.75
0.121788,1012.0
0.120509,1012.25
0.11923,1012.5
0.121788,1012.75
0.121788,1013.0
0.121788,1013.25
0.121788,1013.5
0.11923,1013.75
0.121788,1014.0
0.121788,1014.25
0.121788,1014.5
0.120509,1014.75
0.121788,1015.0
0.120509,1015.25
0.121788,1015.5
0.120509,1015.75
0.121788,1016.0
0.114113,1016.25
0.120509,1016.5
0.121788,1016.75
0.120509,1017.0
0.121788,1017.25
0.120509,1017.5
0.121788,1017.75
0.120509,1018.0
0.120509,1018.25
0.120509,1018.5
0.11923,1018.75
0.120509,1019.0
0.120509,1019.25
0.123067,1019.5
0.121788,1019.75
0.120509,1020.0
0.11923,1020.25
0.121788,1020.5
0.121788,1020.75
0.121788,1021.0
0.120509,1021.25
0.120509,1021.5
0.123067,1021.75
0.121788,1022.0
0.123067,1022.25
0.121788,1022.5
0.121788,1022.75
0.120509,1023.0
0.121788,1023.25
0.120509,1023.5
0.121788,1023.75
0.121788,1024.0
0.120509,1024.25
0.121788,1024.5
0.121788,1024.75
0.116671,1025.0
0.120509,1025.25
0.121788,1025.5
0.120509,1025.75
0.120509,1026.0
0.11923,1026.25
0.121788,1026.5
0.121788,1026.75
0.121788,1027.0
0.120509,1027.25
0.123067,1027.5
0.123067,1027.75
0.120509,1028.0
0.121788,1028.25
0.120509,1028.5
0.121788,1028.75
0.120509,1029.0
0.121788,1029.25
0.120509,1029.5
0.121788,1029.75
0.120509,1030.0
0.121788,1030.25
0.120509,1030.5
0.121788,1030.75
0.120509,1031.0
0.123067,1031.25
0.121788,1031.5
0.120509,1031.75
0.121788,1032.0
0.121788,1032.25
0.121788,1032.5
0.121788,1032.75
0.123067,1033.0
0.121788,1033.25
0.123067,1033.5
0.121788,1033.75
0.121788,1034.0
0.121788,1034.25
0.120509,1034.5
0.121788,1034.75
0.121788,1035.0
0.121788,1035.25
0.121788,1035.5
0.120509,1035.75
0.123067,1036.0
0.115392,1036.25
0.120509,1036.5
0.121788,1036.75
0.123067,1037.0
0.120509,1037.25
0.121788,1037.5
0.123067,1037.75
0.121788,1038.0
0.121788,1038.25
0.120509,1038.5
0.123067,1038.75
0.121788,1039.0
0.121788,1039.25
0.120509,1039.5
0.123067,1039.75
0.11923,1040.0
0.121788,1040.25
0.116671,1040.5
0.121788,1040.75
0.121788,1041.0
0.123067,1041.25
0.123067,1041.5
0.121788,1041.75
0.123067,1042.0
0.121788,1042.25
0.120509,1042.5
0.11923,1042.75
0.121788,1043.0
0.11923,1043.25
0.121788,1043.5
0.121788,1043.75
0.123067,1044.0
0.124346,1044.25
0.123067,1044.5
0.121788,1044.75
0.11923,1045.0
0.115392,1045.25
0.120509,1045.5
0.121788,1045.75
0.121788,1046.0
0.121788,1046.25
0.120509,1046.5
0.121788,1046.75
0.123067,1047.0
0.121788,1047.25
0.121788,1047.5
0.121788,1047.75
0.120509,1048.0
0.120509,1048.25
0.120509,1048.5
0.121788,1048.75
0.121788,1049.0
0.121788,1049.25
0.120509,1049.5
0.121788,1049.75
0.121788,1050.0
0.121788,1050.25
0.11923,1050.5
0.121788,1050.75
0.120509,1051.0
0.120509,1051.25
0.121788,1051.5
0.114113,1051.75
0.121788,1052.0
0.121788,1052.25
0.121788,1052.5
0.121788,1052.75
0.121788,1053.0
0.121788,1053.25
0.121788,1053.5
0.120509,1053.75
0.120509,1054.0
0.120509,1054.25
0.120509,1054.5
0.123067,1054.75
0.120509,1055.0
0.121788,1055.25
0.121788,1055.5
0.121788,1055.75
0.120509,1056.0
0.120509,1056.25
0.120509,1056.5
0.121788,1056.75
0.120509,1057.0
0.120509,1057.25
0.121788,1057.5
0.120509,1057.75
0.120509,1058.0
0.120509,1058.25
0.121788,1058.5
0.120509,1058.75
0.121788,1059.0
0.11923,1059.25
0.121788,1059.5
0.120509,1059.75
0.120509,1060.0
0.120509,1060.25
0.120509,1060.5
0.121788,1060.75
0.120509,1061.0
0.120509,1061.25
0.11923,1061.5
0.121788,1061.75
0.117951,1062.0
0.121788,1062.25
0.120509,1062.5
0.123067,1062.75
0.121788,1063.0
0.120509,1063.25
0.121788,1063.5
0.121788,1063.75
0.120509,1064.0
0.120509,1064.25
0.121788,1064.5
0.11923,1064.75
0.117951,1065.0
0.114113,1065.25
0.11923,1065.5
0.120509,1065.75
0.121788,1066.0
0.121788,1066.25
0.120509,1066.5
0.121788,1066.75
0.11923,1067.0
0.120509,1067.25
0.117951,1067.5
0.120509,1067.75
0.120509,1068.0
0.120509,1068.25
0.120509,1068.5
0.120509,1068.75
0.121788,1069.0
0.121788,1069.25
0.121788,1069.5
0.120509,1069.75
0.121788,1070.0
0.114113,1070.25
0.121788,1070.5
0.121788,1070.75
0.120509,1071.0
0.120509,1071.25
0.11923,1071.5
0.121788,1071.75
0.120509,1072.0
0.120509,1072.25
0.11923,1072.5
0.120509,1072.75
0.120509,1073.0
0.121788,1073.25
0.121788,1073.5
0.121788,1073.75
0.121788,1074.0
0.121788,1074.25
0.123067,1074.5
0.123067,1074.75
0.121788,1075.0
0.121788,1075.25
0.121788,1075.5
0.120509,1075.75
0.120509,1076.0
0.120509,1076.25
0.120509,1076.5
0.120509,1076.75
0.11923,1077.0
0.120509,1077.25
0.11923,1077.5
0.120509,1077.75
0.11923,1078.0
0.11923,1078.25
0.117951,1078.5
0.121788,1078.75
0.114113,1079.0
0.11923,1079.25
0.11923,1079.5
0.11923,1079.75
0.120509,1080.0
0.120509,1080.25
0.120509,1080.5
0.11923,1080.75
0.120509,1081.0
0.117951,1081.25
0.120509,1081.5
0.120509,1081.75
0.120509,1082.0
0.120509,1082.25
0.121788,1082.5
0.117951,1082.75
0.123067,1083.0
0.123067,1083.25
0.120509,1083.5
0.121788,1083.75
0.120509,1084.0
0.121788,1084.25
0.121788,1084.5
0.120509,1084.75
0.11923,1085.0
0.121788,1085.25
0.121788,1085.5
0.121788,1085.75
0.115392,1086.0
0.121788,1086.25
0.120509,1086.5
0.123067,1086.75
0.120509,1087.0
0.120509,1087.25
0.120509,1087.5
0.121788,1087.75
0.120509,1088.0
0.121788,1088.25
0.121788,1088.5
0.121788,1088.75
0.121788,1089.0
0.120509,1089.25
0.11923,1089.5
0.120509,1089.75
0.121788,1090.0
0.121788,1090.25
0.121788,1090.5
0.121788,1090.75
0.120509,1091.0
0.120509,1091.25
0.121788,1091.5
0.120509,1091.75
0.121788,1092.0
0.11923,1092.25
0.120509,1092.5
0.120509,1092.75
0.120509,1093.0
0.120509,1093.25
0.120509,1093.5
0.123067,1093.75
0.120509,1094.0
0.120509,1094.25
0.120509,1094.5
0.120509,1094.75
0.11923,1095.0
0.120509,1095.25
0.120509,1095.5
0.120509,1095.75
0.120509,1096.0
0.120509,1096.25
0.120509,1096.5
0.121788,1096.75
0.120509,1097.0
0.120509,1097.25
0.120509,1097.5
0.116671,1097.75
0.120509,1098.0
0.120509,1098.25
0.11923,1098.5
0.120509,1098.75
0.120509,1099.0
0.121788,1099.25
0.121788,1099.5
0.120509,1099.75
0.120509,1100.0
0.120509,1100.25
0.11923,1100.5
0.121788,1100.75
0.120509,1101.0
0.121788,1101.25
0.115392,1101.5
0.120509,1101.75
0.123067,1102.0
0.121788,1102.25
0.120509,1102.5
0.120509,1102.75
0.120509,1103.0
0.120509,1103.25
0.120509,1103.5
0.11923,1103.75
0.11923,1104.0
0.11923,1104.25
0.120509,1104.5
0.121788,1104.75
0.11923,1105.0
0.11923,1105.25
0.120509,1105.5
0.120509,1105.75
0.11923,1106.0
0.120509,1106.25
0.121788,1106.5
0.120509,1106.75
0.120509,1107.0
0.120509,1107.25
0.121788,1107.5
0.121788,1107.75
0.120509,1108.0
0.120509,1108.25
0.116671,1108.5
0.120509,1108.75
0.114113,1109.0
0.121788,1109.25
0.121788,1109.5
0.123067,1109.75
0.121788,1110.0
0.123067,1110.25
0.121788,1110.5
0.121788,1110.75
0.121788,1111.0
0.121788,1111.25
0.11923,1111.5
0.121788,1111.75
0.121788,1112.0
0.120509,1112.25
0.121788,1112.5
0.121788,1112.75
0.121788,1113.0
0.121788,1113.25
0.121788,1113.5
0.120509,1113.75
0.123067,1114.0
0.116671,1114.25
0.121788,1114.5
0.121788,1114.75
0.120509,1115.0
0.121788,1115.25
0.121788,1115.5
0.123067,1115.75
0.120509,1116.0
0.120509,1116.25
0.120509,1116.5
0.121788,1116.75
0.120509,1117.0
0.121788,1117.25
0.121788,1117.5
0.123067,1117.75
0.120509,1118.0
0.123067,1118.25
0.123067,1118.5
0.121788,1118.75
0.115392,1119.0
0.121788,1119.25
0.121788,1119.5
0.124346,1119.75
0.121788,1120.0
0.123067,1120.25
0.121788,1120.5
0.121788,1120.75
0.121788,1121.0
0.121788,1121.25
0.124346,1121.5
0.121788,1121.75
0.123067,1122.0
0.115392,1122.25
0.11923,1122.5
0.123067,1122.75
0.121788,1123.0
0.121788,1123.25
0.121788,1123.5
0.121788,1123.75
0.123067,1124.0
0.121788,1124.25
0.120509,1124.5
0.121788,1124.75
0.117951,1125.0
0.120509,1125.25
0.120509,1125.5
0.121788,1125.75
0.121788,1126.0
0.121788,1126.25
0.121788,1126.5
0.124346,1126.75
0.116671,1127.0
0.123067,1127.25
0.120509,1127.5
0.123067,1127.75
0.11923,1128.0
0.121788,1128.25
0.121788,1128.5
0.121788,1128.75
0.123067,1129.0
0.121788,1129.25
0.121788,1129.5
0.121788,1129.75
0.121788,1130.0
0.121788,1130.25
0.121788,1130.5
0.120509,1130.75
0.120509,1131.0
0.121788,1131.25
0.121788,1131.5
0.116671,1131.75
0.123067,1132.0
0.123067,1132.25
0.123067,1132.5
0.123067,1132.75
0.121788,1133.0
0.123067,1133.25
0.115392,1133.5
0.123067,1133.75
0.121788,1134.0
0.123067,1134.25
0.121788,1134.5
0.123067,1134.75
0.123067,1135.0
0.123067,1135.25
0.120509,1135.5
0.121788,1135.75
0.121788,1136.0
0.120509,1136.25
0.115392,1136.5
0.121788,1136.75
0.120509,1137.0
0.120509,1137.25
0.121788,1137.5
0.124346,1137.75
0.121788,1138.0
0.120509,1138.25
0.121788,1138.5
0.121788,1138.75
0.11923,1139.0
0.120509,1139.25
0.120509,1139.5
0.121788,1139.75
0.121788,1140.0
0.121788,1140.25
0.123067,1140.5
0.121788,1140.75
0.121788,1141.0
0.120509,1141.25
0.121788,1141.5
0.120509,1141.75
0.121788,1142.0
0.120509,1142.25
0.123067,1142.5
0.120509,1142.75
0.120509,1143.0
0.121788,1143.25
0.121788,1143.5
0.121788,1143.75
0.120509,1144.0
0.120509,1144.25
0.120509,1144.5
0.121788,1144.75
0.117951,1145.0
0.120509,1145.25
0.120509,1145.5
0.123067,1145.75
0.121788,1146.0
0.121788,1146.25
0.120509,1146.5
0.120509,1146.75
0.116671,1147.0
0.120509,1147.25
0.123067,1147.5
0.123067,1147.75
0.121788,1148.0
0.121788,1148.25
0.121788,1148.5
0.121788,1148.75
0.121788,1149.0
0.121788,1149.25
0.120509,1149.5
0.120509,1149.75
0.11923,1150.0
0.120509,1150.25
0.121788,1150.5
0.121788,1150.75
0.121788,1151.0
0.120509,1151.25
0.121788,1151.5
0.115392,1151.75
0.121788,1152.0
0.120509,1152.25
0.120509,1152.5
0.11923,1152.75
0.120509,1153.0
0.11923,1153.25
0.11923,1153.5
0.11923,1153.75
0.117951,1154.0
0.11923,1154.25
0.120509,1154.5
0.120509,1154.75
0.117951,1155.0
0.121788,1155.25
0.117951,1155.5
0.120509,1155.75
0.11923,1156.0
0.120509,1156.25
0.120509,1156.5
0.121788,1156.75
0.120509,1157.0
0.120509,1157.25
0.120509,1157.5
0.120509,1157.75
0.120509,1158.0
0.120509,1158.25
0.120509,1158.5
0.120509,1158.75
0.120509,1159.0
0.120509,1159.25
0.120509,1159.5
0.121788,1159.75
0.120509,1160.0
0.120509,1160.25
0.120509,1160.5
0.120509,1160.75
0.11923,1161.0
0.120509,1161.25
0.120509,1161.5
0.120509,1161.75
0.121788,1162.0
0.120509,1162.25
0.121788,1162.5
0.121788,1162.75
0.121788,1163.0
0.120509,1163.25
0.121788,1163.5
0.11923,1163.75
0.120509,1164.0
0.120509,1164.25
0.121788,1164.5
0.115392,1164.75
0.117951,1165.0
0.121788,1165.25
0.120509,1165.5
0.121788,1165.75
0.120509,1166.0
0.120509,1166.25
0.120509,1166.5
0.123067,1166.75
0.121788,1167.0
0.121788,1167.25
0.121788,1167.5
0.121788,1167.75
0.121788,1168.0
0.123067,1168.25
0.121788,1168.5
0.120509,1168.75
0.120509,1169.0
0.11923,1169.25
0.120509,1169.5
0.121788,1169.75
0.121788,1170.0
0.121788,1170.25
0.120509,1170.5
0.121788,1170.75
0.115392,1171.0
0.121788,1171.25
0.121788,1171.5
0.121788,1171.75
0.120509,1172.0
0.121788,1172.25
0.121788,1172.5
0.120509,1172.75
0.120509,1173.0
0.121788,1173.25
0.121788,1173.5
0.121788,1173.75
0.121788,1174.0
0.120509,1174.25
0.121788,1174.5
0.11923,1174.75
0.11923,1175.0
0.120509,1175.25
0.123067,1175.5
0.115392,1175.75
0.121788,1176.0
0.123067,1176.25
0.120509,1176.5
0.121788,1176.75
0.11923,1177.0
0.121788,1177.25
0.11923,1177.5
0.121788,1177.75
0.121788,1178.0
0.120509,1178.25
0.121788,1178.5
0.121788,1178.75
0.121788,1179.0
0.121788,1179.25
0.120509,1179.5
0.121788,1179.75
0.121788,1180.0
0.120509,1180.25
0.120509,1180.5
0.121788,1180.75
0.120509,1181.0
0.121788,1181.25
0.121788,1181.5
0.123067,1181.75
0.121788,1182.0
0.121788,1182.25
0.121788,1182.5
0.121788,1182.75
0.114113,1183.0
0.123067,1183.25
0.121788,1183.5
0.120509,1183.75
0.121788,1184.0
0.121788,1184.25
0.124346,1184.5
0.123067,1184.75
0.120509,1185.0
0.121788,1185.25
0.121788,1185.5
0.117951,1185.75
0.123067,1186.0
0.121788,1186.25
0.121788,1186.5
0.123067,1186.75
0.120509,1187.0
0.121788,1187.25
0.120509,1187.5
0.120509,1187.75
0.121788,1188.0
0.132021,1188.25
0.124346,1188.5
0.124346,1188.75
0.11923,1189.0
0.117951,1189.25
0.117951,1189.5
0.11923,1189.75
0.112834,1190.0
0.117951,1190.25
0.116671,1190.5
0.116671,1190.75
0.115392,1191.0
0.117951,1191.25
0.114113,1191.5
0.112834,1191.75
0.114113,1192.0
0.114113,1192.25
0.114113,1192.5
0.116671,1192.75
0.114113,1193.0
0.115392,1193.25
0.115392,1193.5
0.114113,1193.75
0.111555,1194.0
0.112834,1194.25
0.112834,1194.5
0.111555,1194.75
0.112834,1195.0
0.111555,1195.25
0.112834,1195.5
0.114113,1195.75
0.111555,1196.0
0.111555,1196.25
0.112834,1196.5
0.112834,1196.75
0.112834,1197.0
0.112834,1197.25
0.111555,1197.5
0.114113,1197.75
0.112834,1198.0
0.112834,1198.25
0.111555,1198.5
0.112834,1198.75
0.112834,1199.0
0.111555,1199.25
0.111555,1199.5
0.111555,1199.75
0.111555,1200.0
0.112834,1200.25
0.111555,1200.5
0.111555,1200.75
0.112834,1201.0
0.111555,1201.25
0.111555,1201.5
0.111555,1201.75
0.110275,1202.0
0.108996,1202.25
0.110275,1202.5
0.112834,1202.75
0.110275,1203.0
0.110275,1203.25
0.10388,1203.5
0.112834,1203.75
0.110275,1204.0
0.110275,1204.25
0.108996,1204.5
0.111555,1204.75
0.106438,1205.0
0.108996,1205.25
0.110275,1205.5
0.110275,1205.75
0.110275,1206.0
0.1026,1206.25
0.110275,1206.5
0.108996,1206.75
0.107717,1207.0
0.107717,1207.25
0.107717,1207.5
0.107717,1207.75
0.107717,1208.0
0.107717,1208.25
0.108996,1208.5
0.107717,1208.75
0.106438,1209.0
0.108996,1209.25
0.107717,1209.5
0.107717,1209.75
0.106438,1210.0
0.106438,1210.25
0.105159,1210.5
0.106438,1210.75
0.106438,1211.0
0.106438,1211.25
0.107717,1211.5
0.106438,1211.75
0.107717,1212.0
0.106438,1212.25
0.106438,1212.5
0.108996,1212.75
0.107717,1213.0
0.105159,1213.25
0.106438,1213.5
0.106438,1213.75
0.106438,1214.0
0.106438,1214.25
0.107717,1214.5
0.107717,1214.75
0.107717,1215.0
0.106438,1215.25
0.107717,1215.5
0.106438,1215.75
0.105159,1216.0
0.106438,1216.25
0.106438,1216.5
0.106438,1216.75
0.105159,1217.0
0.107717,1217.25
0.108996,1217.5
0.108996,1217.75
0.106438,1218.0
0.106438,1218.25
0.106438,1218.5
0.10388,1218.75
0.105159,1219.0
0.105159,1219.25
0.105159,1219.5
0.106438,1219.75
0.105159,1220.0
0.106438,1220.25
0.105159,1220.5
0.105159,1220.75
0.105159,1221.0
0.105159,1221.25
0.101321,1221.5
0.105159,1221.75
0.105159,1222.0
0.105159,1222.25
0.105159,1222.5
0.107717,1222.75
0.110275,1223.0
0.107717,1223.25
0.106438,1223.5
0.111555,1223.75
0.105159,1224.0
0.108996,1224.25
0.108996,1224.5
0.110275,1224.75
0.105159,1225.0
0.105159,1225.25
0.106438,1225.5
0.107717,1225.75
0.105159,1226.0
0.108996,1226.25
0.112834,1226.5
0.112834,1226.75
0.110275,1227.0
0.110275,1227.25
0.107717,1227.5
0.106438,1227.75
0.110275,1228.0
0.106438,1228.25
0.108996,1228.5
0.106438,1228.75
0.10388,1229.0
0.1026,1229.25
0.1026,1229.5
0.098763,1229.75
0.10388,1230.0
0.10388,1230.25
0.10388,1230.5
0.105159,1230.75
0.106438,1231.0
0.105159,1231.25
0.10388,1231.5
0.1026,1231.75
0.101321,1232.0
0.10388,1232.25
0.100042,1232.5
0.1026,1232.75
0.101321,1233.0
0.101321,1233.25
0.100042,1233.5
0.1026,1233.75
0.1026,1234.0
0.1026,1234.25
0.101321,1234.5
0.105159,1234.75
0.100042,1235.0
0.10388,1235.25
0.106438,1235.5
0.105159,1235.75
0.106438,1236.0
0.106438,1236.25
0.106438,1236.5
0.106438,1236.75
0.106438,1237.0
0.105159,1237.25
0.106438,1237.5
0.106438,1237.75
0.105159,1238.0
0.105159,1238.25
0.107717,1238.5
0.106438,1238.75
0.106438,1239.0
0.106438,1239.25
0.106438,1239.5
0.107717,1239.75
0.107717,1240.0
0.106438,1240.25
0.106438,1240.5
0.1026,1240.75
0.106438,1241.0
0.106438,1241.25
0.105159,1241.5
0.105159,1241.75
0.105159,1242.0
0.106438,1242.25
0.106438,1242.5
0.108996,1242.75
0.106438,1243.0
0.106438,1243.25
0.106438,1243.5
0.116671,1243.75
0.116671,1244.0
0.115392,1244.25
0.115392,1244.5
0.115392,1244.75
0.108996,1245.0
0.110275,1245.25
0.110275,1245.5
0.107717,1245.75
0.106438,1246.0
0.10388,1246.25
0.100042,1246.5
0.1026,1246.75
0.10388,1247.0
0.108996,1247.25
0.107717,1247.5
0.107717,1247.75
0.105159,1248.0
0.10388,1248.25
0.1026,1248.5
0.10388,1248.75
0.1026,1249.0
0.1026,1249.25
0.1026,1249.5
0.10388,1249.75
0.105159,1250.0
0.105159,1250.25
0.106438,1250.5
0.105159,1250.75
0.106438,1251.0
0.10388,1251.25
0.105159,1251.5
0.105159,1251.75
0.107717,1252.0
0.107717,1252.25
0.106438,1252.5
0.107717,1252.75
0.106438,1253.0
0.108996,1253.25
0.107717,1253.5
0.107717,1253.75
0.106438,1254.0
0.107717,1254.25
0.105159,1254.5
0.108996,1254.75
0.107717,1255.0
0.107717,1255.25
0.106438,1255.5
0.107717,1255.75
0.107717,1256.0
0.107717,1256.25
0.107717,1256.5
0.108996,1256.75
0.107717,1257.0
0.105159,1257.25
0.108996,1257.5
0.108996,1257.75
0.110275,1258.0
0.108996,1258.25
0.107717,1258.5
0.110275,1258.75
0.108996,1259.0
0.108996,1259.25
0.110275,1259.5
0.110275,1259.75
0.107717,1260.0
0.108996,1260.25
0.108996,1260.5
0.108996,1260.75
0.110275,1261.0
0.108996,1261.25
0.108996,1261.5
0.108996,1261.75
0.108996,1262.0
0.107717,1262.25
0.110275,1262.5
0.107717,1262.75
0.108996,1263.0
0.108996,1263.25
0.108996,1263.5
0.108996,1263.75
0.108996,1264.0
0.108996,1264.25
0.108996,1264.5
0.110275,1264.75
0.106438,1265.0
0.108996,1265.25
0.107717,1265.5
0.110275,1265.75
0.108996,1266.0
0.110275,1266.25
0.110275,1266.5
0.110275,1266.75
0.110275,1267.0
0.108996,1267.25
0.107717,1267.5
0.107717,1267.75
0.105159,1268.0
0.10388,1268.25
0.107717,1268.5
0.106438,1268.75
0.106438,1269.0
0.105159,1269.25
0.105159,1269.5
0.105159,1269.75
0.108996,1270.0
0.114113,1270.25
0.124346,1270.5
0.126905,1270.75
0.126905,1271.0
0.128184,1271.25
0.128184,1271.5
0.126905,1271.75
0.126905,1272.0
0.126905,1272.25
0.125626,1272.5
0.125626,1272.75
0.125626,1273.0
0.11923,1273.25
0.125626,1273.5
0.123067,1273.75
0.124346,1274.0
0.123067,1274.25
0.124346,1274.5
0.124346,1274.75
0.124346,1275.0
0.124346,1275.25
0.124346,1275.5
0.124346,1275.75
0.124346,1276.0
0.124346,1276.25
0.123067,1276.5
0.124346,1276.75
0.125626,1277.0
0.124346,1277.25
0.123067,1277.5
0.124346,1277.75
0.121788,1278.0
0.121788,1278.25
0.11923,1278.5
0.11923,1278.75
0.117951,1279.0
0.116671,1279.25
0.117951,1279.5
0.120509,1279.75
0.117951,1280.0
0.120509,1280.25
0.121788,1280.5
0.123067,1280.75
0.11923,1281.0
0.120509,1281.25
0.112834,1281.5
0.120509,1281.75
0.11923,1282.0
0.11923,1282.25
0.117951,1282.5
0.11923,1282.75
0.117951,1283.0
0.11923,1283.25
0.120509,1283.5
0.120509,1283.75
0.11923,1284.0
0.11923,1284.25
0.11923,1284.5
0.117951,1284.75
0.116671,1285.0
0.117951,1285.25
0.11923,1285.5
0.11923,1285.75
0.11923,1286.0
0.120509,1286.25
0.120509,1286.5
0.11923,1286.75
0.11923,1287.0
0.11923,1287.25
0.117951,1287.5
0.11923,1287.75
0.11923,1288.0
0.112834,1288.25
0.111555,1288.5
0.110275,1288.75
0.110275,1289.0
0.110275,1289.25
0.110275,1289.5
0.10388,1289.75
0.110275,1290.0
0.110275,1290.25
0.111555,1290.5
0.110275,1290.75
0.110275,1291.0
0.111555,1291.25
0.110275,1291.5
0.112834,1291.75
0.112834,1292.0
0.112834,1292.25
0.112834,1292.5
0.111555,1292.75
0.111555,1293.0
0.112834,1293.25
0.112834,1293.5
0.114113,1293.75
0.112834,1294.0
0.114113,1294.25
0.115392,1294.5
0.114113,1294.75
0.112834,1295.0
0.114113,1295.25
0.112834,1295.5
0.114113,1295.75
0.112834,1296.0
0.114113,1296.25
0.111555,1296.5
0.114113,1296.75
0.112834,1297.0
0.114113,1297.25
0.112834,1297.5
0.114113,1297.75
0.114113,1298.0
0.114113,1298.25
0.112834,1298.5
0.112834,1298.75
0.111555,1299.0
0.112834,1299.25
0.112834,1299.5
0.111555,1299.75
0.112834,1300.0
0.112834,1300.25
0.112834,1300.5
0.112834,1300.75
0.112834,1301.0
0.108996,1301.25
0.112834,1301.5
0.112834,1301.75
0.112834,1302.0
0.111555,1302.25
0.112834,1302.5
0.114113,1302.75
0.111555,1303.0
0.111555,1303.25
0.112834,1303.5
0.114113,1303.75
0.110275,1304.0
0.111555,1304.25
0.111555,1304.5
0.112834,1304.75
0.107717,1305.0
0.112834,1305.25
0.112834,1305.5
0.112834,1305.75
0.112834,1306.0
0.111555,1306.25
0.112834,1306.5
0.111555,1306.75
0.112834,1307.0
0.111555,1307.25
0.114113,1307.5
0.116671,1307.75
0.115392,1308.0
0.115392,1308.25
0.115392,1308.5
0.115392,1308.75
0.114113,1309.0
0.115392,1309.25
0.112834,1309.5
0.114113,1309.75
0.114113,1310.0
0.112834,1310.25
0.114113,1310.5
0.112834,1310.75
0.115392,1311.0
0.114113,1311.25
0.114113,1311.5
0.114113,1311.75
0.114113,1312.0
0.111555,1312.25
0.114113,1312.5
0.114113,1312.75
0.112834,1313.0
0.114113,1313.25
0.115392,1313.5
0.115392,1313.75
0.114113,1314.0
0.115392,1314.25
0.112834,1314.5
0.114113,1314.75
0.112834,1315.0
0.115392,1315.25
0.114113,1315.5
0.115392,1315.75
0.114113,1316.0
0.115392,1316.25
0.116671,1316.5
0.116671,1316.75
0.108996,1317.0
0.115392,1317.25
0.115392,1317.5
0.112834,1317.75
0.114113,1318.0
0.114113,1318.25
0.115392,1318.5
0.115392,1318.75
0.115392,1319.0
0.115392,1319.25
0.115392,1319.5
0.115392,1319.75
0.114113,1320.0
0.108996,1320.25
0.114113,1320.5
0.115392,1320.75
0.116671,1321.0
0.115392,1321.25
0.115392,1321.5
0.115392,1321.75
0.115392,1322.0
0.115392,1322.25
0.115392,1322.5
0.115392,1322.75
0.115392,1323.0
0.114113,1323.25
0.115392,1323.5
0.116671,1323.75
0.115392,1324.0
0.115392,1324.25
0.116671,1324.5
0.11923,1324.75
0.108996,1325.0
0.116671,1325.25
0.115392,1325.5
0.115392,1325.75
0.108996,1326.0
0.116671,1326.25
0.116671,1326.5
0.115392,1326.75
0.115392,1327.0
0.115392,1327.25
0.115392,1327.5
0.116671,1327.75
0.115392,1328.0
0.107717,1328.25
0.115392,1328.5
0.112834,1328.75
0.114113,1329.0
0.115392,1329.25
0.115392,1329.5
0.116671,1329.75
0.114113,1330.0
0.115392,1330.25
0.115392,1330.5
0.116671,1330.75
0.115392,1331.0
0.116671,1331.25
0.114113,1331.5
0.115392,1331.75
0.115392,1332.0
0.116671,1332.25
0.114113,1332.5
0.116671,1332.75
0.117951,1333.0
0.115392,1333.25
0.115392,1333.5
0.115392,1333.75
0.115392,1334.0
0.114113,1334.25
0.116671,1334.5
0.115392,1334.75
0.116671,1335.0
0.115392,1335.25
0.116671,1335.5
0.117951,1335.75
0.116671,1336.0
0.115392,1336.25
0.115392,1336.5
0.116671,1336.75
0.115392,1337.0
0.115392,1337.25
0.116671,1337.5
0.110275,1337.75
0.115392,1338.0
0.116671,1338.25
0.116671,1338.5
0.115392,1338.75
0.114113,1339.0
0.115392,1339.25
0.115392,1339.5
0.115392,1339.75
0.115392,1340.0
0.115392,1340.25
0.115392,1340.5
0.114113,1340.75
0.114113,1341.0
0.115392,1341.25
0.114113,1341.5
0.115392,1341.75
0.114113,1342.0
0.115392,1342.25
0.114113,1342.5
0.115392,1342.75
0.115392,1343.0
0.116671,1343.25
0.116671,1343.5
0.116671,1343.75
0.116671,1344.0
0.116671,1344.25
0.116671,1344.5
0.116671,1344.75
0.114113,1345.0
0.114113,1345.25
0.110275,1345.5
0.116671,1345.75
0.116671,1346.0
0.116671,1346.25
0.115392,1346.5
0.116671,1346.75
0.115392,1347.0
0.115392,1347.25
0.115392,1347.5
0.115392,1347.75
0.114113,1348.0
0.115392,1348.25
0.114113,1348.5
0.115392,1348.75
0.115392,1349.0
0.114113,1349.25
0.116671,1349.5
0.115392,1349.75
0.115392,1350.0
0.115392,1350.25
0.116671,1350.5
0.114113,1350.75
0.116671,1351.0
0.114113,1351.25
0.115392,1351.5
0.116671,1351.75
0.116671,1352.0
0.115392,1352.25
0.115392,1352.5
0.108996,1352.75
0.114113,1353.0
0.115392,1353.25
0.115392,1353.5
0.116671,1353.75
0.115392,1354.0
0.115392,1354.25
0.114113,1354.5
0.115392,1354.75
0.115392,1355.0
0.115392,1355.25
0.116671,1355.5
0.115392,1355.75
0.115392,1356.0
0.115392,1356.25
0.116671,1356.5
0.115392,1356.75
0.115392,1357.0
0.116671,1357.25
0.115392,1357.5
0.116671,1357.75
0.116671,1358.0
0.117951,1358.25
0.116671,1358.5
0.116671,1358.75
0.114113,1359.0
0.116671,1359.25
0.116671,1359.5
0.116671,1359.75
0.115392,1360.0
0.116671,1360.25
0.116671,1360.5
0.115392,1360.75
0.116671,1361.0
0.115392,1361.25
0.117951,1361.5
0.114113,1361.75
0.116671,1362.0
0.115392,1362.25
0.116671,1362.5
0.117951,1362.75
0.117951,1363.0
0.117951,1363.25
0.117951,1363.5
0.117951,1363.75
0.116671,1364.0
0.111555,1364.25
0.115392,1364.5
0.117951,1364.75
0.114113,1365.0
0.117951,1365.25
0.117951,1365.5
0.117951,1365.75
0.117951,1366.0
0.117951,1366.25
0.116671,1366.5
0.116671,1366.75
0.116671,1367.0
0.116671,1367.25
0.117951,1367.5
0.11923,1367.75
0.116671,1368.0
0.117951,1368.25
0.116671,1368.5
0.11923,1368.75
0.117951,1369.0
0.117951,1369.25
0.117951,1369.5
0.117951,1369.75
0.116671,1370.0
0.117951,1370.25
0.117951,1370.5
0.117951,1370.75
0.117951,1371.0
0.117951,1371.25
0.11923,1371.5
0.117951,1371.75
0.117951,1372.0
0.116671,1372.25
0.117951,1372.5
0.116671,1372.75
0.117951,1373.0
0.116671,1373.25
0.117951,1373.5
0.117951,1373.75
0.117951,1374.0
0.112834,1374.25
0.116671,1374.5
0.116671,1374.75
0.117951,1375.0
0.116671,1375.25
0.11923,1375.5
0.117951,1375.75
0.117951,1376.0
0.116671,1376.25
0.11923,1376.5
0.117951,1376.75
0.11923,1377.0
0.11923,1377.25
0.116671,1377.5
0.116671,1377.75
0.116671,1378.0
0.115392,1378.25
0.116671,1378.5
0.117951,1378.75
0.116671,1379.0
0.117951,1379.25
0.116671,1379.5
0.11923,1379.75
0.117951,1380.0
0.117951,1380.25
0.111555,1380.5
0.11923,1380.75
0.117951,1381.0
0.11923,1381.25
0.116671,1381.5
0.116671,1381.75
0.117951,1382.0
0.117951,1382.25
0.11923,1382.5
0.11923,1382.75
0.117951,1383.0
0.117951,1383.25
0.11923,1383.5
0.116671,1383.75
0.117951,1384.0
0.117951,1384.25
0.117951,1384.5
0.11923,1384.75
0.116671,1385.0
0.117951,1385.25
0.117951,1385.5
0.117951,1385.75
0.117951,1386.0
0.111555,1386.25
0.115392,1386.5
0.11923,1386.75
0.117951,1387.0
0.11923,1387.25
0.117951,1387.5
0.120509,1387.75
0.120509,1388.0
0.11923,1388.25
0.11923,1388.5
0.11923,1388.75
0.117951,1389.0
0.117951,1389.25
0.117951,1389.5
0.11923,1389.75
0.11923,1390.0
0.120509,1390.25
0.11923,1390.5
0.121788,1390.75
0.114113,1391.0
0.120509,1391.25
0.117951,1391.5
0.117951,1391.75
0.117951,1392.0
0.120509,1392.25
0.11923,1392.5
0.11923,1392.75
0.11923,1393.0
0.117951,1393.25
0.11923,1393.5
0.117951,1393.75
0.11923,1394.0
0.117951,1394.25
0.11923,1394.5
0.117951,1394.75
0.120509,1395.0
0.11923,1395.25
0.11923,1395.5
0.120509,1395.75
0.120509,1396.0
0.115392,1396.25
0.120509,1396.5
0.120509,1396.75
0.11923,1397.0
0.11923,1397.25
0.117951,1397.5
0.11923,1397.75
0.11923,1398.0
0.11923,1398.25
0.11923,1398.5
0.120509,1398.75
0.11923,1399.0
0.11923,1399.25
0.11923,1399.5
0.11923,1399.75
0.117951,1400.0
0.116671,1400.25
0.11923,1400.5
0.120509,1400.75
0.11923,1401.0
0.11923,1401.25
0.11923,1401.5
0.121788,1401.75
0.11923,1402.0
0.11923,1402.25
0.11923,1402.5
0.11923,1402.75
0.117951,1403.0
0.120509,1403.25
0.120509,1403.5
0.11923,1403.75
0.117951,1404.0
0.120509,1404.25
0.120509,1404.5
0.120509,1404.75
0.11923,1405.0
0.120509,1405.25
0.121788,1405.5
0.11923,1405.75
0.11923,1406.0
0.114113,1406.25
0.120509,1406.5
0.120509,1406.75
0.121788,1407.0
0.121788,1407.25
0.11923,1407.5
0.120509,1407.75
0.11923,1408.0
0.120509,1408.25
0.11923,1408.5
0.121788,1408.75
0.121788,1409.0
0.121788,1409.25
0.120509,1409.5
0.123067,1409.75
0.121788,1410.0
0.121788,1410.25
0.11923,1410.5
0.120509,1410.75
0.121788,1411.0
0.11923,1411.25
0.114113,1411.5
0.121788,1411.75
0.121788,1412.0
0.120509,1412.25
0.120509,1412.5
0.121788,1412.75
0.11923,1413.0
0.120509,1413.25
0.11923,1413.5
0.121788,1413.75
0.120509,1414.0
0.120509,1414.25
0.121788,1414.5
0.121788,1414.75
0.120509,1415.0
0.120509,1415.25
0.121788,1415.5
0.121788,1415.75
0.120509,1416.0
0.120509,1416.25
0.121788,1416.5
0.11923,1416.75
0.120509,1417.0
0.120509,1417.25
0.120509,1417.5
0.121788,1417.75
0.120509,1418.0
0.120509,1418.25
0.121788,1418.5
0.120509,1418.75
0.121788,1419.0
0.121788,1419.25
0.11923,1419.5
0.121788,1419.75
0.120509,1420.0
0.121788,1420.25
0.121788,1420.5
0.121788,1420.75
0.121788,1421.0
0.123067,1421.25
0.121788,1421.5
0.123067,1421.75
0.121788,1422.0
0.120509,1422.25
0.121788,1422.5
0.121788,1422.75
0.116671,1423.0
0.121788,1423.25
0.120509,1423.5
0.123067,1423.75
0.121788,1424.0
0.121788,1424.25
0.120509,1424.5
0.121788,1424.75
0.117951,1425.0
0.121788,1425.25
0.121788,1425.5
0.121788,1425.75
0.121788,1426.0
0.120509,1426.25
0.121788,1426.5
0.123067,1426.75
0.121788,1427.0
0.120509,1427.25
0.121788,1427.5
0.120509,1427.75
0.121788,1428.0
0.120509,1428.25
0.121788,1428.5
0.121788,1428.75
0.123067,1429.0
0.123067,1429.25
0.123067,1429.5
0.123067,1429.75
0.121788,1430.0
0.121788,1430.25
0.120509,1430.5
0.123067,1430.75
0.121788,1431.0
0.115392,1431.25
0.121788,1431.5
0.123067,1431.75
0.123067,1432.0
0.121788,1432.25
0.121788,1432.5
0.121788,1432.75
0.121788,1433.0
0.120509,1433.25
0.123067,1433.5
0.121788,1433.75
0.121788,1434.0
0.121788,1434.25
0.121788,1434.5
0.121788,1434.75
0.121788,1435.0
0.121788,1435.25
0.120509,1435.5
0.123067,1435.75
0.120509,1436.0
0.121788,1436.25
0.121788,1436.5
0.121788,1436.75
0.120509,1437.0
0.121788,1437.25
0.121788,1437.5
0.123067,1437.75
0.121788,1438.0
0.120509,1438.25
0.11923,1438.5
0.111555,1438.75
0.121788,1439.0
0.120509,1439.25
0.114113,1439.5
0.120509,1439.75
0.11923,1440.0
0.120509,1440.25
0.120509,1440.5
0.11923,1440.75
0.117951,1441.0
0.11923,1441.25
0.117951,1441.5
0.120509,1441.75
0.11923,1442.0
0.11923,1442.25
0.120509,1442.5
0.11923,1442.75
0.11923,1443.0
0.11923,1443.25
0.11923,1443.5
0.11923,1443.75
0.120509,1444.0
0.117951,1444.25
0.11923,1444.5
0.11923,1444.75
0.117951,1445.0
0.112834,1445.25
0.11923,1445.5
0.121788,1445.75
0.11923,1446.0
0.11923,1446.25
0.11923,1446.5
0.117951,1446.75
0.117951,1447.0
0.114113,1447.25
0.112834,1447.5
0.112834,1447.75
0.112834,1448.0
0.114113,1448.25
0.111555,1448.5
0.108996,1448.75
0.107717,1449.0
0.111555,1449.25
0.117951,1449.5
0.126905,1449.75
0.126905,1450.0
0.176793,1450.25
0.202376,1450.5
0.213889,1450.75
0.203655,1451.0
0.172955,1451.25
0.140976,1451.5
0.125626,1451.75
0.125626,1452.0
0.130742,1452.25
0.132021,1452.5
0.130742,1452.75
0.130742,1453.0
0.129463,1453.25
0.128184,1453.5
0.128184,1453.75
0.129463,1454.0
0.126905,1454.25
0.121788,1454.5
0.124346,1454.75
0.124346,1455.0
0.121788,1455.25
0.121788,1455.5
0.11923,1455.75
0.11923,1456.0
0.112834,1456.25
0.11923,1456.5
0.11923,1456.75
0.117951,1457.0
0.117951,1457.25
0.116671,1457.5
0.117951,1457.75
0.116671,1458.0
0.11923,1458.25
0.117951,1458.5
0.117951,1458.75
0.117951,1459.0
0.117951,1459.25
0.120509,1459.5
0.11923,1459.75
0.117951,1460.0
0.117951,1460.25
0.117951,1460.5
0.116671,1460.75
0.117951,1461.0
0.11923,1461.25
0.117951,1461.5
0.11923,1461.75
0.117951,1462.0
0.123067,1462.25
0.124346,1462.5
0.123067,1462.75
0.120509,1463.0
0.120509,1463.25
0.120509,1463.5
0.121788,1463.75
0.121788,1464.0
0.121788,1464.25
0.123067,1464.5
0.121788,1464.75
0.11923,1465.0
0.121788,1465.25
0.120509,1465.5
0.120509,1465.75
0.123067,1466.0
0.126905,1466.25
0.14993,1466.5
0.152488,1466.75
0.138417,1467.0
0.129463,1467.25
0.129463,1467.5
0.129463,1467.75
0.128184,1468.0
0.121788,1468.25
0.129463,1468.5
0.132021,1468.75
0.129463,1469.0
0.135859,1469.25
0.13458,1469.5
0.130742,1469.75
0.132021,1470.0
0.137138,1470.25
0.135859,1470.5
0.137138,1470.75
0.126905,1471.0
0.126905,1471.25
0.125626,1471.5
0.130742,1471.75
0.132021,1472.0
0.130742,1472.25
0.133301,1472.5
0.13458,1472.75
0.130742,1473.0
0.129463,1473.25
0.128184,1473.5
0.133301,1473.75
0.13458,1474.0
0.13458,1474.25
0.129463,1474.5
0.126905,1474.75
0.125626,1475.0
0.126905,1475.25
0.126905,1475.5
0.125626,1475.75
0.126905,1476.0
0.126905,1476.25
0.128184,1476.5
0.125626,1476.75
0.126905,1477.0
0.124346,1477.25
0.11923,1477.5
0.125626,1477.75
0.125626,1478.0
0.124346,1478.25
0.125626,1478.5
0.125626,1478.75
0.126905,1479.0
0.126905,1479.25
0.126905,1479.5
0.126905,1479.75
0.125626,1480.0
0.124346,1480.25
0.124346,1480.5
0.125626,1480.75
0.125626,1481.0
0.124346,1481.25
0.124346,1481.5
0.124346,1481.75
0.123067,1482.0
0.124346,1482.25
0.123067,1482.5
0.121788,1482.75
0.123067,1483.0
0.123067,1483.25
0.123067,1483.5
0.123067,1483.75
0.123067,1484.0
0.123067,1484.25
0.121788,1484.5
0.121788,1484.75
0.116671,1485.0
0.120509,1485.25
0.115392,1485.5
0.116671,1485.75
0.116671,1486.0
0.116671,1486.25
0.115392,1486.5
0.116671,1486.75
0.116671,1487.0
0.114113,1487.25
0.114113,1487.5
0.117951,1487.75
0.115392,1488.0
0.121788,1488.25
0.123067,1488.5
0.125626,1488.75
0.125626,1489.0
0.125626,1489.25
0.130742,1489.5
0.133301,1489.75
0.130742,1490.0
0.128184,1490.25
0.126905,1490.5
0.124346,1490.75
0.123067,1491.0
0.124346,1491.25
0.124346,1491.5
0.11923,1491.75
0.11923,1492.0
0.116671,1492.25
0.120509,1492.5
0.11923,1492.75
0.120509,1493.0
0.123067,1493.25
0.123067,1493.5
0.121788,1493.75
0.123067,1494.0
0.123067,1494.25
0.123067,1494.5
0.121788,1494.75
0.123067,1495.0
0.121788,1495.25
0.123067,1495.5
0.123067,1495.75
0.121788,1496.0
0.123067,1496.25
0.121788,1496.5
0.123067,1496.75
0.121788,1497.0
0.123067,1497.25
0.120509,1497.5
0.121788,1497.75
0.124346,1498.0
0.123067,1498.25
0.123067,1498.5
0.121788,1498.75
0.128184,1499.0
0.129463,1499.25
0.133301,1499.5
0.13458,1499.75
0.133301,1500.0
0.13458,1500.25
0.13458,1500.5
0.13458,1500.75
0.135859,1501.0
0.135859,1501.25
0.13458,1501.5
0.135859,1501.75
0.133301,1502.0
0.135859,1502.25
0.13458,1502.5
0.13458,1502.75
0.135859,1503.0
0.138417,1503.25
0.139696,1503.5
0.140976,1503.75
0.142255,1504.0
0.146092,1504.25
0.152488,1504.5
0.153767,1504.75
0.156326,1505.0
0.160163,1505.25
0.161442,1505.5
0.162722,1505.75
0.164001,1506.0
0.16528,1506.25
0.16528,1506.5
0.166559,1506.75
0.167838,1507.0
0.170397,1507.25
0.169117,1507.5
0.170397,1507.75
0.171676,1508.0
0.170397,1508.25
0.170397,1508.5
0.170397,1508.75
0.170397,1509.0
0.170397,1509.25
0.170397,1509.5
0.170397,1509.75
0.172955,1510.0
0.169117,1510.25
0.172955,1510.5
0.172955,1510.75
0.170397,1511.0
0.170397,1511.25
0.170397,1511.5
0.172955,1511.75
0.171676,1512.0
0.172955,1512.25
0.175513,1512.5
0.178072,1512.75
0.176793,1513.0
0.179351,1513.25
0.179351,1513.5
0.181909,1513.75
0.181909,1514.0
0.187026,1514.25
0.190863,1514.5
0.193422,1514.75
0.193422,1515.0
0.19598,1515.25
0.201097,1515.5
0.206214,1515.75
0.210051,1516.0
0.213889,1516.25
0.21133,1516.5
0.219005,1516.75
0.216447,1517.0
0.219005,1517.25
0.219005,1517.5
0.220284,1517.75
0.222843,1518.0
0.222843,1518.25
0.225401,1518.5
0.230518,1518.75
0.24203,1519.0
0.268893,1519.25
0.286802,1519.5
0.291918,1519.75
0.293197,1520.0
0.294477,1520.25
0.300872,1520.5
0.295756,1520.75
0.297035,1521.0
0.297035,1521.25
0.298314,1521.5
0.295756,1521.75
0.298314,1522.0
0.28936,1522.25
0.293197,1522.5
0.294477,1522.75
0.291918,1523.0
0.285522,1523.25
0.284243,1523.5
0.285522,1523.75
0.281685,1524.0
0.282964,1524.25
0.281685,1524.5
0.279126,1524.75
0.272731,1525.0
0.27401,1525.25
0.275289,1525.5
0.272731,1525.75
0.270172,1526.0
0.270172,1526.25
0.272731,1526.5
0.271451,1526.75
0.271451,1527.0
0.270172,1527.25
0.265056,1527.5
0.263776,1527.75
0.262497,1528.0
0.265056,1528.25
0.261218,1528.5
0.261218,1528.75
0.256101,1529.0
0.254822,1529.25
0.252264,1529.5
0.252264,1529.75
0.252264,1530.0
0.257381,1530.25
0.252264,1530.5
0.252264,1530.75
0.252264,1531.0
0.252264,1531.25
0.252264,1531.5
0.252264,1531.75
0.252264,1532.0
0.252264,1532.25
0.254822,1532.5
0.254822,1532.75
0.257381,1533.0
0.257381,1533.25
0.256101,1533.5
0.256101,1533.75
0.254822,1534.0
0.252264,1534.25
0.249705,1534.5
0.249705,1534.75
0.247147,1535.0
0.247147,1535.25
0.247147,1535.5
0.244589,1535.75
0.245868,1536.0
0.239472,1536.25
0.244589,1536.5
0.244589,1536.75
0.24203,1537.0
0.240751,1537.25
0.240751,1537.5
0.234355,1537.75
0.239472,1538.0
0.240751,1538.25
0.239472,1538.5
0.239472,1538.75
0.238193,1539.0
0.239472,1539.25
0.239472,1539.5
0.240751,1539.75
0.239472,1540.0
0.239472,1540.25
0.234355,1540.5
0.238193,1540.75
0.238193,1541.0
0.239472,1541.25
0.238193,1541.5
0.235635,1541.75
0.238193,1542.0
0.236914,1542.25
0.236914,1542.5
0.235635,1542.75
0.236914,1543.0
0.234355,1543.25
0.234355,1543.5
0.234355,1543.75
0.233076,1544.0
0.233076,1544.25
0.235635,1544.5
0.234355,1544.75
0.231797,1545.0
0.234355,1545.25
0.235635,1545.5
0.238193,1545.75
0.236914,1546.0
0.239472,1546.25
0.239472,1546.5
0.239472,1546.75
0.238193,1547.0
0.238193,1547.25
0.239472,1547.5
0.230518,1547.75
0.238193,1548.0
0.230518,1548.25
0.236914,1548.5
0.235635,1548.75
0.238193,1549.0
0.239472,1549.25
0.240751,1549.5
0.235635,1549.75
0.240751,1550.0
0.234355,1550.25
0.238193,1550.5
0.22796,1550.75
0.235635,1551.0
0.240751,1551.25
0.24203,1551.5
0.24331,1551.75
0.24331,1552.0
0.24331,1552.25
0.245868,1552.5
0.244589,1552.75
0.245868,1553.0
0.249705,1553.25
0.252264,1553.5
0.247147,1553.75
0.245868,1554.0
0.244589,1554.25
0.245868,1554.5
0.24331,1554.75
0.24331,1555.0
0.24203,1555.25
0.24203,1555.5
0.236914,1555.75
0.24203,1556.0
0.240751,1556.25
0.24203,1556.5
0.240751,1556.75
0.238193,1557.0
0.231797,1557.25
0.234355,1557.5
0.224122,1557.75
0.22796,1558.0
0.22668,1558.25
0.22796,1558.5
0.230518,1558.75
0.238193,1559.0
0.249705,1559.25
0.253543,1559.5
0.250985,1559.75
0.250985,1560.0
0.252264,1560.25
0.252264,1560.5
0.252264,1560.75
0.252264,1561.0
0.250985,1561.25
0.249705,1561.5
0.247147,1561.75
0.24203,1562.0
0.239472,1562.25
0.235635,1562.5
0.233076,1562.75
0.231797,1563.0
0.233076,1563.25
0.231797,1563.5
0.233076,1563.75
0.233076,1564.0
0.230518,1564.25
0.230518,1564.5
0.233076,1564.75
0.231797,1565.0
0.233076,1565.25
0.234355,1565.5
0.235635,1565.75
0.234355,1566.0
0.234355,1566.25
0.233076,1566.5
0.235635,1566.75
0.234355,1567.0
0.233076,1567.25
0.231797,1567.5
0.231797,1567.75
0.229239,1568.0
0.231797,1568.25
0.230518,1568.5
0.233076,1568.75
0.231797,1569.0
0.236914,1569.25
0.249705,1569.5
0.24203,1569.75
0.252264,1570.0
0.256101,1570.25
0.252264,1570.5
0.247147,1570.75
0.240751,1571.0
0.235635,1571.25
0.234355,1571.5
0.231797,1571.75
0.230518,1572.0
0.231797,1572.25
0.230518,1572.5
0.229239,1572.75
0.229239,1573.0
0.230518,1573.25
0.229239,1573.5
0.229239,1573.75
0.229239,1574.0
0.22796,1574.25
0.22796,1574.5
0.22668,1574.75
0.229239,1575.0
0.22796,1575.25
0.22796,1575.5
0.22668,1575.75
0.22796,1576.0
0.225401,1576.25
0.22668,1576.5
0.22668,1576.75
0.22668,1577.0
0.225401,1577.25
0.22668,1577.5
0.22668,1577.75
0.225401,1578.0
0.224122,1578.25
0.224122,1578.5
0.225401,1578.75
0.225401,1579.0
0.225401,1579.25
0.225401,1579.5
0.225401,1579.75
0.225401,1580.0
0.225401,1580.25
0.225401,1580.5
0.225401,1580.75
0.224122,1581.0
0.222843,1581.25
0.224122,1581.5
0.224122,1581.75
0.225401,1582.0
0.222843,1582.25
0.222843,1582.5
0.221564,1582.75
0.222843,1583.0
0.221564,1583.25
0.219005,1583.5
0.217726,1583.75
0.216447,1584.0
0.217726,1584.25
0.217726,1584.5
0.220284,1584.75
0.217726,1585.0
0.221564,1585.25
0.221564,1585.5
0.221564,1585.75
0.220284,1586.0
0.220284,1586.25
0.221564,1586.5
0.219005,1586.75
0.221564,1587.0
0.213889,1587.25
0.222843,1587.5
0.222843,1587.75
0.222843,1588.0
0.221564,1588.25
0.222843,1588.5
0.224122,1588.75
0.221564,1589.0
0.221564,1589.25
0.221564,1589.5
0.222843,1589.75
0.222843,1590.0
0.222843,1590.25
0.222843,1590.5
0.222843,1590.75
0.224122,1591.0
0.222843,1591.25
0.224122,1591.5
0.224122,1591.75
0.222843,1592.0
0.221564,1592.25
0.222843,1592.5
0.221564,1592.75
0.222843,1593.0
0.221564,1593.25
0.221564,1593.5
0.220284,1593.75
0.222843,1594.0
0.222843,1594.25
0.221564,1594.5
0.221564,1594.75
0.220284,1595.0
0.220284,1595.25
0.220284,1595.5
0.221564,1595.75
0.220284,1596.0
0.220284,1596.25
0.220284,1596.5
0.220284,1596.75
0.220284,1597.0
0.219005,1597.25
0.219005,1597.5
0.217726,1597.75
0.220284,1598.0
0.217726,1598.25
0.220284,1598.5
0.219005,1598.75
0.219005,1599.0
0.217726,1599.25
0.219005,1599.5
0.220284,1599.75
0.219005,1600.0
0.217726,1600.25
0.217726,1600.5
0.217726,1600.75
0.208772,1601.0
0.216447,1601.25
0.217726,1601.5
0.217726,1601.75
0.219005,1602.0
0.217726,1602.25
0.219005,1602.5
0.216447,1602.75
0.217726,1603.0
0.216447,1603.25
0.217726,1603.5
0.215168,1603.75
0.217726,1604.0
0.216447,1604.25
0.216447,1604.5
0.216447,1604.75
0.212609,1605.0
0.216447,1605.25
0.215168,1605.5
0.215168,1605.75
0.213889,1606.0
0.213889,1606.25
0.213889,1606.5
0.215168,1606.75
0.215168,1607.0
0.213889,1607.25
0.215168,1607.5
0.215168,1607.75
0.213889,1608.0
0.213889,1608.25
0.215168,1608.5
0.213889,1608.75
0.213889,1609.0
0.210051,1609.25
0.212609,1609.5
0.212609,1609.75
0.212609,1610.0
0.21133,1610.25
0.212609,1610.5
0.212609,1610.75
0.212609,1611.0
0.21133,1611.25
0.21133,1611.5
0.212609,1611.75
0.21133,1612.0
0.21133,1612.25
0.212609,1612.5
0.21133,1612.75
0.210051,1613.0
0.21133,1613.25
0.21133,1613.5
0.21133,1613.75
0.212609,1614.0
0.21133,1614.25
0.212609,1614.5
0.21133,1614.75
0.212609,1615.0
0.21133,1615.25
0.21133,1615.5
0.21133,1615.75
0.21133,1616.0
0.212609,1616.25
0.21133,1616.5
0.210051,1616.75
0.210051,1617.0
0.210051,1617.25
0.208772,1617.5
0.210051,1617.75
0.210051,1618.0
0.208772,1618.25
0.210051,1618.5
0.208772,1618.75
0.208772,1619.0
0.208772,1619.25
0.207493,1619.5
0.207493,1619.75
0.207493,1620.0
0.204934,1620.25
0.206214,1620.5
0.204934,1620.75
0.206214,1621.0
0.206214,1621.25
0.207493,1621.5
0.210051,1621.75
0.208772,1622.0
0.208772,1622.25
0.208772,1622.5
0.208772,1622.75
0.206214,1623.0
0.208772,1623.25
0.210051,1623.5
0.208772,1623.75
0.210051,1624.0
0.207493,1624.25
0.210051,1624.5
0.208772,1624.75
0.207493,1625.0
0.206214,1625.25
0.207493,1625.5
0.203655,1625.75
0.206214,1626.0
0.201097,1626.25
0.206214,1626.5
0.206214,1626.75
0.207493,1627.0
0.208772,1627.25
0.206214,1627.5
0.206214,1627.75
0.206214,1628.0
0.208772,1628.25
0.208772,1628.5
0.210051,1628.75
0.208772,1629.0
0.208772,1629.25
0.207493,1629.5
0.208772,1629.75
0.21133,1630.0
0.210051,1630.25
0.208772,1630.5
0.208772,1630.75
0.208772,1631.0
0.207493,1631.25
0.207493,1631.5
0.208772,1631.75
0.208772,1632.0
0.208772,1632.25
0.207493,1632.5
0.208772,1632.75
0.207493,1633.0
0.207493,1633.25
0.207493,1633.5
0.206214,1633.75
0.204934,1634.0
0.204934,1634.25
0.204934,1634.5
0.206214,1634.75
0.206214,1635.0
0.206214,1635.25
0.204934,1635.5
0.204934,1635.75
0.204934,1636.0
0.203655,1636.25
0.203655,1636.5
0.203655,1636.75
0.203655,1637.0
0.203655,1637.25
0.203655,1637.5
0.204934,1637.75
0.202376,1638.0
0.203655,1638.25
0.201097,1638.5
0.203655,1638.75
0.202376,1639.0
0.203655,1639.25
0.199818,1639.5
0.203655,1639.75
0.201097,1640.0
0.201097,1640.25
0.201097,1640.5
0.202376,1640.75
0.203655,1641.0
0.202376,1641.25
0.201097,1641.5
0.202376,1641.75
0.202376,1642.0
0.199818,1642.25
0.201097,1642.5
0.201097,1642.75
0.201097,1643.0
0.201097,1643.25
0.201097,1643.5
0.202376,1643.75
0.201097,1644.0
0.201097,1644.25
0.203655,1644.5
0.203655,1644.75
0.201097,1645.0
0.204934,1645.25
0.204934,1645.5
0.206214,1645.75
0.204934,1646.0
0.204934,1646.25
0.204934,1646.5
0.202376,1646.75
0.202376,1647.0
0.202376,1647.25
0.203655,1647.5
0.199818,1647.75
0.202376,1648.0
0.202376,1648.25
0.202376,1648.5
0.201097,1648.75
0.202376,1649.0
0.202376,1649.25
0.202376,1649.5
0.202376,1649.75
0.201097,1650.0
0.194701,1650.25
0.199818,1650.5
0.198538,1650.75
0.199818,1651.0
0.201097,1651.25
0.202376,1651.5
0.202376,1651.75
0.201097,1652.0
0.202376,1652.25
0.202376,1652.5
0.201097,1652.75
0.202376,1653.0
0.201097,1653.25
0.202376,1653.5
0.201097,1653.75
0.201097,1654.0
0.201097,1654.25
0.199818,1654.5
0.202376,1654.75
0.201097,1655.0
0.201097,1655.25
0.198538,1655.5
0.201097,1655.75
0.197259,1656.0
0.199818,1656.25
0.199818,1656.5
0.201097,1656.75
0.198538,1657.0
0.201097,1657.25
0.199818,1657.5
0.201097,1657.75
0.198538,1658.0
0.199818,1658.25
0.193422,1658.5
0.199818,1658.75
0.201097,1659.0
0.201097,1659.25
0.199818,1659.5
0.199818,1659.75
0.201097,1660.0
0.199818,1660.25
0.199818,1660.5
0.199818,1660.75
0.199818,1661.0
0.201097,1661.25
0.199818,1661.5
0.199818,1661.75
0.198538,1662.0
0.201097,1662.25
0.199818,1662.5
0.199818,1662.75
0.198538,1663.0
0.198538,1663.25
0.198538,1663.5
0.197259,1663.75
0.198538,1664.0
0.197259,1664.25
0.198538,1664.5
0.199818,1664.75
0.197259,1665.0
0.199818,1665.25
0.199818,1665.5
0.201097,1665.75
0.199818,1666.0
0.197259,1666.25
0.198538,1666.5
0.199818,1666.75
0.197259,1667.0
0.199818,1667.25
0.198538,1667.5
0.198538,1667.75
0.198538,1668.0
0.198538,1668.25
0.198538,1668.5
0.198538,1668.75
0.197259,1669.0
0.197259,1669.25
0.197259,1669.5
0.19598,1669.75
0.197259,1670.0
0.19598,1670.25
0.19598,1670.5
0.19598,1670.75
0.194701,1671.0
0.19598,1671.25
0.194701,1671.5
0.19598,1671.75
0.194701,1672.0
0.19598,1672.25
0.194701,1672.5
0.19598,1672.75
0.194701,1673.0
0.19598,1673.25
0.19598,1673.5
0.19598,1673.75
0.19598,1674.0
0.198538,1674.25
0.198538,1674.5
0.198538,1674.75
0.199818,1675.0
0.198538,1675.25
0.198538,1675.5
0.198538,1675.75
0.197259,1676.0
0.197259,1676.25
0.197259,1676.5
0.199818,1676.75
0.192143,1677.0
0.190863,1677.25
0.189584,1677.5
0.190863,1677.75
0.188305,1678.0
0.190863,1678.25
0.189584,1678.5
0.190863,1678.75
0.189584,1679.0
0.189584,1679.25
0.189584,1679.5
0.190863,1679.75
0.188305,1680.0
0.189584,1680.25
0.189584,1680.5
0.188305,1680.75
0.187026,1681.0
0.188305,1681.25
0.188305,1681.5
0.188305,1681.75
0.185747,1682.0
0.188305,1682.25
0.188305,1682.5
0.189584,1682.75
0.187026,1683.0
0.188305,1683.25
0.185747,1683.5
0.189584,1683.75
0.188305,1684.0
0.188305,1684.25
0.188305,1684.5
0.188305,1684.75
0.184468,1685.0
0.187026,1685.25
0.187026,1685.5
0.187026,1685.75
0.185747,1686.0
0.187026,1686.25
0.18063,1686.5
0.188305,1686.75
0.181909,1687.0
0.187026,1687.25
0.185747,1687.5
0.188305,1687.75
0.187026,1688.0
0.187026,1688.25
0.185747,1688.5
0.188305,1688.75
0.185747,1689.0
0.188305,1689.25
0.188305,1689.5
0.188305,1689.75
0.188305,1690.0
0.188305,1690.25
0.189584,1690.5
0.187026,1690.75
0.188305,1691.0
0.185747,1691.25
0.188305,1691.5
0.189584,1691.75
0.187026,1692.0
0.188305,1692.25
0.187026,1692.5
0.188305,1692.75
0.188305,1693.0
0.188305,1693.25
0.187026,1693.5
0.185747,1693.75
0.187026,1694.0
0.185747,1694.25
0.185747,1694.5
0.185747,1694.75
0.185747,1695.0
0.187026,1695.25
0.187026,1695.5
0.187026,1695.75
0.188305,1696.0
0.185747,1696.25
0.185747,1696.5
0.184468,1696.75
0.187026,1697.0
0.184468,1697.25
0.185747,1697.5
0.187026,1697.75
0.187026,1698.0
0.185747,1698.25
0.187026,1698.5
0.187026,1698.75
0.187026,1699.0
0.187026,1699.25
0.185747,1699.5
0.184468,1699.75
0.184468,1700.0
0.185747,1700.25
0.185747,1700.5
0.185747,1700.75
0.185747,1701.0
0.184468,1701.25
0.188305,1701.5
0.187026,1701.75
0.187026,1702.0
0.185747,1702.25
0.185747,1702.5
0.181909,1702.75
0.185747,1703.0
0.185747,1703.25
0.184468,1703.5
0.185747,1703.75
0.185747,1704.0
0.187026,1704.25
0.185747,1704.5
0.185747,1704.75
0.181909,1705.0
0.184468,1705.25
0.181909,1705.5
0.185747,1705.75
0.184468,1706.0
0.184468,1706.25
0.185747,1706.5
0.184468,1706.75
0.184468,1707.0
0.184468,1707.25
0.184468,1707.5
0.183188,1707.75
0.184468,1708.0
0.183188,1708.25
0.183188,1708.5
0.185747,1708.75
0.183188,1709.0
0.183188,1709.25
0.183188,1709.5
0.184468,1709.75
0.179351,1710.0
0.179351,1710.25
0.178072,1710.5
0.18063,1710.75
0.178072,1711.0
0.179351,1711.25
0.178072,1711.5
0.179351,1711.75
0.178072,1712.0
0.178072,1712.25
0.176793,1712.5
0.176793,1712.75
0.175513,1713.0
0.172955,1713.25
0.175513,1713.5
0.175513,1713.75
0.175513,1714.0
0.174234,1714.25
0.175513,1714.5
0.175513,1714.75
0.174234,1715.0
0.175513,1715.25
0.172955,1715.5
0.174234,1715.75
0.171676,1716.0
0.174234,1716.25
0.171676,1716.5
0.175513,1716.75
0.174234,1717.0
0.172955,1717.25
0.167838,1717.5
0.175513,1717.75
0.175513,1718.0
0.175513,1718.25
0.174234,1718.5
0.175513,1718.75
0.172955,1719.0
0.172955,1719.25
0.174234,1719.5
0.174234,1719.75
0.174234,1720.0
0.176793,1720.25
0.174234,1720.5
0.176793,1720.75
0.175513,1721.0
0.175513,1721.25
0.172955,1721.5
0.174234,1721.75
0.172955,1722.0
0.172955,1722.25
0.174234,1722.5
0.172955,1722.75
0.174234,1723.0
0.172955,1723.25
0.172955,1723.5
0.174234,1723.75
0.174234,1724.0
0.174234,1724.25
0.174234,1724.5
0.171676,1724.75
0.170397,1725.0
0.171676,1725.25
0.172955,1725.5
0.172955,1725.75
0.172955,1726.0
0.171676,1726.25
0.171676,1726.5
0.171676,1726.75
0.169117,1727.0
0.171676,1727.25
0.171676,1727.5
0.170397,1727.75
0.171676,1728.0
0.170397,1728.25
0.170397,1728.5
0.171676,1728.75
0.171676,1729.0
0.170397,1729.25
0.170397,1729.5
0.170397,1729.75
0.170397,1730.0
0.167838,1730.25
0.171676,1730.5
0.171676,1730.75
0.170397,1731.0
0.170397,1731.25
0.170397,1731.5
0.170397,1731.75
0.170397,1732.0
0.170397,1732.25
0.169117,1732.5
0.162722,1732.75
0.167838,1733.0
0.170397,1733.25
0.169117,1733.5
0.169117,1733.75
0.169117,1734.0
0.167838,1734.25
0.167838,1734.5
0.167838,1734.75
0.167838,1735.0
0.167838,1735.25
0.167838,1735.5
0.166559,1735.75
0.166559,1736.0
0.166559,1736.25
0.167838,1736.5
0.167838,1736.75
0.167838,1737.0
0.167838,1737.25
0.16528,1737.5
0.16528,1737.75
0.16528,1738.0
0.16528,1738.25
0.164001,1738.5
0.166559,1738.75
0.16528,1739.0
0.16528,1739.25
0.16528,1739.5
0.166559,1739.75
0.166559,1740.0
0.167838,1740.25
0.16528,1740.5
0.166559,1740.75
0.16528,1741.0
0.164001,1741.25
0.164001,1741.5
0.164001,1741.75
0.164001,1742.0
0.16528,1742.25
0.164001,1742.5
0.166559,1742.75
0.164001,1743.0
0.164001,1743.25
0.158884,1743.5
0.16528,1743.75
0.158884,1744.0
0.164001,1744.25
0.162722,1744.5
0.164001,1744.75
0.161442,1745.0
0.164001,1745.25
0.166559,1745.5
0.166559,1745.75
0.164001,1746.0
0.164001,1746.25
0.16528,1746.5
0.166559,1746.75
0.16528,1747.0
0.164001,1747.25
0.16528,1747.5
0.164001,1747.75
0.164001,1748.0
0.164001,1748.25
0.162722,1748.5
0.161442,1748.75
0.16528,1749.0
0.164001,1749.25
0.158884,1749.5
0.161442,1749.75
0.161442,1750.0
0.161442,1750.25
0.157605,1750.5
0.153767,1750.75
0.156326,1751.0
0.162722,1751.25
0.162722,1751.5
0.156326,1751.75
0.156326,1752.0
0.155047,1752.25
0.157605,1752.5
0.156326,1752.75
0.157605,1753.0
0.160163,1753.25
0.162722,1753.5
0.16528,1753.75
0.164001,1754.0
0.162722,1754.25
0.162722,1754.5
0.164001,1754.75
0.162722,1755.0
0.162722,1755.25
0.162722,1755.5
0.162722,1755.75
0.164001,1756.0
0.164001,1756.25
0.16528,1756.5
0.16528,1756.75
0.164001,1757.0
0.162722,1757.25
0.162722,1757.5
0.164001,1757.75
0.16528,1758.0
0.16528,1758.25
0.164001,1758.5
0.164001,1758.75
0.16528,1759.0
0.164001,1759.25
0.16528,1759.5
0.16528,1759.75
0.162722,1760.0
0.164001,1760.25
0.162722,1760.5
0.16528,1760.75
0.164001,1761.0
0.167838,1761.25
0.167838,1761.5
0.167838,1761.75
0.167838,1762.0
0.166559,1762.25
0.166559,1762.5
0.167838,1762.75
0.166559,1763.0
0.16528,1763.25
0.166559,1763.5
0.169117,1763.75
0.167838,1764.0
0.167838,1764.25
0.167838,1764.5
0.169117,1764.75
0.160163,1765.0
0.167838,1765.25
0.166559,1765.5
0.167838,1765.75
0.16528,1766.0
0.167838,1766.25
0.167838,1766.5
0.166559,1766.75
0.166559,1767.0
0.166559,1767.25
0.166559,1767.5
0.16528,1767.75
0.166559,1768.0
0.16528,1768.25
0.16528,1768.5
0.166559,1768.75
0.167838,1769.0
0.166559,1769.25
0.169117,1769.5
0.167838,1769.75
0.167838,1770.0
0.169117,1770.25
0.167838,1770.5
0.169117,1770.75
0.167838,1771.0
0.167838,1771.25
0.167838,1771.5
0.167838,1771.75
0.164001,1772.0
0.162722,1772.25
0.162722,1772.5
0.164001,1772.75
0.166559,1773.0
0.166559,1773.25
0.167838,1773.5
0.161442,1773.75
0.161442,1774.0
0.160163,1774.25
0.162722,1774.5
0.162722,1774.75
0.162722,1775.0
0.161442,1775.25
0.162722,1775.5
0.157605,1775.75
0.162722,1776.0
0.164001,1776.25
0.16528,1776.5
0.16528,1776.75
0.161442,1777.0
0.162722,1777.25
0.164001,1777.5
0.16528,1777.75
0.164001,1778.0
0.164001,1778.25
0.164001,1778.5
0.164001,1778.75
0.162722,1779.0
0.164001,1779.25
0.164001,1779.5
0.162722,1779.75
0.164001,1780.0
0.16528,1780.25
0.16528,1780.5
0.167838,1780.75
0.16528,1781.0
0.167838,1781.25
0.166559,1781.5
0.167838,1781.75
0.166559,1782.0
0.166559,1782.25
0.164001,1782.5
0.166559,1782.75
0.166559,1783.0
0.16528,1783.25
0.16528,1783.5
0.167838,1783.75
0.166559,1784.0
0.164001,1784.25
0.166559,1784.5
0.16528,1784.75
0.162722,1785.0
0.160163,1785.25
0.162722,1785.5
0.161442,1785.75
0.162722,1786.0
0.162722,1786.25
0.164001,1786.5
0.164001,1786.75
0.164001,1787.0
0.16528,1787.25
0.164001,1787.5
0.16528,1787.75
0.164001,1788.0
0.166559,1788.25
0.164001,1788.5
0.16528,1788.75
0.164001,1789.0
0.16528,1789.25
0.157605,1789.5
0.158884,1789.75
0.164001,1790.0
0.164001,1790.25
0.16528,1790.5
0.161442,1790.75
0.164001,1791.0
0.164001,1791.25
0.164001,1791.5
0.162722,1791.75
0.162722,1792.0
0.162722,1792.25
0.164001,1792.5
0.162722,1792.75
0.162722,1793.0
0.162722,1793.25
0.162722,1793.5
0.162722,1793.75
0.161442,1794.0
0.161442,1794.25
0.162722,1794.5
0.161442,1794.75
0.162722,1795.0
0.161442,1795.25
0.161442,1795.5
0.161442,1795.75
0.162722,1796.0
0.158884,1796.25
0.162722,1796.5
0.161442,1796.75
0.160163,1797.0
0.161442,1797.25
0.160163,1797.5
0.162722,1797.75
0.161442,1798.0
0.160163,1798.25
0.161442,1798.5
0.161442,1798.75
0.158884,1799.0
0.161442,1799.25
0.160163,1799.5
0.160163,1799.75
0.158884,1800.0
0.160163,1800.25
0.161442,1800.5
0.160163,1800.75
0.160163,1801.0
0.158884,1801.25
0.160163,1801.5
0.161442,1801.75
0.160163,1802.0
0.160163,1802.25
0.160163,1802.5
0.161442,1802.75
0.153767,1803.0
0.161442,1803.25
0.158884,1803.5
0.161442,1803.75
0.160163,1804.0
0.161442,1804.25
0.158884,1804.5
0.160163,1804.75
0.157605,1805.0
0.158884,1805.25
0.161442,1805.5
0.161442,1805.75
0.161442,1806.0
0.160163,1806.25
0.160163,1806.5
0.158884,1806.75
0.160163,1807.0
0.158884,1807.25
0.160163,1807.5
0.160163,1807.75
0.161442,1808.0
0.158884,1808.25
0.160163,1808.5
0.160163,1808.75
0.160163,1809.0
0.160163,1809.25
0.160163,1809.5
0.160163,1809.75
0.158884,1810.0
0.160163,1810.25
0.161442,1810.5
0.161442,1810.75
0.161442,1811.0
0.160163,1811.25
0.161442,1811.5
0.161442,1811.75
0.162722,1812.0
0.160163,1812.25
0.160163,1812.5
0.153767,1812.75
0.161442,1813.0
0.155047,1813.25
0.162722,1813.5
0.155047,1813.75
0.162722,1814.0
0.162722,1814.25
0.161442,1814.5
0.161442,1814.75
0.161442,1815.0
0.162722,1815.25
0.164001,1815.5
0.161442,1815.75
0.161442,1816.0
0.161442,1816.25
0.160163,1816.5
0.162722,1816.75
0.161442,1817.0
0.161442,1817.25
0.161442,1817.5
0.161442,1817.75
0.160163,1818.0
0.160163,1818.25
0.161442,1818.5
0.160163,1818.75
0.161442,1819.0
0.161442,1819.25
0.161442,1819.5
0.162722,1819.75
0.161442,1820.0
0.160163,1820.25
0.160163,1820.5
0.160163,1820.75
0.158884,1821.0
0.160163,1821.25
0.161442,1821.5
0.161442,1821.75
0.161442,1822.0
0.161442,1822.25
0.161442,1822.5
0.162722,1822.75
0.160163,1823.0
0.160163,1823.25
0.162722,1823.5
0.161442,1823.75
0.161442,1824.0
0.161442,1824.25
0.161442,1824.5
0.162722,1824.75
0.161442,1825.0
0.164001,1825.25
0.162722,1825.5
0.164001,1825.75
0.164001,1826.0
0.166559,1826.25
0.166559,1826.5
0.170397,1826.75
0.169117,1827.0
0.172955,1827.25
0.171676,1827.5
0.172955,1827.75
0.175513,1828.0
0.174234,1828.25
0.172955,1828.5
0.174234,1828.75
0.172955,1829.0
0.171676,1829.25
0.172955,1829.5
0.172955,1829.75
0.171676,1830.0
0.171676,1830.25
0.164001,1830.5
0.171676,1830.75
0.169117,1831.0
0.169117,1831.25
0.167838,1831.5
0.169117,1831.75
0.167838,1832.0
0.167838,1832.25
0.167838,1832.5
0.166559,1832.75
0.167838,1833.0
0.166559,1833.25
0.167838,1833.5
0.16528,1833.75
0.167838,1834.0
0.16528,1834.25
0.16528,1834.5
0.164001,1834.75
0.166559,1835.0
0.166559,1835.25
0.167838,1835.5
0.167838,1835.75
0.167838,1836.0
0.167838,1836.25
0.167838,1836.5
0.167838,1836.75
0.166559,1837.0
0.167838,1837.25
0.16528,1837.5
0.169117,1837.75
0.166559,1838.0
0.167838,1838.25
0.167838,1838.5
0.167838,1838.75
0.167838,1839.0
0.167838,1839.25
0.166559,1839.5
0.16528,1839.75
0.167838,1840.0
0.16528,1840.25
0.166559,1840.5
0.16528,1840.75
0.16528,1841.0
0.16528,1841.25
0.16528,1841.5
0.166559,1841.75
0.166559,1842.0
0.166559,1842.25
0.16528,1842.5
0.160163,1842.75
0.164001,1843.0
0.16528,1843.25
0.16528,1843.5
0.167838,1843.75
0.166559,1844.0
0.166559,1844.25
0.169117,1844.5
0.166559,1844.75
0.164001,1845.0
0.166559,1845.25
0.166559,1845.5
0.166559,1845.75
0.167838,1846.0
0.167838,1846.25
0.167838,1846.5
0.167838,1846.75
0.161442,1847.0
0.167838,1847.25
0.169117,1847.5
0.169117,1847.75
0.167838,1848.0
0.169117,1848.25
0.166559,1848.5
0.167838,1848.75
0.167838,1849.0
0.166559,1849.25
0.167838,1849.5
0.167838,1849.75
0.169117,1850.0
0.167838,1850.25
0.169117,1850.5
0.167838,1850.75
0.169117,1851.0
0.166559,1851.25
0.167838,1851.5
0.162722,1851.75
0.169117,1852.0
0.167838,1852.25
0.169117,1852.5
0.170397,1852.75
0.169117,1853.0
0.167838,1853.25
0.167838,1853.5
0.167838,1853.75
0.164001,1854.0
0.167838,1854.25
0.167838,1854.5
0.169117,1854.75
0.167838,1855.0
0.167838,1855.25
0.169117,1855.5
0.169117,1855.75
0.167838,1856.0
0.167838,1856.25
0.161442,1856.5
0.166559,1856.75
0.166559,1857.0
0.167838,1857.25
0.166559,1857.5
0.167838,1857.75
0.169117,1858.0
0.169117,1858.25
0.167838,1858.5
0.167838,1858.75
0.167838,1859.0
0.167838,1859.25
0.167838,1859.5
0.167838,1859.75
0.167838,1860.0
0.167838,1860.25
0.167838,1860.5
0.166559,1860.75
0.169117,1861.0
0.167838,1861.25
0.167838,1861.5
0.167838,1861.75
0.167838,1862.0
0.166559,1862.25
0.167838,1862.5
0.167838,1862.75
0.167838,1863.0
0.167838,1863.25
0.167838,1863.5
0.169117,1863.75
0.166559,1864.0
0.167838,1864.25
0.16528,1864.5
0.167838,1864.75
0.161442,1865.0
0.167838,1865.25
0.161442,1865.5
0.166559,1865.75
0.166559,1866.0
0.167838,1866.25
0.169117,1866.5
0.167838,1866.75
0.167838,1867.0
0.166559,1867.25
0.166559,1867.5
0.167838,1867.75
0.169117,1868.0
0.169117,1868.25
0.171676,1868.5
0.170397,1868.75
0.171676,1869.0
0.171676,1869.25
0.171676,1869.5
0.16528,1869.75
0.170397,1870.0
0.171676,1870.25
0.174234,1870.5
0.172955,1870.75
0.172955,1871.0
0.171676,1871.25
0.172955,1871.5
0.172955,1871.75
0.174234,1872.0
0.171676,1872.25
0.171676,1872.5
0.171676,1872.75
0.172955,1873.0
0.169117,1873.25
0.171676,1873.5
0.172955,1873.75
0.171676,1874.0
0.171676,1874.25
0.171676,1874.5
0.172955,1874.75
0.172955,1875.0
0.174234,1875.25
0.172955,1875.5
0.172955,1875.75
0.172955,1876.0
0.172955,1876.25
0.172955,1876.5
0.172955,1876.75
0.171676,1877.0
0.171676,1877.25
0.174234,1877.5
0.172955,1877.75
0.171676,1878.0
0.172955,1878.25
0.171676,1878.5
0.171676,1878.75
0.172955,1879.0
0.171676,1879.25
0.172955,1879.5
0.171676,1879.75
0.170397,1880.0
0.171676,1880.25
0.170397,1880.5
0.171676,1880.75
0.170397,1881.0
0.170397,1881.25
0.167838,1881.5
0.170397,1881.75
0.170397,1882.0
0.170397,1882.25
0.170397,1882.5
0.171676,1882.75
0.170397,1883.0
0.171676,1883.25
0.170397,1883.5
0.170397,1883.75
0.170397,1884.0
0.169117,1884.25
0.169117,1884.5
0.169117,1884.75
0.161442,1885.0
0.170397,1885.25
0.169117,1885.5
0.171676,1885.75
0.169117,1886.0
0.169117,1886.25
0.169117,1886.5
0.169117,1886.75
0.167838,1887.0
0.169117,1887.25
0.167838,1887.5
0.169117,1887.75
0.170397,1888.0
0.167838,1888.25
0.170397,1888.5
0.169117,1888.75
0.169117,1889.0
0.167838,1889.25
0.170397,1889.5
0.166559,1889.75
0.167838,1890.0
0.170397,1890.25
0.167838,1890.5
0.167838,1890.75
0.170397,1891.0
0.169117,1891.25
0.170397,1891.5
0.164001,1891.75
0.169117,1892.0
0.171676,1892.25
0.170397,1892.5
0.171676,1892.75
0.170397,1893.0
0.172955,1893.25
0.171676,1893.5
0.171676,1893.75
0.171676,1894.0
0.171676,1894.25
0.170397,1894.5
0.171676,1894.75
0.171676,1895.0
0.169117,1895.25
0.171676,1895.5
0.171676,1895.75
0.170397,1896.0
0.170397,1896.25
0.170397,1896.5
0.171676,1896.75
0.170397,1897.0
0.170397,1897.25
0.169117,1897.5
0.170397,1897.75
0.169117,1898.0
0.169117,1898.25
0.170397,1898.5
0.171676,1898.75
0.170397,1899.0
0.172955,1899.25
0.175513,1899.5
0.175513,1899.75
0.174234,1900.0
0.174234,1900.25
0.174234,1900.5
0.174234,1900.75
0.175513,1901.0
0.174234,1901.25
0.174234,1901.5
0.174234,1901.75
0.172955,1902.0
0.174234,1902.25
0.166559,1902.5
0.172955,1902.75
0.171676,1903.0
0.171676,1903.25
0.170397,1903.5
0.172955,1903.75
0.172955,1904.0
0.172955,1904.25
0.172955,1904.5
0.174234,1904.75
0.169117,1905.0
0.172955,1905.25
0.171676,1905.5
0.172955,1905.75
0.171676,1906.0
0.169117,1906.25
0.170397,1906.5
0.171676,1906.75
0.170397,1907.0
0.171676,1907.25
0.171676,1907.5
0.174234,1907.75
0.174234,1908.0
0.175513,1908.25
0.175513,1908.5
0.175513,1908.75
0.176793,1909.0
0.178072,1909.25
0.178072,1909.5
0.178072,1909.75
0.176793,1910.0
0.178072,1910.25
0.175513,1910.5
0.167838,1910.75
0.162722,1911.0
0.16528,1911.25
0.167838,1911.5
0.171676,1911.75
0.171676,1912.0
0.169117,1912.25
0.167838,1912.5
0.169117,1912.75
0.169117,1913.0
0.170397,1913.25
0.169117,1913.5
0.169117,1913.75
0.167838,1914.0
0.170397,1914.25
0.167838,1914.5
0.170397,1914.75
0.167838,1915.0
0.170397,1915.25
0.169117,1915.5
0.170397,1915.75
0.169117,1916.0
0.167838,1916.25
0.161442,1916.5
0.166559,1916.75
0.167838,1917.0
0.166559,1917.25
0.166559,1917.5
0.166559,1917.75
0.167838,1918.0
0.167838,1918.25
0.169117,1918.5
0.170397,1918.75
0.169117,1919.0
0.167838,1919.25
0.167838,1919.5
0.167838,1919.75
0.166559,1920.0
0.167838,1920.25
0.169117,1920.5
0.167838,1920.75
0.167838,1921.0
0.167838,1921.25
0.170397,1921.5
0.169117,1921.75
0.167838,1922.0
0.169117,1922.25
0.170397,1922.5
0.167838,1922.75
0.170397,1923.0
0.162722,1923.25
0.169117,1923.5
0.169117,1923.75
0.170397,1924.0
0.169117,1924.25
0.170397,1924.5
0.170397,1924.75
0.16528,1925.0
0.169117,1925.25
0.161442,1925.5
0.167838,1925.75
0.167838,1926.0
0.169117,1926.25
0.167838,1926.5
0.167838,1926.75
0.169117,1927.0
0.167838,1927.25
0.166559,1927.5
0.169117,1927.75
0.169117,1928.0
0.167838,1928.25
0.162722,1928.5
0.170397,1928.75
0.169117,1929.0
0.171676,1929.25
0.170397,1929.5
0.171676,1929.75
0.171676,1930.0
0.169117,1930.25
0.169117,1930.5
0.170397,1930.75
0.170397,1931.0
0.170397,1931.25
0.170397,1931.5
0.171676,1931.75
0.170397,1932.0
0.171676,1932.25
0.174234,1932.5
0.171676,1932.75
0.174234,1933.0
0.172955,1933.25
0.18063,1933.5
0.184468,1933.75
0.187026,1934.0
0.185747,1934.25
0.188305,1934.5
0.187026,1934.75
0.171676,1935.0
0.18063,1935.25
0.183188,1935.5
0.175513,1935.75
0.179351,1936.0
0.181909,1936.25
0.18063,1936.5
0.18063,1936.75
0.18063,1937.0
0.188305,1937.25
0.183188,1937.5
0.178072,1937.75
0.179351,1938.0
0.179351,1938.25
0.18063,1938.5
0.175513,1938.75
0.179351,1939.0
0.18063,1939.25
0.18063,1939.5
0.181909,1939.75
0.18063,1940.0
0.183188,1940.25
0.181909,1940.5
0.183188,1940.75
0.181909,1941.0
0.183188,1941.25
0.181909,1941.5
0.184468,1941.75
0.18063,1942.0
0.183188,1942.25
0.181909,1942.5
0.18063,1942.75
0.166559,1943.0
0.172955,1943.25
0.174234,1943.5
0.18063,1943.75
0.176793,1944.0
0.178072,1944.25
0.179351,1944.5
0.178072,1944.75
0.176793,1945.0
0.178072,1945.25
0.178072,1945.5
0.178072,1945.75
0.178072,1946.0
0.179351,1946.25
0.178072,1946.5
0.176793,1946.75
0.176793,1947.0
0.176793,1947.25
0.176793,1947.5
0.178072,1947.75
0.176793,1948.0
0.176793,1948.25
0.174234,1948.5
0.175513,1948.75
0.175513,1949.0
0.175513,1949.25
0.175513,1949.5
0.174234,1949.75
0.174234,1950.0
0.171676,1950.25
0.172955,1950.5
0.172955,1950.75
0.174234,1951.0
0.171676,1951.25
0.172955,1951.5
0.172955,1951.75
0.171676,1952.0
0.170397,1952.25
0.170397,1952.5
0.170397,1952.75
0.171676,1953.0
0.172955,1953.25
0.167838,1953.5
0.174234,1953.75
0.175513,1954.0
0.174234,1954.25
0.175513,1954.5
0.175513,1954.75
0.175513,1955.0
0.172955,1955.25
0.174234,1955.5
0.172955,1955.75
0.176793,1956.0
0.174234,1956.25
0.175513,1956.5
0.172955,1956.75
0.174234,1957.0
0.175513,1957.25
0.174234,1957.5
0.175513,1957.75
0.174234,1958.0
0.174234,1958.25
0.174234,1958.5
0.175513,1958.75
0.174234,1959.0
0.174234,1959.25
0.174234,1959.5
0.174234,1959.75
0.175513,1960.0
0.174234,1960.25
0.174234,1960.5
0.174234,1960.75
0.174234,1961.0
0.171676,1961.25
0.172955,1961.5
0.172955,1961.75
0.172955,1962.0
0.172955,1962.25
0.172955,1962.5
0.172955,1962.75
0.174234,1963.0
0.172955,1963.25
0.172955,1963.5
0.172955,1963.75
0.172955,1964.0
0.172955,1964.25
0.172955,1964.5
0.172955,1964.75
0.170397,1965.0
0.172955,1965.25
0.172955,1965.5
0.171676,1965.75
0.171676,1966.0
0.170397,1966.25
0.172955,1966.5
0.170397,1966.75
0.171676,1967.0
0.170397,1967.25
0.171676,1967.5
0.171676,1967.75
0.171676,1968.0
0.172955,1968.25
0.170397,1968.5
0.170397,1968.75
0.171676,1969.0
0.170397,1969.25
0.167838,1969.5
0.164001,1969.75
0.170397,1970.0
0.169117,1970.25
0.171676,1970.5
0.171676,1970.75
0.171676,1971.0
0.171676,1971.25
0.172955,1971.5
0.172955,1971.75
0.174234,1972.0
0.172955,1972.25
0.174234,1972.5
0.175513,1972.75
0.175513,1973.0
0.176793,1973.25
0.178072,1973.5
0.181909,1973.75
0.18063,1974.0
0.181909,1974.25
0.18063,1974.5
0.184468,1974.75
0.183188,1975.0
0.185747,1975.25
0.185747,1975.5
0.187026,1975.75
0.187026,1976.0
0.189584,1976.25
0.189584,1976.5
0.189584,1976.75
0.189584,1977.0
0.190863,1977.25
0.189584,1977.5
0.190863,1977.75
0.193422,1978.0
0.193422,1978.25
0.193422,1978.5
0.194701,1978.75
0.194701,1979.0
0.19598,1979.25
0.19598,1979.5
0.197259,1979.75
0.197259,1980.0
0.202376,1980.25
0.199818,1980.5
0.201097,1980.75
0.199818,1981.0
0.201097,1981.25
0.197259,1981.5
0.207493,1981.75
0.203655,1982.0
0.207493,1982.25
0.206214,1982.5
0.206214,1982.75
0.206214,1983.0
0.204934,1983.25
0.206214,1983.5
0.206214,1983.75
0.206214,1984.0
0.202376,1984.25
0.202376,1984.5
0.199818,1984.75
0.194701,1985.0
0.193422,1985.25
0.190863,1985.5
0.189584,1985.75
0.185747,1986.0
0.187026,1986.25
0.185747,1986.5
0.185747,1986.75
0.184468,1987.0
0.184468,1987.25
0.184468,1987.5
0.184468,1987.75
0.183188,1988.0
0.183188,1988.25
0.184468,1988.5
0.181909,1988.75
0.184468,1989.0
0.184468,1989.25
0.184468,1989.5
0.184468,1989.75
0.184468,1990.0
0.184468,1990.25
0.184468,1990.5
0.185747,1990.75
0.184468,1991.0
0.184468,1991.25
0.184468,1991.5
0.184468,1991.75
0.184468,1992.0
0.185747,1992.25
0.184468,1992.5
0.185747,1992.75
0.187026,1993.0
0.185747,1993.25
0.184468,1993.5
0.183188,1993.75
0.184468,1994.0
0.181909,1994.25
0.184468,1994.5
0.185747,1994.75
0.184468,1995.0
0.183188,1995.25
0.184468,1995.5
0.184468,1995.75
0.184468,1996.0
0.183188,1996.25
0.184468,1996.5
0.184468,1996.75
0.183188,1997.0
0.183188,1997.25
0.184468,1997.5
0.183188,1997.75
0.183188,1998.0
0.183188,1998.25
0.183188,1998.5
0.183188,1998.75
0.184468,1999.0
0.183188,1999.25
0.184468,1999.5
0.18063,1999.75
0.183188,2000.0
0.181909,2000.25
0.181909,2000.5
0.18063,2000.75
0.181909,2001.0
0.183188,2001.25
0.183188,2001.5
0.181909,2001.75
0.181909,2002.0
0.181909,2002.25
0.18063,2002.5
0.183188,2002.75
0.181909,2003.0
0.181909,2003.25
0.183188,2003.5
0.181909,2003.75
0.181909,2004.0
0.181909,2004.25
0.18063,2004.5
0.18063,2004.75
0.179351,2005.0
0.179351,2005.25
0.18063,2005.5
0.18063,2005.75
0.18063,2006.0
0.179351,2006.25
0.181909,2006.5
0.181909,2006.75
0.179351,2007.0
0.18063,2007.25
0.178072,2007.5
0.178072,2007.75
0.176793,2008.0
0.178072,2008.25
0.178072,2008.5
0.176793,2008.75
0.179351,2009.0
0.178072,2009.25
0.179351,2009.5
0.178072,2009.75
0.178072,2010.0
0.178072,2010.25
0.178072,2010.5
0.176793,2010.75
0.178072,2011.0
0.176793,2011.25
0.178072,2011.5
0.178072,2011.75
0.179351,2012.0
0.179351,2012.25
0.178072,2012.5
0.176793,2012.75
0.176793,2013.0
0.176793,2013.25
0.175513,2013.5
0.176793,2013.75
0.178072,2014.0
0.176793,2014.25
0.176793,2014.5
0.175513,2014.75
0.176793,2015.0
0.174234,2015.25
0.174234,2015.5
0.174234,2015.75
0.175513,2016.0
0.172955,2016.25
0.169117,2016.5
0.174234,2016.75
0.175513,2017.0
0.172955,2017.25
0.175513,2017.5
0.175513,2017.75
0.174234,2018.0
0.172955,2018.25
0.175513,2018.5
0.172955,2018.75
0.172955,2019.0
0.172955,2019.25
0.172955,2019.5
0.172955,2019.75
0.174234,2020.0
0.174234,2020.25
0.174234,2020.5
0.174234,2020.75
0.172955,2021.0
0.172955,2021.25
0.174234,2021.5
0.171676,2021.75
0.174234,2022.0
0.175513,2022.25
0.175513,2022.5
0.175513,2022.75
0.175513,2023.0
0.174234,2023.25
0.176793,2023.5
0.176793,2023.75
0.176793,2024.0
0.175513,2024.25
0.175513,2024.5
0.176793,2024.75
0.174234,2025.0
0.176793,2025.25
0.176793,2025.5
0.176793,2025.75
0.176793,2026.0
0.170397,2026.25
0.176793,2026.5
0.175513,2026.75
0.175513,2027.0
0.174234,2027.25
0.176793,2027.5
0.175513,2027.75
0.175513,2028.0
0.175513,2028.25
0.174234,2028.5
0.176793,2028.75
0.174234,2029.0
0.175513,2029.25
0.174234,2029.5
0.175513,2029.75
0.172955,2030.0
0.175513,2030.25
0.175513,2030.5
0.175513,2030.75
0.174234,2031.0
0.174234,2031.25
0.174234,2031.5
0.174234,2031.75
0.172955,2032.0
0.172955,2032.25
0.172955,2032.5
0.172955,2032.75
0.174234,2033.0
0.172955,2033.25
0.174234,2033.5
0.174234,2033.75
0.174234,2034.0
0.175513,2034.25
0.175513,2034.5
0.175513,2034.75
0.179351,2035.0
0.18063,2035.25
0.175513,2035.5
0.184468,2035.75
0.184468,2036.0
0.183188,2036.25
0.185747,2036.5
0.185747,2036.75
0.187026,2037.0
0.185747,2037.25
0.184468,2037.5
0.185747,2037.75
0.184468,2038.0
0.183188,2038.25
0.184468,2038.5
0.185747,2038.75
0.183188,2039.0
0.184468,2039.25
0.184468,2039.5
0.187026,2039.75
0.183188,2040.0
0.184468,2040.25
0.181909,2040.5
0.184468,2040.75
0.181909,2041.0
0.183188,2041.25
0.18063,2041.5
0.183188,2041.75
0.18063,2042.0
0.181909,2042.25
0.183188,2042.5
0.181909,2042.75
0.18063,2043.0
0.18063,2043.25
0.18063,2043.5
0.179351,2043.75
0.179351,2044.0
0.18063,2044.25
0.18063,2044.5
0.181909,2044.75
0.178072,2045.0
0.179351,2045.25
0.18063,2045.5
0.181909,2045.75
0.178072,2046.0
0.179351,2046.25
0.176793,2046.5
0.18063,2046.75
0.179351,2047.0
0.178072,2047.25
0.178072,2047.5
0.179351,2047.75
0.174234,2048.0
0.179351,2048.25
0.172955,2048.5
0.178072,2048.75
0.178072,2049.0
0.176793,2049.25
0.178072,2049.5
0.176793,2049.75
0.178072,2050.0
0.178072,2050.25
0.178072,2050.5
0.178072,2050.75
0.176793,2051.0
0.175513,2051.25
0.176793,2051.5
0.176793,2051.75
0.175513,2052.0
0.176793,2052.25
0.176793,2052.5
0.175513,2052.75
0.176793,2053.0
0.176793,2053.25
0.178072,2053.5
0.178072,2053.75
0.178072,2054.0
0.179351,2054.25
0.179351,2054.5
0.176793,2054.75
0.179351,2055.0
0.176793,2055.25
0.178072,2055.5
0.179351,2055.75
0.176793,2056.0
0.176793,2056.25
0.176793,2056.5
0.176793,2056.75
0.175513,2057.0
0.175513,2057.25
0.175513,2057.5
0.171676,2057.75
0.176793,2058.0
0.170397,2058.25
0.176793,2058.5
0.178072,2058.75
0.178072,2059.0
0.175513,2059.25
0.174234,2059.5
0.175513,2059.75
0.175513,2060.0
0.174234,2060.25
0.176793,2060.5
0.175513,2060.75
0.174234,2061.0
0.175513,2061.25
0.174234,2061.5
0.175513,2061.75
0.175513,2062.0
0.174234,2062.25
0.172955,2062.5
0.175513,2062.75
0.171676,2063.0
0.175513,2063.25
0.174234,2063.5
0.175513,2063.75
0.174234,2064.0
0.175513,2064.25
0.175513,2064.5
0.175513,2064.75
0.171676,2065.0
0.172955,2065.25
0.166559,2065.5
0.172955,2065.75
0.174234,2066.0
0.172955,2066.25
0.172955,2066.5
0.174234,2066.75
0.172955,2067.0
0.175513,2067.25
0.174234,2067.5
0.172955,2067.75
0.174234,2068.0
0.171676,2068.25
0.171676,2068.5
0.172955,2068.75
0.172955,2069.0
0.172955,2069.25
0.174234,2069.5
0.171676,2069.75
0.172955,2070.0
0.172955,2070.25
0.172955,2070.5
0.166559,2070.75
0.171676,2071.0
0.171676,2071.25
0.172955,2071.5
0.172955,2071.75
0.171676,2072.0
0.172955,2072.25
0.172955,2072.5
0.174234,2072.75
0.172955,2073.0
0.172955,2073.25
0.171676,2073.5
0.174234,2073.75
0.171676,2074.0
0.172955,2074.25
0.172955,2074.5
0.172955,2074.75
0.172955,2075.0
0.172955,2075.25
0.172955,2075.5
0.174234,2075.75
0.171676,2076.0
0.174234,2076.25
0.172955,2076.5
0.172955,2076.75
0.172955,2077.0
0.171676,2077.25
0.171676,2077.5
0.171676,2077.75
0.172955,2078.0
0.171676,2078.25
0.172955,2078.5
0.171676,2078.75
0.171676,2079.0
0.171676,2079.25
0.171676,2079.5
0.172955,2079.75
0.174234,2080.0
0.172955,2080.25
0.172955,2080.5
0.172955,2080.75
0.174234,2081.0
0.172955,2081.25
0.174234,2081.5
0.171676,2081.75
0.174234,2082.0
0.171676,2082.25
0.172955,2082.5
0.172955,2082.75
0.172955,2083.0
0.172955,2083.25
0.172955,2083.5
0.174234,2083.75
0.171676,2084.0
0.171676,2084.25
0.172955,2084.5
0.172955,2084.75
0.170397,2085.0
0.174234,2085.25
0.172955,2085.5
0.172955,2085.75
0.172955,2086.0
0.174234,2086.25
0.174234,2086.5
0.174234,2086.75
0.172955,2087.0
0.171676,2087.25
0.174234,2087.5
0.172955,2087.75
0.174234,2088.0
0.174234,2088.25
0.172955,2088.5
0.174234,2088.75
0.172955,2089.0
0.172955,2089.25
0.174234,2089.5
0.174234,2089.75
0.172955,2090.0
0.172955,2090.25
0.171676,2090.5
0.172955,2090.75
0.171676,2091.0
0.174234,2091.25
0.172955,2091.5
0.174234,2091.75
0.175513,2092.0
0.174234,2092.25
0.171676,2092.5
0.172955,2092.75
0.172955,2093.0
0.171676,2093.25
0.174234,2093.5
0.175513,2093.75
0.172955,2094.0
0.174234,2094.25
0.172955,2094.5
0.174234,2094.75
0.172955,2095.0
0.172955,2095.25
0.171676,2095.5
0.172955,2095.75
0.171676,2096.0
0.172955,2096.25
0.172955,2096.5
0.171676,2096.75
0.171676,2097.0
0.172955,2097.25
0.174234,2097.5
0.174234,2097.75
0.172955,2098.0
0.172955,2098.25
0.172955,2098.5
0.171676,2098.75
0.171676,2099.0
0.171676,2099.25
0.172955,2099.5
0.172955,2099.75
0.172955,2100.0
0.166559,2100.25
0.171676,2100.5
0.171676,2100.75
0.171676,2101.0
0.170397,2101.25
0.172955,2101.5
0.172955,2101.75
0.171676,2102.0
0.171676,2102.25
0.171676,2102.5
0.171676,2102.75
0.171676,2103.0
0.171676,2103.25
0.170397,2103.5
0.171676,2103.75
0.171676,2104.0
0.171676,2104.25
0.170397,2104.5
0.171676,2104.75
0.169117,2105.0
0.171676,2105.25
0.171676,2105.5
0.174234,2105.75
0.171676,2106.0
0.172955,2106.25
0.171676,2106.5
0.172955,2106.75
0.170397,2107.0
0.171676,2107.25
0.171676,2107.5
0.174234,2107.75
0.166559,2108.0
0.172955,2108.25
0.171676,2108.5
0.172955,2108.75
0.172955,2109.0
0.172955,2109.25
0.171676,2109.5
0.175513,2109.75
0.171676,2110.0
0.171676,2110.25
0.171676,2110.5
0.172955,2110.75
0.171676,2111.0
0.172955,2111.25
0.171676,2111.5
0.171676,2111.75
0.171676,2112.0
0.171676,2112.25
0.170397,2112.5
0.171676,2112.75
0.172955,2113.0
0.172955,2113.25
0.174234,2113.5
0.172955,2113.75
0.174234,2114.0
0.172955,2114.25
0.172955,2114.5
0.172955,2114.75
0.171676,2115.0
0.167838,2115.25
0.171676,2115.5
0.171676,2115.75
0.172955,2116.0
0.171676,2116.25
0.172955,2116.5
0.174234,2116.75
0.172955,2117.0
0.171676,2117.25
0.170397,2117.5
0.171676,2117.75
0.170397,2118.0
0.171676,2118.25
0.170397,2118.5
0.171676,2118.75
0.171676,2119.0
0.170397,2119.25
0.171676,2119.5
0.171676,2119.75
0.170397,2120.0
0.170397,2120.25
0.170397,2120.5
0.171676,2120.75
0.170397,2121.0
0.172955,2121.25
0.16528,2121.5
0.171676,2121.75
0.171676,2122.0
0.172955,2122.25
0.171676,2122.5
0.172955,2122.75
0.171676,2123.0
0.171676,2123.25
0.170397,2123.5
0.171676,2123.75
0.171676,2124.0
0.171676,2124.25
0.172955,2124.5
0.172955,2124.75
0.169117,2125.0
0.172955,2125.25
0.172955,2125.5
0.171676,2125.75
0.171676,2126.0
0.170397,2126.25
0.172955,2126.5
0.172955,2126.75
0.172955,2127.0
0.171676,2127.25
0.171676,2127.5
0.172955,2127.75
0.171676,2128.0
0.171676,2128.25
0.171676,2128.5
0.171676,2128.75
0.169117,2129.0
0.170397,2129.25
0.171676,2129.5
0.172955,2129.75
0.171676,2130.0
0.171676,2130.25
0.172955,2130.5
0.171676,2130.75
0.172955,2131.0
0.171676,2131.25
0.172955,2131.5
0.171676,2131.75
0.171676,2132.0
0.171676,2132.25
0.172955,2132.5
0.174234,2132.75
0.172955,2133.0
0.172955,2133.25
0.172955,2133.5
0.174234,2133.75
0.172955,2134.0
0.174234,2134.25
0.171676,2134.5
0.174234,2134.75
0.172955,2135.0
0.174234,2135.25
0.166559,2135.5
0.172955,2135.75
0.174234,2136.0
0.174234,2136.25
0.172955,2136.5
0.174234,2136.75
0.172955,2137.0
0.171676,2137.25
0.172955,2137.5
0.174234,2137.75
0.171676,2138.0
0.171676,2138.25
0.174234,2138.5
0.174234,2138.75
0.172955,2139.0
0.172955,2139.25
0.172955,2139.5
0.172955,2139.75
0.172955,2140.0
0.172955,2140.25
0.171676,2140.5
0.172955,2140.75
0.172955,2141.0
0.172955,2141.25
0.174234,2141.5
0.174234,2141.75
0.172955,2142.0
0.172955,2142.25
0.174234,2142.5
0.171676,2142.75
0.174234,2143.0
0.172955,2143.25
0.172955,2143.5
0.172955,2143.75
0.172955,2144.0
0.174234,2144.25
0.174234,2144.5
0.172955,2144.75
0.170397,2145.0
0.174234,2145.25
0.172955,2145.5
0.172955,2145.75
0.172955,2146.0
0.171676,2146.25
0.172955,2146.5
0.172955,2146.75
0.172955,2147.0
0.172955,2147.25
0.172955,2147.5
0.172955,2147.75
0.166559,2148.0
0.171676,2148.25
0.166559,2148.5
0.174234,2148.75
0.167838,2149.0
0.174234,2149.25
0.166559,2149.5
0.174234,2149.75
0.166559,2150.0
0.174234,2150.25
0.171676,2150.5
0.172955,2150.75
0.171676,2151.0
0.172955,2151.25
0.172955,2151.5
0.175513,2151.75
0.174234,2152.0
0.174234,2152.25
0.174234,2152.5
0.174234,2152.75
0.174234,2153.0
0.172955,2153.25
0.172955,2153.5
0.172955,2153.75
0.172955,2154.0
0.174234,2154.25
0.172955,2154.5
0.174234,2154.75
0.172955,2155.0
0.175513,2155.25
0.172955,2155.5
0.175513,2155.75
0.172955,2156.0
0.171676,2156.25
0.171676,2156.5
0.174234,2156.75
0.171676,2157.0
0.172955,2157.25
0.167838,2157.5
0.172955,2157.75
0.174234,2158.0
0.174234,2158.25
0.175513,2158.5
0.174234,2158.75
0.174234,2159.0
0.172955,2159.25
0.167838,2159.5
0.174234,2159.75
0.166559,2160.0
0.174234,2160.25
0.167838,2160.5
0.176793,2160.75
0.174234,2161.0
0.175513,2161.25
0.172955,2161.5
0.174234,2161.75
0.172955,2162.0
0.174234,2162.25
0.174234,2162.5
0.172955,2162.75
0.172955,2163.0
0.174234,2163.25
0.174234,2163.5
0.174234,2163.75
0.174234,2164.0
0.172955,2164.25
0.174234,2164.5
0.174234,2164.75
0.172955,2165.0
0.171676,2165.25
0.172955,2165.5
0.172955,2165.75
0.172955,2166.0
0.174234,2166.25
0.175513,2166.5
0.175513,2166.75
0.172955,2167.0
0.174234,2167.25
0.174234,2167.5
0.174234,2167.75
0.174234,2168.0
0.174234,2168.25
0.175513,2168.5
0.172955,2168.75
0.175513,2169.0
0.175513,2169.25
0.174234,2169.5
0.174234,2169.75
0.175513,2170.0
0.172955,2170.25
0.174234,2170.5
0.174234,2170.75
0.174234,2171.0
0.174234,2171.25
0.174234,2171.5
0.175513,2171.75
0.174234,2172.0
0.174234,2172.25
0.172955,2172.5
0.174234,2172.75
0.174234,2173.0
0.172955,2173.25
0.172955,2173.5
0.174234,2173.75
0.174234,2174.0
0.172955,2174.25
0.175513,2174.5
0.174234,2174.75
0.174234,2175.0
0.174234,2175.25
0.175513,2175.5
0.174234,2175.75
0.174234,2176.0
0.174234,2176.25
0.174234,2176.5
0.175513,2176.75
0.175513,2177.0
0.175513,2177.25
0.176793,2177.5
0.176793,2177.75
0.175513,2178.0
0.170397,2178.25
0.172955,2178.5
0.175513,2178.75
0.175513,2179.0
0.169117,2179.25
0.175513,2179.5
0.170397,2179.75
0.176793,2180.0
0.176793,2180.25
0.175513,2180.5
0.175513,2180.75
0.172955,2181.0
0.174234,2181.25
0.174234,2181.5
0.176793,2181.75
0.175513,2182.0
0.174234,2182.25
0.174234,2182.5
0.176793,2182.75
0.174234,2183.0
0.175513,2183.25
0.174234,2183.5
0.174234,2183.75
0.171676,2184.0
0.174234,2184.25
0.174234,2184.5
0.174234,2184.75
0.172955,2185.0
0.174234,2185.25
0.175513,2185.5
0.175513,2185.75
0.174234,2186.0
0.174234,2186.25
0.174234,2186.5
0.175513,2186.75
0.175513,2187.0
0.175513,2187.25
0.175513,2187.5
0.176793,2187.75
0.176793,2188.0
0.176793,2188.25
0.175513,2188.5
0.178072,2188.75
0.175513,2189.0
0.176793,2189.25
0.174234,2189.5
0.176793,2189.75
0.170397,2190.0
0.175513,2190.25
0.175513,2190.5
0.175513,2190.75
0.178072,2191.0
0.175513,2191.25
0.175513,2191.5
0.175513,2191.75
0.176793,2192.0
0.175513,2192.25
0.178072,2192.5
0.176793,2192.75
0.176793,2193.0
0.176793,2193.25
0.175513,2193.5
0.176793,2193.75
0.176793,2194.0
0.175513,2194.25
0.174234,2194.5
0.175513,2194.75
0.174234,2195.0
0.175513,2195.25
0.176793,2195.5
0.176793,2195.75
0.176793,2196.0
0.175513,2196.25
0.175513,2196.5
0.176793,2196.75
0.176793,2197.0
0.175513,2197.25
0.176793,2197.5
0.175513,2197.75
0.176793,2198.0
0.175513,2198.25
0.178072,2198.5
0.170397,2198.75
0.176793,2199.0
0.178072,2199.25
0.176793,2199.5
0.178072,2199.75
0.175513,2200.0
0.176793,2200.25
0.175513,2200.5
0.176793,2200.75
0.178072,2201.0
0.175513,2201.25
0.176793,2201.5
0.178072,2201.75
0.178072,2202.0
0.178072,2202.25
0.176793,2202.5
0.176793,2202.75
0.178072,2203.0
0.175513,2203.25
0.178072,2203.5
0.176793,2203.75
0.175513,2204.0
0.176793,2204.25
0.176793,2204.5
0.178072,2204.75
0.172955,2205.0
0.175513,2205.25
0.175513,2205.5
0.175513,2205.75
0.172955,2206.0
0.175513,2206.25
0.174234,2206.5
0.175513,2206.75
0.174234,2207.0
0.175513,2207.25
0.176793,2207.5
0.176793,2207.75
0.175513,2208.0
0.176793,2208.25
0.176793,2208.5
0.176793,2208.75
0.175513,2209.0
0.176793,2209.25
0.176793,2209.5
0.176793,2209.75
0.175513,2210.0
0.176793,2210.25
0.178072,2210.5
0.176793,2210.75
0.170397,2211.0
0.178072,2211.25
0.175513,2211.5
0.176793,2211.75
0.176793,2212.0
0.176793,2212.25
0.178072,2212.5
0.178072,2212.75
0.176793,2213.0
0.176793,2213.25
0.176793,2213.5
0.176793,2213.75
0.176793,2214.0
0.175513,2214.25
0.176793,2214.5
0.176793,2214.75
0.176793,2215.0
0.176793,2215.25
0.176793,2215.5
0.179351,2215.75
0.178072,2216.0
0.176793,2216.25
0.178072,2216.5
0.176793,2216.75
0.175513,2217.0
0.176793,2217.25
0.178072,2217.5
0.176793,2217.75
0.178072,2218.0
0.176793,2218.25
0.178072,2218.5
0.178072,2218.75
0.178072,2219.0
0.175513,2219.25
0.178072,2219.5
0.175513,2219.75
0.176793,2220.0
0.176793,2220.25
0.178072,2220.5
0.179351,2220.75
0.183188,2221.0
0.178072,2221.25
0.184468,2221.5
0.183188,2221.75
0.18063,2222.0
0.181909,2222.25
0.18063,2222.5
0.183188,2222.75
0.185747,2223.0
0.188305,2223.25
0.192143,2223.5
0.193422,2223.75
0.189584,2224.0
0.184468,2224.25
0.183188,2224.5
0.181909,2224.75
0.178072,2225.0
0.176793,2225.25
0.175513,2225.5
0.174234,2225.75
0.169117,2226.0
0.16528,2226.25
0.164001,2226.5
0.16528,2226.75
0.161442,2227.0
0.158884,2227.25
0.157605,2227.5
0.157605,2227.75
0.155047,2228.0
0.156326,2228.25
0.156326,2228.5
0.156326,2228.75
0.156326,2229.0
0.155047,2229.25
0.155047,2229.5
0.155047,2229.75
0.155047,2230.0
0.153767,2230.25
0.152488,2230.5
0.153767,2230.75
0.153767,2231.0
0.155047,2231.25
0.156326,2231.5
0.156326,2231.75
0.157605,2232.0
0.160163,2232.25
0.160163,2232.5
0.161442,2232.75
0.158884,2233.0
0.160163,2233.25
0.158884,2233.5
0.162722,2233.75
0.162722,2234.0
0.162722,2234.25
0.160163,2234.5
0.156326,2234.75
0.156326,2235.0
0.155047,2235.25
0.153767,2235.5
0.153767,2235.75
0.153767,2236.0
0.144813,2236.25
0.152488,2236.5
0.152488,2236.75
0.151209,2237.0
0.14993,2237.25
0.148651,2237.5
0.14993,2237.75
0.14993,2238.0
0.151209,2238.25
0.155047,2238.5
0.152488,2238.75
0.148651,2239.0
0.148651,2239.25
0.148651,2239.5
0.14993,2239.75
0.14993,2240.0
0.14993,2240.25
0.151209,2240.5
0.148651,2240.75
0.14993,2241.0
0.147372,2241.25
0.147372,2241.5
0.146092,2241.75
0.147372,2242.0
0.148651,2242.25
0.148651,2242.5
0.14993,2242.75
0.147372,2243.0
0.14993,2243.25
0.147372,2243.5
0.148651,2243.75
0.147372,2244.0
0.14993,2244.25
0.146092,2244.5
0.148651,2244.75
0.143534,2245.0
0.147372,2245.25
0.147372,2245.5
0.148651,2245.75
0.147372,2246.0
0.148651,2246.25
0.140976,2246.5
0.147372,2246.75
0.147372,2247.0
0.146092,2247.25
0.147372,2247.5
0.147372,2247.75
0.146092,2248.0
0.146092,2248.25
0.146092,2248.5
0.146092,2248.75
0.143534,2249.0
0.140976,2249.25
0.139696,2249.5
0.139696,2249.75
0.138417,2250.0
0.139696,2250.25
0.138417,2250.5
0.139696,2250.75
0.138417,2251.0
0.138417,2251.25
0.139696,2251.5
0.140976,2251.75
0.139696,2252.0
0.139696,2252.25
0.140976,2252.5
0.138417,2252.75
0.139696,2253.0
0.139696,2253.25
0.139696,2253.5
0.139696,2253.75
0.138417,2254.0
0.138417,2254.25
0.139696,2254.5
0.137138,2254.75
0.138417,2255.0
0.139696,2255.25
0.139696,2255.5
0.139696,2255.75
0.140976,2256.0
0.142255,2256.25
0.144813,2256.5
0.142255,2256.75
0.143534,2257.0
0.142255,2257.25
0.142255,2257.5
0.142255,2257.75
0.142255,2258.0
0.138417,2258.25
0.142255,2258.5
0.140976,2258.75
0.140976,2259.0
0.140976,2259.25
0.140976,2259.5
0.143534,2259.75
0.13458,2260.0
0.143534,2260.25
0.142255,2260.5
0.140976,2260.75
0.143534,2261.0
0.140976,2261.25
0.140976,2261.5
0.140976,2261.75
0.138417,2262.0
0.139696,2262.25
0.139696,2262.5
0.139696,2262.75
0.140976,2263.0
0.138417,2263.25
0.139696,2263.5
0.135859,2263.75
0.140976,2264.0
0.13458,2264.25
0.139696,2264.5
0.139696,2264.75
0.137138,2265.0
0.139696,2265.25
0.139696,2265.5
0.138417,2265.75
0.138417,2266.0
0.132021,2266.25
0.137138,2266.5
0.139696,2266.75
0.138417,2267.0
0.138417,2267.25
0.139696,2267.5
0.138417,2267.75
0.137138,2268.0
0.138417,2268.25
0.137138,2268.5
0.138417,2268.75
0.139696,2269.0
0.137138,2269.25
0.139696,2269.5
0.139696,2269.75
0.140976,2270.0
0.140976,2270.25
0.140976,2270.5
0.138417,2270.75
0.135859,2271.0
0.137138,2271.25
0.137138,2271.5
0.137138,2271.75
0.135859,2272.0
0.137138,2272.25
0.140976,2272.5
0.143534,2272.75
0.140976,2273.0
0.139696,2273.25
0.139696,2273.5
0.139696,2273.75
0.138417,2274.0
0.138417,2274.25
0.137138,2274.5
0.135859,2274.75
0.135859,2275.0
0.13458,2275.25
0.13458,2275.5
0.135859,2275.75
0.133301,2276.0
0.13458,2276.25
0.128184,2276.5
0.132021,2276.75
0.128184,2277.0
0.13458,2277.25
0.129463,2277.5
0.132021,2277.75
0.132021,2278.0
0.133301,2278.25
0.133301,2278.5
0.142255,2278.75
0.144813,2279.0
0.146092,2279.25
0.147372,2279.5
0.148651,2279.75
0.147372,2280.0
0.146092,2280.25
0.135859,2280.5
0.13458,2280.75
0.13458,2281.0
0.135859,2281.25
0.132021,2281.5
0.135859,2281.75
0.132021,2282.0
0.133301,2282.25
0.133301,2282.5
0.135859,2282.75
0.132021,2283.0
0.133301,2283.25
0.132021,2283.5
0.133301,2283.75
0.133301,2284.0
0.133301,2284.25
0.133301,2284.5
0.133301,2284.75
0.129463,2285.0
0.132021,2285.25
0.132021,2285.5
0.132021,2285.75
0.132021,2286.0
0.132021,2286.25
0.132021,2286.5
0.133301,2286.75
0.133301,2287.0
0.13458,2287.25
0.133301,2287.5
0.133301,2287.75
0.132021,2288.0
0.132021,2288.25
0.13458,2288.5
0.132021,2288.75
0.132021,2289.0
0.133301,2289.25
0.132021,2289.5
0.125626,2289.75
0.133301,2290.0
0.130742,2290.25
0.129463,2290.5
0.130742,2290.75
0.130742,2291.0
0.128184,2291.25
0.130742,2291.5
0.129463,2291.75
0.129463,2292.0
0.129463,2292.25
0.129463,2292.5
0.130742,2292.75
0.129463,2293.0
0.128184,2293.25
0.128184,2293.5
0.128184,2293.75
0.126905,2294.0
0.129463,2294.25
0.129463,2294.5
0.128184,2294.75
0.126905,2295.0
0.126905,2295.25
0.128184,2295.5
0.128184,2295.75
0.128184,2296.0
0.126905,2296.25
0.128184,2296.5
0.125626,2296.75
0.126905,2297.0
0.126905,2297.25
0.126905,2297.5
0.128184,2297.75
0.126905,2298.0
0.126905,2298.25
0.126905,2298.5
0.126905,2298.75
0.126905,2299.0
0.125626,2299.25
0.125626,2299.5
0.126905,2299.75
0.126905,2300.0
0.125626,2300.25
0.125626,2300.5
0.126905,2300.75
0.126905,2301.0
0.126905,2301.25
0.125626,2301.5
0.126905,2301.75
0.126905,2302.0
0.124346,2302.25
0.124346,2302.5
0.126905,2302.75
0.125626,2303.0
0.124346,2303.25
0.124346,2303.5
0.126905,2303.75
0.125626,2304.0
0.125626,2304.25
0.124346,2304.5
0.124346,2304.75
0.120509,2305.0
0.123067,2305.25
0.123067,2305.5
0.124346,2305.75
0.124346,2306.0
0.124346,2306.25
0.125626,2306.5
0.124346,2306.75
0.124346,2307.0
0.124346,2307.25
0.124346,2307.5
0.126905,2307.75
0.124346,2308.0
0.123067,2308.25
0.124346,2308.5
0.125626,2308.75
0.124346,2309.0
0.125626,2309.25
0.124346,2309.5
0.123067,2309.75
0.124346,2310.0
0.124346,2310.25
0.124346,2310.5
0.124346,2310.75
0.125626,2311.0
0.124346,2311.25
0.11923,2311.5
0.124346,2311.75
0.124346,2312.0
0.125626,2312.25
0.124346,2312.5
0.124346,2312.75
0.123067,2313.0
0.120509,2313.25
0.121788,2313.5
0.123067,2313.75
0.123067,2314.0
0.123067,2314.25
0.123067,2314.5
0.124346,2314.75
0.123067,2315.0
0.116671,2315.25
0.120509,2315.5
0.123067,2315.75
0.11923,2316.0
0.123067,2316.25
0.121788,2316.5
0.123067,2316.75
0.121788,2317.0
0.123067,2317.25
0.123067,2317.5
0.123067,2317.75
0.121788,2318.0
0.120509,2318.25
0.120509,2318.5
0.11923,2318.75
0.120509,2319.0
0.121788,2319.25
0.121788,2319.5
0.11923,2319.75
0.120509,2320.0
0.120509,2320.25
0.120509,2320.5
0.124346,2320.75
0.125626,2321.0
0.126905,2321.25
0.121788,2321.5
0.121788,2321.75
0.123067,2322.0
0.129463,2322.25
0.130742,2322.5
0.132021,2322.75
0.128184,2323.0
0.128184,2323.25
0.125626,2323.5
0.123067,2323.75
0.121788,2324.0
0.120509,2324.25
0.124346,2324.5
0.121788,2324.75
0.120509,2325.0
0.121788,2325.25
0.120509,2325.5
0.123067,2325.75
0.121788,2326.0
0.120509,2326.25
0.120509,2326.5
0.123067,2326.75
0.117951,2327.0
0.121788,2327.25
0.121788,2327.5
0.120509,2327.75
0.120509,2328.0
0.121788,2328.25
0.120509,2328.5
0.120509,2328.75
0.117951,2329.0
0.11923,2329.25
0.120509,2329.5
0.11923,2329.75
0.11923,2330.0
0.11923,2330.25
0.11923,2330.5
0.120509,2330.75
0.11923,2331.0
0.11923,2331.25
0.11923,2331.5
0.11923,2331.75
0.117951,2332.0
0.117951,2332.25
0.116671,2332.5
0.120509,2332.75
0.120509,2333.0
0.120509,2333.25
0.120509,2333.5
0.121788,2333.75
0.120509,2334.0
0.121788,2334.25
0.120509,2334.5
0.120509,2334.75
0.121788,2335.0
0.120509,2335.25
0.121788,2335.5
0.120509,2335.75
0.120509,2336.0
0.120509,2336.25
0.120509,2336.5
0.121788,2336.75
0.120509,2337.0
0.120509,2337.25
0.120509,2337.5
0.123067,2337.75
0.120509,2338.0
0.116671,2338.25
0.117951,2338.5
0.117951,2338.75
0.120509,2339.0
0.120509,2339.25
0.124346,2339.5
0.123067,2339.75
0.120509,2340.0
0.123067,2340.25
0.121788,2340.5
0.117951,2340.75
0.11923,2341.0
0.11923,2341.25
0.120509,2341.5
0.121788,2341.75
0.117951,2342.0
0.117951,2342.25
0.116671,2342.5
0.116671,2342.75
0.115392,2343.0
0.116671,2343.25
0.114113,2343.5
0.115392,2343.75
0.116671,2344.0
0.115392,2344.25
0.116671,2344.5
0.115392,2344.75
0.112834,2345.0
0.115392,2345.25
0.116671,2345.5
0.115392,2345.75
0.115392,2346.0
0.115392,2346.25
0.114113,2346.5
0.114113,2346.75
0.115392,2347.0
0.114113,2347.25
0.114113,2347.5
0.115392,2347.75
0.114113,2348.0
0.112834,2348.25
0.112834,2348.5
0.114113,2348.75
0.112834,2349.0
0.115392,2349.25
0.114113,2349.5
0.107717,2349.75
0.114113,2350.0
0.107717,2350.25
0.115392,2350.5
0.116671,2350.75
0.116671,2351.0
0.115392,2351.25
0.115392,2351.5
0.114113,2351.75
0.114113,2352.0
0.114113,2352.25
0.115392,2352.5
0.116671,2352.75
0.115392,2353.0
0.116671,2353.25
0.116671,2353.5
0.116671,2353.75
0.116671,2354.0
0.114113,2354.25
0.115392,2354.5
0.116671,2354.75
0.116671,2355.0
0.116671,2355.25
0.116671,2355.5
0.116671,2355.75
0.116671,2356.0
0.116671,2356.25
0.116671,2356.5
0.116671,2356.75
0.117951,2357.0
0.107717,2357.25
0.117951,2357.5
0.117951,2357.75
0.117951,2358.0
0.116671,2358.25
0.116671,2358.5
0.116671,2358.75
0.116671,2359.0
0.115392,2359.25
0.114113,2359.5
0.114113,2359.75
0.112834,2360.0
0.111555,2360.25
0.112834,2360.5
0.112834,2360.75
0.112834,2361.0
0.112834,2361.25
0.112834,2361.5
0.111555,2361.75
0.112834,2362.0
0.111555,2362.25
0.120509,2362.5
0.117951,2362.75
0.115392,2363.0
0.112834,2363.25
0.115392,2363.5
0.115392,2363.75
0.115392,2364.0
0.116671,2364.25
0.112834,2364.5
0.116671,2364.75
0.114113,2365.0
0.117951,2365.25
0.116671,2365.5
0.11923,2365.75
0.124346,2366.0
0.124346,2366.25
0.125626,2366.5
0.11923,2366.75
0.117951,2367.0
0.115392,2367.25
0.115392,2367.5
0.114113,2367.75
0.115392,2368.0
0.112834,2368.25
0.114113,2368.5
0.114113,2368.75
0.115392,2369.0
0.112834,2369.25
0.115392,2369.5
0.116671,2369.75
0.115392,2370.0
0.115392,2370.25
0.115392,2370.5
0.115392,2370.75
0.115392,2371.0
0.115392,2371.25
0.115392,2371.5
0.116671,2371.75
0.116671,2372.0
0.116671,2372.25
0.117951,2372.5
0.116671,2372.75
0.116671,2373.0
0.116671,2373.25
0.116671,2373.5
0.115392,2373.75
0.11923,2374.0
0.121788,2374.25
0.121788,2374.5
0.121788,2374.75
0.121788,2375.0
0.123067,2375.25
0.120509,2375.5
0.120509,2375.75
0.116671,2376.0
0.116671,2376.25
0.115392,2376.5
0.116671,2376.75
0.115392,2377.0
0.116671,2377.25
0.115392,2377.5
0.115392,2377.75
0.115392,2378.0
0.115392,2378.25
0.115392,2378.5
0.115392,2378.75
0.114113,2379.0
0.112834,2379.25
0.108996,2379.5
0.114113,2379.75
0.115392,2380.0
0.114113,2380.25
0.115392,2380.5
0.116671,2380.75
0.115392,2381.0
0.115392,2381.25
0.115392,2381.5
0.115392,2381.75
0.112834,2382.0
0.114113,2382.25
0.114113,2382.5
0.114113,2382.75
0.114113,2383.0
0.111555,2383.25
0.112834,2383.5
0.107717,2383.75
0.114113,2384.0
0.117951,2384.25
0.120509,2384.5
0.117951,2384.75
0.111555,2385.0
0.117951,2385.25
0.117951,2385.5
0.116671,2385.75
0.115392,2386.0
0.120509,2386.25
0.117951,2386.5
0.11923,2386.75
0.116671,2387.0
0.116671,2387.25
0.115392,2387.5
0.116671,2387.75
0.115392,2388.0
0.116671,2388.25
0.117951,2388.5
0.117951,2388.75
0.121788,2389.0
0.121788,2389.25
0.117951,2389.5
0.115392,2389.75
0.115392,2390.0
0.114113,2390.25
0.114113,2390.5
0.114113,2390.75
0.111555,2391.0
0.111555,2391.25
0.110275,2391.5
0.111555,2391.75
0.110275,2392.0
0.108996,2392.25
0.108996,2392.5
0.112834,2392.75
0.115392,2393.0
0.115392,2393.25
0.111555,2393.5
0.114113,2393.75
0.111555,2394.0
0.114113,2394.25
0.114113,2394.5
0.112834,2394.75
0.108996,2395.0
0.114113,2395.25
0.114113,2395.5
0.112834,2395.75
0.115392,2396.0
0.116671,2396.25
0.120509,2396.5
0.120509,2396.75
0.120509,2397.0
0.120509,2397.25
0.11923,2397.5
0.114113,2397.75
0.115392,2398.0
0.114113,2398.25
0.110275,2398.5
0.111555,2398.75
0.112834,2399.0
0.114113,2399.25
0.112834,2399.5
0.114113,2399.75
0.115392,2400.0
0.116671,2400.25
0.115392,2400.5
0.117951,2400.75
0.116671,2401.0
0.115392,2401.25
0.115392,2401.5
0.116671,2401.75
0.116671,2402.0
0.115392,2402.25
0.116671,2402.5
0.116671,2402.75
0.114113,2403.0
0.114113,2403.25
0.115392,2403.5
0.115392,2403.75
0.114113,2404.0
0.114113,2404.25
0.115392,2404.5
0.11923,2404.75
0.117951,2405.0
0.123067,2405.25
0.123067,2405.5
0.117951,2405.75
0.11923,2406.0
0.11923,2406.25
0.116671,2406.5
0.114113,2406.75
0.115392,2407.0
0.115392,2407.25
0.115392,2407.5
0.116671,2407.75
0.115392,2408.0
0.116671,2408.25
0.116671,2408.5
0.115392,2408.75
0.116671,2409.0
0.11923,2409.25
0.116671,2409.5
0.116671,2409.75
0.114113,2410.0
0.114113,2410.25
0.111555,2410.5
0.114113,2410.75
0.112834,2411.0
0.114113,2411.25
0.112834,2411.5
0.112834,2411.75
0.111555,2412.0
0.111555,2412.25
0.106438,2412.5
0.117951,2412.75
0.124346,2413.0
0.117951,2413.25
0.115392,2413.5
0.116671,2413.75
0.114113,2414.0
0.115392,2414.25
0.112834,2414.5
0.115392,2414.75
0.114113,2415.0
0.117951,2415.25
0.11923,2415.5
0.121788,2415.75
0.120509,2416.0
0.120509,2416.25
0.120509,2416.5
0.120509,2416.75
0.11923,2417.0
0.11923,2417.25
0.116671,2417.5
0.116671,2417.75
0.11923,2418.0
0.116671,2418.25
0.114113,2418.5
0.114113,2418.75
0.112834,2419.0
0.114113,2419.25
0.112834,2419.5
0.115392,2419.75
0.114113,2420.0
0.112834,2420.25
0.115392,2420.5
0.116671,2420.75
0.112834,2421.0
0.112834,2421.25
0.111555,2421.5
0.111555,2421.75
0.112834,2422.0
0.114113,2422.25
0.111555,2422.5
0.114113,2422.75
0.110275,2423.0
0.110275,2423.25
0.111555,2423.5
0.114113,2423.75
0.112834,2424.0
0.114113,2424.25
0.112834,2424.5
0.114113,2424.75
0.110275,2425.0
0.114113,2425.25
0.111555,2425.5
0.114113,2425.75
0.111555,2426.0
0.112834,2426.25
0.112834,2426.5
0.114113,2426.75
0.112834,2427.0
0.112834,2427.25
0.112834,2427.5
0.114113,2427.75
0.111555,2428.0
0.112834,2428.25
0.114113,2428.5
0.116671,2428.75
0.115392,2429.0
0.114113,2429.25
0.117951,2429.5
0.11923,2429.75
0.116671,2430.0
0.117951,2430.25
0.111555,2430.5
0.116671,2430.75
0.111555,2431.0
0.117951,2431.25
0.112834,2431.5
0.117951,2431.75
0.117951,2432.0
0.11923,2432.25
0.117951,2432.5
0.117951,2432.75
0.117951,2433.0
0.120509,2433.25
0.11923,2433.5
0.117951,2433.75
0.117951,2434.0
0.115392,2434.25
0.117951,2434.5
0.116671,2434.75
0.116671,2435.0
0.116671,2435.25
0.116671,2435.5
0.120509,2435.75
0.121788,2436.0
0.121788,2436.25
0.120509,2436.5
0.117951,2436.75
0.116671,2437.0
0.11923,2437.25
0.120509,2437.5
0.124346,2437.75
0.121788,2438.0
0.120509,2438.25
0.120509,2438.5
0.120509,2438.75
0.11923,2439.0
0.117951,2439.25
0.116671,2439.5
0.115392,2439.75
0.116671,2440.0
0.117951,2440.25
0.117951,2440.5
0.117951,2440.75
0.116671,2441.0
0.117951,2441.25
0.117951,2441.5
0.11923,2441.75
0.117951,2442.0
0.117951,2442.25
0.117951,2442.5
0.11923,2442.75
0.11923,2443.0
0.11923,2443.25
0.117951,2443.5
0.11923,2443.75
0.114113,2444.0
0.120509,2444.25
0.123067,2444.5
0.120509,2444.75
0.116671,2445.0
0.117951,2445.25
0.117951,2445.5
0.117951,2445.75
0.117951,2446.0
0.11923,2446.25
0.112834,2446.5
0.120509,2446.75
0.112834,2447.0
0.117951,2447.25
0.117951,2447.5
0.11923,2447.75
0.116671,2448.0
0.11923,2448.25
0.11923,2448.5
0.121788,2448.75
0.120509,2449.0
0.121788,2449.25
0.121788,2449.5
0.123067,2449.75
0.120509,2450.0
0.121788,2450.25
0.120509,2450.5
0.11923,2450.75
0.120509,2451.0
0.11923,2451.25
0.120509,2451.5
0.11923,2451.75
0.11923,2452.0
0.11923,2452.25
0.11923,2452.5
0.11923,2452.75
0.117951,2453.0
0.117951,2453.25
0.117951,2453.5
0.117951,2453.75
0.117951,2454.0
0.117951,2454.25
0.117951,2454.5
0.117951,2454.75
0.11923,2455.0
0.11923,2455.25
0.11923,2455.5
0.117951,2455.75
0.11923,2456.0
0.116671,2456.25
0.117951,2456.5
0.116671,2456.75
0.117951,2457.0
0.117951,2457.25
0.117951,2457.5
0.11923,2457.75
0.117951,2458.0
0.111555,2458.25
0.117951,2458.5
0.116671,2458.75
0.115392,2459.0
0.116671,2459.25
0.117951,2459.5
0.116671,2459.75
0.115392,2460.0
0.116671,2460.25
0.116671,2460.5
0.117951,2460.75
0.116671,2461.0
0.116671,2461.25
0.116671,2461.5
0.114113,2461.75
0.116671,2462.0
0.115392,2462.25
0.116671,2462.5
0.116671,2462.75
0.116671,2463.0
0.117951,2463.25
0.116671,2463.5
0.116671,2463.75
0.117951,2464.0
0.116671,2464.25
0.114113,2464.5
0.116671,2464.75
0.115392,2465.0
0.117951,2465.25
0.117951,2465.5
0.11923,2465.75
0.120509,2466.0
0.117951,2466.25
0.112834,2466.5
0.116671,2466.75
0.110275,2467.0
0.115392,2467.25
0.115392,2467.5
0.116671,2467.75
0.115392,2468.0
0.115392,2468.25
0.115392,2468.5
0.117951,2468.75
0.117951,2469.0
0.11923,2469.25
0.11923,2469.5
0.121788,2469.75
0.112834,2470.0
0.121788,2470.25
0.121788,2470.5
0.123067,2470.75
0.123067,2471.0
0.123067,2471.25
0.124346,2471.5
0.123067,2471.75
0.116671,2472.0
0.121788,2472.25
0.120509,2472.5
0.11923,2472.75
0.114113,2473.0
0.121788,2473.25
0.121788,2473.5
0.123067,2473.75
0.117951,2474.0
0.123067,2474.25
0.121788,2474.5
0.123067,2474.75
0.121788,2475.0
0.123067,2475.25
0.11923,2475.5
0.123067,2475.75
0.116671,2476.0
0.121788,2476.25
0.121788,2476.5
0.124346,2476.75
0.123067,2477.0
0.123067,2477.25
0.121788,2477.5
0.121788,2477.75
0.121788,2478.0
0.120509,2478.25
0.121788,2478.5
0.123067,2478.75
0.123067,2479.0
0.123067,2479.25
0.124346,2479.5
0.126905,2479.75
0.125626,2480.0
0.126905,2480.25
0.126905,2480.5
0.129463,2480.75
0.126905,2481.0
0.132021,2481.25
0.130742,2481.5
0.133301,2481.75
0.133301,2482.0
0.133301,2482.25
0.135859,2482.5
0.135859,2482.75
0.135859,2483.0
0.135859,2483.25
0.135859,2483.5
0.137138,2483.75
0.138417,2484.0
0.140976,2484.25
0.139696,2484.5
0.142255,2484.75
0.139696,2485.0
0.140976,2485.25
0.142255,2485.5
0.143534,2485.75
0.143534,2486.0
0.144813,2486.25
0.143534,2486.5
0.147372,2486.75
0.146092,2487.0
0.148651,2487.25
0.147372,2487.5
0.147372,2487.75
0.147372,2488.0
0.147372,2488.25
0.14993,2488.5
0.148651,2488.75
0.148651,2489.0
0.148651,2489.25
0.152488,2489.5
0.152488,2489.75
0.152488,2490.0
0.156326,2490.25
0.158884,2490.5
0.162722,2490.75
0.162722,2491.0
0.164001,2491.25
0.162722,2491.5
0.164001,2491.75
0.160163,2492.0
0.16528,2492.25
0.16528,2492.5
0.167838,2492.75
0.166559,2493.0
0.166559,2493.25
0.167838,2493.5
0.167838,2493.75
0.169117,2494.0
0.164001,2494.25
0.162722,2494.5
0.161442,2494.75
0.162722,2495.0
0.161442,2495.25
0.161442,2495.5
0.161442,2495.75
0.162722,2496.0
0.16528,2496.25
0.164001,2496.5
0.161442,2496.75
0.164001,2497.0
0.16528,2497.25
0.162722,2497.5
0.166559,2497.75
0.167838,2498.0
0.166559,2498.25
0.166559,2498.5
0.164001,2498.75
0.164001,2499.0
0.162722,2499.25
0.162722,2499.5
0.162722,2499.75
0.161442,2500.0
0.161442,2500.25
0.162722,2500.5
0.158884,2500.75
0.157605,2501.0
0.155047,2501.25
0.156326,2501.5
0.157605,2501.75
0.153767,2502.0
0.152488,2502.25
0.14993,2502.5
0.152488,2502.75
0.155047,2503.0
0.152488,2503.25
0.152488,2503.5
0.153767,2503.75
0.166559,2504.0
0.169117,2504.25
0.164001,2504.5
0.162722,2504.75
0.158884,2505.0
0.158884,2505.25
0.158884,2505.5
0.155047,2505.75
0.158884,2506.0
0.148651,2506.25
0.153767,2506.5
0.146092,2506.75
0.151209,2507.0
0.146092,2507.25
0.151209,2507.5
0.151209,2507.75
0.151209,2508.0
0.152488,2508.25
0.155047,2508.5
0.147372,2508.75
0.151209,2509.0
0.193422,2509.25
0.189584,2509.5
0.179351,2509.75
0.175513,2510.0
0.166559,2510.25
0.171676,2510.5
0.176793,2510.75
0.176793,2511.0
0.172955,2511.25
0.179351,2511.5
0.206214,2511.75
0.203655,2512.0
0.199818,2512.25
0.19598,2512.5
0.193422,2512.75
0.189584,2513.0
0.187026,2513.25
0.185747,2513.5
0.181909,2513.75
0.18063,2514.0
0.18063,2514.25
0.18063,2514.5
0.179351,2514.75
0.178072,2515.0
0.18063,2515.25
0.18063,2515.5
0.179351,2515.75
0.179351,2516.0
0.176793,2516.25
0.178072,2516.5
0.175513,2516.75
0.178072,2517.0
0.176793,2517.25
0.176793,2517.5
0.176793,2517.75
0.178072,2518.0
0.178072,2518.25
0.178072,2518.5
0.178072,2518.75
0.178072,2519.0
0.176793,2519.25
0.175513,2519.5
0.172955,2519.75
0.174234,2520.0
0.178072,2520.25
0.178072,2520.5
0.18063,2520.75
0.183188,2521.0
0.179351,2521.25
0.175513,2521.5
0.174234,2521.75
0.174234,2522.0
0.171676,2522.25
0.175513,2522.5
0.175513,2522.75
0.174234,2523.0
0.175513,2523.25
0.174234,2523.5
0.174234,2523.75
0.174234,2524.0
0.174234,2524.25
0.172955,2524.5
0.174234,2524.75
0.171676,2525.0
0.174234,2525.25
0.175513,2525.5
0.174234,2525.75
0.172955,2526.0
0.175513,2526.25
0.174234,2526.5
0.174234,2526.75
0.175513,2527.0
0.172955,2527.25
0.172955,2527.5
0.171676,2527.75
0.174234,2528.0
0.174234,2528.25
0.174234,2528.5
0.172955,2528.75
0.174234,2529.0
0.178072,2529.25
0.178072,2529.5
0.176793,2529.75
0.178072,2530.0
0.176793,2530.25
0.176793,2530.5
0.178072,2530.75
0.179351,2531.0
0.179351,2531.25
0.18063,2531.5
0.178072,2531.75
0.178072,2532.0
0.176793,2532.25
0.176793,2532.5
0.175513,2532.75
0.176793,2533.0
0.174234,2533.25
0.175513,2533.5
0.175513,2533.75
0.175513,2534.0
0.174234,2534.25
0.174234,2534.5
0.176793,2534.75
0.174234,2535.0
0.175513,2535.25
0.174234,2535.5
0.175513,2535.75
0.172955,2536.0
0.169117,2536.25
0.174234,2536.5
0.169117,2536.75
0.174234,2537.0
0.167838,2537.25
0.174234,2537.5
0.174234,2537.75
0.174234,2538.0
0.174234,2538.25
0.172955,2538.5
0.171676,2538.75
0.171676,2539.0
0.171676,2539.25
0.172955,2539.5
0.172955,2539.75
0.171676,2540.0
0.171676,2540.25
0.172955,2540.5
0.172955,2540.75
0.171676,2541.0
0.171676,2541.25
0.170397,2541.5
0.171676,2541.75
0.171676,2542.0
0.171676,2542.25
0.170397,2542.5
0.170397,2542.75
0.171676,2543.0
0.170397,2543.25
0.170397,2543.5
0.170397,2543.75
0.170397,2544.0
0.169117,2544.25
0.169117,2544.5
0.170397,2544.75
0.167838,2545.0
0.169117,2545.25
0.170397,2545.5
0.172955,2545.75
0.170397,2546.0
0.169117,2546.25
0.170397,2546.5
0.169117,2546.75
0.166559,2547.0
0.169117,2547.25
0.169117,2547.5
0.170397,2547.75
0.169117,2548.0
0.167838,2548.25
0.169117,2548.5
0.169117,2548.75
0.167838,2549.0
0.167838,2549.25
0.169117,2549.5
0.167838,2549.75
0.169117,2550.0
0.169117,2550.25
0.169117,2550.5
0.169117,2550.75
0.167838,2551.0
0.169117,2551.25
0.166559,2551.5
0.167838,2551.75
0.166559,2552.0
0.167838,2552.25
0.16528,2552.5
0.167838,2552.75
0.164001,2553.0
0.16528,2553.25
0.16528,2553.5
0.166559,2553.75
0.167838,2554.0
0.16528,2554.25
0.164001,2554.5
0.16528,2554.75
0.16528,2555.0
0.164001,2555.25
0.16528,2555.5
0.16528,2555.75
0.164001,2556.0
0.16528,2556.25
0.16528,2556.5
0.167838,2556.75
0.166559,2557.0
0.16528,2557.25
0.162722,2557.5
0.16528,2557.75
0.161442,2558.0
0.164001,2558.25
0.162722,2558.5
0.164001,2558.75
0.164001,2559.0
0.162722,2559.25
0.164001,2559.5
0.162722,2559.75
0.161442,2560.0
0.162722,2560.25
0.162722,2560.5
0.164001,2560.75
0.161442,2561.0
0.161442,2561.25
0.161442,2561.5
0.162722,2561.75
0.161442,2562.0
0.161442,2562.25
0.164001,2562.5
0.166559,2562.75
0.164001,2563.0
0.164001,2563.25
0.162722,2563.5
0.164001,2563.75
0.162722,2564.0
0.162722,2564.25
0.16528,2564.5
0.167838,2564.75
0.162722,2565.0
0.171676,2565.25
0.172955,2565.5
0.174234,2565.75
0.174234,2566.0
0.174234,2566.25
0.171676,2566.5
0.181909,2566.75
0.181909,2567.0
0.183188,2567.25
0.183188,2567.5
0.183188,2567.75
0.181909,2568.0
0.183188,2568.25
0.181909,2568.5
0.184468,2568.75
0.181909,2569.0
0.181909,2569.25
0.18063,2569.5
0.181909,2569.75
0.181909,2570.0
0.181909,2570.25
0.184468,2570.5
0.181909,2570.75
0.181909,2571.0
0.18063,2571.25
0.181909,2571.5
0.179351,2571.75
0.181909,2572.0
0.181909,2572.25
0.181909,2572.5
0.18063,2572.75
0.18063,2573.0
0.179351,2573.25
0.179351,2573.5
0.179351,2573.75
0.178072,2574.0
0.178072,2574.25
0.178072,2574.5
0.18063,2574.75
0.181909,2575.0
0.18063,2575.25
0.181909,2575.5
0.181909,2575.75
0.181909,2576.0
0.18063,2576.25
0.18063,2576.5
0.179351,2576.75
0.179351,2577.0
0.176793,2577.25
0.179351,2577.5
0.179351,2577.75
0.179351,2578.0
0.178072,2578.25
0.179351,2578.5
0.179351,2578.75
0.179351,2579.0
0.178072,2579.25
0.176793,2579.5
0.175513,2579.75
0.174234,2580.0
0.175513,2580.25
0.178072,2580.5
0.176793,2580.75
0.178072,2581.0
0.176793,2581.25
0.178072,2581.5
0.178072,2581.75
0.178072,2582.0
0.176793,2582.25
0.178072,2582.5
0.167838,2582.75
0.178072,2583.0
0.176793,2583.25
0.178072,2583.5
0.178072,2583.75
0.176793,2584.0
0.176793,2584.25
0.176793,2584.5
0.175513,2584.75
0.172955,2585.0
0.175513,2585.25
0.175513,2585.5
0.175513,2585.75
0.174234,2586.0
0.174234,2586.25
0.174234,2586.5
0.174234,2586.75
0.175513,2587.0
0.174234,2587.25
0.174234,2587.5
0.172955,2587.75
0.174234,2588.0
0.171676,2588.25
0.172955,2588.5
0.172955,2588.75
0.174234,2589.0
0.172955,2589.25
0.174234,2589.5
0.175513,2589.75
0.172955,2590.0
0.174234,2590.25
0.171676,2590.5
0.172955,2590.75
0.171676,2591.0
0.167838,2591.25
0.162722,2591.5
0.158884,2591.75
0.158884,2592.0
0.161442,2592.25
0.161442,2592.5
0.160163,2592.75
0.156326,2593.0
0.160163,2593.25
0.162722,2593.5
0.160163,2593.75
0.161442,2594.0
0.160163,2594.25
0.162722,2594.5
0.162722,2594.75
0.161442,2595.0
0.161442,2595.25
0.160163,2595.5
0.160163,2595.75
0.158884,2596.0
0.157605,2596.25
0.158884,2596.5
0.158884,2596.75
0.158884,2597.0
0.158884,2597.25
0.158884,2597.5
0.157605,2597.75
0.158884,2598.0
0.157605,2598.25
0.157605,2598.5
0.157605,2598.75
0.158884,2599.0
0.156326,2599.25
0.158884,2599.5
0.158884,2599.75
0.158884,2600.0
0.158884,2600.25
0.158884,2600.5
0.161442,2600.75
0.160163,2601.0
0.160163,2601.25
0.158884,2601.5
0.158884,2601.75
0.158884,2602.0
0.158884,2602.25
0.160163,2602.5
0.158884,2602.75
0.158884,2603.0
0.157605,2603.25
0.158884,2603.5
0.157605,2603.75
0.157605,2604.0
0.156326,2604.25
0.158884,2604.5
0.156326,2604.75
0.155047,2605.0
0.157605,2605.25
0.161442,2605.5
0.16528,2605.75
0.164001,2606.0
0.164001,2606.25
0.162722,2606.5
0.160163,2606.75
0.158884,2607.0
0.160163,2607.25
0.158884,2607.5
0.160163,2607.75
0.160163,2608.0
0.158884,2608.25
0.160163,2608.5
0.158884,2608.75
0.160163,2609.0
0.158884,2609.25
0.164001,2609.5
0.161442,2609.75
0.158884,2610.0
0.156326,2610.25
0.155047,2610.5
0.152488,2610.75
0.156326,2611.0
0.156326,2611.25
0.157605,2611.5
0.151209,2611.75
0.153767,2612.0
0.146092,2612.25
0.151209,2612.5
0.152488,2612.75
0.151209,2613.0
0.153767,2613.25
0.152488,2613.5
0.152488,2613.75
0.152488,2614.0
0.152488,2614.25
0.152488,2614.5
0.153767,2614.75
0.152488,2615.0
0.152488,2615.25
0.158884,2615.5
0.158884,2615.75
0.169117,2616.0
0.166559,2616.25
0.16528,2616.5
0.16528,2616.75
0.164001,2617.0
0.166559,2617.25
0.164001,2617.5
0.16528,2617.75
0.161442,2618.0
0.162722,2618.25
0.161442,2618.5
0.164001,2618.75
0.161442,2619.0
0.161442,2619.25
0.164001,2619.5
0.16528,2619.75
0.161442,2620.0
0.158884,2620.25
0.157605,2620.5
0.156326,2620.75
0.157605,2621.0
0.157605,2621.25
0.151209,2621.5
0.157605,2621.75
0.156326,2622.0
0.156326,2622.25
0.155047,2622.5
0.157605,2622.75
0.156326,2623.0
0.155047,2623.25
0.153767,2623.5
0.155047,2623.75
0.153767,2624.0
0.155047,2624.25
0.153767,2624.5
0.153767,2624.75
0.151209,2625.0
0.153767,2625.25
0.155047,2625.5
0.155047,2625.75
0.153767,2626.0
0.153767,2626.25
0.152488,2626.5
0.153767,2626.75
0.152488,2627.0
0.151209,2627.25
0.152488,2627.5
0.153767,2627.75
0.146092,2628.0
0.153767,2628.25
0.152488,2628.5
0.153767,2628.75
0.152488,2629.0
0.153767,2629.25
0.152488,2629.5
0.152488,2629.75
0.151209,2630.0
0.151209,2630.25
0.151209,2630.5
0.148651,2630.75
0.14993,2631.0
0.14993,2631.25
0.14993,2631.5
0.14993,2631.75
0.151209,2632.0
0.151209,2632.25
0.151209,2632.5
0.151209,2632.75
0.148651,2633.0
0.14993,2633.25
0.151209,2633.5
0.151209,2633.75
0.14993,2634.0
0.14993,2634.25
0.14993,2634.5
0.151209,2634.75
0.146092,2635.0
0.148651,2635.25
0.147372,2635.5
0.14993,2635.75
0.147372,2636.0
0.148651,2636.25
0.14993,2636.5
0.148651,2636.75
0.147372,2637.0
0.148651,2637.25
0.147372,2637.5
0.144813,2637.75
0.147372,2638.0
0.147372,2638.25
0.147372,2638.5
0.148651,2638.75
0.147372,2639.0
0.147372,2639.25
0.147372,2639.5
0.147372,2639.75
0.144813,2640.0
0.148651,2640.25
0.144813,2640.5
0.147372,2640.75
0.147372,2641.0
0.147372,2641.25
0.146092,2641.5
0.148651,2641.75
0.147372,2642.0
0.147372,2642.25
0.147372,2642.5
0.147372,2642.75
0.147372,2643.0
0.147372,2643.25
0.147372,2643.5
0.147372,2643.75
0.146092,2644.0
0.146092,2644.25
0.146092,2644.5
0.148651,2644.75
0.143534,2645.0
0.146092,2645.25
0.143534,2645.5
0.144813,2645.75
0.143534,2646.0
0.144813,2646.25
0.143534,2646.5
0.144813,2646.75
0.144813,2647.0
0.143534,2647.25
0.143534,2647.5
0.143534,2647.75
0.142255,2648.0
0.143534,2648.25
0.148651,2648.5
0.146092,2648.75
0.144813,2649.0
0.143534,2649.25
0.143534,2649.5
0.144813,2649.75
0.148651,2650.0
0.14993,2650.25
0.147372,2650.5
0.146092,2650.75
0.147372,2651.0
0.151209,2651.25
0.14993,2651.5
0.153767,2651.75
0.151209,2652.0
0.153767,2652.25
0.151209,2652.5
0.14993,2652.75
0.152488,2653.0
0.147372,2653.25
0.142255,2653.5
0.144813,2653.75
0.143534,2654.0
0.143534,2654.25
0.146092,2654.5
0.144813,2654.75
0.144813,2655.0
0.144813,2655.25
0.144813,2655.5
0.147372,2655.75
0.146092,2656.0
0.146092,2656.25
0.144813,2656.5
0.146092,2656.75
0.143534,2657.0
0.144813,2657.25
0.146092,2657.5
0.147372,2657.75
0.143534,2658.0
0.142255,2658.25
0.142255,2658.5
0.142255,2658.75
0.142255,2659.0
0.167838,2659.25
0.181909,2659.5
0.171676,2659.75
0.162722,2660.0
0.160163,2660.25
0.161442,2660.5
0.166559,2660.75
0.169117,2661.0
0.171676,2661.25
0.171676,2661.5
0.172955,2661.75
0.169117,2662.0
0.167838,2662.25
0.170397,2662.5
0.172955,2662.75
0.170397,2663.0
0.167838,2663.25
0.166559,2663.5
0.166559,2663.75
0.166559,2664.0
0.164001,2664.25
0.162722,2664.5
0.162722,2664.75
0.158884,2665.0
0.164001,2665.25
0.164001,2665.5
0.161442,2665.75
0.157605,2666.0
0.157605,2666.25
0.160163,2666.5
0.162722,2666.75
0.162722,2667.0
0.160163,2667.25
0.158884,2667.5
0.161442,2667.75
0.158884,2668.0
0.160163,2668.25
0.160163,2668.5
0.161442,2668.75
0.160163,2669.0
0.160163,2669.25
0.161442,2669.5
0.161442,2669.75
0.157605,2670.0
0.156326,2670.25
0.156326,2670.5
0.155047,2670.75
0.155047,2671.0
0.155047,2671.25
0.156326,2671.5
0.155047,2671.75
0.155047,2672.0
0.156326,2672.25
0.156326,2672.5
0.156326,2672.75
0.156326,2673.0
0.157605,2673.25
0.155047,2673.5
0.157605,2673.75
0.158884,2674.0
0.157605,2674.25
0.155047,2674.5
0.153767,2674.75
0.153767,2675.0
0.155047,2675.25
0.157605,2675.5
0.156326,2675.75
0.157605,2676.0
0.156326,2676.25
0.157605,2676.5
0.157605,2676.75
0.157605,2677.0
0.156326,2677.25
0.157605,2677.5
0.158884,2677.75
0.156326,2678.0
0.155047,2678.25
0.156326,2678.5
0.155047,2678.75
0.153767,2679.0
0.155047,2679.25
0.155047,2679.5
0.155047,2679.75
0.153767,2680.0
0.153767,2680.25
0.155047,2680.5
0.155047,2680.75
0.153767,2681.0
0.153767,2681.25
0.155047,2681.5
0.148651,2681.75
0.155047,2682.0
0.155047,2682.25
0.155047,2682.5
0.155047,2682.75
0.155047,2683.0
0.155047,2683.25
0.153767,2683.5
0.153767,2683.75
0.153767,2684.0
0.153767,2684.25
0.152488,2684.5
0.153767,2684.75
0.151209,2685.0
0.153767,2685.25
0.153767,2685.5
0.155047,2685.75
0.155047,2686.0
0.155047,2686.25
0.153767,2686.5
0.155047,2686.75
0.153767,2687.0
0.152488,2687.25
0.155047,2687.5
0.156326,2687.75
0.155047,2688.0
0.156326,2688.25
0.153767,2688.5
0.156326,2688.75
0.155047,2689.0
0.156326,2689.25
0.153767,2689.5
0.156326,2689.75
0.153767,2690.0
0.155047,2690.25
0.155047,2690.5
0.155047,2690.75
0.155047,2691.0
0.155047,2691.25
0.155047,2691.5
0.155047,2691.75
0.155047,2692.0
0.152488,2692.25
0.155047,2692.5
0.152488,2692.75
0.155047,2693.0
0.153767,2693.25
0.155047,2693.5
0.155047,2693.75
0.156326,2694.0
0.156326,2694.25
0.156326,2694.5
0.155047,2694.75
0.155047,2695.0
0.153767,2695.25
0.153767,2695.5
0.155047,2695.75
0.155047,2696.0
0.148651,2696.25
0.155047,2696.5
0.155047,2696.75
0.155047,2697.0
0.155047,2697.25
0.155047,2697.5
0.152488,2697.75
0.152488,2698.0
0.153767,2698.25
0.153767,2698.5
0.156326,2698.75
0.155047,2699.0
0.155047,2699.25
0.156326,2699.5
0.157605,2699.75
0.156326,2700.0
0.157605,2700.25
0.155047,2700.5
0.157605,2700.75
0.153767,2701.0
0.156326,2701.25
0.156326,2701.5
0.156326,2701.75
0.155047,2702.0
0.155047,2702.25
0.156326,2702.5
0.156326,2702.75
0.156326,2703.0
0.155047,2703.25
0.156326,2703.5
0.156326,2703.75
0.156326,2704.0
0.156326,2704.25
0.155047,2704.5
0.157605,2704.75
0.153767,2705.0
0.156326,2705.25
0.155047,2705.5
0.156326,2705.75
0.155047,2706.0
0.155047,2706.25
0.153767,2706.5
0.155047,2706.75
0.155047,2707.0
0.155047,2707.25
0.153767,2707.5
0.156326,2707.75
0.155047,2708.0
0.155047,2708.25
0.153767,2708.5
0.155047,2708.75
0.153767,2709.0
0.152488,2709.25
0.153767,2709.5
0.155047,2709.75
0.153767,2710.0
0.152488,2710.25
0.153767,2710.5
0.155047,2710.75
0.152488,2711.0
0.152488,2711.25
0.152488,2711.5
0.152488,2711.75
0.14993,2712.0
0.152488,2712.25
0.151209,2712.5
0.152488,2712.75
0.152488,2713.0
0.152488,2713.25
0.153767,2713.5
0.152488,2713.75
0.151209,2714.0
0.151209,2714.25
0.152488,2714.5
0.152488,2714.75
0.152488,2715.0
0.153767,2715.25
0.153767,2715.5
0.155047,2715.75
0.155047,2716.0
0.155047,2716.25
0.155047,2716.5
0.155047,2716.75
0.153767,2717.0
0.153767,2717.25
0.151209,2717.5
0.155047,2717.75
0.151209,2718.0
0.152488,2718.25
0.152488,2718.5
0.153767,2718.75
0.153767,2719.0
0.153767,2719.25
0.153767,2719.5
0.153767,2719.75
0.151209,2720.0
0.151209,2720.25
0.152488,2720.5
0.152488,2720.75
0.153767,2721.0
0.155047,2721.25
0.152488,2721.5
0.155047,2721.75
0.152488,2722.0
0.152488,2722.25
0.151209,2722.5
0.152488,2722.75
0.152488,2723.0
0.152488,2723.25
0.152488,2723.5
0.152488,2723.75
0.151209,2724.0
0.152488,2724.25
0.153767,2724.5
0.152488,2724.75
0.14993,2725.0
0.152488,2725.25
0.151209,2725.5
0.151209,2725.75
0.151209,2726.0
0.151209,2726.25
0.151209,2726.5
0.153767,2726.75
0.152488,2727.0
0.153767,2727.25
0.152488,2727.5
0.152488,2727.75
0.151209,2728.0
0.151209,2728.25
0.148651,2728.5
0.152488,2728.75
0.144813,2729.0
0.151209,2729.25
0.151209,2729.5
0.151209,2729.75
0.152488,2730.0
0.151209,2730.25
0.151209,2730.5
0.151209,2730.75
0.14993,2731.0
0.14993,2731.25
0.151209,2731.5
0.152488,2731.75
0.14993,2732.0
0.14993,2732.25
0.14993,2732.5
0.151209,2732.75
0.14993,2733.0
0.14993,2733.25
0.14993,2733.5
0.151209,2733.75
0.14993,2734.0
0.14993,2734.25
0.151209,2734.5
0.152488,2734.75
0.152488,2735.0
0.151209,2735.25
0.152488,2735.5
0.152488,2735.75
0.151209,2736.0
0.151209,2736.25
0.151209,2736.5
0.152488,2736.75
0.151209,2737.0
0.151209,2737.25
0.152488,2737.5
0.152488,2737.75
0.151209,2738.0
0.152488,2738.25
0.152488,2738.5
0.152488,2738.75
0.151209,2739.0
0.152488,2739.25
0.14993,2739.5
0.152488,2739.75
0.152488,2740.0
0.152488,2740.25
0.153767,2740.5
0.151209,2740.75
0.153767,2741.0
0.151209,2741.25
0.151209,2741.5
0.151209,2741.75
0.151209,2742.0
0.153767,2742.25
0.151209,2742.5
0.14993,2742.75
0.152488,2743.0
0.151209,2743.25
0.152488,2743.5
0.153767,2743.75
0.151209,2744.0
0.152488,2744.25
0.151209,2744.5
0.153767,2744.75
0.148651,2745.0
0.152488,2745.25
0.152488,2745.5
0.152488,2745.75
0.153767,2746.0
0.152488,2746.25
0.152488,2746.5
0.151209,2746.75
0.152488,2747.0
0.152488,2747.25
0.152488,2747.5
0.151209,2747.75
0.152488,2748.0
0.151209,2748.25
0.152488,2748.5
0.151209,2748.75
0.152488,2749.0
0.152488,2749.25
0.151209,2749.5
0.151209,2749.75
0.14993,2750.0
0.151209,2750.25
0.151209,2750.5
0.152488,2750.75
0.151209,2751.0
0.153767,2751.25
0.152488,2751.5
0.152488,2751.75
0.153767,2752.0
0.152488,2752.25
0.152488,2752.5
0.152488,2752.75
0.152488,2753.0
0.14993,2753.25
0.152488,2753.5
0.152488,2753.75
0.152488,2754.0
0.152488,2754.25
0.152488,2754.5
0.152488,2754.75
0.152488,2755.0
0.151209,2755.25
0.151209,2755.5
0.153767,2755.75
0.151209,2756.0
0.151209,2756.25
0.153767,2756.5
0.152488,2756.75
0.152488,2757.0
0.152488,2757.25
0.153767,2757.5
0.152488,2757.75
0.153767,2758.0
0.151209,2758.25
0.152488,2758.5
0.151209,2758.75
0.152488,2759.0
0.151209,2759.25
0.153767,2759.5
0.151209,2759.75
0.152488,2760.0
0.152488,2760.25
0.152488,2760.5
0.152488,2760.75
0.152488,2761.0
0.151209,2761.25
0.152488,2761.5
0.152488,2761.75
0.153767,2762.0
0.152488,2762.25
0.152488,2762.5
0.152488,2762.75
0.152488,2763.0
0.152488,2763.25
0.152488,2763.5
0.151209,2763.75
0.153767,2764.0
0.14993,2764.25
0.152488,2764.5
0.152488,2764.75
0.14993,2765.0
0.14993,2765.25
0.151209,2765.5
0.152488,2765.75
0.152488,2766.0
0.152488,2766.25
0.152488,2766.5
0.152488,2766.75
0.152488,2767.0
0.152488,2767.25
0.152488,2767.5
0.153767,2767.75
0.153767,2768.0
0.153767,2768.25
0.153767,2768.5
0.153767,2768.75
0.152488,2769.0
0.151209,2769.25
0.152488,2769.5
0.151209,2769.75
0.153767,2770.0
0.153767,2770.25
0.147372,2770.5
0.155047,2770.75
0.152488,2771.0
0.152488,2771.25
0.151209,2771.5
0.153767,2771.75
0.151209,2772.0
0.152488,2772.25
0.14993,2772.5
0.152488,2772.75
0.152488,2773.0
0.153767,2773.25
0.151209,2773.5
0.153767,2773.75
0.152488,2774.0
0.152488,2774.25
0.151209,2774.5
0.152488,2774.75
0.151209,2775.0
0.151209,2775.25
0.152488,2775.5
0.151209,2775.75
0.152488,2776.0
0.152488,2776.25
0.152488,2776.5
0.156326,2776.75
0.153767,2777.0
0.153767,2777.25
0.152488,2777.5
0.153767,2777.75
0.156326,2778.0
0.153767,2778.25
0.153767,2778.5
0.155047,2778.75
0.153767,2779.0
0.153767,2779.25
0.155047,2779.5
0.156326,2779.75
0.155047,2780.0
0.152488,2780.25
0.155047,2780.5
0.151209,2780.75
0.155047,2781.0
0.147372,2781.25
0.152488,2781.5
0.151209,2781.75
0.152488,2782.0
0.153767,2782.25
0.152488,2782.5
0.152488,2782.75
0.152488,2783.0
0.151209,2783.25
0.151209,2783.5
0.152488,2783.75
0.151209,2784.0
0.152488,2784.25
0.153767,2784.5
0.153767,2784.75
0.151209,2785.0
0.152488,2785.25
0.152488,2785.5
0.151209,2785.75
0.152488,2786.0
0.151209,2786.25
0.155047,2786.5
0.153767,2786.75
0.155047,2787.0
0.153767,2787.25
0.153767,2787.5
0.155047,2787.75
0.155047,2788.0
0.153767,2788.25
0.151209,2788.5
0.152488,2788.75
0.151209,2789.0
0.152488,2789.25
0.153767,2789.5
0.153767,2789.75
0.152488,2790.0
0.152488,2790.25
0.155047,2790.5
0.152488,2790.75
0.155047,2791.0
0.153767,2791.25
0.153767,2791.5
0.151209,2791.75
0.153767,2792.0
0.153767,2792.25
0.152488,2792.5
0.155047,2792.75
0.153767,2793.0
0.155047,2793.25
0.153767,2793.5
0.155047,2793.75
0.152488,2794.0
0.152488,2794.25
0.144813,2794.5
0.155047,2794.75
0.153767,2795.0
0.153767,2795.25
0.153767,2795.5
0.155047,2795.75
0.156326,2796.0
0.156326,2796.25
0.153767,2796.5
0.155047,2796.75
0.153767,2797.0
0.153767,2797.25
0.153767,2797.5
0.155047,2797.75
0.153767,2798.0
0.155047,2798.25
0.152488,2798.5
0.155047,2798.75
0.155047,2799.0
0.156326,2799.25
0.153767,2799.5
0.155047,2799.75
0.153767,2800.0
0.156326,2800.25
0.153767,2800.5
0.156326,2800.75
0.152488,2801.0
0.155047,2801.25
0.155047,2801.5
0.156326,2801.75
0.155047,2802.0
0.155047,2802.25
0.155047,2802.5
0.155047,2802.75
0.156326,2803.0
0.156326,2803.25
0.155047,2803.5
0.155047,2803.75
0.155047,2804.0
0.155047,2804.25
0.155047,2804.5
0.155047,2804.75
0.151209,2805.0
0.156326,2805.25
0.152488,2805.5
0.153767,2805.75
0.155047,2806.0
0.153767,2806.25
0.153767,2806.5
0.156326,2806.75
0.153767,2807.0
0.155047,2807.25
0.156326,2807.5
0.156326,2807.75
0.153767,2808.0
0.153767,2808.25
0.153767,2808.5
0.155047,2808.75
0.155047,2809.0
0.153767,2809.25
0.153767,2809.5
0.156326,2809.75
0.153767,2810.0
0.155047,2810.25
0.155047,2810.5
0.155047,2810.75
0.152488,2811.0
0.155047,2811.25
0.153767,2811.5
0.155047,2811.75
0.155047,2812.0
0.155047,2812.25
0.155047,2812.5
0.156326,2812.75
0.153767,2813.0
0.153767,2813.25
0.153767,2813.5
0.152488,2813.75
0.153767,2814.0
0.153767,2814.25
0.155047,2814.5
0.156326,2814.75
0.155047,2815.0
0.156326,2815.25
0.155047,2815.5
0.156326,2815.75
0.153767,2816.0
0.155047,2816.25
0.152488,2816.5
0.156326,2816.75
0.152488,2817.0
0.155047,2817.25
0.155047,2817.5
0.156326,2817.75
0.156326,2818.0
0.155047,2818.25
0.155047,2818.5
0.155047,2818.75
0.156326,2819.0
0.155047,2819.25
0.156326,2819.5
0.155047,2819.75
0.156326,2820.0
0.156326,2820.25
0.155047,2820.5
0.157605,2820.75
0.155047,2821.0
0.156326,2821.25
0.155047,2821.5
0.156326,2821.75
0.153767,2822.0
0.156326,2822.25
0.155047,2822.5
0.156326,2822.75
0.155047,2823.0
0.156326,2823.25
0.156326,2823.5
0.156326,2823.75
0.156326,2824.0
0.156326,2824.25
0.155047,2824.5
0.156326,2824.75
0.147372,2825.0
0.155047,2825.25
0.151209,2825.5
0.156326,2825.75
0.156326,2826.0
0.156326,2826.25
0.156326,2826.5
0.157605,2826.75
0.156326,2827.0
0.156326,2827.25
0.155047,2827.5
0.155047,2827.75
0.157605,2828.0
0.156326,2828.25
0.155047,2828.5
0.156326,2828.75
0.157605,2829.0
0.157605,2829.25
0.156326,2829.5
0.156326,2829.75
0.156326,2830.0
0.156326,2830.25
0.157605,2830.5
0.157605,2830.75
0.157605,2831.0
0.156326,2831.25
0.156326,2831.5
0.157605,2831.75
0.157605,2832.0
0.157605,2832.25
0.156326,2832.5
0.156326,2832.75
0.157605,2833.0
0.155047,2833.25
0.156326,2833.5
0.155047,2833.75
0.156326,2834.0
0.156326,2834.25
0.158884,2834.5
0.156326,2834.75
0.157605,2835.0
0.156326,2835.25
0.156326,2835.5
0.155047,2835.75
0.157605,2836.0
0.156326,2836.25
0.155047,2836.5
0.156326,2836.75
0.156326,2837.0
0.157605,2837.25
0.156326,2837.5
0.157605,2837.75
0.157605,2838.0
0.157605,2838.25
0.155047,2838.5
0.157605,2838.75
0.155047,2839.0
0.156326,2839.25
0.155047,2839.5
0.157605,2839.75
0.157605,2840.0
0.155047,2840.25
0.157605,2840.5
0.156326,2840.75
0.156326,2841.0
0.156326,2841.25
0.157605,2841.5
0.155047,2841.75
0.157605,2842.0
0.157605,2842.25
0.156326,2842.5
0.158884,2842.75
0.157605,2843.0
0.155047,2843.25
0.157605,2843.5
0.157605,2843.75
0.155047,2844.0
0.156326,2844.25
0.157605,2844.5
0.156326,2844.75
0.155047,2845.0
0.156326,2845.25
0.157605,2845.5
0.157605,2845.75
0.157605,2846.0
0.155047,2846.25
0.157605,2846.5
0.156326,2846.75
0.156326,2847.0
0.158884,2847.25
0.158884,2847.5
0.157605,2847.75
0.158884,2848.0
0.158884,2848.25
0.157605,2848.5
0.157605,2848.75
0.156326,2849.0
0.157605,2849.25
0.156326,2849.5
0.157605,2849.75
0.157605,2850.0
0.156326,2850.25
0.158884,2850.5
0.158884,2850.75
0.157605,2851.0
0.157605,2851.25
0.157605,2851.5
0.157605,2851.75
0.157605,2852.0
0.155047,2852.25
0.157605,2852.5
0.156326,2852.75
0.157605,2853.0
0.156326,2853.25
0.157605,2853.5
0.153767,2853.75
0.158884,2854.0
0.158884,2854.25
0.157605,2854.5
0.158884,2854.75
0.156326,2855.0
0.157605,2855.25
0.157605,2855.5
0.156326,2855.75
0.157605,2856.0
0.158884,2856.25
0.158884,2856.5
0.157605,2856.75
0.158884,2857.0
0.157605,2857.25
0.160163,2857.5
0.157605,2857.75
0.158884,2858.0
0.157605,2858.25
0.160163,2858.5
0.158884,2858.75
0.157605,2859.0
0.158884,2859.25
0.158884,2859.5
0.158884,2859.75
0.158884,2860.0
0.156326,2860.25
0.157605,2860.5
0.158884,2860.75
0.157605,2861.0
0.157605,2861.25
0.157605,2861.5
0.157605,2861.75
0.158884,2862.0
0.158884,2862.25
0.157605,2862.5
0.158884,2862.75
0.158884,2863.0
0.155047,2863.25
0.158884,2863.5
0.158884,2863.75
0.157605,2864.0
0.157605,2864.25
0.157605,2864.5
0.158884,2864.75
0.156326,2865.0
0.157605,2865.25
0.157605,2865.5
0.158884,2865.75
0.156326,2866.0
0.157605,2866.25
0.152488,2866.5
0.157605,2866.75
0.158884,2867.0
0.157605,2867.25
0.158884,2867.5
0.158884,2867.75
0.158884,2868.0
0.157605,2868.25
0.160163,2868.5
0.160163,2868.75
0.158884,2869.0
0.156326,2869.25
0.157605,2869.5
0.156326,2869.75
0.158884,2870.0
0.157605,2870.25
0.158884,2870.5
0.156326,2870.75
0.157605,2871.0
0.157605,2871.25
0.156326,2871.5
0.157605,2871.75
0.158884,2872.0
0.157605,2872.25
0.158884,2872.5
0.156326,2872.75
0.158884,2873.0
0.157605,2873.25
0.160163,2873.5
0.157605,2873.75
0.157605,2874.0
0.155047,2874.25
0.158884,2874.5
0.155047,2874.75
0.158884,2875.0
0.156326,2875.25
0.158884,2875.5
0.158884,2875.75
0.158884,2876.0
0.156326,2876.25
0.158884,2876.5
0.156326,2876.75
0.157605,2877.0
0.156326,2877.25
0.157605,2877.5
0.157605,2877.75
0.158884,2878.0
0.157605,2878.25
0.160163,2878.5
0.157605,2878.75
0.160163,2879.0
0.157605,2879.25
0.158884,2879.5
0.156326,2879.75
0.157605,2880.0
0.156326,2880.25
0.158884,2880.5
0.156326,2880.75
0.157605,2881.0
0.157605,2881.25
0.158884,2881.5
0.156326,2881.75
0.157605,2882.0
0.157605,2882.25
0.156326,2882.5
0.156326,2882.75
0.157605,2883.0
0.157605,2883.25
0.158884,2883.5
0.157605,2883.75
0.158884,2884.0
0.157605,2884.25
0.158884,2884.5
0.157605,2884.75
0.157605,2885.0
0.152488,2885.25
0.157605,2885.5
0.156326,2885.75
0.158884,2886.0
0.156326,2886.25
0.157605,2886.5
0.158884,2886.75
0.157605,2887.0
0.155047,2887.25
0.156326,2887.5
0.156326,2887.75
0.158884,2888.0
0.155047,2888.25
0.157605,2888.5
0.156326,2888.75
0.156326,2889.0
0.155047,2889.25
0.155047,2889.5
0.155047,2889.75
0.155047,2890.0
0.155047,2890.25
0.156326,2890.5
0.155047,2890.75
0.157605,2891.0
0.155047,2891.25
0.156326,2891.5
0.160163,2891.75
0.158884,2892.0
0.158884,2892.25
0.157605,2892.5
0.160163,2892.75
0.157605,2893.0
0.158884,2893.25
0.14993,2893.5
0.160163,2893.75
0.158884,2894.0
0.160163,2894.25
0.158884,2894.5
0.161442,2894.75
0.158884,2895.0
0.161442,2895.25
0.161442,2895.5
0.162722,2895.75
0.161442,2896.0
0.161442,2896.25
0.161442,2896.5
0.162722,2896.75
0.161442,2897.0
0.162722,2897.25
0.161442,2897.5
0.164001,2897.75
0.160163,2898.0
0.161442,2898.25
0.160163,2898.5
0.161442,2898.75
0.162722,2899.0
0.162722,2899.25
0.157605,2899.5
0.162722,2899.75
0.160163,2900.0
0.161442,2900.25
0.160163,2900.5
0.161442,2900.75
0.158884,2901.0
0.160163,2901.25
0.160163,2901.5
0.160163,2901.75
0.160163,2902.0
0.161442,2902.25
0.158884,2902.5
0.161442,2902.75
0.160163,2903.0
0.161442,2903.25
0.161442,2903.5
0.161442,2903.75
0.158884,2904.0
0.161442,2904.25
0.158884,2904.5
0.162722,2904.75
0.156326,2905.0
0.158884,2905.25
0.156326,2905.5
0.160163,2905.75
0.160163,2906.0
0.160163,2906.25
0.160163,2906.5
0.160163,2906.75
0.158884,2907.0
0.158884,2907.25
0.158884,2907.5
0.158884,2907.75
0.157605,2908.0
0.160163,2908.25
0.158884,2908.5
0.161442,2908.75
0.157605,2909.0
0.160163,2909.25
0.157605,2909.5
0.160163,2909.75
0.156326,2910.0
0.157605,2910.25
0.158884,2910.5
0.160163,2910.75
0.158884,2911.0
0.158884,2911.25
0.161442,2911.5
0.158884,2911.75
0.158884,2912.0
0.158884,2912.25
0.158884,2912.5
0.158884,2912.75
0.158884,2913.0
0.158884,2913.25
0.152488,2913.5
0.160163,2913.75
0.158884,2914.0
0.160163,2914.25
0.158884,2914.5
0.160163,2914.75
0.157605,2915.0
0.161442,2915.25
0.158884,2915.5
0.160163,2915.75
0.158884,2916.0
0.160163,2916.25
0.158884,2916.5
0.160163,2916.75
0.160163,2917.0
0.158884,2917.25
0.158884,2917.5
0.160163,2917.75
0.160163,2918.0
0.158884,2918.25
0.160163,2918.5
0.162722,2918.75
0.161442,2919.0
0.162722,2919.25
0.162722,2919.5
0.162722,2919.75
0.162722,2920.0
0.153767,2920.25
0.160163,2920.5
0.161442,2920.75
0.160163,2921.0
0.161442,2921.25
0.160163,2921.5
0.161442,2921.75
0.162722,2922.0
0.161442,2922.25
0.161442,2922.5
0.160163,2922.75
0.160163,2923.0
0.158884,2923.25
0.161442,2923.5
0.160163,2923.75
0.161442,2924.0
0.161442,2924.25
0.161442,2924.5
0.162722,2924.75
0.157605,2925.0
0.161442,2925.25
0.160163,2925.5
0.161442,2925.75
0.161442,2926.0
0.160163,2926.25
0.164001,2926.5
0.161442,2926.75
0.162722,2927.0
0.161442,2927.25
0.161442,2927.5
0.161442,2927.75
0.161442,2928.0
0.160163,2928.25
0.161442,2928.5
0.161442,2928.75
0.161442,2929.0
0.160163,2929.25
0.158884,2929.5
0.155047,2929.75
0.158884,2930.0
0.155047,2930.25
0.160163,2930.5
0.155047,2930.75
0.160163,2931.0
0.156326,2931.25
0.160163,2931.5
0.155047,2931.75
0.160163,2932.0
0.160163,2932.25
0.160163,2932.5
0.160163,2932.75
0.158884,2933.0
0.160163,2933.25
0.160163,2933.5
0.161442,2933.75
0.160163,2934.0
0.158884,2934.25
0.158884,2934.5
0.158884,2934.75
0.158884,2935.0
0.158884,2935.25
0.161442,2935.5
0.160163,2935.75
0.158884,2936.0
0.160163,2936.25
0.160163,2936.5
0.160163,2936.75
0.160163,2937.0
0.160163,2937.25
0.157605,2937.5
0.161442,2937.75
0.160163,2938.0
0.160163,2938.25
0.160163,2938.5
0.162722,2938.75
0.162722,2939.0
0.160163,2939.25
0.161442,2939.5
0.155047,2939.75
0.161442,2940.0
0.160163,2940.25
0.162722,2940.5
0.160163,2940.75
0.161442,2941.0
0.161442,2941.25
0.160163,2941.5
0.164001,2941.75
0.161442,2942.0
0.161442,2942.25
0.160163,2942.5
0.161442,2942.75
0.152488,2943.0
0.162722,2943.25
0.160163,2943.5
0.162722,2943.75
0.162722,2944.0
0.162722,2944.25
0.161442,2944.5
0.164001,2944.75
0.157605,2945.0
0.160163,2945.25
0.161442,2945.5
0.161442,2945.75
0.162722,2946.0
0.162722,2946.25
0.162722,2946.5
0.164001,2946.75
0.161442,2947.0
0.162722,2947.25
0.162722,2947.5
0.164001,2947.75
0.160163,2948.0
0.162722,2948.25
0.158884,2948.5
0.160163,2948.75
0.158884,2949.0
0.161442,2949.25
0.160163,2949.5
0.160163,2949.75
0.161442,2950.0
0.162722,2950.25
0.161442,2950.5
0.160163,2950.75
0.160163,2951.0
0.160163,2951.25
0.161442,2951.5
0.161442,2951.75
0.160163,2952.0
0.161442,2952.25
0.160163,2952.5
0.162722,2952.75
0.161442,2953.0
0.161442,2953.25
0.160163,2953.5
0.162722,2953.75
0.158884,2954.0
0.160163,2954.25
0.160163,2954.5
0.161442,2954.75
0.160163,2955.0
0.161442,2955.25
0.161442,2955.5
0.161442,2955.75
0.160163,2956.0
0.160163,2956.25
0.161442,2956.5
0.155047,2956.75
0.158884,2957.0
0.160163,2957.25
0.160163,2957.5
0.160163,2957.75
0.160163,2958.0
0.161442,2958.25
0.158884,2958.5
0.160163,2958.75
0.160163,2959.0
0.160163,2959.25
0.157605,2959.5
0.160163,2959.75
0.160163,2960.0
0.160163,2960.25
0.160163,2960.5
0.160163,2960.75
0.158884,2961.0
0.160163,2961.25
0.158884,2961.5
0.160163,2961.75
0.160163,2962.0
0.158884,2962.25
0.158884,2962.5
0.160163,2962.75
0.161442,2963.0
0.158884,2963.25
0.161442,2963.5
0.160163,2963.75
0.160163,2964.0
0.158884,2964.25
0.158884,2964.5
0.161442,2964.75
0.156326,2965.0
0.160163,2965.25
0.158884,2965.5
0.158884,2965.75
0.158884,2966.0
0.158884,2966.25
0.160163,2966.5
0.160163,2966.75
0.158884,2967.0
0.158884,2967.25
0.158884,2967.5
0.157605,2967.75
0.158884,2968.0
0.157605,2968.25
0.157605,2968.5
0.158884,2968.75
0.158884,2969.0
0.160163,2969.25
0.158884,2969.5
0.158884,2969.75
0.157605,2970.0
0.158884,2970.25
0.161442,2970.5
0.158884,2970.75
0.158884,2971.0
0.157605,2971.25
0.157605,2971.5
0.157605,2971.75
0.157605,2972.0
0.158884,2972.25
0.157605,2972.5
0.157605,2972.75
0.158884,2973.0
0.157605,2973.25
0.157605,2973.5
0.158884,2973.75
0.157605,2974.0
0.158884,2974.25
0.157605,2974.5
0.161442,2974.75
0.158884,2975.0
0.158884,2975.25
0.158884,2975.5
0.157605,2975.75
0.156326,2976.0
0.157605,2976.25
0.157605,2976.5
0.157605,2976.75
0.158884,2977.0
0.158884,2977.25
0.158884,2977.5
0.160163,2977.75
0.156326,2978.0
0.156326,2978.25
0.157605,2978.5
0.155047,2978.75
0.157605,2979.0
0.157605,2979.25
0.157605,2979.5
0.157605,2979.75
0.157605,2980.0
0.156326,2980.25
0.157605,2980.5
0.158884,2980.75
0.156326,2981.0
0.157605,2981.25
0.156326,2981.5
0.157605,2981.75
0.155047,2982.0
0.157605,2982.25
0.156326,2982.5
0.158884,2982.75
0.157605,2983.0
0.156326,2983.25
0.155047,2983.5
0.156326,2983.75
0.156326,2984.0
0.155047,2984.25
0.155047,2984.5
0.156326,2984.75
0.153767,2985.0
0.156326,2985.25
0.156326,2985.5
0.158884,2985.75
0.157605,2986.0
0.157605,2986.25
0.152488,2986.5
0.157605,2986.75
0.155047,2987.0
0.157605,2987.25
0.156326,2987.5
0.156326,2987.75
0.157605,2988.0
0.157605,2988.25
0.158884,2988.5
0.156326,2988.75
0.156326,2989.0
0.155047,2989.25
0.157605,2989.5
0.156326,2989.75
0.156326,2990.0
0.156326,2990.25
0.157605,2990.5
0.156326,2990.75
0.157605,2991.0
0.158884,2991.25
0.158884,2991.5
0.156326,2991.75
0.156326,2992.0
0.155047,2992.25
0.156326,2992.5
0.156326,2992.75
0.157605,2993.0
0.156326,2993.25
0.158884,2993.5
0.151209,2993.75
0.157605,2994.0
0.157605,2994.25
0.157605,2994.5
0.155047,2994.75
0.155047,2995.0
0.155047,2995.25
0.156326,2995.5
0.155047,2995.75
0.156326,2996.0
0.155047,2996.25
0.156326,2996.5
0.158884,2996.75
0.156326,2997.0
0.157605,2997.25
0.155047,2997.5
0.157605,2997.75
0.153767,2998.0
0.155047,2998.25
0.156326,2998.5
0.14993,2998.75
0.155047,2999.0
0.156326,2999.25
0.156326,2999.5
0.157605,2999.75
0.155047,3000.0
0.156326,3000.25
0.155047,3000.5
0.153767,3000.75
0.155047,3001.0
0.155047,3001.25
0.148651,3001.5
0.155047,3001.75
0.155047,3002.0
0.155047,3002.25
0.155047,3002.5
0.153767,3002.75
0.153767,3003.0
0.155047,3003.25
0.153767,3003.5
0.156326,3003.75
0.156326,3004.0
0.155047,3004.25
0.155047,3004.5
0.155047,3004.75
0.151209,3005.0
0.155047,3005.25
0.156326,3005.5
0.153767,3005.75
0.155047,3006.0
0.148651,3006.25
0.155047,3006.5
0.153767,3006.75
0.155047,3007.0
0.155047,3007.25
0.153767,3007.5
0.155047,3007.75
0.155047,3008.0
0.155047,3008.25
0.155047,3008.5
0.153767,3008.75
0.153767,3009.0
0.155047,3009.25
0.155047,3009.5
0.155047,3009.75
0.155047,3010.0
0.153767,3010.25
0.156326,3010.5
0.155047,3010.75
0.153767,3011.0
0.153767,3011.25
0.155047,3011.5
0.153767,3011.75
0.155047,3012.0
0.153767,3012.25
0.156326,3012.5
0.153767,3012.75
0.156326,3013.0
0.155047,3013.25
0.155047,3013.5
0.153767,3013.75
0.153767,3014.0
0.153767,3014.25
0.152488,3014.5
0.148651,3014.75
0.152488,3015.0
0.155047,3015.25
0.152488,3015.5
0.152488,3015.75
0.152488,3016.0
0.152488,3016.25
0.152488,3016.5
0.152488,3016.75
0.151209,3017.0
0.151209,3017.25
0.153767,3017.5
0.153767,3017.75
0.151209,3018.0
0.153767,3018.25
0.153767,3018.5
0.155047,3018.75
0.153767,3019.0
0.153767,3019.25
0.152488,3019.5
0.152488,3019.75
0.146092,3020.0
0.153767,3020.25
0.153767,3020.5
0.151209,3020.75
0.152488,3021.0
0.152488,3021.25
0.152488,3021.5
0.151209,3021.75
0.151209,3022.0
0.14993,3022.25
0.151209,3022.5
0.14993,3022.75
0.152488,3023.0
0.151209,3023.25
0.152488,3023.5
0.151209,3023.75
0.152488,3024.0
0.147372,3024.25
0.152488,3024.5
0.152488,3024.75
0.14993,3025.0
0.151209,3025.25
0.151209,3025.5
0.153767,3025.75
0.152488,3026.0
0.151209,3026.25
0.152488,3026.5
0.151209,3026.75
0.152488,3027.0
0.152488,3027.25
0.151209,3027.5
0.14993,3027.75
0.151209,3028.0
0.151209,3028.25
0.151209,3028.5
0.153767,3028.75
0.152488,3029.0
0.151209,3029.25
0.151209,3029.5
0.153767,3029.75
0.151209,3030.0
0.151209,3030.25
0.14993,3030.5
0.152488,3030.75
0.14993,3031.0
0.151209,3031.25
0.14993,3031.5
0.152488,3031.75
0.151209,3032.0
0.151209,3032.25
0.152488,3032.5
0.153767,3032.75
0.152488,3033.0
0.152488,3033.25
0.151209,3033.5
0.151209,3033.75
0.152488,3034.0
0.152488,3034.25
0.151209,3034.5
0.153767,3034.75
0.152488,3035.0
0.152488,3035.25
0.151209,3035.5
0.152488,3035.75
0.151209,3036.0
0.152488,3036.25
0.14993,3036.5
0.152488,3036.75
0.151209,3037.0
0.151209,3037.25
0.144813,3037.5
0.152488,3037.75
0.147372,3038.0
0.152488,3038.25
0.151209,3038.5
0.14993,3038.75
0.151209,3039.0
0.151209,3039.25
0.152488,3039.5
0.151209,3039.75
0.14993,3040.0
0.152488,3040.25
0.144813,3040.5
0.153767,3040.75
0.144813,3041.0
0.151209,3041.25
0.144813,3041.5
0.152488,3041.75
0.147372,3042.0
0.151209,3042.25
0.144813,3042.5
0.151209,3042.75
0.146092,3043.0
0.151209,3043.25
0.146092,3043.5
0.153767,3043.75
0.14993,3044.0
0.151209,3044.25
0.14993,3044.5
0.151209,3044.75
0.147372,3045.0
0.14993,3045.25
0.14993,3045.5
0.151209,3045.75
0.152488,3046.0
0.152488,3046.25
0.151209,3046.5
0.152488,3046.75
0.14993,3047.0
0.151209,3047.25
0.14993,3047.5
0.152488,3047.75
0.14993,3048.0
0.152488,3048.25
0.152488,3048.5
0.152488,3048.75
0.152488,3049.0
0.152488,3049.25
0.151209,3049.5
0.153767,3049.75
0.144813,3050.0
0.14993,3050.25
0.152488,3050.5
0.152488,3050.75
0.152488,3051.0
0.152488,3051.25
0.151209,3051.5
0.153767,3051.75
0.152488,3052.0
0.152488,3052.25
0.151209,3052.5
0.152488,3052.75
0.151209,3053.0
0.152488,3053.25
0.146092,3053.5
0.152488,3053.75
0.146092,3054.0
0.152488,3054.25
0.147372,3054.5
0.152488,3054.75
0.144813,3055.0
0.14993,3055.25
0.146092,3055.5
0.151209,3055.75
0.144813,3056.0
0.151209,3056.25
0.144813,3056.5
0.152488,3056.75
0.144813,3057.0
0.151209,3057.25
0.144813,3057.5
0.14993,3057.75
0.151209,3058.0
0.151209,3058.25
0.14993,3058.5
0.152488,3058.75
0.146092,3059.0
0.152488,3059.25
0.146092,3059.5
0.152488,3059.75
0.152488,3060.0
0.152488,3060.25
0.152488,3060.5
0.153767,3060.75
0.152488,3061.0
0.151209,3061.25
0.151209,3061.5
0.152488,3061.75
0.151209,3062.0
0.152488,3062.25
0.152488,3062.5
0.153767,3062.75
0.151209,3063.0
0.152488,3063.25
0.151209,3063.5
0.152488,3063.75
0.14993,3064.0
0.151209,3064.25
0.152488,3064.5
0.152488,3064.75
0.148651,3065.0
0.152488,3065.25
0.155047,3065.5
0.153767,3065.75
0.152488,3066.0
0.152488,3066.25
0.152488,3066.5
0.152488,3066.75
0.152488,3067.0
0.152488,3067.25
0.152488,3067.5
0.153767,3067.75
0.152488,3068.0
0.152488,3068.25
0.152488,3068.5
0.153767,3068.75
0.152488,3069.0
0.147372,3069.25
0.144813,3069.5
0.152488,3069.75
0.152488,3070.0
0.152488,3070.25
0.151209,3070.5
0.151209,3070.75
0.153767,3071.0
0.152488,3071.25
0.151209,3071.5
0.152488,3071.75
0.151209,3072.0
0.151209,3072.25
0.151209,3072.5
0.151209,3072.75
0.152488,3073.0
0.152488,3073.25
0.151209,3073.5
0.153767,3073.75
0.151209,3074.0
0.152488,3074.25
0.14993,3074.5
0.153767,3074.75
0.14993,3075.0
0.153767,3075.25
0.152488,3075.5
0.152488,3075.75
0.152488,3076.0
0.153767,3076.25
0.152488,3076.5
0.153767,3076.75
0.151209,3077.0
0.152488,3077.25
0.152488,3077.5
0.152488,3077.75
0.151209,3078.0
0.152488,3078.25
0.151209,3078.5
0.153767,3078.75
0.151209,3079.0
0.153767,3079.25
0.151209,3079.5
0.153767,3079.75
0.151209,3080.0
0.152488,3080.25
0.152488,3080.5
0.155047,3080.75
0.151209,3081.0
0.153767,3081.25
0.152488,3081.5
0.152488,3081.75
0.147372,3082.0
0.153767,3082.25
0.146092,3082.5
0.151209,3082.75
0.151209,3083.0
0.14993,3083.25
0.14993,3083.5
0.151209,3083.75
0.14993,3084.0
0.148651,3084.25
0.147372,3084.5
0.148651,3084.75
0.144813,3085.0
0.147372,3085.25
0.151209,3085.5
0.153767,3085.75
0.153767,3086.0
0.153767,3086.25
0.153767,3086.5
0.152488,3086.75
0.153767,3087.0
0.152488,3087.25
0.153767,3087.5
0.153767,3087.75
0.153767,3088.0
0.152488,3088.25
0.153767,3088.5
0.151209,3088.75
0.152488,3089.0
0.146092,3089.25
0.152488,3089.5
0.152488,3089.75
0.152488,3090.0
0.152488,3090.25
0.151209,3090.5
0.148651,3090.75
0.148651,3091.0
0.155047,3091.25
0.152488,3091.5
0.155047,3091.75
0.156326,3092.0
0.155047,3092.25
0.151209,3092.5
0.14993,3092.75
0.151209,3093.0
0.153767,3093.25
0.152488,3093.5
0.152488,3093.75
0.14993,3094.0
0.148651,3094.25
0.147372,3094.5
0.147372,3094.75
0.148651,3095.0
0.148651,3095.25
0.152488,3095.5
0.156326,3095.75
0.153767,3096.0
0.153767,3096.25
0.14993,3096.5
0.152488,3096.75
0.14993,3097.0
0.151209,3097.25
0.14993,3097.5
0.152488,3097.75
0.14993,3098.0
0.152488,3098.25
0.155047,3098.5
0.153767,3098.75
0.155047,3099.0
0.155047,3099.25
0.155047,3099.5
0.153767,3099.75
0.155047,3100.0
0.153767,3100.25
0.153767,3100.5
0.155047,3100.75
0.153767,3101.0
0.153767,3101.25
0.153767,3101.5
0.153767,3101.75
0.151209,3102.0
0.153767,3102.25
0.151209,3102.5
0.155047,3102.75
0.153767,3103.0
0.153767,3103.25
0.151209,3103.5
0.153767,3103.75
0.152488,3104.0
0.153767,3104.25
0.153767,3104.5
0.152488,3104.75
0.151209,3105.0
0.153767,3105.25
0.155047,3105.5
0.153767,3105.75
0.153767,3106.0
0.153767,3106.25
0.153767,3106.5
0.156326,3106.75
0.155047,3107.0
0.153767,3107.25
0.153767,3107.5
0.155047,3107.75
0.152488,3108.0
0.155047,3108.25
0.155047,3108.5
0.155047,3108.75
0.155047,3109.0
0.155047,3109.25
0.155047,3109.5
0.153767,3109.75
0.153767,3110.0
0.153767,3110.25
0.153767,3110.5
0.153767,3110.75
0.152488,3111.0
0.153767,3111.25
0.153767,3111.5
0.153767,3111.75
0.153767,3112.0
0.155047,3112.25
0.155047,3112.5
0.155047,3112.75
0.155047,3113.0
0.153767,3113.25
0.152488,3113.5
0.155047,3113.75
0.152488,3114.0
0.153767,3114.25
0.14993,3114.5
0.156326,3114.75
0.156326,3115.0
0.155047,3115.25
0.155047,3115.5
0.156326,3115.75
0.148651,3116.0
0.152488,3116.25
0.156326,3116.5
0.155047,3116.75
0.153767,3117.0
0.153767,3117.25
0.155047,3117.5
0.155047,3117.75
0.153767,3118.0
0.153767,3118.25
0.152488,3118.5
0.153767,3118.75
0.153767,3119.0
0.153767,3119.25
0.155047,3119.5
0.153767,3119.75
0.153767,3120.0
0.156326,3120.25
0.155047,3120.5
0.153767,3120.75
0.155047,3121.0
0.152488,3121.25
0.153767,3121.5
0.152488,3121.75
0.153767,3122.0
0.151209,3122.25
0.153767,3122.5
0.155047,3122.75
0.155047,3123.0
0.155047,3123.25
0.153767,3123.5
0.153767,3123.75
0.153767,3124.0
0.153767,3124.25
0.152488,3124.5
0.155047,3124.75
0.152488,3125.0
0.155047,3125.25
0.155047,3125.5
0.153767,3125.75
0.156326,3126.0
0.153767,3126.25
0.155047,3126.5
0.155047,3126.75
0.156326,3127.0
0.153767,3127.25
0.155047,3127.5
0.156326,3127.75
0.156326,3128.0
0.155047,3128.25
0.155047,3128.5
0.155047,3128.75
0.155047,3129.0
0.153767,3129.25
0.153767,3129.5
0.153767,3129.75
0.153767,3130.0
0.155047,3130.25
0.155047,3130.5
0.153767,3130.75
0.155047,3131.0
0.153767,3131.25
0.155047,3131.5
0.156326,3131.75
0.156326,3132.0
0.153767,3132.25
0.155047,3132.5
0.153767,3132.75
0.155047,3133.0
0.153767,3133.25
0.153767,3133.5
0.156326,3133.75
0.156326,3134.0
0.156326,3134.25
0.156326,3134.5
0.155047,3134.75
0.156326,3135.0
0.155047,3135.25
0.155047,3135.5
0.156326,3135.75
0.156326,3136.0
0.156326,3136.25
0.155047,3136.5
0.155047,3136.75
0.158884,3137.0
0.157605,3137.25
0.158884,3137.5
0.155047,3137.75
0.157605,3138.0
0.157605,3138.25
0.158884,3138.5
0.157605,3138.75
0.158884,3139.0
0.158884,3139.25
0.160163,3139.5
0.160163,3139.75
0.160163,3140.0
0.158884,3140.25
0.158884,3140.5
0.157605,3140.75
0.157605,3141.0
0.157605,3141.25
0.158884,3141.5
0.160163,3141.75
0.162722,3142.0
0.164001,3142.25
0.164001,3142.5
0.164001,3142.75
0.164001,3143.0
0.164001,3143.25
0.164001,3143.5
0.162722,3143.75
0.16528,3144.0
0.16528,3144.25
0.16528,3144.5
0.16528,3144.75
0.164001,3145.0
0.166559,3145.25
0.16528,3145.5
0.166559,3145.75
0.166559,3146.0
0.167838,3146.25
0.167838,3146.5
0.167838,3146.75
0.167838,3147.0
0.167838,3147.25
0.170397,3147.5
0.170397,3147.75
0.170397,3148.0
0.170397,3148.25
0.170397,3148.5
0.170397,3148.75
0.170397,3149.0
0.169117,3149.25
0.170397,3149.5
0.170397,3149.75
0.170397,3150.0
0.170397,3150.25
0.170397,3150.5
0.172955,3150.75
0.171676,3151.0
0.170397,3151.25
0.170397,3151.5
0.171676,3151.75
0.170397,3152.0
0.171676,3152.25
0.170397,3152.5
0.170397,3152.75
0.171676,3153.0
0.170397,3153.25
0.171676,3153.5
0.171676,3153.75
0.171676,3154.0
0.169117,3154.25
0.170397,3154.5
0.170397,3154.75
0.171676,3155.0
0.167838,3155.25
0.171676,3155.5
0.170397,3155.75
0.171676,3156.0
0.171676,3156.25
0.171676,3156.5
0.171676,3156.75
0.171676,3157.0
0.169117,3157.25
0.170397,3157.5
0.171676,3157.75
0.171676,3158.0
0.170397,3158.25
0.174234,3158.5
0.171676,3158.75
0.172955,3159.0
0.171676,3159.25
0.171676,3159.5
0.170397,3159.75
0.171676,3160.0
0.167838,3160.25
0.171676,3160.5
0.172955,3160.75
0.171676,3161.0
0.16528,3161.25
0.171676,3161.5
0.16528,3161.75
0.172955,3162.0
0.172955,3162.25
0.171676,3162.5
0.171676,3162.75
0.170397,3163.0
0.170397,3163.25
0.171676,3163.5
0.171676,3163.75
0.171676,3164.0
0.171676,3164.25
0.172955,3164.5
0.171676,3164.75
0.167838,3165.0
0.169117,3165.25
0.169117,3165.5
0.169117,3165.75
0.171676,3166.0
0.170397,3166.25
0.171676,3166.5
0.172955,3166.75
0.16528,3167.0
0.160163,3167.25
0.158884,3167.5
0.158884,3167.75
0.157605,3168.0
0.157605,3168.25
0.156326,3168.5
0.157605,3168.75
0.157605,3169.0
0.157605,3169.25
0.155047,3169.5
0.157605,3169.75
0.158884,3170.0
0.157605,3170.25
0.156326,3170.5
0.157605,3170.75
0.156326,3171.0
0.155047,3171.25
0.156326,3171.5
0.156326,3171.75
0.157605,3172.0
0.157605,3172.25
0.155047,3172.5
0.157605,3172.75
0.155047,3173.0
0.153767,3173.25
0.153767,3173.5
0.155047,3173.75
0.156326,3174.0
0.153767,3174.25
0.155047,3174.5
0.155047,3174.75
0.155047,3175.0
0.155047,3175.25
0.156326,3175.5
0.155047,3175.75
0.155047,3176.0
0.153767,3176.25
0.155047,3176.5
0.153767,3176.75
0.155047,3177.0
0.155047,3177.25
0.155047,3177.5
0.148651,3177.75
0.156326,3178.0
0.14993,3178.25
0.155047,3178.5
0.156326,3178.75
0.155047,3179.0
0.153767,3179.25
0.153767,3179.5
0.155047,3179.75
0.152488,3180.0
0.153767,3180.25
0.153767,3180.5
0.153767,3180.75
0.155047,3181.0
0.153767,3181.25
0.153767,3181.5
0.153767,3181.75
0.153767,3182.0
0.153767,3182.25
0.155047,3182.5
0.153767,3182.75
0.153767,3183.0
0.152488,3183.25
0.153767,3183.5
0.153767,3183.75
0.155047,3184.0
0.151209,3184.25
0.153767,3184.5
0.152488,3184.75
0.14993,3185.0
0.153767,3185.25
0.155047,3185.5
0.156326,3185.75
0.153767,3186.0
0.153767,3186.25
0.155047,3186.5
0.152488,3186.75
0.147372,3187.0
0.143534,3187.25
0.144813,3187.5
0.146092,3187.75
0.14993,3188.0
0.148651,3188.25
0.151209,3188.5
0.152488,3188.75
0.152488,3189.0
0.152488,3189.25
0.153767,3189.5
0.152488,3189.75
0.152488,3190.0
0.152488,3190.25
0.151209,3190.5
0.152488,3190.75
0.153767,3191.0
0.153767,3191.25
0.153767,3191.5
0.152488,3191.75
0.152488,3192.0
0.153767,3192.25
0.153767,3192.5
0.152488,3192.75
0.153767,3193.0
0.151209,3193.25
0.153767,3193.5
0.153767,3193.75
0.153767,3194.0
0.153767,3194.25
0.155047,3194.5
0.155047,3194.75
0.155047,3195.0
0.155047,3195.25
0.153767,3195.5
0.151209,3195.75
0.155047,3196.0
0.156326,3196.25
0.162722,3196.5
0.169117,3196.75
0.164001,3197.0
0.169117,3197.25
0.172955,3197.5
0.171676,3197.75
0.171676,3198.0
0.174234,3198.25
0.172955,3198.5
0.172955,3198.75
0.174234,3199.0
0.174234,3199.25
0.167838,3199.5
0.175513,3199.75
0.169117,3200.0
0.175513,3200.25
0.169117,3200.5
0.175513,3200.75
0.175513,3201.0
0.175513,3201.25
0.172955,3201.5
0.175513,3201.75
0.174234,3202.0
0.174234,3202.25
0.174234,3202.5
0.176793,3202.75
0.176793,3203.0
0.179351,3203.25
0.183188,3203.5
0.184468,3203.75
0.170397,3204.0
0.160163,3204.25
0.158884,3204.5
0.160163,3204.75
0.156326,3205.0
0.161442,3205.25
0.16528,3205.5
0.167838,3205.75
0.158884,3206.0
0.161442,3206.25
0.161442,3206.5
0.161442,3206.75
0.152488,3207.0
0.148651,3207.25
0.146092,3207.5
0.146092,3207.75
0.146092,3208.0
0.147372,3208.25
0.147372,3208.5
0.147372,3208.75
0.147372,3209.0
0.161442,3209.25
0.162722,3209.5
0.160163,3209.75
0.148651,3210.0
0.153767,3210.25
0.14993,3210.5
0.161442,3210.75
0.167838,3211.0
0.169117,3211.25
0.167838,3211.5
0.167838,3211.75
0.164001,3212.0
0.151209,3212.25
0.152488,3212.5
0.153767,3212.75
0.162722,3213.0
0.162722,3213.25
0.156326,3213.5
0.151209,3213.75
0.166559,3214.0
0.169117,3214.25
0.175513,3214.5
0.171676,3214.75
0.169117,3215.0
0.16528,3215.25
0.155047,3215.5
0.153767,3215.75
0.153767,3216.0
0.151209,3216.25
0.151209,3216.5
0.151209,3216.75
0.14993,3217.0
0.147372,3217.25
0.148651,3217.5
0.148651,3217.75
0.138417,3218.0
0.144813,3218.25
0.146092,3218.5
0.144813,3218.75
0.144813,3219.0
0.143534,3219.25
0.144813,3219.5
0.143534,3219.75
0.143534,3220.0
0.142255,3220.25
0.142255,3220.5
0.142255,3220.75
0.142255,3221.0
0.139696,3221.25
0.143534,3221.5
0.144813,3221.75
0.142255,3222.0
0.143534,3222.25
0.142255,3222.5
0.140976,3222.75
0.140976,3223.0
0.142255,3223.25
0.140976,3223.5
0.142255,3223.75
0.143534,3224.0
0.139696,3224.25
0.140976,3224.5
0.139696,3224.75
0.137138,3225.0
0.151209,3225.25
0.151209,3225.5
0.143534,3225.75
0.140976,3226.0
0.137138,3226.25
0.139696,3226.5
0.152488,3226.75
0.153767,3227.0
0.153767,3227.25
0.156326,3227.5
0.156326,3227.75
0.156326,3228.0
0.14993,3228.25
0.156326,3228.5
0.155047,3228.75
0.155047,3229.0
0.160163,3229.25
0.160163,3229.5
0.160163,3229.75
0.157605,3230.0
0.162722,3230.25
0.164001,3230.5
0.166559,3230.75
0.16528,3231.0
0.161442,3231.25
0.156326,3231.5
0.143534,3231.75
0.144813,3232.0
0.143534,3232.25
0.143534,3232.5
0.144813,3232.75
0.143534,3233.0
0.143534,3233.25
0.143534,3233.5
0.143534,3233.75
0.142255,3234.0
0.144813,3234.25
0.142255,3234.5
0.144813,3234.75
0.146092,3235.0
0.143534,3235.25
0.143534,3235.5
0.143534,3235.75
0.143534,3236.0
0.143534,3236.25
0.142255,3236.5
0.142255,3236.75
0.142255,3237.0
0.140976,3237.25
0.142255,3237.5
0.142255,3237.75
0.142255,3238.0
0.142255,3238.25
0.142255,3238.5
0.152488,3238.75
0.158884,3239.0
0.158884,3239.25
0.158884,3239.5
0.161442,3239.75
0.160163,3240.0
0.164001,3240.25
0.162722,3240.5
0.164001,3240.75
0.160163,3241.0
0.151209,3241.25
0.164001,3241.5
0.161442,3241.75
0.152488,3242.0
0.156326,3242.25
0.157605,3242.5
0.156326,3242.75
0.157605,3243.0
0.158884,3243.25
0.158884,3243.5
0.162722,3243.75
0.160163,3244.0
0.162722,3244.25
0.164001,3244.5
0.167838,3244.75
0.166559,3245.0
0.172955,3245.25
0.174234,3245.5
0.181909,3245.75
0.183188,3246.0
0.187026,3246.25
0.193422,3246.5
0.204934,3246.75
0.21133,3247.0
0.212609,3247.25
0.208772,3247.5
0.212609,3247.75
0.210051,3248.0
0.203655,3248.25
0.202376,3248.5
0.201097,3248.75
0.202376,3249.0
0.202376,3249.25
0.201097,3249.5
0.203655,3249.75
0.201097,3250.0
0.201097,3250.25
0.194701,3250.5
0.201097,3250.75
0.192143,3251.0
0.187026,3251.25
0.185747,3251.5
0.185747,3251.75
0.181909,3252.0
0.18063,3252.25
0.18063,3252.5
0.178072,3252.75
0.178072,3253.0
0.175513,3253.25
0.178072,3253.5
0.178072,3253.75
0.18063,3254.0
0.184468,3254.25
0.185747,3254.5
0.192143,3254.75
0.193422,3255.0
0.202376,3255.25
0.197259,3255.5
0.199818,3255.75
0.203655,3256.0
0.198538,3256.25
0.201097,3256.5
0.193422,3256.75
0.190863,3257.0
0.178072,3257.25
0.185747,3257.5
0.189584,3257.75
0.189584,3258.0
0.189584,3258.25
0.189584,3258.5
0.188305,3258.75
0.189584,3259.0
0.189584,3259.25
0.189584,3259.5
0.187026,3259.75
0.187026,3260.0
0.181909,3260.25
0.18063,3260.5
0.179351,3260.75
0.189584,3261.0
0.184468,3261.25
0.18063,3261.5
0.185747,3261.75
0.181909,3262.0
0.175513,3262.25
0.176793,3262.5
0.181909,3262.75
0.179351,3263.0
0.174234,3263.25
0.183188,3263.5
0.183188,3263.75
0.183188,3264.0
0.181909,3264.25
0.18063,3264.5
0.176793,3264.75
0.172955,3265.0
0.174234,3265.25
0.178072,3265.5
0.178072,3265.75
0.184468,3266.0
0.187026,3266.25
0.185747,3266.5
0.183188,3266.75
0.184468,3267.0
0.179351,3267.25
0.179351,3267.5
0.179351,3267.75
0.18063,3268.0
0.18063,3268.25
0.178072,3268.5
0.179351,3268.75
0.183188,3269.0
0.175513,3269.25
0.183188,3269.5
0.175513,3269.75
0.181909,3270.0
0.179351,3270.25
0.179351,3270.5
0.181909,3270.75
0.179351,3271.0
0.18063,3271.25
0.179351,3271.5
0.183188,3271.75
0.178072,3272.0
0.176793,3272.25
0.175513,3272.5
0.176793,3272.75
0.172955,3273.0
0.171676,3273.25
0.174234,3273.5
0.188305,3273.75
0.188305,3274.0
0.187026,3274.25
0.188305,3274.5
0.189584,3274.75
0.188305,3275.0
0.187026,3275.25
0.185747,3275.5
0.178072,3275.75
0.184468,3276.0
0.183188,3276.25
0.181909,3276.5
0.18063,3276.75
0.18063,3277.0
0.184468,3277.25
0.181909,3277.5
0.188305,3277.75
0.179351,3278.0
0.185747,3278.25
0.176793,3278.5
0.181909,3278.75
0.172955,3279.0
0.178072,3279.25
0.172955,3279.5
0.179351,3279.75
0.174234,3280.0
0.179351,3280.25
0.175513,3280.5
0.189584,3280.75
0.187026,3281.0
0.185747,3281.25
0.184468,3281.5
0.181909,3281.75
0.178072,3282.0
0.178072,3282.25
0.175513,3282.5
0.178072,3282.75
0.178072,3283.0
0.176793,3283.25
0.178072,3283.5
0.178072,3283.75
0.174234,3284.0
0.178072,3284.25
0.179351,3284.5
0.179351,3284.75
0.184468,3285.0
0.178072,3285.25
0.176793,3285.5
0.176793,3285.75
0.175513,3286.0
0.176793,3286.25
0.174234,3286.5
0.174234,3286.75
0.171676,3287.0
0.169117,3287.25
0.167838,3287.5
0.170397,3287.75
0.169117,3288.0
0.170397,3288.25
0.170397,3288.5
0.170397,3288.75
0.169117,3289.0
0.169117,3289.25
0.162722,3289.5
0.171676,3289.75
0.175513,3290.0
0.170397,3290.25
0.170397,3290.5
0.170397,3290.75
0.170397,3291.0
0.170397,3291.25
0.170397,3291.5
0.170397,3291.75
0.171676,3292.0
0.169117,3292.25
0.169117,3292.5
0.170397,3292.75
0.169117,3293.0
0.170397,3293.25
0.170397,3293.5
0.172955,3293.75
0.174234,3294.0
0.174234,3294.25
0.174234,3294.5
0.185747,3294.75
0.184468,3295.0
0.185747,3295.25
0.181909,3295.5
0.18063,3295.75
0.181909,3296.0
0.18063,3296.25
0.181909,3296.5
0.18063,3296.75
0.178072,3297.0
0.175513,3297.25
0.179351,3297.5
0.178072,3297.75
0.179351,3298.0
0.175513,3298.25
0.178072,3298.5
0.178072,3298.75
0.18063,3299.0
0.18063,3299.25
0.181909,3299.5
0.179351,3299.75
0.183188,3300.0
0.189584,3300.25
0.189584,3300.5
0.192143,3300.75
0.19598,3301.0
0.193422,3301.25
0.189584,3301.5
0.189584,3301.75
0.19598,3302.0
0.188305,3302.25
0.188305,3302.5
0.189584,3302.75
0.189584,3303.0
0.187026,3303.25
0.190863,3303.5
0.189584,3303.75
0.190863,3304.0
0.189584,3304.25
0.189584,3304.5
0.190863,3304.75
0.187026,3305.0
0.189584,3305.25
0.190863,3305.5
0.190863,3305.75
0.188305,3306.0
0.189584,3306.25
0.197259,3306.5
0.189584,3306.75
0.184468,3307.0
0.185747,3307.25
0.185747,3307.5
0.187026,3307.75
0.184468,3308.0
0.185747,3308.25
0.187026,3308.5
0.185747,3308.75
0.184468,3309.0
0.185747,3309.25
0.184468,3309.5
0.185747,3309.75
0.194701,3310.0
0.19598,3310.25
0.194701,3310.5
0.188305,3310.75
0.184468,3311.0
0.184468,3311.25
0.183188,3311.5
0.185747,3311.75
0.184468,3312.0
0.185747,3312.25
0.179351,3312.5
0.185747,3312.75
0.188305,3313.0
0.187026,3313.25
0.183188,3313.5
0.183188,3313.75
0.184468,3314.0
0.183188,3314.25
0.184468,3314.5
0.184468,3314.75
0.184468,3315.0
0.183188,3315.25
0.181909,3315.5
0.184468,3315.75
0.185747,3316.0
0.185747,3316.25
0.188305,3316.5
0.189584,3316.75
0.187026,3317.0
0.187026,3317.25
0.189584,3317.5
0.189584,3317.75
0.189584,3318.0
0.185747,3318.25
0.185747,3318.5
0.188305,3318.75
0.185747,3319.0
0.185747,3319.25
0.188305,3319.5
0.193422,3319.75
0.198538,3320.0
0.198538,3320.25
0.204934,3320.5
0.204934,3320.75
0.212609,3321.0
0.225401,3321.25
0.22796,3321.5
0.221564,3321.75
0.217726,3322.0
0.216447,3322.25
0.216447,3322.5
0.213889,3322.75
0.217726,3323.0
0.21133,3323.25
0.216447,3323.5
0.215168,3323.75
0.213889,3324.0
0.210051,3324.25
0.210051,3324.5
0.21133,3324.75
0.224122,3325.0
0.229239,3325.25
0.231797,3325.5
0.235635,3325.75
0.24203,3326.0
0.248426,3326.25
0.249705,3326.5
0.250985,3326.75
0.239472,3327.0
0.235635,3327.25
0.231797,3327.5
0.231797,3327.75
0.221564,3328.0
0.222843,3328.25
0.220284,3328.5
0.222843,3328.75
0.225401,3329.0
0.225401,3329.25
0.225401,3329.5
0.224122,3329.75
0.225401,3330.0
0.224122,3330.25
0.224122,3330.5
0.224122,3330.75
0.230518,3331.0
0.22796,3331.25
0.22668,3331.5
0.22668,3331.75
0.224122,3332.0
0.221564,3332.25
0.217726,3332.5
0.220284,3332.75
0.216447,3333.0
0.219005,3333.25
0.217726,3333.5
0.219005,3333.75
0.213889,3334.0
0.213889,3334.25
0.212609,3334.5
0.206214,3334.75
0.204934,3335.0
0.207493,3335.25
0.217726,3335.5
0.22796,3335.75
0.224122,3336.0
0.224122,3336.25
0.220284,3336.5
0.229239,3336.75
0.24331,3337.0
0.252264,3337.25
0.250985,3337.5
0.249705,3337.75
0.244589,3338.0
0.244589,3338.25
0.244589,3338.5
0.245868,3338.75
0.236914,3339.0
0.24331,3339.25
0.24203,3339.5
0.24203,3339.75
0.24203,3340.0
0.239472,3340.25
0.240751,3340.5
0.240751,3340.75
0.236914,3341.0
0.233076,3341.25
0.231797,3341.5
0.230518,3341.75
0.230518,3342.0
0.231797,3342.25
0.230518,3342.5
0.230518,3342.75
0.229239,3343.0
0.229239,3343.25
0.231797,3343.5
0.238193,3343.75
0.238193,3344.0
0.239472,3344.25
0.238193,3344.5
0.239472,3344.75
0.234355,3345.0
0.240751,3345.25
0.238193,3345.5
0.234355,3345.75
0.233076,3346.0
0.230518,3346.25
0.222843,3346.5
0.22668,3346.75
0.225401,3347.0
0.224122,3347.25
0.225401,3347.5
0.224122,3347.75
0.222843,3348.0
0.224122,3348.25
0.224122,3348.5
0.224122,3348.75
0.229239,3349.0
0.229239,3349.25
0.225401,3349.5
0.224122,3349.75
0.222843,3350.0
0.225401,3350.25
0.225401,3350.5
0.222843,3350.75
0.225401,3351.0
0.224122,3351.25
0.225401,3351.5
0.230518,3351.75
0.231797,3352.0
0.233076,3352.25
0.236914,3352.5
0.230518,3352.75
0.238193,3353.0
0.235635,3353.25
0.230518,3353.5
0.22668,3353.75
0.235635,3354.0
0.235635,3354.25
0.234355,3354.5
0.231797,3354.75
0.229239,3355.0
0.231797,3355.25
0.229239,3355.5
0.230518,3355.75
0.234355,3356.0
0.233076,3356.25
0.234355,3356.5
0.235635,3356.75
0.236914,3357.0
0.236914,3357.25
0.233076,3357.5
0.233076,3357.75
0.233076,3358.0
0.231797,3358.25
0.235635,3358.5
0.240751,3358.75
0.24203,3359.0
0.24203,3359.25
0.240751,3359.5
0.24331,3359.75
0.235635,3360.0
0.239472,3360.25
0.229239,3360.5
0.235635,3360.75
0.236914,3361.0
0.238193,3361.25
0.233076,3361.5
0.239472,3361.75
0.239472,3362.0
0.239472,3362.25
0.24203,3362.5
0.233076,3362.75
0.229239,3363.0
0.229239,3363.25
0.22668,3363.5
0.224122,3363.75
0.225401,3364.0
0.225401,3364.25
0.224122,3364.5
0.224122,3364.75
0.220284,3365.0
0.224122,3365.25
0.224122,3365.5
0.219005,3365.75
0.216447,3366.0
0.215168,3366.25
0.217726,3366.5
0.217726,3366.75
0.22668,3367.0
0.229239,3367.25
0.22668,3367.5
0.229239,3367.75
0.229239,3368.0
0.22668,3368.25
0.22668,3368.5
0.219005,3368.75
0.221564,3369.0
0.217726,3369.25
0.222843,3369.5
0.215168,3369.75
0.22668,3370.0
0.229239,3370.25
0.224122,3370.5
0.229239,3370.75
0.229239,3371.0
0.230518,3371.25
0.225401,3371.5
0.212609,3371.75
0.206214,3372.0
0.207493,3372.25
0.204934,3372.5
0.204934,3372.75
0.207493,3373.0
0.204934,3373.25
0.198538,3373.5
0.202376,3373.75
0.199818,3374.0
0.198538,3374.25
0.198538,3374.5
0.197259,3374.75
0.197259,3375.0
0.197259,3375.25
0.19598,3375.5
0.19598,3375.75
0.19598,3376.0
0.197259,3376.25
0.19598,3376.5
0.19598,3376.75
0.197259,3377.0
0.203655,3377.25
0.208772,3377.5
0.220284,3377.75
0.238193,3378.0
0.239472,3378.25
0.248426,3378.5
0.244589,3378.75
0.238193,3379.0
0.234355,3379.25
0.222843,3379.5
0.219005,3379.75
0.235635,3380.0
0.238193,3380.25
0.239472,3380.5
0.238193,3380.75
0.236914,3381.0
0.238193,3381.25
0.239472,3381.5
0.239472,3381.75
0.230518,3382.0
0.225401,3382.25
0.225401,3382.5
0.225401,3382.75
0.222843,3383.0
0.222843,3383.25
0.222843,3383.5
0.222843,3383.75
0.224122,3384.0
0.22668,3384.25
0.22796,3384.5
0.22668,3384.75
0.222843,3385.0
0.225401,3385.25
0.224122,3385.5
0.222843,3385.75
0.222843,3386.0
0.220284,3386.25
0.216447,3386.5
0.221564,3386.75
0.220284,3387.0
0.224122,3387.25
0.230518,3387.5
0.231797,3387.75
0.236914,3388.0
0.239472,3388.25
0.235635,3388.5
0.22796,3388.75
0.229239,3389.0
0.22668,3389.25
0.231797,3389.5
0.230518,3389.75
0.231797,3390.0
0.233076,3390.25
0.231797,3390.5
0.231797,3390.75
0.233076,3391.0
0.234355,3391.25
0.236914,3391.5
0.239472,3391.75
0.240751,3392.0
0.239472,3392.25
0.239472,3392.5
0.239472,3392.75
0.236914,3393.0
0.230518,3393.25
0.234355,3393.5
0.235635,3393.75
0.233076,3394.0
0.234355,3394.25
0.233076,3394.5
0.234355,3394.75
0.231797,3395.0
0.231797,3395.25
0.233076,3395.5
0.234355,3395.75
0.233076,3396.0
0.231797,3396.25
0.233076,3396.5
0.231797,3396.75
0.233076,3397.0
0.235635,3397.25
0.234355,3397.5
0.234355,3397.75
0.229239,3398.0
0.234355,3398.25
0.22796,3398.5
0.22796,3398.75
0.230518,3399.0
0.233076,3399.25
0.230518,3399.5
0.233076,3399.75
0.231797,3400.0
0.231797,3400.25
0.231797,3400.5
0.233076,3400.75
0.233076,3401.0
0.233076,3401.25
0.234355,3401.5
0.234355,3401.75
0.235635,3402.0
0.234355,3402.25
0.230518,3402.5
0.236914,3402.75
0.234355,3403.0
0.235635,3403.25
0.233076,3403.5
0.234355,3403.75
0.231797,3404.0
0.233076,3404.25
0.231797,3404.5
0.231797,3404.75
0.22796,3405.0
0.233076,3405.25
0.231797,3405.5
0.230518,3405.75
0.233076,3406.0
0.231797,3406.25
0.231797,3406.5
0.230518,3406.75
0.230518,3407.0
0.22796,3407.25
0.230518,3407.5
0.22668,3407.75
0.229239,3408.0
0.229239,3408.25
0.22796,3408.5
0.22796,3408.75
0.22796,3409.0
0.22796,3409.25
0.22796,3409.5
0.221564,3409.75
0.22668,3410.0
0.22796,3410.25
0.22668,3410.5
0.22796,3410.75
0.229239,3411.0
0.234355,3411.25
0.233076,3411.5
0.230518,3411.75
0.230518,3412.0
0.236914,3412.25
0.235635,3412.5
0.235635,3412.75
0.24331,3413.0
0.238193,3413.25
0.235635,3413.5
0.236914,3413.75
0.235635,3414.0
0.238193,3414.25
0.236914,3414.5
0.238193,3414.75
0.236914,3415.0
0.238193,3415.25
0.235635,3415.5
0.236914,3415.75
0.234355,3416.0
0.238193,3416.25
0.238193,3416.5
0.240751,3416.75
0.233076,3417.0
0.247147,3417.25
0.250985,3417.5
0.253543,3417.75
0.252264,3418.0
0.252264,3418.25
0.253543,3418.5
0.259939,3418.75
0.257381,3419.0
0.257381,3419.25
0.257381,3419.5
0.257381,3419.75
0.256101,3420.0
0.257381,3420.25
0.257381,3420.5
0.25866,3420.75
0.262497,3421.0
0.267614,3421.25
0.263776,3421.5
0.256101,3421.75
0.254822,3422.0
0.263776,3422.25
0.256101,3422.5
0.253543,3422.75
0.254822,3423.0
0.253543,3423.25
0.253543,3423.5
0.252264,3423.75
0.252264,3424.0
0.248426,3424.25
0.252264,3424.5
0.250985,3424.75
0.248426,3425.0
0.249705,3425.25
0.247147,3425.5
0.249705,3425.75
0.247147,3426.0
0.248426,3426.25
0.247147,3426.5
0.247147,3426.75
0.244589,3427.0
0.244589,3427.25
0.244589,3427.5
0.247147,3427.75
0.247147,3428.0
0.247147,3428.25
0.247147,3428.5
0.245868,3428.75
0.245868,3429.0
0.245868,3429.25
0.239472,3429.5
0.244589,3429.75
0.245868,3430.0
0.247147,3430.25
0.245868,3430.5
0.244589,3430.75
0.245868,3431.0
0.244589,3431.25
0.244589,3431.5
0.24331,3431.75
0.24331,3432.0
0.245868,3432.25
0.24203,3432.5
0.24331,3432.75
0.24203,3433.0
0.24203,3433.25
0.24203,3433.5
0.24203,3433.75
0.240751,3434.0
0.240751,3434.25
0.24203,3434.5
0.239472,3434.75
0.24203,3435.0
0.239472,3435.25
0.24203,3435.5
0.240751,3435.75
0.24203,3436.0
0.240751,3436.25
0.240751,3436.5
0.24203,3436.75
0.240751,3437.0
0.240751,3437.25
0.240751,3437.5
0.239472,3437.75
0.231797,3438.0
0.239472,3438.25
0.239472,3438.5
0.240751,3438.75
0.240751,3439.0
0.239472,3439.25
0.240751,3439.5
0.240751,3439.75
0.239472,3440.0
0.238193,3440.25
0.238193,3440.5
0.235635,3440.75
0.238193,3441.0
0.24203,3441.25
0.245868,3441.5
0.244589,3441.75
0.244589,3442.0
0.245868,3442.25
0.244589,3442.5
0.245868,3442.75
0.24331,3443.0
0.24331,3443.25
0.240751,3443.5
0.24331,3443.75
0.240751,3444.0
0.24203,3444.25
0.240751,3444.5
0.240751,3444.75
0.235635,3445.0
0.239472,3445.25
0.238193,3445.5
0.238193,3445.75
0.233076,3446.0
0.236914,3446.25
0.238193,3446.5
0.239472,3446.75
0.238193,3447.0
0.240751,3447.25
0.240751,3447.5
0.24203,3447.75
0.247147,3448.0
0.24331,3448.25
0.24203,3448.5
0.24203,3448.75
0.239472,3449.0
0.240751,3449.25
0.24203,3449.5
0.248426,3449.75
0.247147,3450.0
0.247147,3450.25
0.245868,3450.5
0.245868,3450.75
0.245868,3451.0
0.24331,3451.25
0.24331,3451.5
0.24331,3451.75
0.245868,3452.0
0.244589,3452.25
0.244589,3452.5
0.245868,3452.75
0.245868,3453.0
0.247147,3453.25
0.245868,3453.5
0.245868,3453.75
0.244589,3454.0
0.24331,3454.25
0.24203,3454.5
0.24203,3454.75
0.24203,3455.0
0.24203,3455.25
0.244589,3455.5
0.244589,3455.75
0.245868,3456.0
0.245868,3456.25
0.245868,3456.5
0.248426,3456.75
0.249705,3457.0
0.247147,3457.25
0.244589,3457.5
0.250985,3457.75
0.249705,3458.0
0.247147,3458.25
0.247147,3458.5
0.247147,3458.75
0.245868,3459.0
0.244589,3459.25
0.24331,3459.5
0.238193,3459.75
0.24203,3460.0
0.240751,3460.25
0.245868,3460.5
0.244589,3460.75
0.24331,3461.0
0.24331,3461.25
0.244589,3461.5
0.245868,3461.75
0.244589,3462.0
0.244589,3462.25
0.24203,3462.5
0.24331,3462.75
0.24331,3463.0
0.24331,3463.25
0.24203,3463.5
0.244589,3463.75
0.24331,3464.0
0.244589,3464.25
0.245868,3464.5
0.245868,3464.75
0.24331,3465.0
0.238193,3465.25
0.234355,3465.5
0.236914,3465.75
0.235635,3466.0
0.235635,3466.25
0.239472,3466.5
0.244589,3466.75
0.24203,3467.0
0.240751,3467.25
0.244589,3467.5
0.24203,3467.75
0.238193,3468.0
0.236914,3468.25
0.233076,3468.5
0.22796,3468.75
0.230518,3469.0
0.22796,3469.25
0.225401,3469.5
0.22796,3469.75
0.225401,3470.0
0.222843,3470.25
0.221564,3470.5
0.220284,3470.75
0.215168,3471.0
0.213889,3471.25
0.212609,3471.5
0.21133,3471.75
0.210051,3472.0
0.210051,3472.25
0.21133,3472.5
0.210051,3472.75
0.21133,3473.0
0.21133,3473.25
0.21133,3473.5
0.21133,3473.75
0.212609,3474.0
0.210051,3474.25
0.210051,3474.5
0.21133,3474.75
0.21133,3475.0
0.212609,3475.25
0.21133,3475.5
0.210051,3475.75
0.210051,3476.0
0.207493,3476.25
0.206214,3476.5
0.207493,3476.75
0.208772,3477.0
0.208772,3477.25
0.204934,3477.5
0.207493,3477.75
0.208772,3478.0
0.212609,3478.25
0.220284,3478.5
0.220284,3478.75
0.220284,3479.0
0.217726,3479.25
0.219005,3479.5
0.219005,3479.75
0.220284,3480.0
0.220284,3480.25
0.219005,3480.5
0.220284,3480.75
0.213889,3481.0
0.21133,3481.25
0.212609,3481.5
0.215168,3481.75
0.216447,3482.0
0.219005,3482.25
0.217726,3482.5
0.217726,3482.75
0.216447,3483.0
0.216447,3483.25
0.215168,3483.5
0.213889,3483.75
0.212609,3484.0
0.213889,3484.25
0.213889,3484.5
0.212609,3484.75
0.212609,3485.0
0.215168,3485.25
0.215168,3485.5
0.219005,3485.75
0.217726,3486.0
0.217726,3486.25
0.215168,3486.5
0.217726,3486.75
0.213889,3487.0
0.216447,3487.25
0.21133,3487.5
0.213889,3487.75
0.212609,3488.0
0.21133,3488.25
0.21133,3488.5
0.212609,3488.75
0.21133,3489.0
0.21133,3489.25
0.21133,3489.5
0.21133,3489.75
0.210051,3490.0
0.21133,3490.25
0.213889,3490.5
0.215168,3490.75
0.212609,3491.0
0.210051,3491.25
0.203655,3491.5
0.207493,3491.75
0.206214,3492.0
0.207493,3492.25
0.206214,3492.5
0.210051,3492.75
0.204934,3493.0
0.206214,3493.25
0.203655,3493.5
0.206214,3493.75
0.204934,3494.0
0.204934,3494.25
0.204934,3494.5
0.201097,3494.75
0.197259,3495.0
0.193422,3495.25
0.197259,3495.5
0.207493,3495.75
0.210051,3496.0
0.210051,3496.25
0.208772,3496.5
0.21133,3496.75
0.203655,3497.0
0.21133,3497.25
0.203655,3497.5
0.206214,3497.75
0.198538,3498.0
0.204934,3498.25
0.210051,3498.5
0.213889,3498.75
0.213889,3499.0
0.216447,3499.25
0.217726,3499.5
0.217726,3499.75
0.220284,3500.0
0.219005,3500.25
0.222843,3500.5
0.221564,3500.75
0.220284,3501.0
0.213889,3501.25
0.222843,3501.5
0.221564,3501.75
0.220284,3502.0
0.220284,3502.25
0.220284,3502.5
0.222843,3502.75
0.220284,3503.0
0.220284,3503.25
0.220284,3503.5
0.220284,3503.75
0.219005,3504.0
0.220284,3504.25
0.220284,3504.5
0.220284,3504.75
0.216447,3505.0
0.219005,3505.25
0.220284,3505.5
0.219005,3505.75
0.219005,3506.0
0.216447,3506.25
0.217726,3506.5
0.215168,3506.75
0.215168,3507.0
0.208772,3507.25
0.204934,3507.5
0.202376,3507.75
0.208772,3508.0
0.202376,3508.25
0.208772,3508.5
0.210051,3508.75
0.206214,3509.0
0.210051,3509.25
0.210051,3509.5
0.21133,3509.75
0.21133,3510.0
0.213889,3510.25
0.216447,3510.5
0.215168,3510.75
0.213889,3511.0
0.212609,3511.25
0.21133,3511.5
0.210051,3511.75
0.206214,3512.0
0.198538,3512.25
0.197259,3512.5
0.197259,3512.75
0.19598,3513.0
0.194701,3513.25
0.193422,3513.5
0.198538,3513.75
0.197259,3514.0
0.194701,3514.25
0.193422,3514.5
0.193422,3514.75
0.190863,3515.0
0.192143,3515.25
0.190863,3515.5
0.192143,3515.75
0.194701,3516.0
0.19598,3516.25
0.197259,3516.5
0.198538,3516.75
0.194701,3517.0
0.194701,3517.25
0.194701,3517.5
0.201097,3517.75
0.208772,3518.0
0.210051,3518.25
0.210051,3518.5
0.208772,3518.75
0.206214,3519.0
0.207493,3519.25
0.207493,3519.5
0.208772,3519.75
0.207493,3520.0
0.204934,3520.25
0.203655,3520.5
0.203655,3520.75
0.201097,3521.0
0.198538,3521.25
0.197259,3521.5
0.199818,3521.75
0.201097,3522.0
0.199818,3522.25
0.199818,3522.5
0.198538,3522.75
0.199818,3523.0
0.198538,3523.25
0.198538,3523.5
0.199818,3523.75
0.197259,3524.0
0.19598,3524.25
0.199818,3524.5
0.201097,3524.75
0.19598,3525.0
0.201097,3525.25
0.201097,3525.5
0.201097,3525.75
0.198538,3526.0
0.197259,3526.25
0.197259,3526.5
0.187026,3526.75
0.192143,3527.0
0.190863,3527.25
0.190863,3527.5
0.190863,3527.75
0.190863,3528.0
0.189584,3528.25
0.188305,3528.5
0.188305,3528.75
0.190863,3529.0
0.193422,3529.25
0.19598,3529.5
0.197259,3529.75
0.197259,3530.0
0.198538,3530.25
0.198538,3530.5
0.199818,3530.75
0.201097,3531.0
0.201097,3531.25
0.198538,3531.5
0.201097,3531.75
0.199818,3532.0
0.199818,3532.25
0.198538,3532.5
0.199818,3532.75
0.194701,3533.0
0.19598,3533.25
0.194701,3533.5
0.194701,3533.75
0.193422,3534.0
0.193422,3534.25
0.194701,3534.5
0.193422,3534.75
0.194701,3535.0
0.194701,3535.25
0.193422,3535.5
0.197259,3535.75
0.19598,3536.0
0.19598,3536.25
0.197259,3536.5
0.198538,3536.75
0.19598,3537.0
0.197259,3537.25
0.198538,3537.5
0.197259,3537.75
0.197259,3538.0
0.197259,3538.25
0.198538,3538.5
0.197259,3538.75
0.19598,3539.0
0.190863,3539.25
0.197259,3539.5
0.19598,3539.75
0.198538,3540.0
0.197259,3540.25
0.19598,3540.5
0.194701,3540.75
0.194701,3541.0
0.194701,3541.25
0.189584,3541.5
0.188305,3541.75
0.188305,3542.0
0.187026,3542.25
0.184468,3542.5
0.185747,3542.75
0.185747,3543.0
0.184468,3543.25
0.183188,3543.5
0.178072,3543.75
0.184468,3544.0
0.189584,3544.25
0.189584,3544.5
0.19598,3544.75
0.192143,3545.0
0.194701,3545.25
0.189584,3545.5
0.19598,3545.75
0.19598,3546.0
0.194701,3546.25
0.19598,3546.5
0.197259,3546.75
0.19598,3547.0
0.194701,3547.25
0.192143,3547.5
0.192143,3547.75
0.190863,3548.0
0.192143,3548.25
0.192143,3548.5
0.190863,3548.75
0.192143,3549.0
0.192143,3549.25
0.193422,3549.5
0.190863,3549.75
0.190863,3550.0
0.189584,3550.25
0.190863,3550.5
0.184468,3550.75
0.192143,3551.0
0.190863,3551.25
0.192143,3551.5
0.192143,3551.75
0.192143,3552.0
0.193422,3552.25
0.193422,3552.5
0.192143,3552.75
0.193422,3553.0
0.193422,3553.25
0.192143,3553.5
0.193422,3553.75
0.194701,3554.0
0.193422,3554.25
0.194701,3554.5
0.193422,3554.75
0.197259,3555.0
0.194701,3555.25
0.194701,3555.5
0.187026,3555.75
0.194701,3556.0
0.192143,3556.25
0.194701,3556.5
0.19598,3556.75
0.194701,3557.0
0.19598,3557.25
0.19598,3557.5
0.198538,3557.75
0.198538,3558.0
0.198538,3558.25
0.194701,3558.5
0.19598,3558.75
0.194701,3559.0
0.198538,3559.25
0.19598,3559.5
0.198538,3559.75
0.197259,3560.0
0.201097,3560.25
0.201097,3560.5
0.203655,3560.75
0.207493,3561.0
0.208772,3561.25
0.208772,3561.5
0.206214,3561.75
0.207493,3562.0
0.207493,3562.25
0.204934,3562.5
0.204934,3562.75
0.201097,3563.0
0.212609,3563.25
0.21133,3563.5
0.212609,3563.75
0.21133,3564.0
0.212609,3564.25
0.207493,3564.5
0.215168,3564.75
0.213889,3565.0
0.217726,3565.25
0.216447,3565.5
0.216447,3565.75
0.216447,3566.0
0.213889,3566.25
0.213889,3566.5
0.21133,3566.75
0.213889,3567.0
0.21133,3567.25
0.213889,3567.5
0.217726,3567.75
0.230518,3568.0
0.267614,3568.25
0.276568,3568.5
0.282964,3568.75
0.302152,3569.0
0.312385,3569.25
0.326456,3569.5
0.339248,3569.75
0.352039,3570.0
0.36611,3570.25
0.380181,3570.5
0.409602,3570.75
0.418557,3571.0
0.435186,3571.25
0.440302,3571.5
0.441582,3571.75
0.432627,3572.0
0.426232,3572.25
0.418557,3572.5
0.412161,3572.75
0.412161,3573.0
0.410881,3573.25
0.410881,3573.5
0.409602,3573.75
0.409602,3574.0
0.422394,3574.25
0.410881,3574.5
0.404486,3574.75
0.39809,3575.0
0.401927,3575.25
0.412161,3575.5
0.44414,3575.75
0.462048,3576.0
0.462048,3576.25
0.464607,3576.5
0.465886,3576.75
0.462048,3577.0
0.463328,3577.25
0.455653,3577.5
0.446698,3577.75
0.44414,3578.0
0.439023,3578.25
0.433907,3578.5
0.432627,3578.75
0.430069,3579.0
0.423673,3579.25
0.422394,3579.5
0.421115,3579.75
0.419836,3580.0
0.415998,3580.25
0.417277,3580.5
0.41344,3580.75
0.419836,3581.0
0.423673,3581.25
0.431348,3581.5
0.435186,3581.75
0.442861,3582.0
0.446698,3582.25
0.453094,3582.5
0.464607,3582.75
0.478678,3583.0
0.487632,3583.25
0.496586,3583.5
0.500424,3583.75
0.499144,3584.0
0.497865,3584.25
0.496586,3584.5
0.494028,3584.75
0.485074,3585.0
0.485074,3585.25
0.47484,3585.5
0.476119,3585.75
0.471003,3586.0
0.472282,3586.25
0.471003,3586.5
0.472282,3586.75
0.473561,3587.0
0.487632,3587.25
0.492749,3587.5
0.491469,3587.75
0.487632,3588.0
0.485074,3588.25
0.485074,3588.5
0.482515,3588.75
0.481236,3589.0
0.47484,3589.25
0.458211,3589.5
0.458211,3589.75
0.464607,3590.0
0.458211,3590.25
0.455653,3590.5
0.458211,3590.75
0.454373,3591.0
0.451815,3591.25
0.450536,3591.5
0.449257,3591.75
0.449257,3592.0
0.445419,3592.25
0.453094,3592.5
0.453094,3592.75
0.455653,3593.0
0.455653,3593.25
0.456932,3593.5
0.460769,3593.75
0.460769,3594.0
0.460769,3594.25
0.462048,3594.5
0.464607,3594.75
0.463328,3595.0
0.462048,3595.25
0.458211,3595.5
0.458211,3595.75
0.453094,3596.0
0.453094,3596.25
0.450536,3596.5
0.450536,3596.75
0.445419,3597.0
0.446698,3597.25
0.445419,3597.5
0.445419,3597.75
0.445419,3598.0
0.449257,3598.25
0.462048,3598.5
0.464607,3598.75
0.473561,3599.0
0.487632,3599.25
0.494028,3599.5
0.497865,3599.75
0.499144,3600.0
0.500424,3600.25
0.509378,3600.5
0.523449,3600.75
0.546474,3601.0
0.550311,3601.25
0.559266,3601.5
0.577174,3601.75
0.601478,3602.0
0.610433,3602.25
0.625783,3602.5
0.669275,3602.75
0.720442,3603.0
0.747304,3603.25
0.786959,3603.5
0.849638,3603.75
0.886734,3604.0
0.943018,3604.25
0.958368,3604.5
0.990347,3604.75
1.044073,3605.0
1.106752,3605.25
1.142638,3605.5
1.181013,3605.75
1.259043,3606.0
1.321723,3606.25
1.379285,3606.5
1.43429,3606.75
1.471386,3607.0
1.472665,3607.25
1.466269,3607.5
1.447082,3607.75
1.412544,3608.0
1.402311,3608.25
1.398473,3608.5
1.384402,3608.75
1.375448,3609.0
1.376727,3609.25
1.383123,3609.5
1.390798,3609.75
1.394636,3610.0
1.40359,3610.25
1.416381,3610.5
1.416381,3610.75
1.421498,3611.0
1.425336,3611.25
1.425336,3611.5
1.422777,3611.75
1.421498,3612.0
1.433011,3612.25
1.441965,3612.5
1.436848,3612.75
1.431732,3613.0
1.430452,3613.25
1.421498,3613.5
1.421498,3613.75
1.404869,3614.0
1.397194,3614.25
1.399752,3614.5
1.408706,3614.75
1.383123,3615.0
1.384402,3615.25
1.395915,3615.5
1.398473,3615.75
1.399752,3616.0
1.386961,3616.25
1.381844,3616.5
1.370331,3616.75
1.362656,3617.0
1.35626,3617.25
1.354981,3617.5
1.358819,3617.75
1.394636,3618.0
1.454757,3618.25
1.518716,3618.5
1.563586,3618.75
1.600682,3619.0
1.627544,3619.25
1.644174,3619.5
1.642894,3619.75
1.617311,3620.0
1.607077,3620.25
1.601961,3620.5
1.596844,3620.75
1.585331,3621.0
1.577656,3621.25
1.576377,3621.5
1.581494,3621.75
1.61859,3622.0
1.648011,3622.25
1.66464,3622.5
1.677432,3622.75
1.672315,3623.0
1.662082,3623.25
1.642894,3623.5
1.636498,3623.75
1.623707,3624.0
1.590448,3624.25
1.571261,3624.5
1.563586,3624.75
1.561027,3625.0
1.585331,3625.25
1.623707,3625.5
1.678711,3625.75
1.722203,3626.0
1.751624,3626.25
1.795116,3626.5
1.809187,3626.75
1.813025,3627.0
1.791279,3627.25
1.777208,3627.5
1.750345,3627.75
1.715807,3628.0
1.69662,3628.25
1.682549,3628.5
1.66464,3628.75
1.644174,3629.0
1.630103,3629.25
1.622428,3629.5
1.608357,3629.75
1.595565,3630.0
1.586611,3630.25
1.585331,3630.5
1.581494,3630.75
1.593006,3631.0
1.586611,3631.25
1.593006,3631.5
1.58789,3631.75
1.608357,3632.0
1.630103,3632.25
1.658244,3632.5
1.676153,3632.75
1.695341,3633.0
1.706853,3633.25
1.706853,3633.5
1.69662,3633.75
1.683828,3634.0
1.673594,3634.25
1.668478,3634.5
1.653128,3634.75
1.631382,3635.0
1.623707,3635.25
1.635219,3635.5
1.674874,3635.75
1.736274,3636.0
1.814304,3636.25
1.865471,3636.5
1.900008,3636.75
1.916638,3637.0
1.949896,3637.25
1.96013,3637.5
1.95885,3637.75
1.992109,3638.0
2.049871,3638.25
2.129179,3638.5
2.203372,3638.75
2.246864,3639.0
2.269889,3639.25
2.295472,3639.5
2.259655,3639.75
2.188022,3640.0
2.115109,3640.25
2.078013,3640.5
2.028125,3640.75
1.993587,3641.0
2.011496,3641.25
2.071617,3641.5
2.167555,3641.75
2.255818,3642.0
2.248143,3642.25
2.232793,3642.5
2.19058,3642.75
2.154763,3643.0
2.089525,3643.25
2.054987,3643.5
2.023008,3643.75
1.961608,3644.0
1.895091,3644.25
1.875903,3644.5
1.878461,3644.75
1.84904,3645.0
1.870786,3645.25
1.919395,3645.5
1.937303,3645.75
1.938583,3646.0
1.916837,3646.25
1.907882,3646.5
1.962887,3646.75
2.135576,3647.0
2.272447,3647.25
2.344081,3647.5
2.379898,3647.75
2.37606,3648.0
2.354314,3648.25
2.336406,3648.5
2.308264,3648.75
2.250701,3649.0
2.182905,3649.25
2.134296,3649.5
2.086967,3649.75
2.05115,3650.0
2.021729,3650.25
1.999983,3650.5
1.980795,3650.75
1.961608,3651.0
1.955212,3651.25
1.937303,3651.5
1.929628,3651.75
1.929628,3652.0
1.934745,3652.25
1.94242,3652.5
1.970562,3652.75
2.019171,3653.0
2.052429,3653.25
2.074175,3653.5
2.075454,3653.75
2.0665,3654.0
2.038358,3654.25
2.02045,3654.5
2.006379,3654.75
1.992308,3655.0
1.974399,3655.25
1.961608,3655.5
1.950095,3655.75
1.939862,3656.0
1.938583,3656.25
1.92707,3656.5
1.916837,3656.75
1.902766,3657.0
1.898928,3657.25
1.905324,3657.5
1.91172,3657.75
1.909162,3658.0
1.906603,3658.25
1.900207,3658.5
1.898928,3658.75
1.902766,3659.0
1.904045,3659.25
1.907882,3659.5
1.907882,3659.75
1.905324,3660.0
1.91172,3660.25
1.928349,3660.5
1.937303,3660.75
1.94242,3661.0
1.946258,3661.25
1.95777,3661.5
1.969283,3661.75
1.971841,3662.0
1.961608,3662.25
1.947537,3662.5
1.94242,3662.75
1.953933,3663.0
1.98975,3663.25
2.048592,3663.5
2.107434,3663.75
2.134296,3664.0
2.150926,3664.25
2.164996,3664.5
2.161159,3664.75
2.131738,3665.0
2.11255,3665.25
2.092083,3665.5
2.067779,3665.75
2.042196,3666.0
2.031962,3666.25
2.017891,3666.5
2.0051,3666.75
1.996145,3667.0
1.992308,3667.25
1.991029,3667.5
2.002541,3667.75
1.980795,3668.0
1.978237,3668.25
1.970562,3668.5
1.976958,3668.75
1.965445,3669.0
1.964166,3669.25
1.966724,3669.5
1.956491,3669.75
1.950095,3670.0
1.944978,3670.25
1.937303,3670.5
1.947537,3670.75
1.962887,3671.0
1.970562,3671.25
1.985912,3671.5
1.985912,3671.75
1.984633,3672.0
1.959049,3672.25
1.95777,3672.5
1.95777,3672.75
1.956491,3673.0
1.965445,3673.25
1.974399,3673.5
1.980795,3673.75
1.979516,3674.0
1.985912,3674.25
1.983354,3674.5
1.982074,3674.75
1.974399,3675.0
1.978237,3675.25
1.971841,3675.5
1.98847,3675.75
2.025567,3676.0
2.058825,3676.25
2.08185,3676.5
2.102317,3676.75
2.116388,3677.0
2.117667,3677.25
2.111271,3677.5
2.108713,3677.75
2.104875,3678.0
2.101038,3678.25
2.099759,3678.5
2.090804,3678.75
2.106154,3679.0
2.167555,3679.25
2.266051,3679.5
2.356873,3679.75
2.432344,3680.0
2.436182,3680.25
2.442577,3680.5
2.45409,3680.75
2.411357,3681.0
2.346119,3681.25
2.296231,3681.5
2.250181,3681.75
2.228435,3682.0
2.211806,3682.25
2.197735,3682.5
2.179826,3682.75
2.165756,3683.0
2.145289,3683.25
2.128659,3683.5
2.119705,3683.75
2.128659,3684.0
2.122264,3684.25
2.100518,3684.5
2.090284,3684.75
2.067259,3685.0
2.062142,3685.25
2.062142,3685.5
2.063421,3685.75
2.054467,3686.0
2.057026,3686.25
2.054467,3686.5
2.048071,3686.75
2.042955,3687.0
2.036559,3687.25
2.026325,3687.5
2.021209,3687.75
2.016092,3688.0
2.009696,3688.25
1.998184,3688.5
1.999463,3688.75
1.984113,3689.0
2.002021,3689.25
2.010975,3689.5
2.023767,3689.75
2.021209,3690.0
2.026325,3690.25
2.026325,3690.5
2.031442,3690.75
2.013534,3691.0
2.010975,3691.25
2.005859,3691.5
1.998184,3691.75
1.996904,3692.0
2.009696,3692.25
2.021209,3692.5
2.017371,3692.75
2.032721,3693.0
2.103076,3693.25
2.204131,3693.5
2.31286,3693.75
2.40752,3694.0
2.466362,3694.25
2.494503,3694.5
2.482991,3694.75
2.452291,3695.0
2.422869,3695.25
2.384494,3695.5
2.351236,3695.75
2.317977,3696.0
2.280881,3696.25
2.257856,3696.5
2.238668,3696.75
2.211806,3697.0
2.197735,3697.25
2.178547,3697.5
2.164476,3697.75
2.155522,3698.0
2.154243,3698.25
2.152964,3698.5
2.156801,3698.75
2.167035,3699.0
2.19006,3699.25
2.228435,3699.5
2.311581,3699.75
2.412636,3700.0
2.493224,3700.25
2.532879,3700.5
2.552066,3700.75
2.526483,3701.0
2.511132,3701.25
2.472757,3701.5
2.425428,3701.75
2.380657,3702.0
2.337165,3702.25
2.296231,3702.5
2.287277,3702.75
2.274485,3703.0
2.250181,3703.25
2.229714,3703.5
2.211806,3703.75
2.20541,3704.0
2.187501,3704.25
2.192618,3704.5
2.191339,3704.75
2.19006,3705.0
2.195177,3705.25
2.214364,3705.5
2.259135,3705.75
2.325652,3706.0
2.393449,3706.25
2.445895,3706.5
2.477874,3706.75
2.491945,3707.0
2.517529,3707.25
2.506016,3707.5
2.622421,3707.75
2.704288,3708.0
2.756734,3708.25
2.768247,3708.5
2.759292,3708.75
2.711963,3709.0
2.655679,3709.25
2.596837,3709.5
2.552066,3709.75
2.53032,3710.0
2.516249,3710.25
2.511132,3710.5
2.512412,3710.75
2.508574,3711.0
2.49962,3711.25
2.477874,3711.5
2.472757,3711.75
2.48427,3712.0
2.587883,3712.25
2.737546,3712.5
2.911514,3712.75
2.978031,3713.0
2.996245,3713.25
2.984732,3713.5
2.946357,3713.75
2.887515,3714.0
2.820998,3714.25
2.742968,3714.5
2.676451,3714.75
2.649589,3715.0
2.655984,3715.25
2.690522,3715.5
2.69308,3715.75
2.673893,3716.0
2.664939,3716.25
2.644472,3716.5
2.638076,3716.75
2.679009,3717.0
2.732735,3717.25
2.754481,3717.5
2.75576,3717.75
2.723781,3718.0
2.668776,3718.25
2.613772,3718.5
2.566442,3718.75
2.499925,3719.0
2.442362,3719.25
2.401124,3719.5
2.369144,3719.75
2.328211,3720.0
2.289835,3720.25
2.270648,3720.5
2.248902,3720.75
2.228435,3721.0
2.209247,3721.25
2.200293,3721.5
2.193897,3721.75
2.192618,3722.0
2.201572,3722.25
2.201572,3722.5
2.22076,3722.75
2.225877,3723.0
2.20541,3723.25
2.197735,3723.5
2.200293,3723.75
2.186222,3724.0
2.184943,3724.25
2.181106,3724.5
2.170872,3724.75
2.156801,3725.0
2.169593,3725.25
2.179826,3725.5
2.182385,3725.75
2.186222,3726.0
2.181106,3726.25
2.17343,3726.5
2.152964,3726.75
2.145289,3727.0
2.120984,3727.25
2.119705,3727.5
2.117147,3727.75
2.126101,3728.0
2.172151,3728.25
2.247623,3728.5
2.339723,3728.75
2.396007,3729.0
2.458686,3729.25
2.489387,3729.5
2.508574,3729.75
2.494503,3730.0
2.459966,3730.25
2.434382,3730.5
2.435661,3730.75
2.461245,3731.0
2.474036,3731.25
2.472757,3731.5
2.467641,3731.75
2.408799,3732.0
2.379378,3732.25
2.343561,3732.5
2.326931,3732.75
2.302627,3733.0
2.284719,3733.25
2.278323,3733.5
2.306465,3733.75
2.305186,3734.0
2.303906,3734.25
2.34484,3734.5
2.433103,3734.75
2.531599,3735.0
2.580208,3735.25
2.599396,3735.5
2.619862,3735.75
2.598116,3736.0
2.563579,3736.25
2.541833,3736.5
2.513691,3736.75
2.475316,3737.0
2.429265,3737.25
2.401124,3737.5
2.389611,3737.75
2.384494,3738.0
2.358911,3738.25
2.348677,3738.5
2.347398,3738.75
2.337165,3739.0
2.347398,3739.25
2.355073,3739.5
2.356353,3739.75
2.352515,3740.0
2.342282,3740.25
2.325652,3740.5
2.343561,3740.75
2.346119,3741.0
2.349957,3741.25
2.361469,3741.5
2.358911,3741.75
2.351236,3742.0
2.348677,3742.25
2.343561,3742.5
2.334606,3742.75
2.328211,3743.0
2.324373,3743.25
2.337165,3743.5
2.387053,3743.75
2.470199,3744.0
2.593,3744.25
2.723475,3744.5
2.847555,3744.75
2.879535,3745.0
2.874418,3745.25
2.919189,3745.5
2.914073,3745.75
2.896164,3746.0
2.879535,3746.25
2.864185,3746.5
2.838601,3746.75
2.801505,3747.0
2.765688,3747.25
2.728592,3747.5
2.695334,3747.75
2.656959,3748.0
2.621142,3748.25
2.593,3748.5
2.572533,3748.75
2.552066,3749.0
2.534158,3749.25
2.513691,3749.5
2.511132,3749.75
2.504737,3750.0
2.502178,3750.25
2.503458,3750.5
2.518808,3750.75
2.537995,3751.0
2.580208,3751.25
2.6237,3751.5
2.649283,3751.75
2.6544,3752.0
2.653121,3752.25
2.635212,3752.5
2.607071,3752.75
2.582766,3753.0
2.555904,3753.25
2.53032,3753.5
2.516249,3753.75
2.512412,3754.0
2.508574,3754.25
2.558462,3754.5
2.6237,3754.75
2.696613,3755.0
2.758013,3755.25
2.80918,3755.5
2.819414,3755.75
2.834764,3756.0
2.810459,3756.25
2.740105,3756.5
2.705567,3756.75
2.662075,3757.0
2.641608,3757.25
2.616025,3757.5
2.582766,3757.75
2.563579,3758.0
2.553345,3758.25
2.557183,3758.5
2.532879,3758.75
2.527762,3759.0
2.523924,3759.25
2.532879,3759.5
2.534158,3759.75
2.540554,3760.0
2.536716,3760.25
2.529041,3760.5
2.522645,3760.75
2.534158,3761.0
2.513691,3761.25
2.475316,3761.5
2.480433,3761.75
2.467641,3762.0
2.46892,3762.25
2.459966,3762.5
2.465082,3762.75
2.447174,3763.0
2.45357,3763.25
2.445895,3763.5
2.445895,3763.75
2.434382,3764.0
2.457407,3764.25
2.481712,3764.5
2.526483,3764.75
2.558462,3765.0
2.614746,3765.25
2.659517,3765.5
2.672309,3765.75
2.640329,3766.0
2.562299,3766.25
2.550787,3766.5
2.582766,3766.75
2.581487,3767.0
2.575091,3767.25
2.554625,3767.5
2.553345,3767.75
2.534158,3768.0
2.543112,3768.25
2.536716,3768.5
2.51497,3768.75
2.517529,3769.0
2.526483,3769.25
2.518808,3769.5
2.529041,3769.75
2.534158,3770.0
2.512412,3770.25
2.512412,3770.5
2.513691,3770.75
2.513691,3771.0
2.51497,3771.25
2.536716,3771.5
2.586604,3771.75
2.70173,3772.0
2.848835,3772.25
2.916631,3772.5
2.953727,3772.75
2.987291,3773.0
2.992407,3773.25
2.95659,3773.5
2.901586,3773.75
2.858094,3774.0
2.835069,3774.25
2.787739,3774.5
2.762156,3774.75
2.737852,3775.0
2.728897,3775.25
2.69308,3775.5
2.663659,3775.75
2.653426,3776.0
2.636797,3776.25
2.604817,3776.5
2.599701,3776.75
2.575396,3777.0
2.563884,3777.25
2.565163,3777.5
2.565163,3777.75
2.55365,3778.0
2.556209,3778.25
2.552371,3778.5
2.563884,3778.75
2.563884,3779.0
2.560046,3779.25
2.556209,3779.5
2.554929,3779.75
2.554929,3780.0
2.556209,3780.25
2.554929,3780.5
2.549813,3780.75
2.551092,3781.0
2.548534,3781.25
2.549813,3781.5
2.5383,3781.75
2.535742,3782.0
2.533184,3782.25
2.531904,3782.5
2.52295,3782.75
2.528067,3783.0
2.537021,3783.25
2.526788,3783.5
2.519113,3783.75
2.545975,3784.0
2.604817,3784.25
2.695639,3784.5
2.767272,3784.75
2.796694,3785.0
2.836348,3785.25
2.852977,3785.5
2.847861,3785.75
2.826115,3786.0
2.795414,3786.25
2.754481,3786.5
2.714826,3786.75
2.67773,3787.0
2.64703,3787.25
2.640634,3787.5
2.629122,3787.75
2.635518,3788.0
2.666218,3788.25
2.671335,3788.5
2.687964,3788.75
2.679009,3789.0
2.66238,3789.25
2.639355,3789.5
2.629122,3789.75
2.612492,3790.0
2.595863,3790.25
2.583071,3790.5
2.580513,3790.75
2.571559,3791.0
2.569,3791.25
2.557488,3791.5
2.557488,3791.75
2.533184,3792.0
2.525509,3792.25
2.525509,3792.5
2.517833,3792.75
2.503763,3793.0
2.497367,3793.25
2.548534,3793.5
2.551092,3793.75
2.579234,3794.0
2.590746,3794.25
2.589467,3794.5
2.579234,3794.75
2.575396,3795.0
2.567721,3795.25
2.55365,3795.5
2.552371,3795.75
2.537021,3796.0
2.528067,3796.25
2.5076,3796.5
2.5076,3796.75
2.517833,3797.0
2.497367,3797.25
2.498646,3797.5
2.505042,3797.75
2.513996,3798.0
2.531904,3798.25
2.529346,3798.5
2.5383,3798.75
2.571559,3799.0
2.583071,3799.25
2.607376,3799.5
2.629122,3799.75
2.655984,3800.0
2.649589,3800.25
2.649589,3800.5
2.654705,3800.75
2.635518,3801.0
2.624005,3801.25
2.612492,3801.5
2.590746,3801.75
2.586909,3802.0
2.576676,3802.25
2.562605,3802.5
2.540859,3802.75
2.529346,3803.0
2.516554,3803.25
2.49225,3803.5
2.482017,3803.75
2.49225,3804.0
2.496088,3804.25
2.505042,3804.5
2.511438,3804.75
2.5076,3805.0
2.502483,3805.25
2.5076,3805.5
2.490971,3805.75
2.494808,3806.0
2.489692,3806.25
2.493529,3806.5
2.516554,3806.75
2.569,3807.0
2.634238,3807.25
2.695639,3807.5
2.74041,3807.75
2.764714,3808.0
2.795414,3808.25
2.812044,3808.5
2.824835,3808.75
2.828673,3809.0
2.81716,3809.25
2.797973,3809.5
2.780064,3809.75
2.753202,3810.0
2.728897,3810.25
2.696918,3810.5
2.672614,3810.75
2.657264,3811.0
2.644472,3811.25
2.626563,3811.5
2.620167,3811.75
2.609934,3812.0
2.602259,3812.25
2.594584,3812.5
2.581792,3812.75
2.574117,3813.0
2.569,3813.25
2.558767,3813.5
2.560046,3813.75
2.545975,3814.0
2.537021,3814.25
2.529346,3814.5
2.529346,3814.75
2.533184,3815.0
2.544696,3815.25
2.521671,3815.5
2.516554,3815.75
2.505042,3816.0
2.502483,3816.25
2.497367,3816.5
2.49225,3816.75
2.49225,3817.0
2.490971,3817.25
2.482017,3817.5
2.471783,3817.75
2.479153,3818.0
2.472757,3818.25
2.475316,3818.5
2.475316,3818.75
2.46892,3819.0
2.472757,3819.25
2.472757,3819.5
2.466362,3819.75
2.461245,3820.0
2.457407,3820.25
2.45357,3820.5
2.443336,3820.75
2.445895,3821.0
2.451011,3821.25
2.448453,3821.5
2.449732,3821.75
2.448453,3822.0
2.443336,3822.25
2.434382,3822.5
2.427986,3822.75
2.422869,3823.0
2.419032,3823.25
2.417753,3823.5
2.415195,3823.75
2.416474,3824.0
2.413915,3824.25
2.42159,3824.5
2.411357,3824.75
2.410078,3825.0
2.42159,3825.25
2.445895,3825.5
2.467641,3825.75
2.480433,3826.0
2.489387,3826.25
2.489387,3826.5
2.500899,3826.75
2.49962,3827.0
2.503458,3827.25
2.540554,3827.5
2.635212,3827.75
2.768247,3828.0
2.846276,3828.25
2.984427,3828.5
3.084508,3828.75
3.111371,3829.0
3.107533,3829.25
3.101137,3829.5
3.055087,3829.75
2.998803,3830.0
2.933565,3830.25
2.870886,3830.5
2.828673,3830.75
2.810765,3831.0
2.783902,3831.25
2.757039,3831.5
2.745527,3831.75
2.741689,3832.0
2.769831,3832.25
2.799252,3832.5
2.84914,3832.75
2.886236,3833.0
2.91054,3833.25
2.911819,3833.5
2.92589,3833.75
2.91054,3834.0
2.887515,3834.25
2.86449,3834.5
2.836348,3834.75
2.808206,3835.0
2.791577,3835.25
2.790298,3835.5
2.778785,3835.75
2.777506,3836.0
2.769831,3836.25
2.764714,3836.5
2.753202,3836.75
2.744247,3837.0
2.730176,3837.25
2.713547,3837.5
2.695639,3837.75
2.680289,3838.0
2.658543,3838.25
2.639355,3838.5
2.622726,3838.75
2.618888,3839.0
2.608655,3839.25
2.604817,3839.5
2.599701,3839.75
2.589467,3840.0
2.589467,3840.25
2.599701,3840.5
2.615051,3840.75
2.634238,3841.0
2.635518,3841.25
2.621447,3841.5
2.595863,3841.75
2.593305,3842.0
2.579234,3842.25
2.581792,3842.5
2.581792,3842.75
2.572838,3843.0
2.562605,3843.25
2.55365,3843.5
2.545975,3843.75
2.531904,3844.0
2.521671,3844.25
2.503763,3844.5
2.497367,3844.75
2.4769,3845.0
2.49962,3845.25
2.500899,3845.5
2.486828,3845.75
2.485549,3846.0
2.479153,3846.25
2.467641,3846.5
2.465082,3846.75
2.461245,3847.0
2.477874,3847.25
2.504737,3847.5
2.512412,3847.75
2.521366,3848.0
2.564858,3848.25
2.521366,3848.5
2.511132,3848.75
2.490666,3849.0
2.485549,3849.25
2.46892,3849.5
2.454849,3849.75
2.440778,3850.0
2.439499,3850.25
2.444616,3850.5
2.444616,3850.75
2.442057,3851.0
2.435661,3851.25
2.443336,3851.5
2.443336,3851.75
2.443336,3852.0
2.440778,3852.25
2.439499,3852.5
2.430545,3852.75
2.445895,3853.0
2.431824,3853.25
2.429265,3853.5
2.422869,3853.75
2.415195,3854.0
2.408799,3854.25
2.397286,3854.5
2.387053,3854.75
2.37554,3855.0
2.37554,3855.25
2.396007,3855.5
2.433103,3855.75
2.454849,3856.0
2.475316,3856.25
2.491945,3856.5
2.49962,3856.75
2.494503,3857.0
2.491945,3857.25
2.489387,3857.5
2.481712,3857.75
2.481712,3858.0
2.476595,3858.25
2.46892,3858.5
2.471478,3858.75
2.46892,3859.0
2.451011,3859.25
2.444616,3859.5
2.444616,3859.75
2.442057,3860.0
2.43822,3860.25
2.424149,3860.5
2.429265,3860.75
2.420311,3861.0
2.420311,3861.25
2.416474,3861.5
2.412636,3861.75
2.408799,3862.0
2.416474,3862.25
2.420311,3862.5
2.430545,3862.75
2.43822,3863.0
2.434382,3863.25
2.425428,3863.5
2.419032,3863.75
2.40752,3864.0
2.394728,3864.25
2.388332,3864.5
2.380657,3864.75
2.371703,3865.0
2.376819,3865.25
2.371703,3865.5
2.362748,3865.75
2.355073,3866.0
2.346119,3866.25
2.335886,3866.5
2.342282,3866.75
2.370423,3867.0
2.403682,3867.25
2.445895,3867.5
2.472757,3867.75
2.493224,3868.0
2.51497,3868.25
2.513691,3868.5
2.508574,3868.75
2.500899,3869.0
2.480433,3869.25
2.472757,3869.5
2.480433,3869.75
2.502178,3870.0
2.525203,3870.25
2.594279,3870.5
2.613467,3870.75
2.614746,3871.0
2.607071,3871.25
2.589162,3871.5
2.572533,3871.75
2.548229,3872.0
2.531599,3872.25
2.512412,3872.5
2.506016,3872.75
2.511132,3873.0
2.512412,3873.25
2.520087,3873.5
2.516249,3873.75
2.500899,3874.0
2.486828,3874.25
2.482991,3874.5
2.472757,3874.75
2.475316,3875.0
2.490666,3875.25
2.48427,3875.5
2.472757,3875.75
2.470199,3876.0
2.452291,3876.25
2.440778,3876.5
2.439499,3876.75
2.427986,3877.0
2.420311,3877.25
2.410078,3877.5
2.410078,3877.75
2.408799,3878.0
2.419032,3878.25
2.426707,3878.5
2.43694,3878.75
2.43694,3879.0
2.43822,3879.25
2.43822,3879.5
2.430545,3879.75
2.420311,3880.0
2.410078,3880.25
2.394728,3880.5
2.394728,3880.75
2.380657,3881.0
2.374261,3881.25
2.365307,3881.5
2.361469,3881.75
2.351236,3882.0
2.348677,3882.25
2.34484,3882.5
2.342282,3882.75
2.334606,3883.0
2.32949,3883.25
2.321815,3883.5
2.317977,3883.75
2.31286,3884.0
2.310302,3884.25
2.315419,3884.5
2.337165,3884.75
2.352515,3885.0
2.416474,3885.25
2.486828,3885.5
2.531599,3885.75
2.557183,3886.0
2.56102,3886.25
2.557183,3886.5
2.552066,3886.75
2.544391,3887.0
2.521366,3887.25
2.502178,3887.5
2.476595,3887.75
2.456128,3888.0
2.430545,3888.25
2.417753,3888.5
2.40624,3888.75
2.389611,3889.0
2.383215,3889.25
2.379378,3889.5
2.371703,3889.75
2.364028,3890.0
2.357632,3890.25
2.356353,3890.5
2.357632,3890.75
2.365307,3891.0
2.37554,3891.25
2.385773,3891.5
2.394728,3891.75
2.394728,3892.0
2.394728,3892.25
2.385773,3892.5
2.380657,3892.75
2.366586,3893.0
2.357632,3893.25
2.338444,3893.5
2.339723,3893.75
2.32949,3894.0
2.325652,3894.25
2.316698,3894.5
2.310302,3894.75
2.302627,3895.0
2.29879,3895.25
2.29751,3895.5
2.29879,3895.75
2.305186,3896.0
2.309023,3896.25
2.317977,3896.5
2.324373,3896.75
2.332048,3897.0
2.333327,3897.25
2.335886,3897.5
2.330769,3897.75
2.325652,3898.0
2.316698,3898.25
2.31286,3898.5
2.307744,3898.75
2.302627,3899.0
2.291115,3899.25
2.289835,3899.5
2.284719,3899.75
2.278323,3900.0
2.274485,3900.25
2.269369,3900.5
2.264252,3900.75
2.262973,3901.0
2.264252,3901.25
2.29751,3901.5
2.261693,3901.75
2.239948,3902.0
2.22076,3902.25
2.228435,3902.5
2.224597,3902.75
2.219481,3903.0
2.232273,3903.25
2.225877,3903.5
2.234831,3903.75
2.232273,3904.0
2.228435,3904.25
2.224597,3904.5
2.238668,3904.75
2.243785,3905.0
2.270648,3905.25
2.284719,3905.5
2.300069,3905.75
2.296231,3906.0
2.301348,3906.25
2.292394,3906.5
2.269369,3906.75
2.255298,3907.0
2.265531,3907.25
2.265531,3907.5
2.250181,3907.75
2.242506,3908.0
2.230994,3908.25
2.229714,3908.5
2.224597,3908.75
2.229714,3909.0
2.230994,3909.25
2.224597,3909.5
2.218202,3909.75
2.213085,3910.0
2.214364,3910.25
2.237389,3910.5
2.288556,3910.75
2.342282,3911.0
2.401124,3911.25
2.45357,3911.5
2.477874,3911.75
2.48427,3912.0
2.475316,3912.25
2.462524,3912.5
2.443336,3912.75
2.420311,3913.0
2.388332,3913.25
2.380657,3913.5
2.364028,3913.75
2.349957,3914.0
2.335886,3914.25
2.324373,3914.5
2.315419,3914.75
2.301348,3915.0
2.292394,3915.25
2.275764,3915.5
2.261693,3915.75
2.254019,3916.0
2.252739,3916.25
2.246343,3916.5
2.241227,3916.75
2.232273,3917.0
2.23611,3917.25
2.229714,3917.5
2.228435,3917.75
2.232273,3918.0
2.233552,3918.25
2.256577,3918.5
2.309023,3918.75
2.361469,3919.0
2.419032,3919.25
2.477874,3919.5
2.508574,3919.75
2.507295,3920.0
2.495783,3920.25
2.474036,3920.5
2.495783,3920.75
2.493224,3921.0
2.46892,3921.25
2.46892,3921.5
2.466362,3921.75
2.459966,3922.0
2.448453,3922.25
2.433103,3922.5
2.415195,3922.75
2.399844,3923.0
2.378098,3923.25
2.372982,3923.5
2.374261,3923.75
2.408799,3924.0
2.454849,3924.25
2.508574,3924.5
2.553345,3924.75
2.573812,3925.0
2.591721,3925.25
2.600675,3925.5
2.595558,3925.75
2.568696,3926.0
2.548229,3926.25
2.527762,3926.5
2.512412,3926.75
2.480433,3927.0
2.462524,3927.25
2.451011,3927.5
2.442057,3927.75
2.430545,3928.0
2.429265,3928.25
2.439499,3928.5
2.462524,3928.75
2.480433,3929.0
2.500899,3929.25
2.51497,3929.5
2.51497,3929.75
2.509853,3930.0
2.506016,3930.25
2.491945,3930.5
2.480433,3930.75
2.466362,3931.0
2.458686,3931.25
2.440778,3931.5
2.439499,3931.75
2.431824,3932.0
2.419032,3932.25
2.404961,3932.5
2.393449,3932.75
2.384494,3933.0
2.378098,3933.25
2.372982,3933.5
2.371703,3933.75
2.369144,3934.0
2.366586,3934.25
2.356353,3934.5
2.351236,3934.75
2.339723,3935.0
2.319257,3935.25
2.31286,3935.5
2.301348,3935.75
2.289835,3936.0
2.280881,3936.25
2.291115,3936.5
2.292394,3936.75
2.287277,3937.0
2.28216,3937.25
2.280881,3937.5
2.275764,3937.75
2.262973,3938.0
2.262973,3938.25
2.277044,3938.5
2.307744,3938.75
2.324373,3939.0
2.335886,3939.25
2.34484,3939.5
2.36019,3939.75
2.37554,3940.0
2.402403,3940.25
2.463803,3940.5
2.552066,3940.75
2.640329,3941.0
2.731151,3941.25
2.815576,3941.5
2.860347,3941.75
2.880814,3942.0
2.896164,3942.25
2.892327,3942.5
2.855231,3942.75
2.820693,3943.0
2.791272,3943.25
2.741384,3943.5
2.723475,3943.75
2.686379,3944.0
2.655679,3944.25
2.637771,3944.5
2.624979,3944.75
2.60835,3945.0
2.596837,3945.25
2.57637,3945.5
2.568696,3945.75
2.553345,3946.0
2.531599,3946.25
2.523924,3946.5
2.518808,3946.75
2.516249,3947.0
2.517529,3947.25
2.511132,3947.5
2.506016,3947.75
2.506016,3948.0
2.517529,3948.25
2.53032,3948.5
2.531599,3948.75
2.534158,3949.0
2.529041,3949.25
2.529041,3949.5
2.535437,3949.75
2.562299,3950.0
2.604512,3950.25
2.646725,3950.5
2.681263,3950.75
2.688938,3951.0
2.691496,3951.25
2.688938,3951.5
2.679984,3951.75
2.687659,3952.0
2.699171,3952.25
2.720917,3952.5
2.738826,3952.75
2.759292,3953.0
2.76313,3953.25
2.756734,3953.5
2.74778,3953.75
2.71708,3954.0
2.699171,3954.25
2.673588,3954.5
2.659517,3954.75
2.63905,3955.0
2.628817,3955.25
2.60835,3955.5
2.605792,3955.75
2.594279,3956.0
2.585325,3956.25
2.57637,3956.5
2.580208,3956.75
2.594279,3957.0
2.621142,3957.25
2.646725,3957.5
2.668471,3957.75
2.673588,3958.0
2.668471,3958.25
2.658238,3958.5
2.642888,3958.75
2.624979,3959.0
2.607071,3959.25
2.595558,3959.5
2.581487,3959.75
2.571254,3960.0
2.567416,3960.25
2.557183,3960.5
2.546949,3960.75
2.544391,3961.0
2.537995,3961.25
2.534158,3961.5
2.536716,3961.75
2.559741,3962.0
2.589162,3962.25
2.626258,3962.5
2.655679,3962.75
2.677425,3963.0
2.691496,3963.25
2.713242,3963.5
2.74778,3963.75
2.788713,3964.0
2.818135,3964.25
2.832205,3964.5
2.829647,3964.75
2.80918,3965.0
2.802784,3965.25
2.786155,3965.5
2.772084,3965.75
2.755455,3966.0
2.74778,3966.25
2.737546,3966.5
2.726034,3966.75
2.708125,3967.0
2.691496,3967.25
2.677425,3967.5
2.671029,3967.75
2.6544,3968.0
2.637771,3968.25
2.636492,3968.5
2.653121,3968.75
2.688938,3969.0
2.740105,3969.25
2.797668,3969.5
2.861626,3969.75
2.888489,3970.0
2.905118,3970.25
2.897443,3970.5
2.888489,3970.75
2.852672,3971.0
2.836043,3971.25
2.80918,3971.5
2.796388,3971.75
2.773363,3972.0
2.755455,3972.25
2.737546,3972.5
2.722196,3972.75
2.708125,3973.0
2.697892,3973.25
2.697892,3973.5
2.709405,3973.75
2.705567,3974.0
2.720917,3974.25
2.71708,3974.5
2.722196,3974.75
2.736267,3975.0
2.773363,3975.25
2.830926,3975.5
2.910235,3975.75
2.992102,3976.0
3.061483,3976.25
3.101137,3976.5
3.117766,3976.75
3.110091,3977.0
3.093462,3977.25
3.060204,3977.5
3.048691,3977.75
2.964265,3978.0
2.918215,3978.25
2.883677,3978.5
2.851698,3978.75
2.829952,3979.0
2.796694,3979.25
2.777506,3979.5
2.774948,3979.75
2.774948,3980.0
2.768552,3980.25
2.764714,3980.5
2.759598,3980.75
2.750643,3981.0
2.741689,3981.25
2.745527,3981.5
2.741689,3981.75
2.734014,3982.0
2.734014,3982.25
2.735293,3982.5
2.748085,3982.75
2.77111,3983.0
2.799252,3983.25
2.827394,3983.5
2.845302,3983.75
2.858094,3984.0
2.865769,3984.25
2.860652,3984.5
2.841465,3984.75
2.841465,3985.0
2.89519,3985.25
2.929728,3985.5
2.970661,3985.75
2.997524,3986.0
3.032062,3986.25
3.038458,3986.5
3.046133,3986.75
3.024387,3987.0
2.984732,3987.25
2.948915,3987.5
2.937403,3987.75
2.950195,3988.0
3.001361,3988.25
3.04997,3988.5
3.088345,3988.75
3.115208,3989.0
3.119045,3989.25
3.103695,3989.5
3.069158,3989.75
3.035899,3990.0
2.98857,3990.25
2.952753,3990.5
2.920774,3990.75
2.902865,3991.0
2.877281,3991.25
2.859373,3991.5
2.837627,3991.75
2.824835,3992.0
2.815881,3992.25
2.803089,3992.5
2.789018,3992.75
2.763435,3993.0
2.753202,3993.25
2.777506,3993.5
2.744247,3993.75
2.719943,3994.0
2.705872,3994.25
2.695639,3994.5
2.690522,3994.75
2.686685,3995.0
2.679009,3995.25
2.663659,3995.5
2.671335,3995.75
2.654705,3996.0
2.64703,3996.25
2.638076,3996.5
2.632959,3996.75
2.629122,3997.0
2.626563,3997.25
2.626563,3997.5
2.622726,3997.75
2.615051,3998.0
2.604817,3998.25
2.595863,3998.5
2.592026,3998.75
2.58563,3999.0
2.593305,3999.25
2.618888,3999.5
2.659822,3999.75
2.718664,4000.0
2.772389,4000.25
2.823556,4000.5
2.86449,4000.75
2.872165,4001.0
2.873444,4001.25
2.867048,4001.5
2.826115,4001.75
2.845302,4002.0
2.850419,4002.25
2.797973,4002.5
2.782623,4002.75
2.765993,4003.0
2.750643,4003.25
2.735293,4003.5
2.714826,4003.75
2.699476,4004.0
2.686685,4004.25
2.673893,4004.5
2.666218,4004.75
2.657264,4005.0
2.666218,4005.25
2.666218,4005.5
2.654705,4005.75
2.649589,4006.0
2.634238,4006.25
2.634238,4006.5
2.625284,4006.75
2.626563,4007.0
2.612492,4007.25
2.608655,4007.5
2.603538,4007.75
2.595863,4008.0
2.586909,4008.25
2.58563,4008.5
2.60098,4008.75
2.593305,4009.0
2.581792,4009.25
2.580513,4009.5
2.593305,4009.75
2.590746,4010.0
2.58563,4010.25
2.576676,4010.5
2.581792,4010.75
2.594584,4011.0
2.615051,4011.25
2.589467,4011.5
2.576676,4011.75
2.574117,4012.0
2.574117,4012.25
2.575396,4012.5
2.560046,4012.75
2.540859,4013.0
2.552371,4013.25
2.562605,4013.5
2.554929,4013.75
2.579234,4014.0
2.625284,4014.25
2.667497,4014.5
2.702035,4014.75
2.717385,4015.0
2.741689,4015.25
2.767272,4015.5
2.737852,4015.75
2.70971,4016.0
2.686685,4016.25
2.680289,4016.5
2.681568,4016.75
2.661101,4017.0
2.653426,4017.25
2.638076,4017.5
2.615051,4017.75
2.595863,4018.0
2.577955,4018.25
2.562605,4018.5
2.551092,4018.75
2.539579,4019.0
2.530625,4019.25
2.517833,4019.5
2.526788,4019.75
2.542138,4020.0
2.558767,4020.25
2.593305,4020.5
2.626563,4020.75
2.664939,4021.0
2.685405,4021.25
2.685405,4021.5
2.680289,4021.75
2.670055,4022.0
2.650868,4022.25
2.634238,4022.5
2.625284,4022.75
2.613772,4023.0
2.589467,4023.25
2.579234,4023.5
2.560046,4023.75
2.548534,4024.0
2.535742,4024.25
2.528067,4024.5
2.517833,4024.75
2.499925,4025.0
2.494808,4025.25
2.484575,4025.5
2.482017,4025.75
2.473063,4026.0
2.494503,4026.25
2.497062,4026.5
2.537995,4026.75
2.520087,4027.0
2.526483,4027.25
2.531599,4027.5
2.553345,4027.75
2.587883,4028.0
2.627537,4028.25
2.656959,4028.5
2.677425,4028.75
2.696613,4029.0
2.714521,4029.25
2.692775,4029.5
2.671029,4029.75
2.6544,4030.0
2.630096,4030.25
2.612187,4030.5
2.598116,4030.75
2.589162,4031.0
2.57637,4031.25
2.572533,4031.5
2.567416,4031.75
2.558462,4032.0
2.548229,4032.25
2.532879,4032.5
2.512412,4032.75
2.520087,4033.0
2.513691,4033.25
2.51497,4033.5
2.521366,4033.75
2.53032,4034.0
2.54567,4034.25
2.571254,4034.5
2.596837,4034.75
2.610908,4035.0
2.640329,4035.25
2.651842,4035.5
2.648004,4035.75
2.636492,4036.0
2.6237,4036.25
2.612187,4036.5
2.605792,4036.75
2.591721,4037.0
2.587883,4037.25
2.582766,4037.5
2.57637,4037.75
2.569975,4038.0
2.557183,4038.25
2.549508,4038.5
2.534158,4038.75
2.51497,4039.0
2.521366,4039.25
2.516249,4039.5
2.490666,4039.75
2.491945,4040.0
2.488107,4040.25
2.479153,4040.5
2.470199,4040.75
2.46892,4041.0
2.477874,4041.25
2.467641,4041.5
2.461245,4041.75
2.454849,4042.0
2.451011,4042.25
2.43694,4042.5
2.474036,4042.75
2.486828,4043.0
2.49962,4043.25
2.523924,4043.5
2.53032,4043.75
2.537995,4044.0
2.541833,4044.25
2.539274,4044.5
2.525203,4044.75
2.518808,4045.0
2.517529,4045.25
2.497062,4045.5
2.476595,4045.75
2.466362,4046.0
2.454849,4046.25
2.445895,4046.5
2.431824,4046.75
2.427986,4047.0
2.429265,4047.25
2.433103,4047.5
2.439499,4047.75
2.426707,4048.0
2.408799,4048.25
2.399844,4048.5
2.39089,4048.75
2.393449,4049.0
2.408799,4049.25
2.392169,4049.5
2.384494,4049.75
2.374261,4050.0
2.372982,4050.25
2.370423,4050.5
2.358911,4050.75
2.358911,4051.0
2.362748,4051.25
2.362748,4051.5
2.356353,4051.75
2.361469,4052.0
2.367865,4052.25
2.372982,4052.5
2.387053,4052.75
2.402403,4053.0
2.404961,4053.25
2.398565,4053.5
2.39089,4053.75
2.380657,4054.0
2.374261,4054.25
2.370423,4054.5
2.36019,4054.75
2.36019,4055.0
2.356353,4055.25
2.355073,4055.5
2.341002,4055.75
2.337165,4056.0
2.334606,4056.25
2.328211,4056.5
2.328211,4056.75
2.319257,4057.0
2.316698,4057.25
2.300069,4057.5
2.306465,4057.75
2.303906,4058.0
2.294952,4058.25
2.293673,4058.5
2.294952,4058.75
2.296231,4059.0
2.302627,4059.25
2.303906,4059.5
2.301348,4059.75
2.301348,4060.0
2.306465,4060.25
2.307744,4060.5
2.29879,4060.75
2.292394,4061.0
2.28344,4061.25
2.279602,4061.5
2.277044,4061.75
2.275764,4062.0
2.269369,4062.25
2.26681,4062.5
2.262973,4062.75
2.262973,4063.0
2.274485,4063.25
2.289835,4063.5
2.326931,4063.75
2.347398,4064.0
2.372982,4064.25
2.388332,4064.5
2.403682,4064.75
2.394728,4065.0
2.401124,4065.25
2.385773,4065.5
2.378098,4065.75
2.361469,4066.0
2.357632,4066.25
2.357632,4066.5
2.347398,4066.75
2.343561,4067.0
2.326931,4067.25
2.326931,4067.5
2.320536,4067.75
2.326931,4068.0
2.316698,4068.25
2.302627,4068.5
2.303906,4068.75
2.301348,4069.0
2.294952,4069.25
2.28344,4069.5
2.279602,4069.75
2.26809,4070.0
2.26681,4070.25
2.257856,4070.5
2.25146,4070.75
2.239948,4071.0
2.238668,4071.25
2.225877,4071.5
2.223318,4071.75
2.222039,4072.0
2.214364,4072.25
2.211806,4072.5
2.207968,4072.75
2.207968,4073.0
2.196456,4073.25
2.196456,4073.5
2.193897,4073.75
2.19006,4074.0
2.187501,4074.25
2.186222,4074.5
2.186222,4074.75
2.188781,4075.0
2.181106,4075.25
2.177268,4075.5
2.178547,4075.75
2.178547,4076.0
2.168314,4076.25
2.17343,4076.5
2.15936,4076.75
2.155522,4077.0
2.15936,4077.25
2.15936,4077.5
2.154243,4077.75
2.147847,4078.0
2.147847,4078.25
2.149126,4078.5
2.147847,4078.75
2.14273,4079.0
2.14273,4079.25
2.138893,4079.5
2.145289,4079.75
2.147847,4080.0
2.145289,4080.25
2.137614,4080.5
2.131218,4080.75
2.126101,4081.0
2.120984,4081.25
2.114588,4081.5
2.108193,4081.75
2.106914,4082.0
2.110751,4082.25
2.106914,4082.5
2.092843,4082.75
2.089005,4083.0
2.077492,4083.25
2.086447,4083.5
2.100518,4083.75
2.119705,4084.0
2.136334,4084.25
2.150405,4084.5
2.161918,4084.75
2.156801,4085.0
2.163197,4085.25
2.160639,4085.5
2.161918,4085.75
2.154243,4086.0
2.14401,4086.25
2.132497,4086.5
2.132497,4086.75
2.128659,4087.0
2.138893,4087.25
2.141451,4087.5
2.147847,4087.75
2.150405,4088.0
2.154243,4088.25
2.152964,4088.5
2.145289,4088.75
2.149126,4089.0
2.146568,4089.25
2.146568,4089.5
2.132497,4089.75
2.123543,4090.0
2.109472,4090.25
2.103076,4090.5
2.101797,4090.75
2.097959,4091.0
2.099238,4091.25
2.090284,4091.5
2.090284,4091.75
2.083888,4092.0
2.080051,4092.25
2.074934,4092.5
2.076213,4092.75
2.076213,4093.0
2.083888,4093.25
2.091563,4093.5
2.099238,4093.75
2.108193,4094.0
2.109472,4094.25
2.108193,4094.5
2.101797,4094.75
2.099238,4095.0
2.092843,4095.25
2.092843,4095.5
2.087726,4095.75
2.085167,4096.0
2.077492,4096.25
2.072376,4096.5
2.067259,4096.75
2.067259,4097.0
2.078772,4097.25
2.101797,4097.5
2.133776,4097.75
2.172151,4098.0
2.228435,4098.25
2.256577,4098.5
2.243785,4098.75
2.232273,4099.0
2.222039,4099.25
2.228435,4099.5
2.270648,4099.75
2.343561,4100.0
2.426707,4100.25
2.504737,4100.5
2.57637,4100.75
2.637771,4101.0
2.672309,4101.25
2.672309,4101.5
2.646725,4101.75
2.612187,4102.0
2.581487,4102.25
2.540554,4102.5
2.51497,4102.75
2.481712,4103.0
2.457407,4103.25
2.439499,4103.5
2.426707,4103.75
2.402403,4104.0
2.383215,4104.25
2.378098,4104.5
2.37554,4104.75
2.358911,4105.0
2.356353,4105.25
2.355073,4105.5
2.355073,4105.75
2.353794,4106.0
2.349957,4106.25
2.34484,4106.5
2.334606,4106.75
2.323094,4107.0
2.315419,4107.25
2.303906,4107.5
2.29751,4107.75
2.284719,4108.0
2.277044,4108.25
2.265531,4108.5
2.26809,4108.75
2.256577,4109.0
2.246343,4109.25
2.242506,4109.5
2.250181,4109.75
2.250181,4110.0
2.248902,4110.25
2.250181,4110.5
2.242506,4110.75
2.238668,4111.0
2.225877,4111.25
2.218202,4111.5
2.210527,4111.75
2.206689,4112.0
2.201572,4112.25
2.199014,4112.5
2.201572,4112.75
2.199014,4113.0
2.188781,4113.25
2.182385,4113.5
2.17343,4113.75
2.156801,4114.0
2.154243,4114.25
2.154243,4114.5
2.163197,4114.75
2.161918,4115.0
2.17471,4115.25
2.179826,4115.5
2.187501,4115.75
2.191339,4116.0
2.188781,4116.25
2.187501,4116.5
2.191339,4116.75
2.195177,4117.0
2.204131,4117.25
2.206689,4117.5
2.218202,4117.75
2.215643,4118.0
2.207968,4118.25
2.200293,4118.5
2.191339,4118.75
2.178547,4119.0
2.172151,4119.25
2.165756,4119.5
2.152964,4119.75
2.146568,4120.0
2.138893,4120.25
2.138893,4120.5
2.129939,4120.75
2.124822,4121.0
2.120984,4121.25
2.120984,4121.5
2.106914,4121.75
2.11203,4122.0
2.109472,4122.25
2.113309,4122.5
2.124822,4122.75
2.140172,4123.0
2.152964,4123.25
2.160639,4123.5
2.167035,4123.75
2.163197,4124.0
2.156801,4124.25
2.156801,4124.5
2.151685,4124.75
2.123543,4125.0
2.131218,4125.25
2.120984,4125.5
2.114588,4125.75
2.108193,4126.0
2.095401,4126.25
2.090284,4126.5
2.086447,4126.75
2.08133,4127.0
2.08133,4127.25
2.072376,4127.5
2.031442,4127.75
2.114588,4128.0
2.120984,4128.25
2.169593,4128.5
2.14273,4128.75
2.128659,4129.0
2.114588,4129.25
2.113309,4129.5
2.123543,4129.75
2.145289,4130.0
2.168314,4130.25
2.181106,4130.5
2.195177,4130.75
2.19006,4131.0
2.191339,4131.25
2.178547,4131.5
2.175989,4131.75
2.170872,4132.0
2.17343,4132.25
2.154243,4132.5
2.14401,4132.75
2.135055,4133.0
2.132497,4133.25
2.149126,4133.5
2.170872,4133.75
2.192618,4134.0
2.207968,4134.25
2.222039,4134.5
2.232273,4134.75
2.234831,4135.0
2.233552,4135.25
2.219481,4135.5
2.209247,4135.75
2.195177,4136.0
2.187501,4136.25
2.178547,4136.5
2.179826,4136.75
2.177268,4137.0
2.188781,4137.25
2.192618,4137.5
2.200293,4137.75
2.204131,4138.0
2.201572,4138.25
2.193897,4138.5
2.182385,4138.75
2.178547,4139.0
2.167035,4139.25
2.161918,4139.5
2.154243,4139.75
2.147847,4140.0
2.145289,4140.25
2.14273,4140.5
2.137614,4140.75
2.133776,4141.0
2.126101,4141.25
2.119705,4141.5
2.11203,4141.75
2.103076,4142.0
2.099238,4142.25
2.145289,4142.5
2.133776,4142.75
2.118426,4143.0
2.106914,4143.25
2.095401,4143.5
2.086447,4143.75
2.067259,4144.0
2.072376,4144.25
2.119705,4144.5
2.113309,4144.75
2.087726,4145.0
2.091563,4145.25
2.091563,4145.5
2.091563,4145.75
2.08133,4146.0
2.077492,4146.25
2.068538,4146.5
2.076213,4146.75
2.073655,4147.0
2.083888,4147.25
2.086447,4147.5
2.089005,4147.75
2.086447,4148.0
2.086447,4148.25
2.08133,4148.5
2.076213,4148.75
2.071097,4149.0
2.083888,4149.25
2.06598,4149.5
2.05063,4149.75
2.046792,4150.0
2.036559,4150.25
2.045513,4150.5
2.040396,4150.75
2.039117,4151.0
2.036559,4151.25
2.032721,4151.5
2.027605,4151.75
2.026325,4152.0
2.017371,4152.25
2.009696,4152.5
2.005859,4152.75
2.0033,4153.0
1.991788,4153.25
1.995625,4153.5
1.991788,4153.75
1.98795,4154.0
1.981554,4154.25
1.977717,4154.5
1.973879,4154.75
1.967484,4155.0
1.964925,4155.25
1.964925,4155.5
1.961088,4155.75
1.974399,4156.0
1.971841,4156.25
1.970562,4156.5
1.974399,4156.75
1.974399,4157.0
1.979516,4157.25
1.980795,4157.5
1.984633,4157.75
1.978237,4158.0
1.982074,4158.25
1.979516,4158.5
1.982074,4158.75
1.976958,4159.0
1.975679,4159.25
1.984633,4159.5
2.008937,4159.75
2.062663,4160.0
2.048592,4160.25
2.054987,4160.5
2.043475,4160.75
2.042196,4161.0
2.033242,4161.25
2.037079,4161.5
2.048592,4161.75
2.054987,4162.0
2.053708,4162.25
2.052429,4162.5
2.048592,4162.75
2.043475,4163.0
2.031962,4163.25
2.017891,4163.5
2.012775,4163.75
2.00382,4164.0
1.999983,4164.25
1.998704,4164.5
1.994866,4164.75
1.987191,4165.0
1.994866,4165.25
1.999983,4165.5
1.994866,4165.75
1.998704,4166.0
1.983354,4166.25
1.98975,4166.5
1.984633,4166.75
1.976958,4167.0
1.970562,4167.25
1.969283,4167.5
1.965445,4167.75
1.962887,4168.0
1.980795,4168.25
1.975679,4168.5
1.982074,4168.75
1.992308,4169.0
2.028125,4169.25
2.069058,4169.5
2.1279,4169.75
2.199534,4170.0
2.26861,4170.25
2.326172,4170.5
2.368385,4170.75
2.388852,4171.0
2.381177,4171.25
2.367106,4171.5
2.356873,4171.75
2.342802,4172.0
2.317218,4172.25
2.298031,4172.5
2.276285,4172.75
2.262214,4173.0
2.248143,4173.25
2.231514,4173.5
2.216163,4173.75
2.20593,4174.0
2.196976,4174.25
2.186743,4174.5
2.177788,4174.75
2.172672,4175.0
2.166276,4175.25
2.166276,4175.5
2.164996,4175.75
2.164996,4176.0
2.15988,4176.25
2.157321,4176.5
2.147088,4176.75
2.149646,4177.0
2.140692,4177.25
2.139413,4177.5
2.136855,4177.75
2.133017,4178.0
2.120225,4178.25
2.122784,4178.5
2.121505,4178.75
2.111271,4179.0
2.108713,4179.25
2.101038,4179.5
2.09848,4179.75
2.089525,4180.0
2.090804,4180.25
2.088246,4180.5
2.086967,4180.75
2.088246,4181.0
2.103596,4181.25
2.104875,4181.5
2.107434,4181.75
2.108713,4182.0
2.118946,4182.25
2.126621,4182.5
2.133017,4182.75
2.135576,4183.0
2.141971,4183.25
2.148367,4183.5
2.161159,4183.75
2.164996,4184.0
2.180346,4184.25
2.177788,4184.5
2.193138,4184.75
2.173951,4185.0
2.179067,4185.25
2.177788,4185.5
2.223839,4185.75
2.189301,4186.0
2.182905,4186.25
2.170113,4186.5
2.162438,4186.75
2.126621,4187.0
2.11255,4187.25
2.153484,4187.5
2.135576,4187.75
2.124063,4188.0
2.11255,4188.25
2.108713,4188.5
2.101038,4188.75
2.092083,4189.0
2.08185,4189.25
2.075454,4189.5
2.063942,4189.75
2.078013,4190.0
2.085688,4190.25
2.083129,4190.5
2.075454,4190.75
2.069058,4191.0
2.058825,4191.25
2.060104,4191.5
2.062663,4191.75
2.058825,4192.0
2.062663,4192.25
2.074175,4192.5
2.090804,4192.75
2.109992,4193.0
2.121505,4193.25
2.1279,4193.5
2.129179,4193.75
2.124063,4194.0
2.117667,4194.25
2.109992,4194.5
2.09848,4194.75
2.080571,4195.0
2.083129,4195.25
2.076733,4195.5
2.072896,4195.75
2.069058,4196.0
2.060104,4196.25
2.046033,4196.5
2.042196,4196.75
2.039637,4197.0
2.040916,4197.25
2.040916,4197.5
2.042196,4197.75
2.057546,4198.0
2.086967,4198.25
2.133017,4198.5
2.176509,4198.75
2.230234,4199.0
2.271168,4199.25
2.318497,4199.5
2.319777,4199.75
2.333848,4200.0
2.317218,4200.25
2.287797,4200.5
2.266051,4200.75
2.250701,4201.0
2.228955,4201.25
2.207209,4201.5
2.185463,4201.75
2.163717,4202.0
2.15988,4202.25
2.148367,4202.5
2.14325,4202.75
2.133017,4203.0
2.118946,4203.25
2.102317,4203.5
2.107434,4203.75
2.109992,4204.0
2.111271,4204.25
2.107434,4204.5
2.103596,4204.75
2.0972,4205.0
2.104875,4205.25
2.11383,4205.5
2.126621,4205.75
2.14325,4206.0
2.154763,4206.25
2.162438,4206.5
2.170113,4206.75
2.172672,4207.0
2.168834,4207.25
2.161159,4207.5
2.158601,4207.75
2.153484,4208.0
2.14325,4208.25
2.134296,4208.5
2.131738,4208.75
2.131738,4209.0
2.117667,4209.25
2.11255,4209.5
2.102317,4209.75
2.088246,4210.0
2.084409,4210.25
2.080571,4210.5
2.075454,4210.75
2.071617,4211.0
2.076733,4211.25
2.080571,4211.5
2.083129,4211.75
2.085688,4212.0
2.088246,4212.25
2.086967,4212.5
2.086967,4212.75
2.080571,4213.0
2.080571,4213.25
2.078013,4213.5
2.089525,4213.75
2.094642,4214.0
2.125342,4214.25
2.150926,4214.5
2.172672,4214.75
2.185463,4215.0
2.19058,4215.25
2.189301,4215.5
2.172672,4215.75
2.162438,4216.0
2.149646,4216.25
2.135576,4216.5
2.124063,4216.75
2.125342,4217.0
2.118946,4217.25
2.138134,4217.5
2.172672,4217.75
2.14453,4218.0
2.107434,4218.25
2.101038,4218.5
2.108713,4218.75
2.313381,4219.0
2.365827,4219.25
2.328731,4219.5
2.29931,4219.75
2.262214,4220.0
2.240468,4220.25
2.19058,4220.5
2.189301,4220.75
2.195697,4221.0
2.185463,4221.25
2.199534,4221.5
2.214884,4221.75
2.230234,4222.0
2.241747,4222.25
2.25198,4222.5
2.257097,4222.75
2.254539,4223.0
2.255818,4223.25
2.249422,4223.5
2.241747,4223.75
2.240468,4224.0
2.237909,4224.25
2.228955,4224.5
2.217443,4224.75
2.204651,4225.0
2.212326,4225.25
2.211047,4225.5
2.207209,4225.75
2.204651,4226.0
2.200813,4226.25
2.189301,4226.5
2.179067,4226.75
2.168834,4227.0
2.168834,4227.25
2.162438,4227.5
2.154763,4227.75
2.157321,4228.0
2.154763,4228.25
2.14453,4228.5
2.136855,4228.75
2.130459,4229.0
2.129179,4229.25
2.152205,4229.5
2.131738,4229.75
2.126621,4230.0
2.124063,4230.25
2.126621,4230.5
2.117667,4230.75
2.145809,4231.0
2.186743,4231.25
2.216163,4231.5
2.217443,4231.75
2.213605,4232.0
2.20593,4232.25
2.204651,4232.5
2.202093,4232.75
2.198255,4233.0
2.189301,4233.25
2.179067,4233.5
2.173951,4233.75
2.172672,4234.0
2.15988,4234.25
2.150926,4234.5
2.14325,4234.75
2.136855,4235.0
2.130459,4235.25
2.124063,4235.5
2.120225,4235.75
2.117667,4236.0
2.11383,4236.25
2.116388,4236.5
2.130459,4236.75
2.162438,4237.0
2.202093,4237.25
2.239189,4237.5
2.26861,4237.75
2.287797,4238.0
2.298031,4238.25
2.287797,4238.5
2.286518,4238.75
2.266051,4239.0
2.25198,4239.25
2.240468,4239.5
2.230234,4239.75
2.223839,4240.0
2.234072,4240.25
2.202093,4240.5
2.185463,4240.75
2.173951,4241.0
2.166276,4241.25
2.162438,4241.5
2.166276,4241.75
2.163717,4242.0
2.157321,4242.25
2.154763,4242.5
2.149646,4242.75
2.14325,4243.0
2.138134,4243.25
2.136855,4243.5
2.147088,4243.75
2.158601,4244.0
2.182905,4244.25
2.204651,4244.5
2.227676,4244.75
2.230234,4245.0
2.244305,4245.25
2.241747,4245.5
2.23663,4245.75
2.222559,4246.0
2.213605,4246.25
2.202093,4246.5
2.189301,4246.75
2.181626,4247.0
2.182905,4247.25
2.203372,4247.5
2.182905,4247.75
2.168834,4248.0
2.161159,4248.25
2.158601,4248.5
2.148367,4248.75
2.153484,4249.0
2.145809,4249.25
2.145809,4249.5
2.148367,4249.75
2.14325,4250.0
2.14453,4250.25
2.131738,4250.5
2.138134,4250.75
2.134296,4251.0
2.133017,4251.25
2.125342,4251.5
2.126621,4251.75
2.122784,4252.0
2.121505,4252.25
2.120225,4252.5
2.106154,4252.75
2.109992,4253.0
2.102317,4253.25
2.111271,4253.5
2.120225,4253.75
2.138134,4254.0
2.162438,4254.25
2.195697,4254.5
2.22128,4254.75
2.237909,4255.0
2.249422,4255.25
2.249422,4255.5
2.245584,4255.75
2.227676,4256.0
2.218722,4256.25
2.195697,4256.5
2.19058,4256.75
2.172672,4257.0
2.164996,4257.25
2.156042,4257.5
2.145809,4257.75
2.147088,4258.0
2.136855,4258.25
2.130459,4258.5
2.125342,4258.75
2.117667,4259.0
2.109992,4259.25
2.108713,4259.5
2.099759,4259.75
2.102317,4260.0
2.099759,4260.25
2.106154,4260.5
2.150926,4260.75
2.218722,4261.0
2.308264,4261.25
2.395248,4261.5
2.468161,4261.75
2.512412,4262.0
2.539274,4262.25
2.539274,4262.5
2.534158,4262.75
2.500899,4263.0
2.471478,4263.25
2.435661,4263.5
2.403682,4263.75
2.361469,4264.0
2.335886,4264.25
2.325652,4264.5
2.305186,4264.75
2.278323,4265.0
2.26809,4265.25
2.260414,4265.5
2.248902,4265.75
2.246343,4266.0
2.245064,4266.25
2.234831,4266.5
2.219481,4266.75
2.215643,4267.0
2.210527,4267.25
2.20541,4267.5
2.204131,4267.75
2.218202,4268.0
2.209247,4268.25
2.209247,4268.5
2.210527,4268.75
2.214364,4269.0
2.225877,4269.25
2.229714,4269.5
2.229714,4269.75
2.228435,4270.0
2.22076,4270.25
2.210527,4270.5
2.201572,4270.75
2.191339,4271.0
2.182385,4271.25
2.17471,4271.5
2.169593,4271.75
2.163197,4272.0
2.160639,4272.25
2.161918,4272.5
2.164476,4272.75
2.154243,4273.0
2.161918,4273.25
2.168314,4273.5
2.181106,4273.75
2.186222,4274.0
2.192618,4274.25
2.192618,4274.5
2.184943,4274.75
2.179826,4275.0
2.168314,4275.25
2.160639,4275.5
2.150405,4275.75
2.138893,4276.0
2.12738,4276.25
2.122264,4276.5
2.113309,4276.75
2.108193,4277.0
2.105634,4277.25
2.100518,4277.5
2.097959,4277.75
2.092843,4278.0
2.086447,4278.25
2.082609,4278.5
2.08133,4278.75
2.072376,4279.0
2.074934,4279.25
2.06598,4279.5
2.069817,4279.75
2.054467,4280.0
2.055747,4280.25
2.053188,4280.5
2.051909,4280.75
2.051909,4281.0
2.053188,4281.25
2.060863,4281.5
2.067259,4281.75
2.059584,4282.0
2.012254,4282.25
2.023767,4282.5
2.069817,4282.75
2.05063,4283.0
2.037838,4283.25
2.064701,4283.5
2.089005,4283.75
2.087726,4284.0
2.077492,4284.25
2.054467,4284.5
2.051909,4284.75
2.03528,4285.0
2.039117,4285.25
2.03528,4285.5
2.034001,4285.75
2.027605,4286.0
2.021209,4286.25
2.017371,4286.5
2.000742,4286.75
1.996904,4287.0
1.999463,4287.25
1.995625,4287.5
1.989229,4287.75
1.986671,4288.0
1.984113,4288.25
1.98795,4288.5
2.00458,4288.75
2.009696,4289.0
2.036559,4289.25
2.023767,4289.5
2.018651,4289.75
2.026325,4290.0
2.026325,4290.25
2.032721,4290.5
2.048071,4290.75
2.021209,4291.0
2.016092,4291.25
2.010975,4291.5
2.005859,4291.75
1.993067,4292.0
1.986671,4292.25
1.963646,4292.5
1.959049,4292.75
1.947537,4293.0
2.060104,4293.25
2.062663,4293.5
2.048592,4293.75
2.034521,4294.0
2.023008,4294.25
2.02045,4294.5
2.014054,4294.75
2.001262,4295.0
1.994866,4295.25
1.987191,4295.5
1.98847,4295.75
1.98975,4296.0
1.98847,4296.25
1.98975,4296.5
1.991029,4296.75
1.98847,4297.0
1.987191,4297.25
1.985912,4297.5
1.924512,4297.75
1.889974,4298.0
1.86567,4298.25
1.870786,4298.5
1.953933,4298.75
1.959049,4299.0
1.952654,4299.25
1.947537,4299.5
1.941141,4299.75
1.937303,4300.0
1.932187,4300.25
1.928349,4300.5
1.928349,4300.75
1.924512,4301.0
1.921953,4301.25
1.920674,4301.5
1.918116,4301.75
1.914278,4302.0
1.910441,4302.25
1.901487,4302.5
1.898928,4302.75
1.89637,4303.0
1.893811,4303.25
1.888695,4303.5
1.886136,4303.75
1.882299,4304.0
1.879741,4304.25
1.875903,4304.5
1.872066,4304.75
1.860553,4305.0
1.863111,4305.25
1.859274,4305.5
1.855436,4305.75
1.852878,4306.0
1.84904,4306.25
1.843924,4306.5
1.842645,4306.75
1.837528,4307.0
1.836249,4307.25
1.832411,4307.5
1.826015,4307.75
1.817061,4308.0
1.814503,4308.25
1.813223,4308.5
1.815782,4308.75
1.813223,4309.0
1.811944,4309.25
1.808107,4309.5
1.808107,4309.75
1.799153,4310.0
1.80299,4310.25
1.800432,4310.5
1.795315,4310.75
1.794036,4311.0
1.792757,4311.25
1.786361,4311.5
1.783803,4311.75
1.781244,4312.0
1.779965,4312.25
1.778686,4312.5
1.774848,4312.75
1.77229,4313.0
1.769732,4313.25
1.768452,4313.5
1.765894,4313.75
1.763336,4314.0
1.75694,4314.25
1.754382,4314.5
1.746706,4314.75
1.742869,4315.0
1.74159,4315.25
1.74159,4315.5
1.749265,4315.75
1.747986,4316.0
1.747986,4316.25
1.744148,4316.5
1.745427,4316.75
1.74159,4317.0
1.739031,4317.25
1.733915,4317.5
1.733915,4317.75
1.732635,4318.0
1.728798,4318.25
1.727519,4318.5
1.723681,4318.75
1.722402,4319.0
1.718565,4319.25
1.717285,4319.5
1.716006,4319.75
1.713448,4320.0
1.70961,4320.25
1.70961,4320.5
1.708331,4320.75
1.703215,4321.0
1.700656,4321.25
1.696819,4321.5
1.696819,4321.75
1.691702,4322.0
1.690423,4322.25
1.686585,4322.5
1.689144,4322.75
1.67891,4323.0
1.689144,4323.25
1.685306,4323.5
1.684027,4323.75
1.681468,4324.0
1.680189,4324.25
1.677631,4324.5
1.675073,4324.75
1.66356,4325.0
1.667398,4325.25
1.667398,4325.5
1.661002,4325.75
1.662281,4326.0
1.657164,4326.25
1.655885,4326.5
1.652048,4326.75
1.652048,4327.0
1.64821,4327.25
1.64821,4327.5
1.646931,4327.75
1.643093,4328.0
1.641814,4328.25
1.639256,4328.5
1.639256,4328.75
1.635418,4329.0
1.634139,4329.25
1.631581,4329.5
1.630302,4329.75
1.626464,4330.0
1.623906,4330.25
1.621347,4330.5
1.618789,4330.75
1.613672,4331.0
1.613672,4331.25
1.609835,4331.5
1.608556,4331.75
1.607276,4332.0
1.604718,4332.25
1.603439,4332.5
1.60216,4332.75
1.599601,4333.0
1.595764,4333.25
1.593205,4333.5
1.591926,4333.75
1.589368,4334.0
1.584251,4334.25
1.588089,4334.5
1.58681,4334.75
1.584251,4335.0
1.58553,4335.25
1.582972,4335.5
1.580414,4335.75
1.577855,4336.0
1.577855,4336.25
1.572739,4336.5
1.57146,4336.75
1.567622,4337.0
1.565064,4337.25
1.562505,4337.5
1.561226,4337.75
1.558668,4338.0
1.556109,4338.25
1.553551,4338.5
1.553551,4338.75
1.549714,4339.0
1.542039,4339.25
1.544597,4339.5
1.543318,4339.75
1.538201,4340.0
1.535643,4340.25
1.534364,4340.5
1.533084,4340.75
1.529247,4341.0
1.533084,4341.25
1.53948,4341.5
1.549714,4341.75
1.55483,4342.0
1.558668,4342.25
1.563784,4342.5
1.566343,4342.75
1.567622,4343.0
1.566343,4343.25
1.565064,4343.5
1.565064,4343.75
1.561226,4344.0
1.558668,4344.25
1.556109,4344.5
1.550993,4344.75
1.53948,4345.0
1.542039,4345.25
1.53948,4345.5
1.538201,4345.75
1.534364,4346.0
1.533084,4346.25
1.530526,4346.5
1.529247,4346.75
1.526688,4347.0
1.525409,4347.25
1.52413,4347.5
1.521572,4347.75
1.520293,4348.0
1.519013,4348.25
1.516455,4348.5
1.516455,4348.75
1.510059,4349.0
1.510059,4349.25
1.506222,4349.5
1.507501,4349.75
1.502384,4350.0
1.501105,4350.25
1.498547,4350.5
1.497267,4350.75
1.49343,4351.0
1.490872,4351.25
1.489592,4351.5
1.489592,4351.75
1.488313,4352.0
1.484476,4352.25
1.484476,4352.5
1.479359,4352.75
1.476801,4353.0
1.471684,4353.25
1.470405,4353.5
1.466567,4353.75
1.486835,4354.0
1.484277,4354.25
1.480439,4354.5
1.481718,4354.75
1.480439,4355.0
1.47916,4355.25
1.474043,4355.5
1.475322,4355.75
1.468927,4356.0
1.471485,4356.25
1.468927,4356.5
1.470206,4356.75
1.467647,4357.0
1.465089,4357.25
1.462531,4357.5
1.462531,4357.75
1.459972,4358.0
1.458693,4358.25
1.454856,4358.5
1.44846,4358.75
1.44846,4359.0
1.445902,4359.25
1.444622,4359.5
1.440785,4359.75
1.440785,4360.0
1.439506,4360.25
1.438226,4360.5
1.438226,4360.75
1.436947,4361.0
1.434389,4361.25
1.431831,4361.5
1.43311,4361.75
1.429272,4362.0
1.422876,4362.25
1.427993,4362.5
1.427993,4362.75
1.425435,4363.0
1.422876,4363.25
1.424155,4363.5
1.421597,4363.75
1.419039,4364.0
1.413922,4364.25
1.413922,4364.5
1.411364,4364.75
1.40241,4365.0
1.406247,4365.25
1.40241,4365.5
1.403689,4365.75
1.399851,4366.0
1.40241,4366.25
1.398572,4366.5
1.399851,4366.75
1.393455,4367.0
1.394735,4367.25
1.392176,4367.5
1.392176,4367.75
1.388339,4368.0
1.388339,4368.25
1.38578,4368.5
1.383222,4368.75
1.383222,4369.0
1.379384,4369.25
1.378105,4369.5
1.371709,4369.75
1.374268,4370.0
1.371709,4370.25
1.371709,4370.5
1.37043,4370.75
1.369151,4371.0
1.365314,4371.25
1.365314,4371.5
1.366593,4371.75
1.362755,4372.0
1.358918,4372.25
1.357638,4372.5
1.356359,4372.75
1.35508,4373.0
1.352522,4373.25
1.352522,4373.5
1.351243,4373.75
1.348684,4374.0
1.347405,4374.25
1.346126,4374.5
1.344847,4374.75
1.342288,4375.0
1.33973,4375.25
1.337172,4375.5
1.337172,4375.75
1.334613,4376.0
1.333334,4376.25
1.332055,4376.5
1.330776,4376.75
1.326938,4377.0
1.328217,4377.25
1.329497,4377.5
1.329497,4377.75
1.325659,4378.0
1.32438,4378.25
1.323101,4378.5
1.323101,4378.75
1.323101,4379.0
1.320542,4379.25
1.320542,4379.5
1.317984,4379.75
1.317984,4380.0
1.316705,4380.25
1.315426,4380.5
1.311588,4380.75
1.311588,4381.0
1.30903,4381.25
1.307751,4381.5
1.305192,4381.75
1.302634,4382.0
1.303913,4382.25
1.300076,4382.5
1.302634,4382.75
1.297517,4383.0
1.297517,4383.25
1.2924,4383.5
1.294959,4383.75
1.289842,4384.0
1.291121,4384.25
1.289842,4384.5
1.287284,4384.75
1.279609,4385.0
1.282167,4385.25
1.283446,4385.5
1.279609,4385.75
1.279609,4386.0
1.275771,4386.25
1.275771,4386.5
1.273213,4386.75
1.271934,4387.0
1.273213,4387.25
1.271934,4387.5
1.271934,4387.75
1.268096,4388.0
1.268096,4388.25
1.265538,4388.5
1.266817,4388.75
1.26298,4389.0
1.26298,4389.25
1.2617,4389.5
1.260421,4389.75
1.260421,4390.0
1.257863,4390.25
1.256584,4390.5
1.254025,4390.75
1.254025,4391.0
1.251467,4391.25
1.250188,4391.5
1.247629,4391.75
1.247629,4392.0
1.245071,4392.25
1.245071,4392.5
1.242513,4392.75
1.243792,4393.0
1.239954,4393.25
1.237396,4393.5
1.238675,4393.75
1.236117,4394.0
1.236117,4394.25
1.225883,4394.5
1.233559,4394.75
1.232279,4395.0
1.232279,4395.25
1.229721,4395.5
1.225883,4395.75
1.225883,4396.0
1.224604,4396.25
1.228442,4396.5
1.224604,4396.75
1.223325,4397.0
1.219488,4397.25
1.220767,4397.5
1.218208,4397.75
1.218208,4398.0
1.216929,4398.25
1.213092,4398.5
1.213092,4398.75
1.211812,4399.0
1.210533,4399.25
1.209254,4399.5
1.209254,4399.75
1.206696,4400.0
1.204137,4400.25
1.202858,4400.5
1.202858,4400.75
1.2003,4401.0
1.197742,4401.25
1.197742,4401.5
1.193904,4401.75
1.196462,4402.0
1.192625,4402.25
1.192625,4402.5
1.183671,4402.75
1.191346,4403.0
1.187508,4403.25
1.187508,4403.5
1.187508,4403.75
1.18495,4404.0
1.18495,4404.25
1.181112,4404.5
1.182392,4404.75
1.172158,4405.0
1.175996,4405.25
1.173437,4405.5
1.177275,4405.75
1.1696,4406.0
1.173437,4406.25
1.170879,4406.5
1.1696,4406.75
1.168321,4407.0
1.1696,4407.25
1.167041,4407.5
1.164483,4407.75
1.167041,4408.0
1.161925,4408.25
1.163204,4408.5
1.160646,4408.75
1.13762,4409.0
1.149133,4409.25
1.170879,4409.5
1.201579,4409.75
1.227163,4410.0
1.223325,4410.25
1.216929,4410.5
1.213092,4410.75
1.2003,4411.0
1.205417,4411.25
1.2003,4411.5
1.201579,4411.75
1.196462,4412.0
1.193904,4412.25
1.190067,4412.5
1.187508,4412.75
1.186229,4413.0
1.182392,4413.25
1.18495,4413.5
1.179833,4413.75
1.182392,4414.0
1.177275,4414.25
1.177275,4414.5
1.178554,4414.75
1.177275,4415.0
1.175996,4415.25
1.174716,4415.5
1.174716,4415.75
1.170879,4416.0
1.1696,4416.25
1.165762,4416.5
1.165762,4416.75
1.160646,4417.0
1.161925,4417.25
1.158087,4417.5
1.158087,4417.75
1.15425,4418.0
1.151691,4418.25
1.151691,4418.5
1.147854,4418.75
1.147854,4419.0
1.142737,4419.25
1.144016,4419.5
1.140179,4419.75
1.140179,4420.0
1.13762,4420.25
1.135062,4420.5
1.133783,4420.75
1.132504,4421.0
1.131225,4421.25
1.128666,4421.5
1.129945,4421.75
1.127387,4422.0
1.128666,4422.25
1.126108,4422.5
1.127387,4422.75
1.126108,4423.0
1.123549,4423.25
1.123549,4423.5
1.12227,4423.75
1.119712,4424.0
1.115874,4424.25
1.115874,4424.5
1.114595,4424.75
1.108199,4425.0
1.109479,4425.25
1.109479,4425.5
1.109479,4425.75
1.10692,4426.0
1.105641,4426.25
1.104362,4426.5
1.104362,4426.75
1.099245,4427.0
1.099245,4427.25
1.097966,4427.5
1.099245,4427.75
1.094128,4428.0
1.094128,4428.25
1.092849,4428.5
1.092849,4428.75
1.090291,4429.0
1.089012,4429.25
1.089012,4429.5
1.086453,4429.75
1.083895,4430.0
1.080058,4430.25
1.081337,4430.5
1.077499,4430.75
1.077499,4431.0
1.07622,4431.25
1.07622,4431.5
1.074941,4431.75
1.073662,4432.0
1.073662,4432.25
1.068545,4432.5
1.068545,4432.75
1.065987,4433.0
1.064708,4433.25
1.055753,4433.5
1.062149,4433.75
1.059591,4434.0
1.058312,4434.25
1.057032,4434.5
1.058312,4434.75
1.057032,4435.0
1.054474,4435.25
1.053195,4435.5
1.051916,4435.75
1.051916,4436.0
1.046799,4436.25
1.048078,4436.5
1.046799,4436.75
1.04552,4437.0
1.044241,4437.25
1.042961,4437.5
1.042961,4437.75
1.041682,4438.0
1.036566,4438.25
1.035286,4438.5
1.026332,4438.75
1.03017,4439.0
1.028891,4439.25
1.028891,4439.5
1.027611,4439.75
1.025053,4440.0
1.023774,4440.25
1.023774,4440.5
1.025053,4440.75
1.023774,4441.0
1.023774,4441.25
1.023774,4441.5
1.022495,4441.75
1.022495,4442.0
1.019936,4442.25
1.019936,4442.5
1.017378,4442.75
1.017378,4443.0
1.016099,4443.25
1.01482,4443.5
1.012261,4443.75
1.010982,4444.0
1.009703,4444.25
1.007145,4444.5
1.009703,4444.75
1.004586,4445.0
1.009703,4445.25
1.008424,4445.5
1.007145,4445.75
1.007145,4446.0
1.007145,4446.25
1.003307,4446.5
1.002028,4446.75
1.000749,4447.0
0.99947,4447.25
0.996911,4447.5
0.99947,4447.75
0.989236,4448.0
0.995632,4448.25
0.994353,4448.5
0.995632,4448.75
0.993074,4449.0
0.993074,4449.25
0.991795,4449.5
0.990515,4449.75
0.989236,4450.0
0.986678,4450.25
0.987957,4450.5
0.986678,4450.75
0.985399,4451.0
0.98284,4451.25
0.985399,4451.5
0.984119,4451.75
0.98284,4452.0
0.980282,4452.25
0.979003,4452.5
1.009604,4452.75
1.008325,4453.0
1.008325,4453.25
1.005767,4453.5
1.007046,4453.75
1.003208,4454.0
1.004487,4454.25
0.995533,4454.5
1.001929,4454.75
0.998092,4455.0
0.999371,4455.25
0.998092,4455.5
0.996812,4455.75
0.995533,4456.0
0.994254,4456.25
0.994254,4456.5
0.992975,4456.75
0.992975,4457.0
0.991696,4457.25
0.991696,4457.5
0.990416,4457.75
0.96867,4458.0
0.964833,4458.25
1.003208,4458.5
1.022396,4458.75
1.030071,4459.0
1.053096,4459.25
1.045421,4459.5
1.037746,4459.75
1.028792,4460.0
1.024954,4460.25
1.012162,4460.5
1.010883,4460.75
1.005767,4461.0
1.017279,4461.25
1.019837,4461.5
1.018558,4461.75
1.009604,4462.0
1.007046,4462.25
1.016,4462.5
1.017279,4462.75
1.013442,4463.0
1.010883,4463.25
1.004487,4463.5
0.995533,4463.75
0.991696,4464.0
0.987858,4464.25
0.980183,4464.5
0.975066,4464.75
0.964833,4465.0
0.963554,4465.25
0.960995,4465.5
0.962275,4465.75
0.958437,4466.0
0.960995,4466.25
0.95332,4466.5
0.959716,4466.75
0.959716,4467.0
0.957158,4467.25
0.95332,4467.5
0.936691,4467.75
0.940529,4468.0
0.941808,4468.25
0.944366,4468.5
0.940529,4468.75
0.940529,4469.0
0.936691,4469.25
0.93797,4469.5
0.936691,4469.75
0.939249,4470.0
0.935412,4470.25
0.931574,4470.5
0.931574,4470.75
0.929016,4471.0
0.927737,4471.25
0.923899,4471.5
0.926458,4471.75
0.921341,4472.0
0.92262,4472.25
0.921341,4472.5
0.921341,4472.75
0.918783,4473.0
0.916224,4473.25
0.917503,4473.5
0.916224,4473.75
0.918783,4474.0
0.912387,4474.25
0.912387,4474.5
0.909828,4474.75
0.909828,4475.0
0.904712,4475.25
0.909828,4475.5
0.908549,4475.75
0.905991,4476.0
0.905991,4476.25
0.903433,4476.5
0.903433,4476.75
0.898316,4477.0
0.90727,4477.25
0.913666,4477.5
0.913666,4477.75
0.911108,4478.0
0.911108,4478.25
0.913666,4478.5
0.918783,4478.75
0.932854,4479.0
0.93797,4479.25
0.939249,4479.5
0.936691,4479.75
0.939249,4480.0
0.931574,4480.25
0.930295,4480.5
0.925179,4480.75
0.923899,4481.0
0.92262,4481.25
0.921341,4481.5
0.914945,4481.75
0.912387,4482.0
0.913666,4482.25
0.912387,4482.5
0.930295,4482.75
0.911108,4483.0
0.923899,4483.25
0.932854,4483.5
0.929016,4483.75
0.927737,4484.0
0.927737,4484.25
0.929016,4484.5
0.926458,4484.75
0.92262,4485.0
0.92262,4485.25
0.925179,4485.5
0.925179,4485.75
0.929016,4486.0
0.923899,4486.25
0.920062,4486.5
0.917503,4486.75
0.909828,4487.0
0.912387,4487.25
0.889362,4487.5
0.893199,4487.75
0.899595,4488.0
0.914945,4488.25
0.911108,4488.5
0.911108,4488.75
0.90727,4489.0
0.899595,4489.25
0.900874,4489.5
0.898316,4489.75
0.900874,4490.0
0.905991,4490.25
0.893199,4490.5
0.894478,4490.75
0.911108,4491.0
0.912387,4491.25
0.908549,4491.5
0.903433,4491.75
0.903433,4492.0
0.900874,4492.25
0.898316,4492.5
0.898316,4492.75
0.895758,4493.0
0.897037,4493.25
0.893199,4493.5
0.894478,4493.75
0.89192,4494.0
0.894478,4494.25
0.893199,4494.5
0.89192,4494.75
0.890641,4495.0
0.888083,4495.25
0.889362,4495.5
0.886803,4495.75
0.899595,4496.0
0.889362,4496.25
0.882966,4496.5
0.881687,4496.75
0.885524,4497.0
0.877849,4497.25
0.875291,4497.5
0.871453,4497.75
0.874012,4498.0
0.871453,4498.25
0.888083,4498.5
0.909828,4498.75
0.911108,4499.0
0.917503,4499.25
0.913666,4499.5
0.916224,4499.75
0.914945,4500.0
0.909828,4500.25
0.904712,4500.5
0.902153,4500.75
0.900874,4501.0
0.897037,4501.25
0.905991,4501.5
0.893199,4501.75
0.888083,4502.0
0.885524,4502.25
0.889362,4502.5
0.884245,4502.75
0.881687,4503.0
0.880407,4503.25
0.879128,4503.5
0.880407,4503.75
0.875291,4504.0
0.874012,4504.25
0.868895,4504.5
0.870174,4504.75
0.859941,4505.0
0.86122,4505.25
0.854824,4505.5
0.859941,4505.75
0.854824,4506.0
0.849707,4506.25
0.848428,4506.5
0.849707,4506.75
0.847149,4507.0
0.843311,4507.25
0.84587,4507.5
0.844591,4507.75
0.842032,4508.0
0.840753,4508.25
0.843311,4508.5
0.842032,4508.75
0.840753,4509.0
0.840753,4509.25
0.838195,4509.5
0.835636,4509.75
0.82924,4510.0
0.82924,4510.25
0.826682,4510.5
0.83052,4510.75
0.866337,4511.0
0.877849,4511.25
0.854824,4511.5
0.848428,4511.75
0.844591,4512.0
0.84587,4512.25
0.844591,4512.5
0.84587,4512.75
0.836915,4513.0
0.840753,4513.25
0.842032,4513.5
0.836915,4513.75
0.836915,4514.0
0.835636,4514.25
0.834357,4514.5
0.833078,4514.75
0.831799,4515.0
0.83052,4515.25
0.826682,4515.5
0.826682,4515.75
0.824124,4516.0
0.821565,4516.25
0.825403,4516.5
0.827961,4516.75
0.831799,4517.0
0.836915,4517.25
0.839474,4517.5
0.856103,4517.75
0.834357,4518.0
0.827961,4518.25
0.83052,4518.5
0.83052,4518.75
0.83052,4519.0
0.834357,4519.25
0.831799,4519.5
0.826682,4519.75
0.824124,4520.0
0.824124,4520.25
0.821565,4520.5
0.820286,4520.75
0.816449,4521.0
0.816449,4521.25
0.81389,4521.5
0.81517,4521.75
0.812611,4522.0
0.811332,4522.25
0.808774,4522.5
0.808774,4522.75
0.808774,4523.0
0.806215,4523.25
0.806215,4523.5
0.803657,4523.75
0.804936,4524.0
0.802378,4524.25
0.802378,4524.5
0.802378,4524.75
0.797261,4525.0
0.801099,4525.25
0.799819,4525.5
0.801099,4525.75
0.795982,4526.0
0.804936,4526.25
0.808774,4526.5
0.811332,4526.75
0.808774,4527.0
0.810053,4527.25
0.808774,4527.5
0.808774,4527.75
0.804936,4528.0
0.803657,4528.25
0.797261,4528.5
0.79854,4528.75
0.811332,4529.0
0.808774,4529.25
0.801099,4529.5
0.788307,4529.75
0.779353,4530.0
0.776794,4530.25
0.789586,4530.5
0.812611,4530.75
0.806215,4531.0
0.810053,4531.25
0.808774,4531.5
0.799819,4531.75
0.799819,4532.0
0.833078,4532.25
0.825403,4532.5
0.817728,4532.75
0.808774,4533.0
0.801099,4533.25
0.797261,4533.5
0.79854,4533.75
0.801099,4534.0
0.799819,4534.25
0.801099,4534.5
0.79854,4534.75
0.795982,4535.0
0.794703,4535.25
0.793424,4535.5
0.797261,4535.75
0.797261,4536.0
0.797261,4536.25
0.79854,4536.5
0.799819,4536.75
0.794703,4537.0
0.790865,4537.25
0.790865,4537.5
0.793424,4537.75
0.790865,4538.0
0.790865,4538.25
0.792144,4538.5
0.793424,4538.75
0.788307,4539.0
0.789586,4539.25
0.787028,4539.5
0.793424,4539.75
0.787028,4540.0
0.780632,4540.25
0.776794,4540.5
0.789586,4540.75
0.784469,4541.0
0.778073,4541.25
0.776794,4541.5
0.780632,4541.75
0.779353,4542.0
0.779353,4542.25
0.778073,4542.5
0.776794,4542.75
0.776794,4543.0
0.778073,4543.25
0.780632,4543.5
0.781911,4543.75
0.778073,4544.0
0.774236,4544.25
0.776794,4544.5
0.780632,4544.75
0.774236,4545.0
0.775515,4545.25
0.775515,4545.5
0.778073,4545.75
0.778073,4546.0
0.774236,4546.25
0.771678,4546.5
0.769119,4546.75
0.765282,4547.0
0.760165,4547.25
0.756328,4547.5
0.76784,4547.75
0.784469,4548.0
0.78319,4548.25
0.776794,4548.5
0.806215,4548.75
0.882966,4549.0
0.856103,4549.25
0.826682,4549.5
0.806215,4549.75
0.799819,4550.0
0.794703,4550.25
0.779353,4550.5
0.769119,4550.75
0.769119,4551.0
0.766561,4551.25
0.769119,4551.5
0.76784,4551.75
0.76784,4552.0
0.769119,4552.25
0.775515,4552.5
0.775515,4552.75
0.769119,4553.0
0.76784,4553.25
0.766561,4553.5
0.764003,4553.75
0.762723,4554.0
0.762723,4554.25
0.758886,4554.5
0.760165,4554.75
0.757607,4555.0
0.757607,4555.25
0.756328,4555.5
0.758886,4555.75
0.756328,4556.0
0.755048,4556.25
0.755048,4556.5
0.753769,4556.75
0.75249,4557.0
0.748652,4557.25
0.749932,4557.5
0.749932,4557.75
0.747373,4558.0
0.746094,4558.25
0.746094,4558.5
0.744815,4558.75
0.744815,4559.0
0.742257,4559.25
0.742257,4559.5
0.742257,4559.75
0.740977,4560.0
0.742257,4560.25
0.740977,4560.5
0.740977,4560.75
0.739698,4561.0
0.738419,4561.25
0.739698,4561.5
0.73714,4561.75
0.739698,4562.0
0.755048,4562.25
0.758886,4562.5
0.758886,4562.75
0.757607,4563.0
0.753769,4563.25
0.746094,4563.5
0.746094,4563.75
0.743536,4564.0
0.742257,4564.25
0.739698,4564.5
0.739698,4564.75
0.732023,4565.0
0.734582,4565.25
0.732023,4565.5
0.732023,4565.75
0.733302,4566.0
0.730744,4566.25
0.730744,4566.5
0.728186,4566.75
0.726907,4567.0
0.725627,4567.25
0.725627,4567.5
0.724348,4567.75
0.72179,4568.0
0.720511,4568.25
0.715394,4568.5
0.717952,4568.75
0.719231,4569.0
0.720511,4569.25
0.724348,4569.5
0.729465,4569.75
0.726907,4570.0
0.726907,4570.25
0.726907,4570.5
0.726907,4570.75
0.720511,4571.0
0.715394,4571.25
0.711556,4571.5
0.712836,4571.75
0.711556,4572.0
0.708998,4572.25
0.70644,4572.5
0.708998,4572.75
0.710277,4573.0
0.703881,4573.25
0.700044,4573.5
0.697486,4573.75
0.696206,4574.0
0.693648,4574.25
0.698765,4574.5
0.69109,4574.75
0.697486,4575.0
0.697486,4575.25
0.693648,4575.5
0.693648,4575.75
0.69109,4576.0
0.68981,4576.25
0.688531,4576.5
0.69109,4576.75
0.68981,4577.0
0.687252,4577.25
0.687252,4577.5
0.687252,4577.75
0.687252,4578.0
0.685973,4578.25
0.684694,4578.5
0.683415,4578.75
0.682135,4579.0
0.679577,4579.25
0.682135,4579.5
0.680856,4579.75
0.680856,4580.0
0.678298,4580.25
0.678298,4580.5
0.678298,4580.75
0.677019,4581.0
0.67574,4581.25
0.67446,4581.5
0.67446,4581.75
0.666785,4582.0
0.673181,4582.25
0.671902,4582.5
0.670623,4582.75
0.670623,4583.0
0.669344,4583.25
0.670623,4583.5
0.669344,4583.75
0.669344,4584.0
0.668064,4584.25
0.668064,4584.5
0.662948,4584.75
0.660389,4585.0
0.662948,4585.25
0.661669,4585.5
0.661669,4585.75
0.660389,4586.0
0.660389,4586.25
0.657831,4586.5
0.657831,4586.75
0.655273,4587.0
0.656552,4587.25
0.653994,4587.5
0.655273,4587.75
0.653994,4588.0
0.652714,4588.25
0.646319,4588.5
0.648877,4588.75
0.650156,4589.0
0.647598,4589.25
0.647598,4589.5
0.64376,4589.75
0.64376,4590.0
0.642481,4590.25
0.642481,4590.5
0.64376,4590.75
0.642481,4591.0
0.639923,4591.25
0.634806,4591.5
0.62841,4591.75
0.633527,4592.0
0.634806,4592.25
0.633527,4592.5
0.629689,4592.75
0.629689,4593.0
0.633527,4593.25
0.632248,4593.5
0.632248,4593.75
0.629689,4594.0
0.630968,4594.25
0.629689,4594.5
0.629689,4594.75
0.625852,4595.0
0.624573,4595.25
0.624573,4595.5
0.622014,4595.75
0.622014,4596.0
0.622014,4596.25
0.619456,4596.5
0.616898,4596.75
0.616898,4597.0
0.618177,4597.25
0.616898,4597.5
0.615618,4597.75
0.61306,4598.0
0.61306,4598.25
0.610502,4598.5
0.610502,4598.75
0.610502,4599.0
0.610502,4599.25
0.609222,4599.5
0.609222,4599.75
0.607943,4600.0
0.607943,4600.25
0.605385,4600.5
0.606664,4600.75
0.606664,4601.0
0.602827,4601.25
0.605385,4601.5
0.605385,4601.75
0.605385,4602.0
0.602827,4602.25
0.602827,4602.5
0.602827,4602.75
0.601547,4603.0
0.605385,4603.25
0.604106,4603.5
0.605385,4603.75
0.604106,4604.0
0.604106,4604.25
0.604106,4604.5
0.596431,4604.75
0.598989,4605.0
0.600268,4605.25
0.600268,4605.5
0.600268,4605.75
0.600268,4606.0
0.59771,4606.25
0.59771,4606.5
0.59771,4606.75
0.59771,4607.0
0.595152,4607.25
0.593872,4607.5
0.596431,4607.75
0.591314,4608.0
0.591314,4608.25
0.591314,4608.5
0.591314,4608.75
0.591314,4609.0
0.591314,4609.25
0.590035,4609.5
0.590035,4609.75
0.588756,4610.0
0.588756,4610.25
0.587476,4610.5
0.583639,4610.75
0.581081,4611.0
0.578522,4611.25
0.579801,4611.5
0.583639,4611.75
0.581081,4612.0
0.581081,4612.25
0.579801,4612.5
0.58236,4612.75
0.579801,4613.0
0.58236,4613.25
0.581081,4613.5
0.583639,4613.75
0.579801,4614.0
0.581081,4614.25
0.579801,4614.5
0.579801,4614.75
0.577243,4615.0
0.579801,4615.25
0.579801,4615.5
0.579801,4615.75
0.579801,4616.0
0.579801,4616.25
0.579801,4616.5
0.579801,4616.75
0.579801,4617.0
0.578522,4617.25
0.578522,4617.5
0.577243,4617.75
0.577243,4618.0
0.577243,4618.25
0.575964,4618.5
0.575964,4618.75
0.574685,4619.0
0.574685,4619.25
0.573406,4619.5
0.572126,4619.75
0.570847,4620.0
0.570847,4620.25
0.568289,4620.5
0.568289,4620.75
0.568289,4621.0
0.56701,4621.25
0.56701,4621.5
0.56701,4621.75
0.564451,4622.0
0.563172,4622.25
0.561893,4622.5
0.561893,4622.75
0.56701,4623.0
0.560614,4623.25
0.564451,4623.5
0.563172,4623.75
0.561893,4624.0
0.560614,4624.25
0.559335,4624.5
0.559335,4624.75
0.552939,4625.0
0.555497,4625.25
0.555497,4625.5
0.554218,4625.75
0.55166,4626.0
0.552939,4626.25
0.55166,4626.5
0.552939,4626.75
0.55166,4627.0
0.55166,4627.25
0.552939,4627.5
0.552939,4627.75
0.552939,4628.0
0.55166,4628.25
0.552939,4628.5
0.55038,4628.75
0.55166,4629.0
0.55166,4629.25
0.55166,4629.5
0.55038,4629.75
0.55166,4630.0
0.55166,4630.25
0.549101,4630.5
0.55038,4630.75
0.546543,4631.0
0.545264,4631.25
0.53503,4631.5
0.546543,4631.75
0.537589,4632.0
0.545264,4632.25
0.543985,4632.5
0.543985,4632.75
0.542705,4633.0
0.541426,4633.25
0.540147,4633.5
0.540147,4633.75
0.540147,4634.0
0.537589,4634.25
0.538868,4634.5
0.538868,4634.75
0.538868,4635.0
0.531193,4635.25
0.53631,4635.5
0.538868,4635.75
0.537589,4636.0
0.53631,4636.25
0.53503,4636.5
0.53503,4636.75
0.531193,4637.0
0.53631,4637.25
0.53503,4637.5
0.533751,4637.75
0.533751,4638.0
0.53503,4638.25
0.533751,4638.5
0.533751,4638.75
0.531193,4639.0
0.531193,4639.25
0.529914,4639.5
0.529914,4639.75
0.529914,4640.0
0.528634,4640.25
0.529914,4640.5
0.528634,4640.75
0.527355,4641.0
0.528634,4641.25
0.526076,4641.5
0.524797,4641.75
0.524797,4642.0
0.522239,4642.25
0.520959,4642.5
0.522239,4642.75
0.520959,4643.0
0.518401,4643.25
0.518401,4643.5
0.51968,4643.75
0.51968,4644.0
0.518401,4644.25
0.517122,4644.5
0.515843,4644.75
0.513284,4645.0
0.513284,4645.25
0.513284,4645.5
0.513284,4645.75
0.513284,4646.0
0.514564,4646.25
0.513284,4646.5
0.515843,4646.75
0.512005,4647.0
0.513284,4647.25
0.510726,4647.5
0.510726,4647.75
0.508168,4648.0
0.508168,4648.25
0.509447,4648.5
0.508168,4648.75
0.508168,4649.0
0.506889,4649.25
0.506889,4649.5
0.506889,4649.75
0.505609,4650.0
0.505609,4650.25
0.505609,4650.5
0.503051,4650.75
0.505609,4651.0
0.50433,4651.25
0.50433,4651.5
0.499213,4651.75
0.575895,4652.0
0.577174,4652.25
0.575895,4652.5
0.574616,4652.75
0.573337,4653.0
0.575895,4653.25
0.574616,4653.5
0.572057,4653.75
0.572057,4654.0
0.573337,4654.25
0.572057,4654.5
0.573337,4654.75
0.573337,4655.0
0.573337,4655.25
0.569499,4655.5
0.563103,4655.75
0.566941,4656.0
0.565662,4656.25
0.563103,4656.5
0.563103,4656.75
0.563103,4657.0
0.561824,4657.25
0.561824,4657.5
0.563103,4657.75
0.55287,4658.0
0.560545,4658.25
0.559266,4658.5
0.561824,4658.75
0.560545,4659.0
0.560545,4659.25
0.559266,4659.5
0.560545,4659.75
0.561824,4660.0
0.560545,4660.25
0.563103,4660.5
0.563103,4660.75
0.563103,4661.0
0.560545,4661.25
0.565662,4661.5
0.560545,4661.75
0.561824,4662.0
0.561824,4662.25
0.561824,4662.5
0.561824,4662.75
0.561824,4663.0
0.561824,4663.25
0.560545,4663.5
0.560545,4663.75
0.557986,4664.0
0.560545,4664.25
0.559266,4664.5
0.560545,4664.75
0.555428,4665.0
0.557986,4665.25
0.555428,4665.5
0.559266,4665.75
0.559266,4666.0
0.559266,4666.25
0.550311,4666.5
0.554149,4666.75
0.557986,4667.0
0.555428,4667.25
0.557986,4667.5
0.557986,4667.75
0.557986,4668.0
0.556707,4668.25
0.555428,4668.5
0.557986,4668.75
0.556707,4669.0
0.555428,4669.25
0.55287,4669.5
0.554149,4669.75
0.554149,4670.0
0.551591,4670.25
0.551591,4670.5
0.551591,4670.75
0.550311,4671.0
0.549032,4671.25
0.550311,4671.5
0.550311,4671.75
0.551591,4672.0
0.551591,4672.25
0.555428,4672.5
0.557986,4672.75
0.554149,4673.0
0.563103,4673.25
0.563103,4673.5
0.564382,4673.75
0.563103,4674.0
0.565662,4674.25
0.564382,4674.5
0.563103,4674.75
0.563103,4675.0
0.563103,4675.25
0.563103,4675.5
0.563103,4675.75
0.563103,4676.0
0.563103,4676.25
0.563103,4676.5
0.563103,4676.75
0.563103,4677.0
0.563103,4677.25
0.560545,4677.5
0.557986,4677.75
0.557986,4678.0
0.556707,4678.25
0.551591,4678.5
0.550311,4678.75
0.550311,4679.0
0.550311,4679.25
0.549032,4679.5
0.547753,4679.75
0.546474,4680.0
0.545195,4680.25
0.542636,4680.5
0.545195,4680.75
0.543916,4681.0
0.542636,4681.25
0.542636,4681.5
0.541357,4681.75
0.541357,4682.0
0.541357,4682.25
0.543916,4682.5
0.540078,4682.75
0.541357,4683.0
0.538799,4683.25
0.53752,4683.5
0.534961,4683.75
0.536241,4684.0
0.533682,4684.25
0.533682,4684.5
0.536241,4684.75
0.531124,4685.0
0.534961,4685.25
0.524728,4685.5
0.531124,4685.75
0.528566,4686.0
0.531124,4686.25
0.529845,4686.5
0.529845,4686.75
0.529845,4687.0
0.528566,4687.25
0.528566,4687.5
0.526007,4687.75
0.527286,4688.0
0.526007,4688.25
0.523449,4688.5
0.523449,4688.75
0.524728,4689.0
0.523449,4689.25
0.523449,4689.5
0.524728,4689.75
0.523449,4690.0
0.52217,4690.25
0.52217,4690.5
0.523449,4690.75
0.519611,4691.0
0.52089,4691.25
0.518332,4691.5
0.518332,4691.75
0.517053,4692.0
0.517053,4692.25
0.517053,4692.5
0.517053,4692.75
0.518332,4693.0
0.517053,4693.25
0.515774,4693.5
0.515774,4693.75
0.514495,4694.0
0.513215,4694.25
0.514495,4694.5
0.509378,4694.75
0.514495,4695.0
0.513215,4695.25
0.511936,4695.5
0.511936,4695.75
0.510657,4696.0
0.50554,4696.25
0.509378,4696.5
0.509378,4696.75
0.50682,4697.0
0.509378,4697.25
0.508099,4697.5
0.509378,4697.75
0.509378,4698.0
0.508099,4698.25
0.50682,4698.5
0.509378,4698.75
0.509378,4699.0
0.508099,4699.25
0.509378,4699.5
0.504261,4699.75
0.508099,4700.0
0.50682,4700.25
0.510657,4700.5
0.509378,4700.75
0.511936,4701.0
0.513215,4701.25
0.513215,4701.5
0.514495,4701.75
0.511936,4702.0
0.513215,4702.25
0.509378,4702.5
0.511936,4702.75
0.508099,4703.0
0.508099,4703.25
0.508099,4703.5
0.508099,4703.75
0.50554,4704.0
0.50682,4704.25
0.509378,4704.5
0.510657,4704.75
0.511936,4705.0
0.513215,4705.25
0.515774,4705.5
0.515774,4705.75
0.517053,4706.0
0.515774,4706.25
0.518332,4706.5
0.517053,4706.75
0.517053,4707.0
0.517053,4707.25
0.514495,4707.5
0.513215,4707.75
0.510657,4708.0
0.509378,4708.25
0.502982,4708.5
0.504261,4708.75
0.501703,4709.0
0.501703,4709.25
0.500424,4709.5
0.501703,4709.75
0.494028,4710.0
0.499144,4710.25
0.497865,4710.5
0.495307,4710.75
0.496586,4711.0
0.495307,4711.25
0.496586,4711.5
0.494028,4711.75
0.492749,4712.0
0.491469,4712.25
0.492749,4712.5
0.492749,4712.75
0.499144,4713.0
0.495307,4713.25
0.495307,4713.5
0.496586,4713.75
0.50682,4714.0
0.513215,4714.25
0.515774,4714.5
0.519611,4714.75
0.523449,4715.0
0.541357,4715.25
0.543916,4715.5
0.55287,4715.75
0.557986,4716.0
0.556707,4716.25
0.556707,4716.5
0.556707,4716.75
0.556707,4717.0
0.556707,4717.25
0.555428,4717.5
0.555428,4717.75
0.55287,4718.0
0.550311,4718.25
0.532403,4718.5
0.52089,4718.75
0.515774,4719.0
0.514495,4719.25
0.513215,4719.5
0.510657,4719.75
0.511936,4720.0
0.509378,4720.25
0.508099,4720.5
0.501703,4720.75
0.50682,4721.0
0.50554,4721.25
0.504261,4721.5
0.502982,4721.75
0.504261,4722.0
0.501703,4722.25
0.501703,4722.5
0.501703,4722.75
0.500424,4723.0
0.501703,4723.25
0.500424,4723.5
0.501703,4723.75
0.494028,4724.0
0.497865,4724.25
0.497865,4724.5
0.497865,4724.75
0.492749,4725.0
0.496586,4725.25
0.501703,4725.5
0.50554,4725.75
0.509378,4726.0
0.508099,4726.25
0.509378,4726.5
0.509378,4726.75
0.508099,4727.0
0.50554,4727.25
0.504261,4727.5
0.497865,4727.75
0.497865,4728.0
0.496586,4728.25
0.496586,4728.5
0.496586,4728.75
0.496586,4729.0
0.496586,4729.25
0.495307,4729.5
0.496586,4729.75
0.491469,4730.0
0.492749,4730.25
0.49019,4730.5
0.492749,4730.75
0.482515,4731.0
0.49019,4731.25
0.49019,4731.5
0.49019,4731.75
0.492749,4732.0
0.492749,4732.25
0.494028,4732.5
0.511936,4732.75
0.515774,4733.0
0.485074,4733.25
0.487632,4733.5
0.483794,4733.75
0.485074,4734.0
0.481236,4734.25
0.481236,4734.5
0.485074,4734.75
0.482515,4735.0
0.481236,4735.25
0.482515,4735.5
0.482515,4735.75
0.478678,4736.0
0.482515,4736.25
0.485074,4736.5
0.482515,4736.75
0.481236,4737.0
0.487632,4737.25
0.497865,4737.5
0.486353,4737.75
0.485074,4738.0
0.485074,4738.25
0.486353,4738.5
0.492749,4738.75
0.499144,4739.0
0.501703,4739.25
0.502982,4739.5
0.485074,4739.75
0.482515,4740.0
0.479957,4740.25
0.479957,4740.5
0.479957,4740.75
0.477399,4741.0
0.477399,4741.25
0.476119,4741.5
0.471003,4741.75
0.481236,4742.0
0.486353,4742.25
0.494028,4742.5
0.499144,4742.75
0.50554,4743.0
0.483794,4743.25
0.479957,4743.5
0.477399,4743.75
0.478678,4744.0
0.47484,4744.25
0.477399,4744.5
0.478678,4744.75
0.47484,4745.0
0.47484,4745.25
0.465886,4745.5
0.47484,4745.75
0.471003,4746.0
0.468444,4746.25
0.468444,4746.5
0.469723,4746.75
0.468444,4747.0
0.465886,4747.25
0.483794,4747.5
0.49019,4747.75
0.491469,4748.0
0.485074,4748.25
0.476119,4748.5
0.478678,4748.75
0.481236,4749.0
0.49019,4749.25
0.500424,4749.5
0.494028,4749.75
0.494028,4750.0
0.491469,4750.25
0.492749,4750.5
0.496586,4750.75
0.499144,4751.0
0.499144,4751.25
0.499144,4751.5
0.500424,4751.75
0.496586,4752.0
0.500424,4752.25
0.494028,4752.5
0.488911,4752.75
0.483794,4753.0
0.478678,4753.25
0.477399,4753.5
0.479957,4753.75
0.483794,4754.0
0.481236,4754.25
0.478678,4754.5
0.478678,4754.75
0.476119,4755.0
0.472282,4755.25
0.472282,4755.5
0.469723,4755.75
0.468444,4756.0
0.468444,4756.25
0.468444,4756.5
0.468444,4756.75
0.465886,4757.0
0.463328,4757.25
0.471003,4757.5
0.479957,4757.75
0.479957,4758.0
0.476119,4758.25
0.468444,4758.5
0.463328,4758.75
0.462048,4759.0
0.460769,4759.25
0.45949,4759.5
0.451815,4759.75
0.455653,4760.0
0.453094,4760.25
0.473561,4760.5
0.47484,4760.75
0.47484,4761.0
0.473561,4761.25
0.473561,4761.5
0.47484,4761.75
0.472282,4762.0
0.471003,4762.25
0.471003,4762.5
0.473561,4762.75
0.471003,4763.0
0.472282,4763.25
0.472282,4763.5
0.472282,4763.75
0.471003,4764.0
0.472282,4764.25
0.472282,4764.5
0.472282,4764.75
0.468444,4765.0
0.469723,4765.25
0.464607,4765.5
0.460769,4765.75
0.463328,4766.0
0.464607,4766.25
0.469723,4766.5
0.469723,4766.75
0.472282,4767.0
0.473561,4767.25
0.472282,4767.5
0.468444,4767.75
0.472282,4768.0
0.472282,4768.25
0.468444,4768.5
0.471003,4768.75
0.469723,4769.0
0.471003,4769.25
0.469723,4769.5
0.471003,4769.75
0.469723,4770.0
0.472282,4770.25
0.472282,4770.5
0.472282,4770.75
0.471003,4771.0
0.468444,4771.25
0.471003,4771.5
0.469723,4771.75
0.471003,4772.0
0.469723,4772.25
0.471003,4772.5
0.469723,4772.75
0.471003,4773.0
0.471003,4773.25
0.469723,4773.5
0.469723,4773.75
0.465886,4774.0
0.467165,4774.25
0.468444,4774.5
0.468444,4774.75
0.467165,4775.0
0.465886,4775.25
0.467165,4775.5
0.464607,4775.75
0.465886,4776.0
0.464607,4776.25
0.463328,4776.5
0.458211,4776.75
0.456932,4777.0
0.455653,4777.25
0.453094,4777.5
0.453094,4777.75
0.450536,4778.0
0.451815,4778.25
0.451815,4778.5
0.453094,4778.75
0.450536,4779.0
0.451815,4779.25
0.449257,4779.5
0.453094,4779.75
0.451815,4780.0
0.451815,4780.25
0.450536,4780.5
0.451815,4780.75
0.451815,4781.0
0.451815,4781.25
0.451815,4781.5
0.453094,4781.75
0.450536,4782.0
0.447978,4782.25
0.449257,4782.5
0.442861,4782.75
0.442861,4783.0
0.439023,4783.25
0.437744,4783.5
0.435186,4783.75
0.435186,4784.0
0.435186,4784.25
0.433907,4784.5
0.432627,4784.75
0.427511,4785.0
0.432627,4785.25
0.433907,4785.5
0.439023,4785.75
0.436465,4786.0
0.437744,4786.25
0.437744,4786.5
0.439023,4786.75
0.440302,4787.0
0.44414,4787.25
0.446698,4787.5
0.44414,4787.75
0.437744,4788.0
0.44414,4788.25
0.44414,4788.5
0.442861,4788.75
0.44414,4789.0
0.442861,4789.25
0.442861,4789.5
0.442861,4789.75
0.441582,4790.0
0.441582,4790.25
0.441582,4790.5
0.445419,4790.75
0.440302,4791.0
0.446698,4791.25
0.449257,4791.5
0.446698,4791.75
0.440302,4792.0
0.431348,4792.25
0.432627,4792.5
0.431348,4792.75
0.426232,4793.0
0.423673,4793.25
0.424952,4793.5
0.421115,4793.75
0.424952,4794.0
0.426232,4794.25
0.423673,4794.5
0.423673,4794.75
0.423673,4795.0
0.427511,4795.25
0.432627,4795.5
0.435186,4795.75
0.42879,4796.0
0.430069,4796.25
0.431348,4796.5
0.432627,4796.75
0.437744,4797.0
0.436465,4797.25
0.431348,4797.5
0.424952,4797.75
0.418557,4798.0
0.417277,4798.25
0.418557,4798.5
0.415998,4798.75
0.419836,4799.0
0.418557,4799.25
0.418557,4799.5
0.412161,4799.75
0.417277,4800.0
0.415998,4800.25
0.417277,4800.5
0.418557,4800.75
0.417277,4801.0
0.419836,4801.25
0.417277,4801.5
0.419836,4801.75
0.418557,4802.0
0.419836,4802.25
0.419836,4802.5
0.418557,4802.75
0.418557,4803.0
0.418557,4803.25
0.418557,4803.5
0.421115,4803.75
0.419836,4804.0
0.419836,4804.25
0.418557,4804.5
0.418557,4804.75
0.415998,4805.0
0.418557,4805.25
0.415998,4805.5
0.421115,4805.75
0.418557,4806.0
0.419836,4806.25
0.417277,4806.5
0.414719,4806.75
0.41344,4807.0
0.414719,4807.25
0.41344,4807.5
0.41344,4807.75
0.412161,4808.0
0.41344,4808.25
0.412161,4808.5
0.412161,4808.75
0.412161,4809.0
0.410881,4809.25
0.410881,4809.5
0.409602,4809.75
0.410881,4810.0
0.408323,4810.25
0.409602,4810.5
0.409602,4810.75
0.408323,4811.0
0.408323,4811.25
0.409602,4811.5
0.405765,4811.75
0.410881,4812.0
0.412161,4812.25
0.412161,4812.5
0.414719,4812.75
0.41344,4813.0
0.41344,4813.25
0.412161,4813.5
0.41344,4813.75
0.41344,4814.0
0.414719,4814.25
0.415998,4814.5
0.417277,4814.75
0.415998,4815.0
0.415998,4815.25
0.415998,4815.5
0.414719,4815.75
0.41344,4816.0
0.41344,4816.25
0.41344,4816.5
0.41344,4816.75
0.417277,4817.0
0.415998,4817.25
0.409602,4817.5
0.41344,4817.75
0.410881,4818.0
0.410881,4818.25
0.407044,4818.5
0.405765,4818.75
0.405765,4819.0
0.401927,4819.25
0.401927,4819.5
0.400648,4819.75
0.401927,4820.0
0.400648,4820.25
0.401927,4820.5
0.399369,4820.75
0.403206,4821.0
0.39809,4821.25
0.401927,4821.5
0.400648,4821.75
0.399369,4822.0
0.401927,4822.25
0.401927,4822.5
0.403206,4822.75
0.401927,4823.0
0.405765,4823.25
0.407044,4823.5
0.405765,4823.75
0.39809,4824.0
0.39809,4824.25
0.396811,4824.5
0.396811,4824.75
0.403206,4825.0
0.412161,4825.25
0.415998,4825.5
0.415998,4825.75
0.410881,4826.0
0.45949,4826.25
0.41344,4826.5
0.408323,4826.75
0.41344,4827.0
0.410881,4827.25
0.412161,4827.5
0.410881,4827.75
0.407044,4828.0
0.405765,4828.25
0.405765,4828.5
0.409602,4828.75
0.403206,4829.0
0.41344,4829.25
0.41344,4829.5
0.414719,4829.75
0.410881,4830.0
0.407044,4830.25
0.407044,4830.5
0.404486,4830.75
0.404486,4831.0
0.404486,4831.25
0.403206,4831.5
0.401927,4831.75
0.401927,4832.0
0.401927,4832.25
0.400648,4832.5
0.400648,4832.75
0.399369,4833.0
0.401927,4833.25
0.399369,4833.5
0.401927,4833.75
0.39809,4834.0
0.39809,4834.25
0.395531,4834.5
0.39809,4834.75
0.396811,4835.0
0.395531,4835.25
0.395531,4835.5
0.396811,4835.75
0.395531,4836.0
0.394252,4836.25
0.395531,4836.5
0.395531,4836.75
0.395531,4837.0
0.389135,4837.25
0.394252,4837.5
0.394252,4837.75
0.394252,4838.0
0.392973,4838.25
0.392973,4838.5
0.392973,4838.75
0.391694,4839.0
0.392973,4839.25
0.391694,4839.5
0.392973,4839.75
0.390415,4840.0
0.391694,4840.25
0.390415,4840.5
0.391694,4840.75
0.390415,4841.0
0.389135,4841.25
0.389135,4841.5
0.389135,4841.75
0.390415,4842.0
0.387856,4842.25
0.389135,4842.5
0.387856,4842.75
0.390415,4843.0
0.387856,4843.25
0.389135,4843.5
0.387856,4843.75
0.387856,4844.0
0.387856,4844.25
0.386577,4844.5
0.387856,4844.75
0.384019,4845.0
0.386577,4845.25
0.385298,4845.5
0.386577,4845.75
0.384019,4846.0
0.385298,4846.25
0.384019,4846.5
0.385298,4846.75
0.384019,4847.0
0.384019,4847.25
0.385298,4847.5
0.385298,4847.75
0.38274,4848.0
0.38274,4848.25
0.38274,4848.5
0.38146,4848.75
0.38274,4849.0
0.38146,4849.25
0.384019,4849.5
0.38274,4849.75
0.38274,4850.0
0.38274,4850.25
0.38146,4850.5
0.38146,4850.75
0.378902,4851.0
0.380181,4851.25
0.378902,4851.5
0.380181,4851.75
0.378902,4852.0
0.378902,4852.25
0.378902,4852.5
0.378902,4852.75
0.378902,4853.0
0.377623,4853.25
0.376344,4853.5
0.375065,4853.75
0.376344,4854.0
0.376344,4854.25
0.377623,4854.5
0.375065,4854.75
0.376344,4855.0
0.376344,4855.25
0.376344,4855.5
0.376344,4855.75
0.376344,4856.0
0.375065,4856.25
0.372506,4856.5
0.376344,4856.75
0.373785,4857.0
0.375065,4857.25
0.375065,4857.5
0.375065,4857.75
0.375065,4858.0
0.373785,4858.25
0.373785,4858.5
0.375065,4858.75
0.372506,4859.0
0.372506,4859.25
0.36611,4859.5
0.371227,4859.75
0.371227,4860.0
0.369948,4860.25
0.369948,4860.5
0.371227,4860.75
0.371227,4861.0
0.369948,4861.25
0.371227,4861.5
0.371227,4861.75
0.369948,4862.0
0.369948,4862.25
0.368669,4862.5
0.369948,4862.75
0.369948,4863.0
0.368669,4863.25
0.368669,4863.5
0.368669,4863.75
0.369948,4864.0
0.368669,4864.25
0.36739,4864.5
0.36611,4864.75
0.364831,4865.0
0.36611,4865.25
0.36611,4865.5
0.36739,4865.75
0.36611,4866.0
0.36611,4866.25
0.364831,4866.5
0.36739,4866.75
0.359714,4867.0
0.364831,4867.25
0.363552,4867.5
0.363552,4867.75
0.363552,4868.0
0.364831,4868.25
0.364831,4868.5
0.363552,4868.75
0.364831,4869.0
0.363552,4869.25
0.363552,4869.5
0.364831,4869.75
0.363552,4870.0
0.360994,4870.25
0.363552,4870.5
0.362273,4870.75
0.362273,4871.0
0.360994,4871.25
0.360994,4871.5
0.360994,4871.75
0.360994,4872.0
0.362273,4872.25
0.362273,4872.5
0.360994,4872.75
0.358435,4873.0
0.359714,4873.25
0.358435,4873.5
0.360994,4873.75
0.359714,4874.0
0.360994,4874.25
0.358435,4874.5
0.359714,4874.75
0.354598,4875.0
0.359714,4875.25
0.358435,4875.5
0.357156,4875.75
0.358435,4876.0
0.357156,4876.25
0.357156,4876.5
0.358435,4876.75
0.357156,4877.0
0.355877,4877.25
0.357156,4877.5
0.358435,4877.75
0.357156,4878.0
0.357156,4878.25
0.355877,4878.5
0.357156,4878.75
0.357156,4879.0
0.355877,4879.25
0.357156,4879.5
0.355877,4879.75
0.355877,4880.0
0.357156,4880.25
0.355877,4880.5
0.354598,4880.75
0.354598,4881.0
0.353319,4881.25
0.353319,4881.5
0.353319,4881.75
0.354598,4882.0
0.353319,4882.25
0.353319,4882.5
0.354598,4882.75
0.353319,4883.0
0.353319,4883.25
0.354598,4883.5
0.355877,4883.75
0.352039,4884.0
0.353319,4884.25
0.352039,4884.5
0.352039,4884.75
0.349481,4885.0
0.35076,4885.25
0.35076,4885.5
0.35076,4885.75
0.352039,4886.0
0.35076,4886.25
0.352039,4886.5
0.352039,4886.75
0.35076,4887.0
0.35076,4887.25
0.35076,4887.5
0.35076,4887.75
0.348202,4888.0
0.35076,4888.25
0.349481,4888.5
0.35076,4888.75
0.349481,4889.0
0.349481,4889.25
0.348202,4889.5
0.349481,4889.75
0.344364,4890.0
0.348202,4890.25
0.348202,4890.5
0.348202,4890.75
0.348202,4891.0
0.348202,4891.25
0.348202,4891.5
0.346923,4891.75
0.346923,4892.0
0.345644,4892.25
0.346923,4892.5
0.344364,4892.75
0.346923,4893.0
0.340527,4893.25
0.346923,4893.5
0.346923,4893.75
0.346923,4894.0
0.346923,4894.25
0.346923,4894.5
0.346923,4894.75
0.344364,4895.0
0.346923,4895.25
0.344364,4895.5
0.348202,4895.75
0.346923,4896.0
0.346923,4896.25
0.346923,4896.5
0.346923,4896.75
0.341806,4897.0
0.345644,4897.25
0.345644,4897.5
0.343085,4897.75
0.345644,4898.0
0.343085,4898.25
0.345644,4898.5
0.345644,4898.75
0.345644,4899.0
0.345644,4899.25
0.345644,4899.5
0.345644,4899.75
0.345644,4900.0
0.344364,4900.25
0.343085,4900.5
0.344364,4900.75
0.341806,4901.0
0.343085,4901.25
0.343085,4901.5
0.336689,4901.75
0.343085,4902.0
0.343085,4902.25
0.341806,4902.5
0.343085,4902.75
0.343085,4903.0
0.340527,4903.25
0.341806,4903.5
0.340527,4903.75
0.340527,4904.0
0.340527,4904.25
0.340527,4904.5
0.340527,4904.75
0.336689,4905.0
0.339248,4905.25
0.337968,4905.5
0.337968,4905.75
0.339248,4906.0
0.339248,4906.25
0.337968,4906.5
0.339248,4906.75
0.339248,4907.0
0.339248,4907.25
0.339248,4907.5
0.339248,4907.75
0.339248,4908.0
0.339248,4908.25
0.337968,4908.5
0.337968,4908.75
0.339248,4909.0
0.33541,4909.25
0.336689,4909.5
0.336689,4909.75
0.336689,4910.0
0.337968,4910.25
0.336689,4910.5
0.339248,4910.75
0.33541,4911.0
0.33541,4911.25
0.334131,4911.5
0.33541,4911.75
0.334131,4912.0
0.334131,4912.25
0.33541,4912.5
0.334131,4912.75
0.33541,4913.0
0.332852,4913.25
0.334131,4913.5
0.33541,4913.75
0.33541,4914.0
0.334131,4914.25
0.33541,4914.5
0.334131,4914.75
0.33541,4915.0
0.334131,4915.25
0.33541,4915.5
0.330293,4915.75
0.33541,4916.0
0.33541,4916.25
0.334131,4916.5
0.334131,4916.75
0.334131,4917.0
0.334131,4917.25
0.332852,4917.5
0.334131,4917.75
0.332852,4918.0
0.334131,4918.25
0.33541,4918.5
0.33541,4918.75
0.334131,4919.0
0.332852,4919.25
0.334131,4919.5
0.331573,4919.75
0.332852,4920.0
0.331573,4920.25
0.331573,4920.5
0.332852,4920.75
0.332852,4921.0
0.331573,4921.25
0.331573,4921.5
0.332852,4921.75
0.331573,4922.0
0.330293,4922.25
0.330293,4922.5
0.330293,4922.75
0.330293,4923.0
0.325177,4923.25
0.330293,4923.5
0.330293,4923.75
0.330293,4924.0
0.330293,4924.25
0.330293,4924.5
0.330293,4924.75
0.326456,4925.0
0.326456,4925.25
0.327735,4925.5
0.329014,4925.75
0.327735,4926.0
0.329014,4926.25
0.327735,4926.5
0.330293,4926.75
0.327735,4927.0
0.329014,4927.25
0.329014,4927.5
0.327735,4927.75
0.326456,4928.0
0.326456,4928.25
0.326456,4928.5
0.326456,4928.75
0.326456,4929.0
0.327735,4929.25
0.326456,4929.5
0.325177,4929.75
0.326456,4930.0
0.326456,4930.25
0.325177,4930.5
0.326456,4930.75
0.327735,4931.0
0.325177,4931.25
0.327735,4931.5
0.326456,4931.75
0.326456,4932.0
0.326456,4932.25
0.325177,4932.5
0.329014,4932.75
0.326456,4933.0
0.325177,4933.25
0.318781,4933.5
0.326456,4933.75
0.323898,4934.0
0.325177,4934.25
0.326456,4934.5
0.325177,4934.75
0.326456,4935.0
0.325177,4935.25
0.325177,4935.5
0.325177,4935.75
0.323898,4936.0
0.325177,4936.25
0.326456,4936.5
0.323898,4936.75
0.325177,4937.0
0.323898,4937.25
0.325177,4937.5
0.325177,4937.75
0.325177,4938.0
0.325177,4938.25
0.323898,4938.5
0.323898,4938.75
0.322618,4939.0
0.323898,4939.25
0.322618,4939.5
0.323898,4939.75
0.322618,4940.0
0.322618,4940.25
0.322618,4940.5
0.323898,4940.75
0.323898,4941.0
0.323898,4941.25
0.322618,4941.5
0.322618,4941.75
0.317502,4942.0
0.321339,4942.25
0.322618,4942.5
0.321339,4942.75
0.321339,4943.0
0.321339,4943.25
0.321339,4943.5
0.322618,4943.75
0.321339,4944.0
0.32006,4944.25
0.32006,4944.5
0.32006,4944.75
0.316223,4945.0
0.32006,4945.25
0.32006,4945.5
0.32006,4945.75
0.318781,4946.0
0.32006,4946.25
0.32006,4946.5
0.321339,4946.75
0.318781,4947.0
0.318781,4947.25
0.318781,4947.5
0.318781,4947.75
0.318781,4948.0
0.32006,4948.25
0.313664,4948.5
0.32006,4948.75
0.318781,4949.0
0.318781,4949.25
0.318781,4949.5
0.318781,4949.75
0.316223,4950.0
0.317502,4950.25
0.318781,4950.5
0.317502,4950.75
0.318781,4951.0
0.316223,4951.25
0.316223,4951.5
0.312385,4951.75
0.318781,4952.0
0.317502,4952.25
0.317502,4952.5
0.316223,4952.75
0.314943,4953.0
0.314943,4953.25
0.316223,4953.5
0.316223,4953.75
0.314943,4954.0
0.316223,4954.25
0.314943,4954.5
0.318781,4954.75
0.313664,4955.0
0.316223,4955.25
0.313664,4955.5
0.314943,4955.75
0.314943,4956.0
0.314943,4956.25
0.314943,4956.5
0.313664,4956.75
0.314943,4957.0
0.313664,4957.25
0.314943,4957.5
0.314943,4957.75
0.313664,4958.0
0.311106,4958.25
0.313664,4958.5
0.312385,4958.75
0.313664,4959.0
0.313664,4959.25
0.313664,4959.5
0.312385,4959.75
0.313664,4960.0
0.312385,4960.25
0.312385,4960.5
0.314943,4960.75
0.311106,4961.0
0.312385,4961.25
0.311106,4961.5
0.313664,4961.75
0.312385,4962.0
0.312385,4962.25
0.312385,4962.5
0.312385,4962.75
0.312385,4963.0
0.312385,4963.25
0.312385,4963.5
0.311106,4963.75
0.312385,4964.0
0.311106,4964.25
0.313664,4964.5
0.312385,4964.75
0.309827,4965.0
0.305989,4965.25
0.312385,4965.5
0.312385,4965.75
0.311106,4966.0
0.309827,4966.25
0.309827,4966.5
0.311106,4966.75
0.308547,4967.0
0.309827,4967.25
0.309827,4967.5
0.311106,4967.75
0.311106,4968.0
0.311106,4968.25
0.311106,4968.5
0.311106,4968.75
0.309827,4969.0
0.308547,4969.25
0.309827,4969.5
0.308547,4969.75
0.309827,4970.0
0.309827,4970.25
0.309827,4970.5
0.309827,4970.75
0.308547,4971.0
0.309827,4971.25
0.308547,4971.5
0.30471,4971.75
0.308547,4972.0
0.309827,4972.25
0.307268,4972.5
0.308547,4972.75
0.307268,4973.0
0.307268,4973.25
0.307268,4973.5
0.307268,4973.75
0.308547,4974.0
0.308547,4974.25
0.305989,4974.5
0.30471,4974.75
0.307268,4975.0
0.307268,4975.25
0.305989,4975.5
0.308547,4975.75
0.307268,4976.0
0.307268,4976.25
0.300872,4976.5
0.307268,4976.75
0.30471,4977.0
0.307268,4977.25
0.305989,4977.5
0.305989,4977.75
0.305989,4978.0
0.30471,4978.25
0.305989,4978.5
0.305989,4978.75
0.305989,4979.0
0.305989,4979.25
0.307268,4979.5
0.305989,4979.75
0.305989,4980.0
0.30471,4980.25
0.30471,4980.5
0.299593,4980.75
0.30471,4981.0
0.30471,4981.25
0.303431,4981.5
0.30471,4981.75
0.30471,4982.0
0.302152,4982.25
0.303431,4982.5
0.303431,4982.75
0.303431,4983.0
0.30471,4983.25
0.302152,4983.5
0.30471,4983.75
0.303431,4984.0
0.30471,4984.25
0.297035,4984.5
0.30471,4984.75
0.299593,4985.0
0.300872,4985.25
0.302152,4985.5
0.303431,4985.75
0.303431,4986.0
0.300872,4986.25
0.303431,4986.5
0.303431,4986.75
0.302152,4987.0
0.300872,4987.25
0.303431,4987.5
0.303431,4987.75
0.303431,4988.0
0.295756,4988.25
0.302152,4988.5
0.303431,4988.75
0.30471,4989.0
0.302152,4989.25
0.302152,4989.5
0.302152,4989.75
0.300872,4990.0
0.302152,4990.25
0.303431,4990.5
0.303431,4990.75
0.300872,4991.0
0.300872,4991.25
0.300872,4991.5
0.300872,4991.75
0.300872,4992.0
0.300872,4992.25
0.300872,4992.5
0.302152,4992.75
0.300872,4993.0
0.302152,4993.25
0.300872,4993.5
0.299593,4993.75
0.299593,4994.0
0.299593,4994.25
0.299593,4994.5
0.299593,4994.75
0.300872,4995.0
0.300872,4995.25
0.299593,4995.5
0.299593,4995.75
0.300872,4996.0
0.299593,4996.25
0.299593,4996.5
0.299593,4996.75
0.299593,4997.0
0.298314,4997.25
0.299593,4997.5
0.299593,4997.75
0.299593,4998.0
0.299593,4998.25
0.299593,4998.5
0.300872,4998.75
0.299593,4999.0
0.299593,4999.25
0.299593,4999.5
0.300872,4999.75
0.297035,5000.0
0.299593,5000.25
0.299593,5000.5
0.299593,5000.75
0.298314,5001.0
0.299593,5001.25
0.299593,5001.5
0.299593,5001.75
0.298314,5002.0
0.298314,5002.25
0.298314,5002.5
0.298314,5002.75
0.298314,5003.0
0.295756,5003.25
0.295756,5003.5
0.297035,5003.75
0.297035,5004.0
0.298314,5004.25
0.297035,5004.5
0.297035,5004.75
0.293197,5005.0
0.295756,5005.25
0.288081,5005.5
0.294477,5005.75
0.295756,5006.0
0.295756,5006.25
0.297035,5006.5
0.295756,5006.75
0.297035,5007.0
0.297035,5007.25
0.294477,5007.5
0.295756,5007.75
0.295756,5008.0
0.294477,5008.25
0.297035,5008.5
0.297035,5008.75
0.295756,5009.0
0.294477,5009.25
0.295756,5009.5
0.295756,5009.75
0.294477,5010.0
0.294477,5010.25
0.294477,5010.5
0.28936,5010.75
0.293197,5011.0
0.294477,5011.25
0.294477,5011.5
0.295756,5011.75
0.295756,5012.0
0.295756,5012.25
0.295756,5012.5
0.295756,5012.75
0.294477,5013.0
0.294477,5013.25
0.293197,5013.5
0.294477,5013.75
0.28936,5014.0
0.294477,5014.25
0.293197,5014.5
0.293197,5014.75
0.293197,5015.0
0.294477,5015.25
0.294477,5015.5
0.293197,5015.75
0.293197,5016.0
0.294477,5016.25
0.293197,5016.5
0.294477,5016.75
0.294477,5017.0
0.288081,5017.25
0.294477,5017.5
0.294477,5017.75
0.294477,5018.0
0.294477,5018.25
0.294477,5018.5
0.291918,5018.75
0.291918,5019.0
0.286802,5019.25
0.291918,5019.5
0.294477,5019.75
0.291918,5020.0
0.293197,5020.25
0.293197,5020.5
0.295756,5020.75
0.293197,5021.0
0.293197,5021.25
0.291918,5021.5
0.291918,5021.75
0.293197,5022.0
0.291918,5022.25
0.291918,5022.5
0.293197,5022.75
0.293197,5023.0
0.291918,5023.25
0.291918,5023.5
0.293197,5023.75
0.291918,5024.0
0.291918,5024.25
0.291918,5024.5
0.290639,5024.75
0.286802,5025.0
0.291918,5025.25
0.291918,5025.5
0.293197,5025.75
0.290639,5026.0
0.291918,5026.25
0.285522,5026.5
0.291918,5026.75
0.290639,5027.0
0.290639,5027.25
0.28936,5027.5
0.290639,5027.75
0.28936,5028.0
0.288081,5028.25
0.290639,5028.5
0.28936,5028.75
0.291918,5029.0
0.28936,5029.25
0.28936,5029.5
0.28936,5029.75
0.28936,5030.0
0.28936,5030.25
0.290639,5030.5
0.288081,5030.75
0.28936,5031.0
0.290639,5031.25
0.28936,5031.5
0.290639,5031.75
0.28936,5032.0
0.288081,5032.25
0.288081,5032.5
0.28936,5032.75
0.286802,5033.0
0.288081,5033.25
0.28936,5033.5
0.288081,5033.75
0.288081,5034.0
0.288081,5034.25
0.288081,5034.5
0.286802,5034.75
0.288081,5035.0
0.286802,5035.25
0.288081,5035.5
0.288081,5035.75
0.288081,5036.0
0.286802,5036.25
0.288081,5036.5
0.286802,5036.75
0.285522,5037.0
0.288081,5037.25
0.285522,5037.5
0.285522,5037.75
0.285522,5038.0
0.284243,5038.25
0.284243,5038.5
0.285522,5038.75
0.285522,5039.0
0.285522,5039.25
0.286802,5039.5
0.286802,5039.75
0.288081,5040.0
0.288081,5040.25
0.286802,5040.5
0.285522,5040.75
0.285522,5041.0
0.284243,5041.25
0.285522,5041.5
0.285522,5041.75
0.286802,5042.0
0.286802,5042.25
0.286802,5042.5
0.286802,5042.75
0.286802,5043.0
0.286802,5043.25
0.285522,5043.5
0.285522,5043.75
0.284243,5044.0
0.284243,5044.25
0.285522,5044.5
0.285522,5044.75
0.282964,5045.0
0.285522,5045.25
0.286802,5045.5
0.280406,5045.75
0.286802,5046.0
0.284243,5046.25
0.284243,5046.5
0.284243,5046.75
0.286802,5047.0
0.285522,5047.25
0.284243,5047.5
0.284243,5047.75
0.284243,5048.0
0.284243,5048.25
0.285522,5048.5
0.286802,5048.75
0.285522,5049.0
0.285522,5049.25
0.284243,5049.5
0.286802,5049.75
0.285522,5050.0
0.284243,5050.25
0.284243,5050.5
0.284243,5050.75
0.285522,5051.0
0.284243,5051.25
0.284243,5051.5
0.281685,5051.75
0.284243,5052.0
0.282964,5052.25
0.285522,5052.5
0.284243,5052.75
0.284243,5053.0
0.284243,5053.25
0.285522,5053.5
0.279126,5053.75
0.284243,5054.0
0.282964,5054.25
0.284243,5054.5
0.284243,5054.75
0.281685,5055.0
0.282964,5055.25
0.284243,5055.5
0.284243,5055.75
0.284243,5056.0
0.284243,5056.25
0.284243,5056.5
0.284243,5056.75
0.282964,5057.0
0.282964,5057.25
0.277847,5057.5
0.282964,5057.75
0.282964,5058.0
0.282964,5058.25
0.281685,5058.5
0.282964,5058.75
0.281685,5059.0
0.282964,5059.25
0.281685,5059.5
0.280406,5059.75
0.281685,5060.0
0.280406,5060.25
0.280406,5060.5
0.281685,5060.75
0.281685,5061.0
0.281685,5061.25
0.281685,5061.5
0.281685,5061.75
0.282964,5062.0
0.281685,5062.25
0.281685,5062.5
0.275289,5062.75
0.281685,5063.0
0.280406,5063.25
0.281685,5063.5
0.281685,5063.75
0.281685,5064.0
0.280406,5064.25
0.280406,5064.5
0.281685,5064.75
0.277847,5065.0
0.279126,5065.25
0.277847,5065.5
0.281685,5065.75
0.279126,5066.0
0.280406,5066.25
0.279126,5066.5
0.281685,5066.75
0.280406,5067.0
0.279126,5067.25
0.279126,5067.5
0.279126,5067.75
0.279126,5068.0
0.277847,5068.25
0.279126,5068.5
0.271451,5068.75
0.277847,5069.0
0.276568,5069.25
0.276568,5069.5
0.276568,5069.75
0.277847,5070.0
0.279126,5070.25
0.279126,5070.5
0.272731,5070.75
0.277847,5071.0
0.277847,5071.25
0.277847,5071.5
0.272731,5071.75
0.279126,5072.0
0.277847,5072.25
0.279126,5072.5
0.277847,5072.75
0.277847,5073.0
0.277847,5073.25
0.277847,5073.5
0.276568,5073.75
0.276568,5074.0
0.276568,5074.25
0.277847,5074.5
0.277847,5074.75
0.276568,5075.0
0.277847,5075.25
0.276568,5075.5
0.280406,5075.75
0.276568,5076.0
0.279126,5076.25
0.275289,5076.5
0.279126,5076.75
0.272731,5077.0
0.277847,5077.25
0.276568,5077.5
0.277847,5077.75
0.276568,5078.0
0.276568,5078.25
0.277847,5078.5
0.275289,5078.75
0.276568,5079.0
0.275289,5079.25
0.276568,5079.5
0.275289,5079.75
0.276568,5080.0
0.275289,5080.25
0.276568,5080.5
0.275289,5080.75
0.275289,5081.0
0.276568,5081.25
0.276568,5081.5
0.276568,5081.75
0.27401,5082.0
0.276568,5082.25
0.270172,5082.5
0.275289,5082.75
0.27401,5083.0
0.275289,5083.25
0.27401,5083.5
0.275289,5083.75
0.275289,5084.0
0.275289,5084.25
0.275289,5084.5
0.27401,5084.75
0.271451,5085.0
0.272731,5085.25
0.272731,5085.5
0.272731,5085.75
0.272731,5086.0
0.272731,5086.25
0.272731,5086.5
0.27401,5086.75
0.27401,5087.0
0.272731,5087.25
0.276568,5087.5
0.27401,5087.75
0.279126,5088.0
0.282964,5088.25
0.290639,5088.5
0.288081,5088.75
0.286802,5089.0
0.291918,5089.25
0.293197,5089.5
0.286802,5089.75
0.281685,5090.0
0.284243,5090.25
0.281685,5090.5
0.277847,5090.75
0.276568,5091.0
0.276568,5091.25
0.276568,5091.5
0.277847,5091.75
0.276568,5092.0
0.276568,5092.25
0.276568,5092.5
0.275289,5092.75
0.27401,5093.0
0.275289,5093.25
0.27401,5093.5
0.275289,5093.75
0.275289,5094.0
0.275289,5094.25
0.275289,5094.5
0.27401,5094.75
0.275289,5095.0
0.267614,5095.25
0.272731,5095.5
0.27401,5095.75
0.27401,5096.0
0.272731,5096.25
0.27401,5096.5
0.27401,5096.75
0.272731,5097.0
0.275289,5097.25
0.27401,5097.5
0.275289,5097.75
0.272731,5098.0
0.27401,5098.25
0.271451,5098.5
0.272731,5098.75
0.270172,5099.0
0.271451,5099.25
0.272731,5099.5
0.27401,5099.75
0.272731,5100.0
0.272731,5100.25
0.27401,5100.5
0.272731,5100.75
0.27401,5101.0
0.271451,5101.25
0.272731,5101.5
0.268893,5101.75
0.27401,5102.0
0.272731,5102.25
0.272731,5102.5
0.272731,5102.75
0.272731,5103.0
0.272731,5103.25
0.271451,5103.5
0.27401,5103.75
0.270172,5104.0
0.272731,5104.25
0.271451,5104.5
0.27401,5104.75
0.267614,5105.0
0.272731,5105.25
0.272731,5105.5
0.271451,5105.75
0.271451,5106.0
0.271451,5106.25
0.271451,5106.5
0.271451,5106.75
0.271451,5107.0
0.268893,5107.25
0.272731,5107.5
0.270172,5107.75
0.271451,5108.0
0.265056,5108.25
0.272731,5108.5
0.272731,5108.75
0.270172,5109.0
0.271451,5109.25
0.270172,5109.5
0.271451,5109.75
0.270172,5110.0
0.271451,5110.25
0.270172,5110.5
0.272731,5110.75
0.271451,5111.0
0.271451,5111.25
0.272731,5111.5
0.272731,5111.75
0.270172,5112.0
0.270172,5112.25
0.263776,5112.5
0.270172,5112.75
0.271451,5113.0
0.270172,5113.25
0.271451,5113.5
0.271451,5113.75
0.270172,5114.0
0.270172,5114.25
0.270172,5114.5
0.270172,5114.75
0.268893,5115.0
0.270172,5115.25
0.268893,5115.5
0.268893,5115.75
0.270172,5116.0
0.268893,5116.25
0.268893,5116.5
0.268893,5116.75
0.268893,5117.0
0.270172,5117.25
0.268893,5117.5
0.267614,5117.75
0.267614,5118.0
0.263776,5118.25
0.268893,5118.5
0.267614,5118.75
0.267614,5119.0
0.267614,5119.25
0.268893,5119.5
0.270172,5119.75
0.262497,5120.0
0.268893,5120.25
0.266335,5120.5
0.267614,5120.75
0.266335,5121.0
0.266335,5121.25
0.266335,5121.5
0.266335,5121.75
0.266335,5122.0
0.267614,5122.25
0.266335,5122.5
0.267614,5122.75
0.266335,5123.0
0.266335,5123.25
0.266335,5123.5
0.266335,5123.75
0.266335,5124.0
0.266335,5124.25
0.267614,5124.5
0.266335,5124.75
0.262497,5125.0
0.266335,5125.25
0.266335,5125.5
0.267614,5125.75
0.263776,5126.0
0.265056,5126.25
0.263776,5126.5
0.266335,5126.75
0.266335,5127.0
0.266335,5127.25
0.265056,5127.5
0.267614,5127.75
0.267614,5128.0
0.266335,5128.25
0.265056,5128.5
0.266335,5128.75
0.25866,5129.0
0.265056,5129.25
0.266335,5129.5
0.263776,5129.75
0.263776,5130.0
0.265056,5130.25
0.263776,5130.5
0.266335,5130.75
0.265056,5131.0
0.265056,5131.25
0.263776,5131.5
0.266335,5131.75
0.263776,5132.0
0.263776,5132.25
0.265056,5132.5
0.263776,5132.75
0.265056,5133.0
0.263776,5133.25
0.265056,5133.5
0.262497,5133.75
0.263776,5134.0
0.256101,5134.25
0.263776,5134.5
0.262497,5134.75
0.262497,5135.0
0.262497,5135.25
0.263776,5135.5
0.262497,5135.75
0.261218,5136.0
0.263776,5136.25
0.262497,5136.5
0.262497,5136.75
0.261218,5137.0
0.261218,5137.25
0.261218,5137.5
0.262497,5137.75
0.261218,5138.0
0.263776,5138.25
0.256101,5138.5
0.262497,5138.75
0.262497,5139.0
0.261218,5139.25
0.261218,5139.5
0.259939,5139.75
0.262497,5140.0
0.259939,5140.25
0.261218,5140.5
0.259939,5140.75
0.262497,5141.0
0.259939,5141.25
0.25866,5141.5
0.259939,5141.75
0.25866,5142.0
0.25866,5142.25
0.25866,5142.5
0.253543,5142.75
0.25866,5143.0
0.25866,5143.25
0.25866,5143.5
0.25866,5143.75
0.25866,5144.0
0.25866,5144.25
0.25866,5144.5
0.25866,5144.75
0.254822,5145.0
0.257381,5145.25
0.25866,5145.5
0.25866,5145.75
0.259939,5146.0
0.259939,5146.25
0.257381,5146.5
0.261218,5146.75
0.252264,5147.0
0.25866,5147.25
0.25866,5147.5
0.259939,5147.75
0.259939,5148.0
0.25866,5148.25
0.257381,5148.5
0.25866,5148.75
0.25866,5149.0
0.25866,5149.25
0.25866,5149.5
0.25866,5149.75
0.25866,5150.0
0.257381,5150.25
0.259939,5150.5
0.257381,5150.75
0.257381,5151.0
0.254822,5151.25
0.25866,5151.5
0.256101,5151.75
0.257381,5152.0
0.257381,5152.25
0.257381,5152.5
0.25866,5152.75
0.25866,5153.0
0.257381,5153.25
0.254822,5153.5
0.256101,5153.75
0.254822,5154.0
0.254822,5154.25
0.254822,5154.5
0.256101,5154.75
0.254822,5155.0
0.254822,5155.25
0.254822,5155.5
0.256101,5155.75
0.254822,5156.0
0.254822,5156.25
0.254822,5156.5
0.254822,5156.75
0.254822,5157.0
0.257381,5157.25
0.254822,5157.5
0.256101,5157.75
0.256101,5158.0
0.256101,5158.25
0.254822,5158.5
0.257381,5158.75
0.253543,5159.0
0.254822,5159.25
0.252264,5159.5
0.254822,5159.75
0.247147,5160.0
0.253543,5160.25
0.253543,5160.5
0.253543,5160.75
0.254822,5161.0
0.252264,5161.25
0.254822,5161.5
0.252264,5161.75
0.253543,5162.0
0.252264,5162.25
0.253543,5162.5
0.254822,5162.75
0.253543,5163.0
0.253543,5163.25
0.253543,5163.5
0.253543,5163.75
0.254822,5164.0
0.253543,5164.25
0.253543,5164.5
0.253543,5164.75
0.249705,5165.0
0.252264,5165.25
0.253543,5165.5
0.253543,5165.75
0.254822,5166.0
0.252264,5166.25
0.252264,5166.5
0.252264,5166.75
0.252264,5167.0
0.250985,5167.25
0.252264,5167.5
0.244589,5167.75
0.249705,5168.0
0.250985,5168.25
0.250985,5168.5
0.253543,5168.75
0.250985,5169.0
0.252264,5169.25
0.252264,5169.5
0.253543,5169.75
0.245868,5170.0
0.252264,5170.25
0.250985,5170.5
0.250985,5170.75
0.252264,5171.0
0.252264,5171.25
0.252264,5171.5
0.252264,5171.75
0.252264,5172.0
0.250985,5172.25
0.250985,5172.5
0.249705,5172.75
0.250985,5173.0
0.248426,5173.25
0.250985,5173.5
0.249705,5173.75
0.249705,5174.0
0.248426,5174.25
0.249705,5174.5
0.250985,5174.75
0.250985,5175.0
0.244589,5175.25
0.249705,5175.5
0.250985,5175.75
0.248426,5176.0
0.249705,5176.25
0.249705,5176.5
0.252264,5176.75
0.249705,5177.0
0.249705,5177.25
0.249705,5177.5
0.249705,5177.75
0.249705,5178.0
0.249705,5178.25
0.249705,5178.5
0.250985,5178.75
0.249705,5179.0
0.249705,5179.25
0.249705,5179.5
0.249705,5179.75
0.248426,5180.0
0.248426,5180.25
0.248426,5180.5
0.248426,5180.75
0.247147,5181.0
0.247147,5181.25
0.24203,5181.5
0.248426,5181.75
0.249705,5182.0
0.248426,5182.25
0.248426,5182.5
0.248426,5182.75
0.249705,5183.0
0.248426,5183.25
0.250985,5183.5
0.247147,5183.75
0.249705,5184.0
0.247147,5184.25
0.248426,5184.5
0.248426,5184.75
0.247147,5185.0
0.24203,5185.25
0.248426,5185.5
0.248426,5185.75
0.247147,5186.0
0.245868,5186.25
0.245868,5186.5
0.245868,5186.75
0.245868,5187.0
0.247147,5187.25
0.245868,5187.5
0.247147,5187.75
0.247147,5188.0
0.245868,5188.25
0.245868,5188.5
0.248426,5188.75
0.245868,5189.0
0.245868,5189.25
0.247147,5189.5
0.245868,5189.75
0.245868,5190.0
0.245868,5190.25
0.245868,5190.5
0.245868,5190.75
0.245868,5191.0
0.245868,5191.25
0.245868,5191.5
0.247147,5191.75
0.244589,5192.0
0.245868,5192.25
0.244589,5192.5
0.244589,5192.75
0.244589,5193.0
0.244589,5193.25
0.24331,5193.5
0.24331,5193.75
0.244589,5194.0
0.244589,5194.25
0.244589,5194.5
0.244589,5194.75
0.244589,5195.0
0.244589,5195.25
0.245868,5195.5
0.239472,5195.75
0.244589,5196.0
0.244589,5196.25
0.244589,5196.5
0.247147,5196.75
0.244589,5197.0
0.244589,5197.25
0.24331,5197.5
0.244589,5197.75
0.24331,5198.0
0.244589,5198.25
0.24331,5198.5
0.24331,5198.75
0.24203,5199.0
0.24331,5199.25
0.244589,5199.5
0.24331,5199.75
0.24331,5200.0
0.24203,5200.25
0.24203,5200.5
0.24331,5200.75
0.244589,5201.0
0.244589,5201.25
0.24331,5201.5
0.244589,5201.75
0.24331,5202.0
0.244589,5202.25
0.24331,5202.5
0.245868,5202.75
0.24203,5203.0
0.244589,5203.25
0.24203,5203.5
0.24331,5203.75
0.24331,5204.0
0.24331,5204.25
0.244589,5204.5
0.245868,5204.75
0.239472,5205.0
0.24203,5205.25
0.24203,5205.5
0.24331,5205.75
0.24203,5206.0
0.24203,5206.25
0.24203,5206.5
0.24203,5206.75
0.24203,5207.0
0.24203,5207.25
0.24203,5207.5
0.24331,5207.75
0.240751,5208.0
0.240751,5208.25
0.239472,5208.5
0.240751,5208.75
0.239472,5209.0
0.240751,5209.25
0.239472,5209.5
0.239472,5209.75
0.240751,5210.0
0.239472,5210.25
0.240751,5210.5
0.240751,5210.75
0.240751,5211.0
0.24203,5211.25
0.240751,5211.5
0.239472,5211.75
0.24203,5212.0
0.24203,5212.25
0.24203,5212.5
0.24203,5212.75
0.240751,5213.0
0.24203,5213.25
0.24203,5213.5
0.24203,5213.75
0.240751,5214.0
0.234355,5214.25
0.240751,5214.5
0.240751,5214.75
0.240751,5215.0
0.240751,5215.25
0.239472,5215.5
0.24203,5215.75
0.24203,5216.0
0.240751,5216.25
0.240751,5216.5
0.239472,5216.75
0.239472,5217.0
0.240751,5217.25
0.240751,5217.5
0.24203,5217.75
0.239472,5218.0
0.240751,5218.25
0.240751,5218.5
0.24203,5218.75
0.240751,5219.0
0.240751,5219.25
0.239472,5219.5
0.24203,5219.75
0.236914,5220.0
0.240751,5220.25
0.235635,5220.5
0.240751,5220.75
0.240751,5221.0
0.24203,5221.25
0.24203,5221.5
0.240751,5221.75
0.240751,5222.0
0.239472,5222.25
0.239472,5222.5
0.236914,5222.75
0.239472,5223.0
0.240751,5223.25
0.239472,5223.5
0.239472,5223.75
0.239472,5224.0
0.239472,5224.25
0.240751,5224.5
0.240751,5224.75
0.238193,5225.0
0.239472,5225.25
0.239472,5225.5
0.239472,5225.75
0.239472,5226.0
0.239472,5226.25
0.240751,5226.5
0.239472,5226.75
0.240751,5227.0
0.239472,5227.25
0.240751,5227.5
0.239472,5227.75
0.239472,5228.0
0.238193,5228.25
0.239472,5228.5
0.239472,5228.75
0.238193,5229.0
0.239472,5229.25
0.238193,5229.5
0.240751,5229.75
0.240751,5230.0
0.238193,5230.25
0.238193,5230.5
0.239472,5230.75
0.230518,5231.0
0.238193,5231.25
0.236914,5231.5
0.239472,5231.75
0.238193,5232.0
0.239472,5232.25
0.240751,5232.5
0.24203,5232.75
0.239472,5233.0
0.238193,5233.25
0.233076,5233.5
0.236914,5233.75
0.238193,5234.0
0.238193,5234.25
0.238193,5234.5
0.238193,5234.75
0.238193,5235.0
0.239472,5235.25
0.238193,5235.5
0.238193,5235.75
0.236914,5236.0
0.236914,5236.25
0.236914,5236.5
0.236914,5236.75
0.238193,5237.0
0.236914,5237.25
0.239472,5237.5
0.238193,5237.75
0.239472,5238.0
0.239472,5238.25
0.240751,5238.5
0.239472,5238.75
0.239472,5239.0
0.236914,5239.25
0.238193,5239.5
0.236914,5239.75
0.238193,5240.0
0.231797,5240.25
0.239472,5240.5
0.239472,5240.75
0.239472,5241.0
0.238193,5241.25
0.236914,5241.5
0.239472,5241.75
0.236914,5242.0
0.238193,5242.25
0.238193,5242.5
0.236914,5242.75
0.236914,5243.0
0.236914,5243.25
0.238193,5243.5
0.238193,5243.75
0.236914,5244.0
0.236914,5244.25
0.236914,5244.5
0.238193,5244.75
0.235635,5245.0
0.236914,5245.25
0.235635,5245.5
0.238193,5245.75
0.235635,5246.0
0.238193,5246.25
0.236914,5246.5
0.239472,5246.75
0.239472,5247.0
0.238193,5247.25
0.235635,5247.5
0.238193,5247.75
0.238193,5248.0
0.238193,5248.25
0.240751,5248.5
0.24203,5248.75
0.239472,5249.0
0.239472,5249.25
0.240751,5249.5
0.24331,5249.75
0.236914,5250.0
0.240751,5250.25
0.24203,5250.5
0.24331,5250.75
0.24331,5251.0
0.24203,5251.25
0.24203,5251.5
0.245868,5251.75
0.24331,5252.0
0.24331,5252.25
0.24203,5252.5
0.24331,5252.75
0.24203,5253.0
0.244589,5253.25
0.24331,5253.5
0.244589,5253.75
0.244589,5254.0
0.24331,5254.25
0.244589,5254.5
0.240751,5254.75
0.24331,5255.0
0.24203,5255.25
0.240751,5255.5
0.238193,5255.75
0.240751,5256.0
0.240751,5256.25
0.240751,5256.5
0.239472,5256.75
0.239472,5257.0
0.240751,5257.25
0.240751,5257.5
0.239472,5257.75
0.239472,5258.0
0.238193,5258.25
0.238193,5258.5
0.238193,5258.75
0.239472,5259.0
0.238193,5259.25
0.239472,5259.5
0.239472,5259.75
0.239472,5260.0
0.239472,5260.25
0.236914,5260.5
0.238193,5260.75
0.238193,5261.0
0.235635,5261.25
0.236914,5261.5
0.238193,5261.75
0.236914,5262.0
0.236914,5262.25
0.235635,5262.5
0.239472,5262.75
0.238193,5263.0
0.236914,5263.25
0.235635,5263.5
0.238193,5263.75
0.235635,5264.0
0.236914,5264.25
0.236914,5264.5
0.236914,5264.75
0.233076,5265.0
0.236914,5265.25
0.236914,5265.5
0.235635,5265.75
0.235635,5266.0
0.235635,5266.25
0.235635,5266.5
0.234355,5266.75
0.235635,5267.0
0.235635,5267.25
0.235635,5267.5
0.229239,5267.75
0.234355,5268.0
0.236914,5268.25
0.233076,5268.5
0.234355,5268.75
0.233076,5269.0
0.234355,5269.25
0.233076,5269.5
0.234355,5269.75
0.234355,5270.0
0.234355,5270.25
0.233076,5270.5
0.234355,5270.75
0.234355,5271.0
0.234355,5271.25
0.233076,5271.5
0.233076,5271.75
0.233076,5272.0
0.231797,5272.25
0.233076,5272.5
0.234355,5272.75
0.233076,5273.0
0.234355,5273.25
0.233076,5273.5
0.235635,5273.75
0.231797,5274.0
0.233076,5274.25
0.231797,5274.5
0.234355,5274.75
0.230518,5275.0
0.233076,5275.25
0.22796,5275.5
0.233076,5275.75
0.233076,5276.0
0.233076,5276.25
0.234355,5276.5
0.231797,5276.75
0.233076,5277.0
0.231797,5277.25
0.233076,5277.5
0.230518,5277.75
0.233076,5278.0
0.231797,5278.25
0.231797,5278.5
0.233076,5278.75
0.225401,5279.0
0.234355,5279.25
0.233076,5279.5
0.231797,5279.75
0.231797,5280.0
0.230518,5280.25
0.230518,5280.5
0.230518,5280.75
0.231797,5281.0
0.230518,5281.25
0.231797,5281.5
0.230518,5281.75
0.230518,5282.0
0.231797,5282.25
0.231797,5282.5
0.229239,5282.75
0.230518,5283.0
0.230518,5283.25
0.230518,5283.5
0.230518,5283.75
0.230518,5284.0
0.229239,5284.25
0.229239,5284.5
0.233076,5284.75
0.22796,5285.0
0.229239,5285.25
0.229239,5285.5
0.229239,5285.75
0.22796,5286.0
0.229239,5286.25
0.22796,5286.5
0.230518,5286.75
0.229239,5287.0
0.229239,5287.25
0.230518,5287.5
0.230518,5287.75
0.230518,5288.0
0.233076,5288.25
0.234355,5288.5
0.234355,5288.75
0.231797,5289.0
0.233076,5289.25
0.22668,5289.5
0.234355,5289.75
0.231797,5290.0
0.234355,5290.25
0.233076,5290.5
0.234355,5290.75
0.230518,5291.0
0.231797,5291.25
0.230518,5291.5
0.231797,5291.75
0.230518,5292.0
0.230518,5292.25
0.230518,5292.5
0.230518,5292.75
0.231797,5293.0
0.230518,5293.25
0.230518,5293.5
0.230518,5293.75
0.233076,5294.0
0.229239,5294.25
0.233076,5294.5
0.231797,5294.75
0.231797,5295.0
0.231797,5295.25
0.231797,5295.5
0.233076,5295.75
0.233076,5296.0
0.231797,5296.25
0.231797,5296.5
0.233076,5296.75
0.230518,5297.0
0.233076,5297.25
0.233076,5297.5
0.22668,5297.75
0.233076,5298.0
0.231797,5298.25
0.233076,5298.5
0.231797,5298.75
0.231797,5299.0
0.230518,5299.25
0.231797,5299.5
0.231797,5299.75
0.231797,5300.0
0.222843,5300.25
0.224122,5300.5
0.233076,5300.75
0.231797,5301.0
0.234355,5301.25
0.233076,5301.5
0.233076,5301.75
0.231797,5302.0
0.233076,5302.25
0.230518,5302.5
0.234355,5302.75
0.233076,5303.0
0.231797,5303.25
0.231797,5303.5
0.233076,5303.75
0.22796,5304.0
0.233076,5304.25
0.233076,5304.5
0.233076,5304.75
0.230518,5305.0
0.234355,5305.25
0.231797,5305.5
0.231797,5305.75
0.231797,5306.0
0.233076,5306.25
0.233076,5306.5
0.233076,5306.75
0.233076,5307.0
0.233076,5307.25
0.231797,5307.5
0.233076,5307.75
0.231797,5308.0
0.230518,5308.25
0.231797,5308.5
0.230518,5308.75
0.231797,5309.0
0.231797,5309.25
0.231797,5309.5
0.230518,5309.75
0.231797,5310.0
0.230518,5310.25
0.230518,5310.5
0.230518,5310.75
0.231797,5311.0
0.225401,5311.25
0.233076,5311.5
0.22668,5311.75
0.233076,5312.0
0.233076,5312.25
0.233076,5312.5
0.233076,5312.75
0.231797,5313.0
0.231797,5313.25
0.230518,5313.5
0.231797,5313.75
0.231797,5314.0
0.231797,5314.25
0.231797,5314.5
0.233076,5314.75
0.233076,5315.0
0.233076,5315.25
0.230518,5315.5
0.231797,5315.75
0.231797,5316.0
0.231797,5316.25
0.231797,5316.5
0.231797,5316.75
0.231797,5317.0
0.231797,5317.25
0.230518,5317.5
0.234355,5317.75
0.231797,5318.0
0.233076,5318.25
0.230518,5318.5
0.233076,5318.75
0.231797,5319.0
0.231797,5319.25
0.231797,5319.5
0.233076,5319.75
0.225401,5320.0
0.231797,5320.25
0.233076,5320.5
0.231797,5320.75
0.230518,5321.0
0.230518,5321.25
0.230518,5321.5
0.229239,5321.75
0.230518,5322.0
0.231797,5322.25
0.231797,5322.5
0.229239,5322.75
0.230518,5323.0
0.231797,5323.25
0.231797,5323.5
0.230518,5323.75
0.229239,5324.0
0.230518,5324.25
0.230518,5324.5
0.230518,5324.75
0.22796,5325.0
0.230518,5325.25
0.230518,5325.5
0.231797,5325.75
0.231797,5326.0
0.225401,5326.25
0.230518,5326.5
0.224122,5326.75
0.230518,5327.0
0.229239,5327.25
0.231797,5327.5
0.230518,5327.75
0.230518,5328.0
0.230518,5328.25
0.229239,5328.5
0.231797,5328.75
0.231797,5329.0
0.230518,5329.25
0.229239,5329.5
0.230518,5329.75
0.22796,5330.0
0.229239,5330.25
0.229239,5330.5
0.230518,5330.75
0.229239,5331.0
0.230518,5331.25
0.230518,5331.5
0.231797,5331.75
0.230518,5332.0
0.230518,5332.25
0.230518,5332.5
0.230518,5332.75
0.230518,5333.0
0.230518,5333.25
0.230518,5333.5
0.231797,5333.75
0.229239,5334.0
0.230518,5334.25
0.229239,5334.5
0.230518,5334.75
0.229239,5335.0
0.230518,5335.25
0.225401,5335.5
0.230518,5335.75
0.230518,5336.0
0.22796,5336.25
0.229239,5336.5
0.229239,5336.75
0.229239,5337.0
0.229239,5337.25
0.229239,5337.5
0.229239,5337.75
0.229239,5338.0
0.22796,5338.25
0.229239,5338.5
0.229239,5338.75
0.229239,5339.0
0.229239,5339.25
0.229239,5339.5
0.229239,5339.75
0.229239,5340.0
0.229239,5340.25
0.22796,5340.5
0.22796,5340.75
0.22796,5341.0
0.229239,5341.25
0.229239,5341.5
0.22796,5341.75
0.229239,5342.0
0.229239,5342.25
0.229239,5342.5
0.229239,5342.75
0.22796,5343.0
0.22796,5343.25
0.22796,5343.5
0.22668,5343.75
0.229239,5344.0
0.22796,5344.25
0.22796,5344.5
0.229239,5344.75
0.225401,5345.0
0.22796,5345.25
0.229239,5345.5
0.22796,5345.75
0.22668,5346.0
0.22796,5346.25
0.22668,5346.5
0.229239,5346.75
0.22668,5347.0
0.220284,5347.25
0.22668,5347.5
0.22668,5347.75
0.229239,5348.0
0.22796,5348.25
0.22668,5348.5
0.22796,5348.75
0.22796,5349.0
0.22668,5349.25
0.22796,5349.5
0.22796,5349.75
0.22668,5350.0
0.22668,5350.25
0.22668,5350.5
0.230518,5350.75
0.22796,5351.0
0.22796,5351.25
0.225401,5351.5
0.22796,5351.75
0.225401,5352.0
0.229239,5352.25
0.22796,5352.5
0.22796,5352.75
0.22668,5353.0
0.22796,5353.25
0.22796,5353.5
0.22796,5353.75
0.221564,5354.0
0.22668,5354.25
0.22668,5354.5
0.22796,5354.75
0.22668,5355.0
0.22668,5355.25
0.22668,5355.5
0.225401,5355.75
0.225401,5356.0
0.22668,5356.25
0.22668,5356.5
0.22668,5356.75
0.225401,5357.0
0.22668,5357.25
0.225401,5357.5
0.22668,5357.75
0.22668,5358.0
0.22668,5358.25
0.22668,5358.5
0.225401,5358.75
0.22796,5359.0
0.225401,5359.25
0.22668,5359.5
0.225401,5359.75
0.22668,5360.0
0.225401,5360.25
0.22668,5360.5
0.22668,5360.75
0.225401,5361.0
0.225401,5361.25
0.225401,5361.5
0.22796,5361.75
0.22668,5362.0
0.225401,5362.25
0.224122,5362.5
0.22668,5362.75
0.222843,5363.0
0.225401,5363.25
0.225401,5363.5
0.22796,5363.75
0.225401,5364.0
0.22668,5364.25
0.22668,5364.5
0.22668,5364.75
0.222843,5365.0
0.225401,5365.25
0.224122,5365.5
0.224122,5365.75
0.225401,5366.0
0.225401,5366.25
0.225401,5366.5
0.225401,5366.75
0.225401,5367.0
0.224122,5367.25
0.224122,5367.5
0.222843,5367.75
0.225401,5368.0
0.225401,5368.25
0.224122,5368.5
0.224122,5368.75
0.224122,5369.0
0.225401,5369.25
0.225401,5369.5
0.224122,5369.75
0.22668,5370.0
0.225401,5370.25
0.224122,5370.5
0.224122,5370.75
0.225401,5371.0
0.222843,5371.25
0.225401,5371.5
0.217726,5371.75
0.224122,5372.0
0.224122,5372.25
0.224122,5372.5
0.225401,5372.75
0.225401,5373.0
0.224122,5373.25
0.221564,5373.5
0.222843,5373.75
0.222843,5374.0
0.224122,5374.25
0.224122,5374.5
0.225401,5374.75
0.225401,5375.0
0.224122,5375.25
0.225401,5375.5
0.224122,5375.75
0.222843,5376.0
0.224122,5376.25
0.224122,5376.5
0.224122,5376.75
0.224122,5377.0
0.225401,5377.25
0.225401,5377.5
0.225401,5377.75
0.225401,5378.0
0.22668,5378.25
0.225401,5378.5
0.225401,5378.75
0.224122,5379.0
0.222843,5379.25
0.222843,5379.5
0.224122,5379.75
0.224122,5380.0
0.224122,5380.25
0.225401,5380.5
0.222843,5380.75
0.224122,5381.0
0.222843,5381.25
0.222843,5381.5
0.222843,5381.75
0.222843,5382.0
0.221564,5382.25
0.221564,5382.5
0.221564,5382.75
0.222843,5383.0
0.221564,5383.25
0.222843,5383.5
0.224122,5383.75
0.222843,5384.0
0.222843,5384.25
0.222843,5384.5
0.221564,5384.75
0.217726,5385.0
0.221564,5385.25
0.221564,5385.5
0.221564,5385.75
0.224122,5386.0
0.221564,5386.25
0.222843,5386.5
0.221564,5386.75
0.222843,5387.0
0.221564,5387.25
0.221564,5387.5
0.217726,5387.75
0.221564,5388.0
0.222843,5388.25
0.222843,5388.5
0.222843,5388.75
0.221564,5389.0
0.222843,5389.25
0.220284,5389.5
0.222843,5389.75
0.220284,5390.0
0.222843,5390.25
0.220284,5390.5
0.222843,5390.75
0.221564,5391.0
0.221564,5391.25
0.220284,5391.5
0.221564,5391.75
0.221564,5392.0
0.220284,5392.25
0.222843,5392.5
0.224122,5392.75
0.224122,5393.0
0.224122,5393.25
0.225401,5393.5
0.222843,5393.75
0.221564,5394.0
0.221564,5394.25
0.220284,5394.5
0.220284,5394.75
0.219005,5395.0
0.217726,5395.25
0.217726,5395.5
0.219005,5395.75
0.217726,5396.0
0.219005,5396.25
0.219005,5396.5
0.219005,5396.75
0.216447,5397.0
0.216447,5397.25
0.216447,5397.5
0.217726,5397.75
0.216447,5398.0
0.216447,5398.25
0.219005,5398.5
0.220284,5398.75
0.219005,5399.0
0.221564,5399.25
0.221564,5399.5
0.221564,5399.75
0.220284,5400.0
0.221564,5400.25
0.222843,5400.5
0.224122,5400.75
0.222843,5401.0
0.221564,5401.25
0.217726,5401.5
0.221564,5401.75
0.220284,5402.0
0.220284,5402.25
0.230518,5402.5
0.225401,5402.75
0.229239,5403.0
0.22796,5403.25
0.222843,5403.5
0.220284,5403.75
0.221564,5404.0
0.217726,5404.25
0.219005,5404.5
0.217726,5404.75
0.213889,5405.0
0.210051,5405.25
0.215168,5405.5
0.217726,5405.75
0.215168,5406.0
0.213889,5406.25
0.212609,5406.5
0.215168,5406.75
0.21133,5407.0
0.213889,5407.25
0.212609,5407.5
0.212609,5407.75
0.213889,5408.0
0.213889,5408.25
0.213889,5408.5
0.212609,5408.75
0.212609,5409.0
0.21133,5409.25
0.212609,5409.5
0.212609,5409.75
0.206214,5410.0
0.212609,5410.25
0.21133,5410.5
0.21133,5410.75
0.212609,5411.0
0.212609,5411.25
0.212609,5411.5
0.21133,5411.75
0.21133,5412.0
0.212609,5412.25
0.21133,5412.5
0.21133,5412.75
0.21133,5413.0
0.213889,5413.25
0.213889,5413.5
0.215168,5413.75
0.215168,5414.0
0.212609,5414.25
0.213889,5414.5
0.206214,5414.75
0.213889,5415.0
0.21133,5415.25
0.21133,5415.5
0.21133,5415.75
0.21133,5416.0
0.210051,5416.25
0.21133,5416.5
0.213889,5416.75
0.212609,5417.0
0.212609,5417.25
0.212609,5417.5
0.213889,5417.75
0.21133,5418.0
0.213889,5418.25
0.213889,5418.5
0.213889,5418.75
0.213889,5419.0
0.213889,5419.25
0.208772,5419.5
0.213889,5419.75
0.212609,5420.0
0.212609,5420.25
0.21133,5420.5
0.213889,5420.75
0.212609,5421.0
0.21133,5421.25
0.21133,5421.5
0.212609,5421.75
0.212609,5422.0
0.212609,5422.25
0.212609,5422.5
0.21133,5422.75
0.21133,5423.0
0.210051,5423.25
0.210051,5423.5
0.21133,5423.75
0.210051,5424.0
0.208772,5424.25
0.208772,5424.5
0.210051,5424.75
0.203655,5425.0
0.204934,5425.25
0.204934,5425.5
0.203655,5425.75
0.203655,5426.0
0.203655,5426.25
0.204934,5426.5
0.203655,5426.75
0.203655,5427.0
0.204934,5427.25
0.203655,5427.5
0.207493,5427.75
0.203655,5428.0
0.202376,5428.25
0.202376,5428.5
0.204934,5428.75
0.201097,5429.0
0.202376,5429.25
0.203655,5429.5
0.204934,5429.75
0.203655,5430.0
0.203655,5430.25
0.204934,5430.5
0.204934,5430.75
0.203655,5431.0
0.204934,5431.25
0.203655,5431.5
0.202376,5431.75
0.203655,5432.0
0.202376,5432.25
0.203655,5432.5
0.202376,5432.75
0.203655,5433.0
0.203655,5433.25
0.202376,5433.5
0.201097,5433.75
0.201097,5434.0
0.202376,5434.25
0.201097,5434.5
0.201097,5434.75
0.201097,5435.0
0.201097,5435.25
0.201097,5435.5
0.199818,5435.75
0.198538,5436.0
0.198538,5436.25
0.198538,5436.5
0.198538,5436.75
0.198538,5437.0
0.190863,5437.25
0.202376,5437.5
0.206214,5437.75
0.204934,5438.0
0.206214,5438.25
0.206214,5438.5
0.208772,5438.75
0.207493,5439.0
0.207493,5439.25
0.199818,5439.5
0.207493,5439.75
0.206214,5440.0
0.207493,5440.25
0.207493,5440.5
0.206214,5440.75
0.207493,5441.0
0.206214,5441.25
0.207493,5441.5
0.207493,5441.75
0.207493,5442.0
0.207493,5442.25
0.206214,5442.5
0.204934,5442.75
0.207493,5443.0
0.207493,5443.25
0.207493,5443.5
0.207493,5443.75
0.208772,5444.0
0.207493,5444.25
0.207493,5444.5
0.204934,5444.75
0.201097,5445.0
0.203655,5445.25
0.201097,5445.5
0.201097,5445.75
0.201097,5446.0
0.199818,5446.25
0.199818,5446.5
0.201097,5446.75
0.201097,5447.0
0.203655,5447.25
0.203655,5447.5
0.203655,5447.75
0.203655,5448.0
0.203655,5448.25
0.203655,5448.5
0.202376,5448.75
0.202376,5449.0
0.201097,5449.25
0.201097,5449.5
0.201097,5449.75
0.201097,5450.0
0.198538,5450.25
0.199818,5450.5
0.201097,5450.75
0.19598,5451.0
0.199818,5451.25
0.199818,5451.5
0.199818,5451.75
0.199818,5452.0
0.198538,5452.25
0.199818,5452.5
0.197259,5452.75
0.19598,5453.0
0.19598,5453.25
0.194701,5453.5
0.193422,5453.75
0.193422,5454.0
0.193422,5454.25
0.193422,5454.5
0.193422,5454.75
0.193422,5455.0
0.193422,5455.25
0.197259,5455.5
0.199818,5455.75
0.201097,5456.0
0.202376,5456.25
0.203655,5456.5
0.204934,5456.75
0.203655,5457.0
0.199818,5457.25
0.206214,5457.5
0.207493,5457.75
0.208772,5458.0
0.206214,5458.25
0.207493,5458.5
0.207493,5458.75
0.207493,5459.0
0.206214,5459.25
0.207493,5459.5
0.207493,5459.75
0.207493,5460.0
0.207493,5460.25
0.207493,5460.5
0.208772,5460.75
0.208772,5461.0
0.207493,5461.25
0.206214,5461.5
0.208772,5461.75
0.203655,5462.0
0.208772,5462.25
0.208772,5462.5
0.206214,5462.75
0.207493,5463.0
0.207493,5463.25
0.208772,5463.5
0.206214,5463.75
0.207493,5464.0
0.203655,5464.25
0.203655,5464.5
0.202376,5464.75
0.201097,5465.0
0.202376,5465.25
0.202376,5465.5
0.202376,5465.75
0.203655,5466.0
0.203655,5466.25
0.203655,5466.5
0.204934,5466.75
0.204934,5467.0
0.204934,5467.25
0.207493,5467.5
0.206214,5467.75
0.208772,5468.0
0.208772,5468.25
0.206214,5468.5
0.207493,5468.75
0.207493,5469.0
0.206214,5469.25
0.203655,5469.5
0.203655,5469.75
0.203655,5470.0
0.199818,5470.25
0.199818,5470.5
0.199818,5470.75
0.192143,5471.0
0.197259,5471.25
0.19598,5471.5
0.197259,5471.75
0.194701,5472.0
0.194701,5472.25
0.193422,5472.5
0.19598,5472.75
0.192143,5473.0
0.193422,5473.25
0.192143,5473.5
0.193422,5473.75
0.192143,5474.0
0.192143,5474.25
0.193422,5474.5
0.193422,5474.75
0.192143,5475.0
0.185747,5475.25
0.190863,5475.5
0.190863,5475.75
0.189584,5476.0
0.190863,5476.25
0.190863,5476.5
0.190863,5476.75
0.189584,5477.0
0.193422,5477.25
0.193422,5477.5
0.19598,5477.75
0.19598,5478.0
0.202376,5478.25
0.201097,5478.5
0.203655,5478.75
0.19598,5479.0
0.201097,5479.25
0.202376,5479.5
0.202376,5479.75
0.202376,5480.0
0.202376,5480.25
0.202376,5480.5
0.203655,5480.75
0.202376,5481.0
0.202376,5481.25
0.204934,5481.5
0.206214,5481.75
0.206214,5482.0
0.201097,5482.25
0.206214,5482.5
0.208772,5482.75
0.204934,5483.0
0.206214,5483.25
0.203655,5483.5
0.204934,5483.75
0.204934,5484.0
0.206214,5484.25
0.203655,5484.5
0.204934,5484.75
0.202376,5485.0
0.203655,5485.25
0.201097,5485.5
0.201097,5485.75
0.199818,5486.0
0.198538,5486.25
0.198538,5486.5
0.19598,5486.75
0.197259,5487.0
0.194701,5487.25
0.19598,5487.5
0.19598,5487.75
0.194701,5488.0
0.194701,5488.25
0.19598,5488.5
0.194701,5488.75
0.193422,5489.0
0.193422,5489.25
0.193422,5489.5
0.192143,5489.75
0.192143,5490.0
0.192143,5490.25
0.192143,5490.5
0.193422,5490.75
0.193422,5491.0
0.192143,5491.25
0.192143,5491.5
0.192143,5491.75
0.192143,5492.0
0.190863,5492.25
0.192143,5492.5
0.192143,5492.75
0.192143,5493.0
0.192143,5493.25
0.190863,5493.5
0.193422,5493.75
0.190863,5494.0
0.189584,5494.25
0.190863,5494.5
0.192143,5494.75
0.189584,5495.0
0.192143,5495.25
0.193422,5495.5
0.194701,5495.75
0.194701,5496.0
0.194701,5496.25
0.19598,5496.5
0.19598,5496.75
0.19598,5497.0
0.19598,5497.25
0.19598,5497.5
0.19598,5497.75
0.19598,5498.0
0.197259,5498.25
0.197259,5498.5
0.197259,5498.75
0.197259,5499.0
0.198538,5499.25
0.197259,5499.5
0.197259,5499.75
0.197259,5500.0
0.19598,5500.25
0.19598,5500.5
0.198538,5500.75
0.197259,5501.0
0.197259,5501.25
0.19598,5501.5
0.197259,5501.75
0.19598,5502.0
0.19598,5502.25
0.193422,5502.5
0.194701,5502.75
0.194701,5503.0
0.192143,5503.25
0.185747,5503.5
0.192143,5503.75
0.192143,5504.0
0.192143,5504.25
0.192143,5504.5
0.192143,5504.75
0.188305,5505.0
0.189584,5505.25
0.190863,5505.5
0.192143,5505.75
0.193422,5506.0
0.194701,5506.25
0.19598,5506.5
0.194701,5506.75
0.194701,5507.0
0.193422,5507.25
0.193422,5507.5
0.192143,5507.75
0.192143,5508.0
0.190863,5508.25
0.190863,5508.5
0.190863,5508.75
0.192143,5509.0
0.192143,5509.25
0.190863,5509.5
0.192143,5509.75
0.190863,5510.0
0.192143,5510.25
0.192143,5510.5
0.192143,5510.75
0.184468,5511.0
0.190863,5511.25
0.189584,5511.5
0.189584,5511.75
0.190863,5512.0
0.189584,5512.25
0.190863,5512.5
0.190863,5512.75
0.189584,5513.0
0.188305,5513.25
0.189584,5513.5
0.181909,5513.75
0.188305,5514.0
0.187026,5514.25
0.188305,5514.5
0.188305,5514.75
0.187026,5515.0
0.188305,5515.25
0.187026,5515.5
0.189584,5515.75
0.188305,5516.0
0.188305,5516.25
0.187026,5516.5
0.188305,5516.75
0.187026,5517.0
0.188305,5517.25
0.188305,5517.5
0.187026,5517.75
0.188305,5518.0
0.187026,5518.25
0.187026,5518.5
0.188305,5518.75
0.185747,5519.0
0.185747,5519.25
0.187026,5519.5
0.187026,5519.75
0.185747,5520.0
0.187026,5520.25
0.185747,5520.5
0.187026,5520.75
0.188305,5521.0
0.189584,5521.25
0.187026,5521.5
0.188305,5521.75
0.188305,5522.0
0.188305,5522.25
0.184468,5522.5
0.187026,5522.75
0.185747,5523.0
0.185747,5523.25
0.187026,5523.5
0.185747,5523.75
0.188305,5524.0
0.187026,5524.25
0.188305,5524.5
0.187026,5524.75
0.184468,5525.0
0.184468,5525.25
0.188305,5525.5
0.187026,5525.75
0.187026,5526.0
0.187026,5526.25
0.187026,5526.5
0.189584,5526.75
0.187026,5527.0
0.187026,5527.25
0.188305,5527.5
0.189584,5527.75
0.187026,5528.0
0.188305,5528.25
0.188305,5528.5
0.188305,5528.75
0.188305,5529.0
0.187026,5529.25
0.188305,5529.5
0.188305,5529.75
0.187026,5530.0
0.185747,5530.25
0.187026,5530.5
0.187026,5530.75
0.188305,5531.0
0.185747,5531.25
0.185747,5531.5
0.185747,5531.75
0.185747,5532.0
0.185747,5532.25
0.183188,5532.5
0.185747,5532.75
0.184468,5533.0
0.185747,5533.25
0.183188,5533.5
0.184468,5533.75
0.183188,5534.0
0.181909,5534.25
0.187026,5534.5
0.185747,5534.75
0.187026,5535.0
0.185747,5535.25
0.184468,5535.5
0.184468,5535.75
0.183188,5536.0
0.181909,5536.25
0.183188,5536.5
0.183188,5536.75
0.183188,5537.0
0.184468,5537.25
0.183188,5537.5
0.184468,5537.75
0.183188,5538.0
0.183188,5538.25
0.183188,5538.5
0.184468,5538.75
0.181909,5539.0
0.183188,5539.25
0.181909,5539.5
0.181909,5539.75
0.18063,5540.0
0.181909,5540.25
0.181909,5540.5
0.181909,5540.75
0.181909,5541.0
0.179351,5541.25
0.18063,5541.5
0.176793,5541.75
0.183188,5542.0
0.183188,5542.25
0.181909,5542.5
0.183188,5542.75
0.183188,5543.0
0.183188,5543.25
0.181909,5543.5
0.183188,5543.75
0.181909,5544.0
0.183188,5544.25
0.181909,5544.5
0.183188,5544.75
0.181909,5545.0
0.181909,5545.25
0.183188,5545.5
0.183188,5545.75
0.183188,5546.0
0.181909,5546.25
0.181909,5546.5
0.175513,5546.75
0.181909,5547.0
0.183188,5547.25
0.183188,5547.5
0.183188,5547.75
0.181909,5548.0
0.183188,5548.25
0.181909,5548.5
0.184468,5548.75
0.176793,5549.0
0.181909,5549.25
0.181909,5549.5
0.18063,5549.75
0.178072,5550.0
0.181909,5550.25
0.181909,5550.5
0.181909,5550.75
0.184468,5551.0
0.176793,5551.25
0.183188,5551.5
0.187026,5551.75
0.188305,5552.0
0.188305,5552.25
0.187026,5552.5
0.189584,5552.75
0.185747,5553.0
0.184468,5553.25
0.181909,5553.5
0.183188,5553.75
0.181909,5554.0
0.183188,5554.25
0.181909,5554.5
0.181909,5554.75
0.179351,5555.0
0.179351,5555.25
0.179351,5555.5
0.175513,5555.75
0.179351,5556.0
0.18063,5556.25
0.18063,5556.5
0.18063,5556.75
0.18063,5557.0
0.179351,5557.25
0.179351,5557.5
0.18063,5557.75
0.18063,5558.0
0.183188,5558.25
0.18063,5558.5
0.18063,5558.75
0.18063,5559.0
0.18063,5559.25
0.18063,5559.5
0.181909,5559.75
0.181909,5560.0
0.181909,5560.25
0.18063,5560.5
0.18063,5560.75
0.178072,5561.0
0.179351,5561.25
0.18063,5561.5
0.181909,5561.75
0.181909,5562.0
0.181909,5562.25
0.181909,5562.5
0.18063,5562.75
0.18063,5563.0
0.179351,5563.25
0.18063,5563.5
0.178072,5563.75
0.18063,5564.0
0.172955,5564.25
0.18063,5564.5
0.18063,5564.75
0.178072,5565.0
0.18063,5565.25
0.179351,5565.5
0.18063,5565.75
0.179351,5566.0
0.179351,5566.25
0.178072,5566.5
0.179351,5566.75
0.179351,5567.0
0.179351,5567.25
0.18063,5567.5
0.176793,5567.75
0.18063,5568.0
0.18063,5568.25
0.18063,5568.5
0.179351,5568.75
0.18063,5569.0
0.181909,5569.25
0.183188,5569.5
0.184468,5569.75
0.181909,5570.0
0.183188,5570.25
0.181909,5570.5
0.18063,5570.75
0.178072,5571.0
0.178072,5571.25
0.176793,5571.5
0.178072,5571.75
0.176793,5572.0
0.175513,5572.25
0.176793,5572.5
0.176793,5572.75
0.175513,5573.0
0.176793,5573.25
0.178072,5573.5
0.176793,5573.75
0.176793,5574.0
0.179351,5574.25
0.179351,5574.5
0.178072,5574.75
0.178072,5575.0
0.176793,5575.25
0.178072,5575.5
0.178072,5575.75
0.176793,5576.0
0.178072,5576.25
0.176793,5576.5
0.175513,5576.75
0.175513,5577.0
0.175513,5577.25
0.174234,5577.5
0.176793,5577.75
0.176793,5578.0
0.175513,5578.25
0.176793,5578.5
0.175513,5578.75
0.175513,5579.0
0.176793,5579.25
0.176793,5579.5
0.178072,5579.75
0.176793,5580.0
0.175513,5580.25
0.176793,5580.5
0.175513,5580.75
0.175513,5581.0
0.176793,5581.25
0.175513,5581.5
0.176793,5581.75
0.175513,5582.0
0.175513,5582.25
0.175513,5582.5
0.175513,5582.75
0.174234,5583.0
0.175513,5583.25
0.174234,5583.5
0.174234,5583.75
0.176793,5584.0
0.181909,5584.25
0.183188,5584.5
0.178072,5584.75
0.174234,5585.0
0.178072,5585.25
0.179351,5585.5
0.176793,5585.75
0.170397,5586.0
0.175513,5586.25
0.174234,5586.5
0.174234,5586.75
0.174234,5587.0
0.171676,5587.25
0.172955,5587.5
0.169117,5587.75
0.169117,5588.0
0.167838,5588.25
0.166559,5588.5
0.166559,5588.75
0.166559,5589.0
0.166559,5589.25
0.167838,5589.5
0.171676,5589.75
0.172955,5590.0
0.171676,5590.25
0.170397,5590.5
0.170397,5590.75
0.16528,5591.0
0.166559,5591.25
0.170397,5591.5
0.172955,5591.75
0.175513,5592.0
0.178072,5592.25
0.176793,5592.5
0.176793,5592.75
0.176793,5593.0
0.175513,5593.25
0.174234,5593.5
0.179351,5593.75
0.184468,5594.0
0.190863,5594.25
0.188305,5594.5
0.183188,5594.75
0.179351,5595.0
0.178072,5595.25
0.176793,5595.5
0.175513,5595.75
0.174234,5596.0
0.172955,5596.25
0.172955,5596.5
0.170397,5596.75
0.172955,5597.0
0.171676,5597.25
0.172955,5597.5
0.175513,5597.75
0.174234,5598.0
0.18063,5598.25
0.179351,5598.5
0.175513,5598.75
0.169117,5599.0
0.174234,5599.25
0.16528,5599.5
0.174234,5599.75
0.174234,5600.0
0.172955,5600.25
0.172955,5600.5
0.172955,5600.75
0.174234,5601.0
0.174234,5601.25
0.174234,5601.5
0.172955,5601.75
0.174234,5602.0
0.171676,5602.25
0.171676,5602.5
0.172955,5602.75
0.172955,5603.0
0.172955,5603.25
0.172955,5603.5
0.175513,5603.75
0.175513,5604.0
0.178072,5604.25
0.176793,5604.5
0.179351,5604.75
0.174234,5605.0
0.175513,5605.25
0.175513,5605.5
0.179351,5605.75
0.183188,5606.0
0.185747,5606.25
0.185747,5606.5
0.181909,5606.75
0.181909,5607.0
0.18063,5607.25
0.181909,5607.5
0.18063,5607.75
0.181909,5608.0
0.181909,5608.25
0.183188,5608.5
0.187026,5608.75
0.187026,5609.0
0.185747,5609.25
0.184468,5609.5
0.197259,5609.75
0.19598,5610.0
0.190863,5610.25
0.181909,5610.5
0.181909,5610.75
0.176793,5611.0
0.174234,5611.25
0.171676,5611.5
0.171676,5611.75
0.171676,5612.0
0.170397,5612.25
0.175513,5612.5
0.176793,5612.75
0.175513,5613.0
0.174234,5613.25
0.175513,5613.5
0.175513,5613.75
0.178072,5614.0
0.176793,5614.25
0.176793,5614.5
0.179351,5614.75
0.178072,5615.0
0.178072,5615.25
0.176793,5615.5
0.178072,5615.75
0.175513,5616.0
0.178072,5616.25
0.178072,5616.5
0.18063,5616.75
0.18063,5617.0
0.18063,5617.25
0.179351,5617.5
0.175513,5617.75
0.172955,5618.0
0.174234,5618.25
0.178072,5618.5
0.172955,5618.75
0.174234,5619.0
0.178072,5619.25
0.179351,5619.5
0.176793,5619.75
0.175513,5620.0
0.172955,5620.25
0.174234,5620.5
0.18063,5620.75
0.18063,5621.0
0.178072,5621.25
0.176793,5621.5
0.178072,5621.75
0.178072,5622.0
0.185747,5622.25
0.184468,5622.5
0.18063,5622.75
0.181909,5623.0
0.18063,5623.25
0.181909,5623.5
0.181909,5623.75
0.18063,5624.0
0.171676,5624.25
0.171676,5624.5
0.185747,5624.75
0.169117,5625.0
0.174234,5625.25
0.174234,5625.5
0.176793,5625.75
0.175513,5626.0
0.176793,5626.25
0.171676,5626.5
0.178072,5626.75
0.18063,5627.0
0.183188,5627.25
0.183188,5627.5
0.183188,5627.75
0.183188,5628.0
0.183188,5628.25
0.183188,5628.5
0.184468,5628.75
0.184468,5629.0
0.183188,5629.25
0.183188,5629.5
0.18063,5629.75
0.179351,5630.0
0.18063,5630.25
0.181909,5630.5
0.183188,5630.75
0.183188,5631.0
0.185747,5631.25
0.184468,5631.5
0.183188,5631.75
0.174234,5632.0
0.179351,5632.25
0.18063,5632.5
0.179351,5632.75
0.179351,5633.0
0.181909,5633.25
0.179351,5633.5
0.179351,5633.75
0.18063,5634.0
0.181909,5634.25
0.181909,5634.5
0.174234,5634.75
0.18063,5635.0
0.178072,5635.25
0.179351,5635.5
0.174234,5635.75
0.174234,5636.0
0.175513,5636.25
0.178072,5636.5
0.18063,5636.75
0.175513,5637.0
0.18063,5637.25
0.175513,5637.5
0.175513,5637.75
0.174234,5638.0
0.175513,5638.25
0.175513,5638.5
0.174234,5638.75
0.176793,5639.0
0.178072,5639.25
0.178072,5639.5
0.175513,5639.75
0.175513,5640.0
0.172955,5640.25
0.174234,5640.5
0.172955,5640.75
0.176793,5641.0
0.175513,5641.25
0.175513,5641.5
0.175513,5641.75
0.174234,5642.0
0.175513,5642.25
0.175513,5642.5
0.175513,5642.75
0.169117,5643.0
0.172955,5643.25
0.170397,5643.5
0.171676,5643.75
0.171676,5644.0
0.171676,5644.25
0.170397,5644.5
0.166559,5644.75
0.170397,5645.0
0.175513,5645.25
0.178072,5645.5
0.176793,5645.75
0.178072,5646.0
0.174234,5646.25
0.175513,5646.5
0.175513,5646.75
0.176793,5647.0
0.176793,5647.25
0.176793,5647.5
0.178072,5647.75
0.169117,5648.0
0.172955,5648.25
0.170397,5648.5
0.174234,5648.75
0.172955,5649.0
0.175513,5649.25
0.178072,5649.5
0.176793,5649.75
0.181909,5650.0
0.18063,5650.25
0.181909,5650.5
0.181909,5650.75
0.181909,5651.0
0.181909,5651.25
0.181909,5651.5
0.181909,5651.75
0.181909,5652.0
0.18063,5652.25
0.181909,5652.5
0.183188,5652.75
0.178072,5653.0
0.183188,5653.25
0.181909,5653.5
0.179351,5653.75
0.178072,5654.0
0.179351,5654.25
0.176793,5654.5
0.178072,5654.75
0.179351,5655.0
0.179351,5655.25
0.179351,5655.5
0.171676,5655.75
0.18063,5656.0
0.179351,5656.25
0.178072,5656.5
0.176793,5656.75
0.176793,5657.0
0.174234,5657.25
0.175513,5657.5
0.175513,5657.75
0.174234,5658.0
0.175513,5658.25
0.169117,5658.5
0.189584,5658.75
0.178072,5659.0
0.175513,5659.25
0.181909,5659.5
0.181909,5659.75
0.178072,5660.0
0.178072,5660.25
0.178072,5660.5
0.185747,5660.75
0.189584,5661.0
0.185747,5661.25
0.179351,5661.5
0.176793,5661.75
0.175513,5662.0
0.175513,5662.25
0.174234,5662.5
0.172955,5662.75
0.179351,5663.0
0.178072,5663.25
0.172955,5663.5
0.178072,5663.75
0.178072,5664.0
0.181909,5664.25
0.18063,5664.5
0.181909,5664.75
0.176793,5665.0
0.178072,5665.25
0.178072,5665.5
0.179351,5665.75
0.178072,5666.0
0.178072,5666.25
0.178072,5666.5
0.178072,5666.75
0.179351,5667.0
0.178072,5667.25
0.179351,5667.5
0.178072,5667.75
0.178072,5668.0
0.176793,5668.25
0.178072,5668.5
0.18063,5668.75
0.178072,5669.0
0.178072,5669.25
0.178072,5669.5
0.179351,5669.75
0.179351,5670.0
0.179351,5670.25
0.179351,5670.5
0.179351,5670.75
0.178072,5671.0
0.179351,5671.25
0.18063,5671.5
0.181909,5671.75
0.181909,5672.0
0.179351,5672.25
0.18063,5672.5
0.174234,5672.75
0.179351,5673.0
0.178072,5673.25
0.18063,5673.5
0.178072,5673.75
0.179351,5674.0
0.179351,5674.25
0.179351,5674.5
0.174234,5674.75
0.178072,5675.0
0.179351,5675.25
0.178072,5675.5
0.178072,5675.75
0.170397,5676.0
0.178072,5676.25
0.174234,5676.5
0.175513,5676.75
0.179351,5677.0
0.183188,5677.25
0.184468,5677.5
0.184468,5677.75
0.183188,5678.0
0.184468,5678.25
0.183188,5678.5
0.185747,5678.75
0.185747,5679.0
0.18063,5679.25
0.181909,5679.5
0.183188,5679.75
0.183188,5680.0
0.175513,5680.25
0.18063,5680.5
0.183188,5680.75
0.18063,5681.0
0.18063,5681.25
0.18063,5681.5
0.18063,5681.75
0.18063,5682.0
0.181909,5682.25
0.183188,5682.5
0.183188,5682.75
0.181909,5683.0
0.181909,5683.25
0.181909,5683.5
0.181909,5683.75
0.18063,5684.0
0.18063,5684.25
0.181909,5684.5
0.179351,5684.75
0.179351,5685.0
0.18063,5685.25
0.181909,5685.5
0.18063,5685.75
0.18063,5686.0
0.183188,5686.25
0.181909,5686.5
0.183188,5686.75
0.181909,5687.0
0.181909,5687.25
0.181909,5687.5
0.183188,5687.75
0.183188,5688.0
0.184468,5688.25
0.183188,5688.5
0.184468,5688.75
0.183188,5689.0
0.183188,5689.25
0.181909,5689.5
0.183188,5689.75
0.183188,5690.0
0.18063,5690.25
0.183188,5690.5
0.184468,5690.75
0.181909,5691.0
0.183188,5691.25
0.183188,5691.5
0.183188,5691.75
0.183188,5692.0
0.181909,5692.25
0.184468,5692.5
0.184468,5692.75
0.184468,5693.0
0.183188,5693.25
0.183188,5693.5
0.183188,5693.75
0.183188,5694.0
0.183188,5694.25
0.183188,5694.5
0.183188,5694.75
0.183188,5695.0
0.181909,5695.25
0.183188,5695.5
0.181909,5695.75
0.183188,5696.0
0.181909,5696.25
0.181909,5696.5
0.183188,5696.75
0.181909,5697.0
0.183188,5697.25
0.183188,5697.5
0.184468,5697.75
0.183188,5698.0
0.183188,5698.25
0.181909,5698.5
0.183188,5698.75
0.184468,5699.0
0.181909,5699.25
0.184468,5699.5
0.184468,5699.75
0.183188,5700.0
0.184468,5700.25
0.184468,5700.5
0.181909,5700.75
0.183188,5701.0
0.181909,5701.25
0.184468,5701.5
0.184468,5701.75
0.183188,5702.0
0.183188,5702.25
0.183188,5702.5
0.185747,5702.75
0.181909,5703.0
0.184468,5703.25
0.184468,5703.5
0.185747,5703.75
0.183188,5704.0
0.185747,5704.25
0.184468,5704.5
0.185747,5704.75
0.181909,5705.0
0.184468,5705.25
0.184468,5705.5
0.184468,5705.75
0.184468,5706.0
0.184468,5706.25
0.185747,5706.5
0.183188,5706.75
0.185747,5707.0
0.185747,5707.25
0.185747,5707.5
0.185747,5707.75
0.187026,5708.0
0.185747,5708.25
0.185747,5708.5
0.185747,5708.75
0.184468,5709.0
0.184468,5709.25
0.183188,5709.5
0.185747,5709.75
0.187026,5710.0
0.185747,5710.25
0.185747,5710.5
0.185747,5710.75
0.187026,5711.0
0.187026,5711.25
0.185747,5711.5
0.184468,5711.75
0.185747,5712.0
0.184468,5712.25
0.187026,5712.5
0.185747,5712.75
0.187026,5713.0
0.185747,5713.25
0.185747,5713.5
0.188305,5713.75
0.185747,5714.0
0.187026,5714.25
0.184468,5714.5
0.185747,5714.75
0.184468,5715.0
0.187026,5715.25
0.187026,5715.5
0.188305,5715.75
0.187026,5716.0
0.187026,5716.25
0.188305,5716.5
0.188305,5716.75
0.187026,5717.0
0.184468,5717.25
0.185747,5717.5
0.185747,5717.75
0.187026,5718.0
0.188305,5718.25
0.187026,5718.5
0.185747,5718.75
0.187026,5719.0
0.187026,5719.25
0.187026,5719.5
0.185747,5719.75
0.185747,5720.0
0.185747,5720.25
0.184468,5720.5
0.187026,5720.75
0.185747,5721.0
0.187026,5721.25
0.187026,5721.5
0.188305,5721.75
0.188305,5722.0
0.187026,5722.25
0.187026,5722.5
0.185747,5722.75
0.185747,5723.0
0.185747,5723.25
0.179351,5723.5
0.185747,5723.75
0.184468,5724.0
0.185747,5724.25
0.184468,5724.5
0.184468,5724.75
0.184468,5725.0
0.187026,5725.25
0.187026,5725.5
0.188305,5725.75
0.187026,5726.0
0.187026,5726.25
0.187026,5726.5
0.185747,5726.75
0.185747,5727.0
0.187026,5727.25
0.188305,5727.5
0.185747,5727.75
0.187026,5728.0
0.187026,5728.25
0.187026,5728.5
0.187026,5728.75
0.187026,5729.0
0.187026,5729.25
0.187026,5729.5
0.188305,5729.75
0.187026,5730.0
0.188305,5730.25
0.189584,5730.5
0.189584,5730.75
0.181909,5731.0
0.188305,5731.25
0.185747,5731.5
0.188305,5731.75
0.187026,5732.0
0.185747,5732.25
0.187026,5732.5
0.185747,5732.75
0.187026,5733.0
0.185747,5733.25
0.185747,5733.5
0.184468,5733.75
0.187026,5734.0
0.183188,5734.25
0.185747,5734.5
0.185747,5734.75
0.185747,5735.0
0.185747,5735.25
0.185747,5735.5
0.187026,5735.75
0.185747,5736.0
0.184468,5736.25
0.185747,5736.5
0.187026,5736.75
0.184468,5737.0
0.185747,5737.25
0.184468,5737.5
0.187026,5737.75
0.185747,5738.0
0.187026,5738.25
0.181909,5738.5
0.185747,5738.75
0.185747,5739.0
0.184468,5739.25
0.185747,5739.5
0.184468,5739.75
0.185747,5740.0
0.184468,5740.25
0.185747,5740.5
0.187026,5740.75
0.187026,5741.0
0.187026,5741.25
0.187026,5741.5
0.187026,5741.75
0.185747,5742.0
0.185747,5742.25
0.184468,5742.5
0.185747,5742.75
0.185747,5743.0
0.187026,5743.25
0.185747,5743.5
0.188305,5743.75
0.187026,5744.0
0.188305,5744.25
0.187026,5744.5
0.185747,5744.75
0.183188,5745.0
0.183188,5745.25
0.185747,5745.5
0.184468,5745.75
0.184468,5746.0
0.185747,5746.25
0.185747,5746.5
0.187026,5746.75
0.185747,5747.0
0.185747,5747.25
0.184468,5747.5
0.185747,5747.75
0.183188,5748.0
0.185747,5748.25
0.184468,5748.5
0.185747,5748.75
0.185747,5749.0
0.187026,5749.25
0.187026,5749.5
0.187026,5749.75
0.18063,5750.0
0.185747,5750.25
0.185747,5750.5
0.188305,5750.75
0.185747,5751.0
0.187026,5751.25
0.187026,5751.5
0.185747,5751.75
0.187026,5752.0
0.188305,5752.25
0.188305,5752.5
0.187026,5752.75
0.188305,5753.0
0.187026,5753.25
0.185747,5753.5
0.188305,5753.75
0.187026,5754.0
0.187026,5754.25
0.188305,5754.5
0.187026,5754.75
0.188305,5755.0
0.187026,5755.25
0.185747,5755.5
0.187026,5755.75
0.187026,5756.0
0.184468,5756.25
0.187026,5756.5
0.187026,5756.75
0.187026,5757.0
0.188305,5757.25
0.185747,5757.5
0.187026,5757.75
0.187026,5758.0
0.185747,5758.25
0.185747,5758.5
0.187026,5758.75
0.185747,5759.0
0.187026,5759.25
0.187026,5759.5
0.187026,5759.75
0.188305,5760.0
0.187026,5760.25
0.187026,5760.5
0.185747,5760.75
0.187026,5761.0
0.187026,5761.25
0.187026,5761.5
0.179351,5761.75
0.187026,5762.0
0.187026,5762.25
0.187026,5762.5
0.187026,5762.75
0.185747,5763.0
0.188305,5763.25
0.187026,5763.5
0.188305,5763.75
0.185747,5764.0
0.185747,5764.25
0.185747,5764.5
0.187026,5764.75
0.183188,5765.0
0.185747,5765.25
0.187026,5765.5
0.187026,5765.75
0.188305,5766.0
0.187026,5766.25
0.187026,5766.5
0.187026,5766.75
0.187026,5767.0
0.185747,5767.25
0.185747,5767.5
0.187026,5767.75
0.187026,5768.0
0.187026,5768.25
0.187026,5768.5
0.189584,5768.75
0.187026,5769.0
0.188305,5769.25
0.185747,5769.5
0.188305,5769.75
0.187026,5770.0
0.187026,5770.25
0.188305,5770.5
0.188305,5770.75
0.189584,5771.0
0.189584,5771.25
0.189584,5771.5
0.189584,5771.75
0.188305,5772.0
0.181909,5772.25
0.189584,5772.5
0.187026,5772.75
0.188305,5773.0
0.188305,5773.25
0.189584,5773.5
0.187026,5773.75
0.187026,5774.0
0.188305,5774.25
0.188305,5774.5
0.188305,5774.75
0.188305,5775.0
0.189584,5775.25
0.187026,5775.5
0.189584,5775.75
0.189584,5776.0
0.190863,5776.25
0.189584,5776.5
0.189584,5776.75
0.189584,5777.0
0.189584,5777.25
0.189584,5777.5
0.189584,5777.75
0.189584,5778.0
0.184468,5778.25
0.190863,5778.5
0.189584,5778.75
0.189584,5779.0
0.188305,5779.25
0.188305,5779.5
0.189584,5779.75
0.192143,5780.0
0.192143,5780.25
0.190863,5780.5
0.192143,5780.75
0.190863,5781.0
0.193422,5781.25
0.192143,5781.5
0.193422,5781.75
0.192143,5782.0
0.190863,5782.25
0.192143,5782.5
0.193422,5782.75
0.192143,5783.0
0.192143,5783.25
0.192143,5783.5
0.190863,5783.75
0.192143,5784.0
0.192143,5784.25
0.192143,5784.5
0.192143,5784.75
0.188305,5785.0
0.193422,5785.25
0.192143,5785.5
0.192143,5785.75
0.190863,5786.0
0.192143,5786.25
0.189584,5786.5
0.192143,5786.75
0.192143,5787.0
0.193422,5787.25
0.192143,5787.5
0.192143,5787.75
0.193422,5788.0
0.192143,5788.25
0.192143,5788.5
0.192143,5788.75
0.193422,5789.0
0.190863,5789.25
0.192143,5789.5
0.193422,5789.75
0.192143,5790.0
0.193422,5790.25
0.192143,5790.5
0.194701,5790.75
0.193422,5791.0
0.192143,5791.25
0.193422,5791.5
0.193422,5791.75
0.192143,5792.0
0.193422,5792.25
0.193422,5792.5
0.192143,5792.75
0.193422,5793.0
0.193422,5793.25
0.194701,5793.5
0.194701,5793.75
0.194701,5794.0
0.193422,5794.25
0.193422,5794.5
0.193422,5794.75
0.194701,5795.0
0.193422,5795.25
0.189584,5795.5
0.19598,5795.75
0.194701,5796.0
0.194701,5796.25
0.194701,5796.5
0.193422,5796.75
0.193422,5797.0
0.193422,5797.25
0.193422,5797.5
0.193422,5797.75
0.194701,5798.0
0.193422,5798.25
0.194701,5798.5
0.193422,5798.75
0.19598,5799.0
0.194701,5799.25
0.194701,5799.5
0.19598,5799.75
0.194701,5800.0
0.193422,5800.25
0.194701,5800.5
0.19598,5800.75
0.193422,5801.0
0.194701,5801.25
0.194701,5801.5
0.19598,5801.75
0.194701,5802.0
0.194701,5802.25
0.194701,5802.5
0.19598,5802.75
0.194701,5803.0
0.194701,5803.25
0.19598,5803.5
0.19598,5803.75
0.194701,5804.0
0.19598,5804.25
0.197259,5804.5
0.194701,5804.75
0.192143,5805.0
0.194701,5805.25
0.194701,5805.5
0.194701,5805.75
0.19598,5806.0
0.19598,5806.25
0.19598,5806.5
0.197259,5806.75
0.19598,5807.0
0.197259,5807.25
0.19598,5807.5
0.194701,5807.75
0.19598,5808.0
0.19598,5808.25
0.194701,5808.5
0.189584,5808.75
0.19598,5809.0
0.19598,5809.25
0.19598,5809.5
0.197259,5809.75
0.19598,5810.0
0.19598,5810.25
0.194701,5810.5
0.194701,5810.75
0.19598,5811.0
0.194701,5811.25
0.194701,5811.5
0.193422,5811.75
0.194701,5812.0
0.194701,5812.25
0.194701,5812.5
0.19598,5812.75
0.194701,5813.0
0.194701,5813.25
0.194701,5813.5
0.194701,5813.75
0.193422,5814.0
0.19598,5814.25
0.194701,5814.5
0.194701,5814.75
0.194701,5815.0
0.194701,5815.25
0.19598,5815.5
0.197259,5815.75
0.193422,5816.0
0.193422,5816.25
0.194701,5816.5
0.194701,5816.75
0.194701,5817.0
0.194701,5817.25
0.194701,5817.5
0.194701,5817.75
0.194701,5818.0
0.194701,5818.25
0.194701,5818.5
0.194701,5818.75
0.19598,5819.0
0.194701,5819.25
0.197259,5819.5
0.194701,5819.75
0.19598,5820.0
0.194701,5820.25
0.194701,5820.5
0.197259,5820.75
0.197259,5821.0
0.19598,5821.25
0.194701,5821.5
0.19598,5821.75
0.19598,5822.0
0.193422,5822.25
0.19598,5822.5
0.194701,5822.75
0.194701,5823.0
0.194701,5823.25
0.19598,5823.5
0.197259,5823.75
0.19598,5824.0
0.188305,5824.25
0.19598,5824.5
0.19598,5824.75
0.192143,5825.0
0.19598,5825.25
0.19598,5825.5
0.197259,5825.75
0.194701,5826.0
0.194701,5826.25
0.197259,5826.5
0.197259,5826.75
0.189584,5827.0
0.194701,5827.25
0.194701,5827.5
0.193422,5827.75
0.194701,5828.0
0.19598,5828.25
0.197259,5828.5
0.19598,5828.75
0.194701,5829.0
0.197259,5829.25
0.198538,5829.5
0.199818,5829.75
0.201097,5830.0
0.199818,5830.25
0.198538,5830.5
0.199818,5830.75
0.199818,5831.0
0.199818,5831.25
0.201097,5831.5
0.199818,5831.75
0.199818,5832.0
0.201097,5832.25
0.199818,5832.5
0.198538,5832.75
0.198538,5833.0
0.197259,5833.25
0.190863,5833.5
0.199818,5833.75
0.198538,5834.0
0.197259,5834.25
0.189584,5834.5
0.190863,5834.75
0.189584,5835.0
0.188305,5835.25
0.185747,5835.5
0.187026,5835.75
0.188305,5836.0
0.188305,5836.25
0.188305,5836.5
0.189584,5836.75
0.188305,5837.0
0.188305,5837.25
0.189584,5837.5
0.188305,5837.75
0.187026,5838.0
0.187026,5838.25
0.187026,5838.5
0.187026,5838.75
0.187026,5839.0
0.187026,5839.25
0.187026,5839.5
0.187026,5839.75
0.187026,5840.0
0.187026,5840.25
0.187026,5840.5
0.185747,5840.75
0.185747,5841.0
0.188305,5841.25
0.188305,5841.5
0.188305,5841.75
0.189584,5842.0
0.188305,5842.25
0.189584,5842.5
0.188305,5842.75
0.188305,5843.0
0.188305,5843.25
0.188305,5843.5
0.185747,5843.75
0.187026,5844.0
0.185747,5844.25
0.185747,5844.5
0.188305,5844.75
0.184468,5845.0
0.188305,5845.25
0.187026,5845.5
0.187026,5845.75
0.187026,5846.0
0.187026,5846.25
0.185747,5846.5
0.185747,5846.75
0.184468,5847.0
0.185747,5847.25
0.185747,5847.5
0.185747,5847.75
0.185747,5848.0
0.185747,5848.25
0.185747,5848.5
0.187026,5848.75
0.184468,5849.0
0.184468,5849.25
0.184468,5849.5
0.185747,5849.75
0.185747,5850.0
0.187026,5850.25
0.185747,5850.5
0.187026,5850.75
0.185747,5851.0
0.184468,5851.25
0.185747,5851.5
0.184468,5851.75
0.183188,5852.0
0.184468,5852.25
0.183188,5852.5
0.184468,5852.75
0.184468,5853.0
0.183188,5853.25
0.184468,5853.5
0.184468,5853.75
0.184468,5854.0
0.183188,5854.25
0.184468,5854.5
0.184468,5854.75
0.183188,5855.0
0.183188,5855.25
0.184468,5855.5
0.185747,5855.75
0.183188,5856.0
0.183188,5856.25
0.184468,5856.5
0.187026,5856.75
0.183188,5857.0
0.183188,5857.25
0.183188,5857.5
0.183188,5857.75
0.181909,5858.0
0.183188,5858.25
0.184468,5858.5
0.183188,5858.75
0.183188,5859.0
0.183188,5859.25
0.184468,5859.5
0.183188,5859.75
0.183188,5860.0
0.181909,5860.25
0.181909,5860.5
0.181909,5860.75
0.183188,5861.0
0.183188,5861.25
0.176793,5861.5
0.183188,5861.75
0.183188,5862.0
0.183188,5862.25
0.181909,5862.5
0.181909,5862.75
0.185747,5863.0
0.188305,5863.25
0.187026,5863.5
0.188305,5863.75
0.189584,5864.0
0.188305,5864.25
0.185747,5864.5
0.181909,5864.75
0.175513,5865.0
0.178072,5865.25
0.178072,5865.5
0.18063,5865.75
0.175513,5866.0
0.18063,5866.25
0.181909,5866.5
0.181909,5866.75
0.179351,5867.0
0.179351,5867.25
0.18063,5867.5
0.181909,5867.75
0.18063,5868.0
0.179351,5868.25
0.181909,5868.5
0.18063,5868.75
0.179351,5869.0
0.18063,5869.25
0.179351,5869.5
0.181909,5869.75
0.18063,5870.0
0.18063,5870.25
0.18063,5870.5
0.181909,5870.75
0.18063,5871.0
0.18063,5871.25
0.18063,5871.5
0.18063,5871.75
0.18063,5872.0
0.18063,5872.25
0.18063,5872.5
0.18063,5872.75
0.18063,5873.0
0.181909,5873.25
0.18063,5873.5
0.179351,5873.75
0.18063,5874.0
0.18063,5874.25
0.18063,5874.5
0.181909,5874.75
0.18063,5875.0
0.18063,5875.25
0.181909,5875.5
0.18063,5875.75
0.18063,5876.0
0.18063,5876.25
0.18063,5876.5
0.18063,5876.75
0.18063,5877.0
0.18063,5877.25
0.181909,5877.5
0.181909,5877.75
0.181909,5878.0
0.179351,5878.25
0.174234,5878.5
0.181909,5878.75
0.18063,5879.0
0.18063,5879.25
0.18063,5879.5
0.18063,5879.75
0.179351,5880.0
0.179351,5880.25
0.18063,5880.5
0.18063,5880.75
0.179351,5881.0
0.181909,5881.25
0.181909,5881.5
0.18063,5881.75
0.181909,5882.0
0.18063,5882.25
0.183188,5882.5
0.179351,5882.75
0.18063,5883.0
0.181909,5883.25
0.181909,5883.5
0.181909,5883.75
0.18063,5884.0
0.183188,5884.25
0.181909,5884.5
0.183188,5884.75
0.178072,5885.0
0.18063,5885.25
0.18063,5885.5
0.181909,5885.75
0.181909,5886.0
0.181909,5886.25
0.181909,5886.5
0.18063,5886.75
0.18063,5887.0
0.18063,5887.25
0.181909,5887.5
0.181909,5887.75
0.181909,5888.0
0.179351,5888.25
0.183188,5888.5
0.176793,5888.75
0.181909,5889.0
0.183188,5889.25
0.181909,5889.5
0.183188,5889.75
0.181909,5890.0
0.181909,5890.25
0.18063,5890.5
0.183188,5890.75
0.179351,5891.0
0.183188,5891.25
0.183188,5891.5
0.183188,5891.75
0.183188,5892.0
0.183188,5892.25
0.184468,5892.5
0.183188,5892.75
0.183188,5893.0
0.18063,5893.25
0.181909,5893.5
0.179351,5893.75
0.18063,5894.0
0.18063,5894.25
0.181909,5894.5
0.178072,5894.75
0.184468,5895.0
0.184468,5895.25
0.183188,5895.5
0.183188,5895.75
0.181909,5896.0
0.183188,5896.25
0.18063,5896.5
0.185747,5896.75
0.183188,5897.0
0.183188,5897.25
0.178072,5897.5
0.184468,5897.75
0.184468,5898.0
0.183188,5898.25
0.184468,5898.5
0.18063,5898.75
0.183188,5899.0
0.181909,5899.25
0.183188,5899.5
0.181909,5899.75
0.183188,5900.0
0.176793,5900.25
0.183188,5900.5
0.183188,5900.75
0.183188,5901.0
0.183188,5901.25
0.181909,5901.5
0.184468,5901.75
0.181909,5902.0
0.184468,5902.25
0.181909,5902.5
0.184468,5902.75
0.183188,5903.0
0.183188,5903.25
0.183188,5903.5
0.181909,5903.75
0.183188,5904.0
0.181909,5904.25
0.183188,5904.5
0.18063,5904.75
0.18063,5905.0
0.181909,5905.25
0.183188,5905.5
0.178072,5905.75
0.184468,5906.0
0.184468,5906.25
0.183188,5906.5
0.183188,5906.75
0.181909,5907.0
0.183188,5907.25
0.181909,5907.5
0.184468,5907.75
0.185747,5908.0
0.183188,5908.25
0.181909,5908.5
0.181909,5908.75
0.183188,5909.0
0.181909,5909.25
0.181909,5909.5
0.181909,5909.75
0.181909,5910.0
0.18063,5910.25
0.181909,5910.5
0.181909,5910.75
0.183188,5911.0
0.183188,5911.25
0.184468,5911.5
0.184468,5911.75
0.183188,5912.0
0.184468,5912.25
0.181909,5912.5
0.181909,5912.75
0.18063,5913.0
0.183188,5913.25
0.175513,5913.5
0.183188,5913.75
0.18063,5914.0
0.181909,5914.25
0.183188,5914.5
0.183188,5914.75
0.183188,5915.0
0.181909,5915.25
0.183188,5915.5
0.181909,5915.75
0.183188,5916.0
0.181909,5916.25
0.183188,5916.5
0.184468,5916.75
0.183188,5917.0
0.183188,5917.25
0.184468,5917.5
0.184468,5917.75
0.183188,5918.0
0.183188,5918.25
0.18063,5918.5
0.183188,5918.75
0.183188,5919.0
0.184468,5919.25
0.184468,5919.5
0.181909,5919.75
0.184468,5920.0
0.183188,5920.25
0.184468,5920.5
0.183188,5920.75
0.183188,5921.0
0.18063,5921.25
0.183188,5921.5
0.183188,5921.75
0.183188,5922.0
0.183188,5922.25
0.183188,5922.5
0.184468,5922.75
0.183188,5923.0
0.183188,5923.25
0.18063,5923.5
0.183188,5923.75
0.18063,5924.0
0.183188,5924.25
0.183188,5924.5
0.183188,5924.75
0.18063,5925.0
0.181909,5925.25
0.184468,5925.5
0.183188,5925.75
0.184468,5926.0
0.181909,5926.25
0.184468,5926.5
0.181909,5926.75
0.183188,5927.0
0.181909,5927.25
0.184468,5927.5
0.176793,5927.75
0.184468,5928.0
0.184468,5928.25
0.184468,5928.5
0.181909,5928.75
0.183188,5929.0
0.183188,5929.25
0.18063,5929.5
0.183188,5929.75
0.181909,5930.0
0.181909,5930.25
0.183188,5930.5
0.184468,5930.75
0.184468,5931.0
0.183188,5931.25
0.184468,5931.5
0.181909,5931.75
0.183188,5932.0
0.18063,5932.25
0.183188,5932.5
0.183188,5932.75
0.183188,5933.0
0.181909,5933.25
0.184468,5933.5
0.184468,5933.75
0.181909,5934.0
0.183188,5934.25
0.183188,5934.5
0.183188,5934.75
0.181909,5935.0
0.184468,5935.25
0.183188,5935.5
0.184468,5935.75
0.183188,5936.0
0.183188,5936.25
0.185747,5936.5
0.183188,5936.75
0.184468,5937.0
0.183188,5937.25
0.184468,5937.5
0.184468,5937.75
0.187026,5938.0
0.184468,5938.25
0.184468,5938.5
0.184468,5938.75
0.184468,5939.0
0.184468,5939.25
0.185747,5939.5
0.178072,5939.75
0.185747,5940.0
0.187026,5940.25
0.185747,5940.5
0.188305,5940.75
0.187026,5941.0
0.185747,5941.25
0.187026,5941.5
0.185747,5941.75
0.184468,5942.0
0.18063,5942.25
0.18063,5942.5
0.181909,5942.75
0.181909,5943.0
0.181909,5943.25
0.181909,5943.5
0.183188,5943.75
0.184468,5944.0
0.184468,5944.25
0.183188,5944.5
0.187026,5944.75
0.18063,5945.0
0.181909,5945.25
0.183188,5945.5
0.181909,5945.75
0.181909,5946.0
0.183188,5946.25
0.183188,5946.5
0.183188,5946.75
0.183188,5947.0
0.183188,5947.25
0.184468,5947.5
0.183188,5947.75
0.184468,5948.0
0.181909,5948.25
0.184468,5948.5
0.181909,5948.75
0.183188,5949.0
0.184468,5949.25
0.184468,5949.5
0.183188,5949.75
0.183188,5950.0
0.185747,5950.25
0.184468,5950.5
0.184468,5950.75
0.184468,5951.0
0.187026,5951.25
0.185747,5951.5
0.187026,5951.75
0.187026,5952.0
0.188305,5952.25
0.188305,5952.5
0.189584,5952.75
0.189584,5953.0
0.188305,5953.25
0.181909,5953.5
0.188305,5953.75
0.187026,5954.0
0.185747,5954.25
0.187026,5954.5
0.187026,5954.75
0.187026,5955.0
0.188305,5955.25
0.188305,5955.5
0.189584,5955.75
0.188305,5956.0
0.187026,5956.25
0.187026,5956.5
0.188305,5956.75
0.187026,5957.0
0.187026,5957.25
0.188305,5957.5
0.188305,5957.75
0.188305,5958.0
0.188305,5958.25
0.188305,5958.5
0.188305,5958.75
0.188305,5959.0
0.188305,5959.25
0.188305,5959.5
0.188305,5959.75
0.188305,5960.0
0.188305,5960.25
0.188305,5960.5
0.188305,5960.75
0.187026,5961.0
0.188305,5961.25
0.188305,5961.5
0.189584,5961.75
0.188305,5962.0
0.189584,5962.25
0.187026,5962.5
0.189584,5962.75
0.189584,5963.0
0.189584,5963.25
0.188305,5963.5
0.187026,5963.75
0.189584,5964.0
0.188305,5964.25
0.188305,5964.5
0.187026,5964.75
0.185747,5965.0
0.187026,5965.25
0.188305,5965.5
0.188305,5965.75
0.187026,5966.0
0.187026,5966.25
0.188305,5966.5
0.190863,5966.75
0.189584,5967.0
0.188305,5967.25
0.190863,5967.5
0.189584,5967.75
0.192143,5968.0
0.189584,5968.25
0.188305,5968.5
0.188305,5968.75
0.189584,5969.0
0.188305,5969.25
0.189584,5969.5
0.189584,5969.75
0.189584,5970.0
0.190863,5970.25
0.189584,5970.5
0.189584,5970.75
0.189584,5971.0
0.190863,5971.25
0.189584,5971.5
0.192143,5971.75
0.189584,5972.0
0.189584,5972.25
0.190863,5972.5
0.189584,5972.75
0.188305,5973.0
0.190863,5973.25
0.189584,5973.5
0.189584,5973.75
0.190863,5974.0
0.189584,5974.25
0.189584,5974.5
0.190863,5974.75
0.190863,5975.0
0.189584,5975.25
0.192143,5975.5
0.189584,5975.75
0.190863,5976.0
0.189584,5976.25
0.190863,5976.5
0.192143,5976.75
0.190863,5977.0
0.184468,5977.25
0.192143,5977.5
0.193422,5977.75
0.189584,5978.0
0.189584,5978.25
0.190863,5978.5
0.189584,5978.75
0.189584,5979.0
0.190863,5979.25
0.190863,5979.5
0.190863,5979.75
0.190863,5980.0
0.190863,5980.25
0.190863,5980.5
0.192143,5980.75
0.190863,5981.0
0.190863,5981.25
0.190863,5981.5
0.190863,5981.75
0.190863,5982.0
0.192143,5982.25
0.190863,5982.5
0.192143,5982.75
0.184468,5983.0
0.190863,5983.25
0.189584,5983.5
0.190863,5983.75
0.189584,5984.0
0.190863,5984.25
0.190863,5984.5
0.190863,5984.75
0.188305,5985.0
0.190863,5985.25
0.190863,5985.5
0.192143,5985.75
0.193422,5986.0
0.190863,5986.25
0.192143,5986.5
0.190863,5986.75
0.193422,5987.0
0.190863,5987.25
0.193422,5987.5
0.192143,5987.75
0.192143,5988.0
0.192143,5988.25
0.192143,5988.5
0.193422,5988.75
0.192143,5989.0
0.192143,5989.25
0.190863,5989.5
0.194701,5989.75
0.190863,5990.0
0.192143,5990.25
0.192143,5990.5
0.193422,5990.75
0.187026,5991.0
0.193422,5991.25
0.193422,5991.5
0.193422,5991.75
0.192143,5992.0
0.192143,5992.25
0.192143,5992.5
0.190863,5992.75
0.193422,5993.0
0.192143,5993.25
0.193422,5993.5
0.192143,5993.75
0.192143,5994.0
0.189584,5994.25
0.193422,5994.5
0.193422,5994.75
0.192143,5995.0
0.190863,5995.25
0.190863,5995.5
0.192143,5995.75
0.193422,5996.0
0.194701,5996.25
0.192143,5996.5
0.193422,5996.75
0.193422,5997.0
0.194701,5997.25
0.192143,5997.5
0.193422,5997.75
0.193422,5998.0
0.192143,5998.25
0.187026,5998.5
0.193422,5998.75
0.193422,5999.0
0.193422,5999.25
0.193422,5999.5
0.194701,5999.75
0.193422,6000.0
0.192143,6000.25
0.192143,6000.5
0.193422,6000.75
0.193422,6001.0
0.193422,6001.25
0.193422,6001.5
0.193422,6001.75
0.193422,6002.0
0.192143,6002.25
0.194701,6002.5
0.193422,6002.75
0.193422,6003.0
0.193422,6003.25
0.194701,6003.5
0.193422,6003.75
0.193422,6004.0
0.193422,6004.25
0.193422,6004.5
0.193422,6004.75
0.190863,6005.0
0.194701,6005.25
0.193422,6005.5
0.19598,6005.75
0.193422,6006.0
0.194701,6006.25
0.192143,6006.5
0.19598,6006.75
0.188305,6007.0
0.194701,6007.25
0.193422,6007.5
0.194701,6007.75
0.19598,6008.0
0.194701,6008.25
0.193422,6008.5
0.193422,6008.75
0.193422,6009.0
0.192143,6009.25
0.192143,6009.5
0.193422,6009.75
0.194701,6010.0
0.194701,6010.25
0.194701,6010.5
0.19598,6010.75
0.194701,6011.0
0.194701,6011.25
0.192143,6011.5
0.193422,6011.75
0.192143,6012.0
0.192143,6012.25
0.192143,6012.5
0.193422,6012.75
0.192143,6013.0
0.193422,6013.25
0.194701,6013.5
0.194701,6013.75
0.192143,6014.0
0.192143,6014.25
0.193422,6014.5
0.19598,6014.75
0.194701,6015.0
0.193422,6015.25
0.194701,6015.5
0.193422,6015.75
0.193422,6016.0
0.194701,6016.25
0.194701,6016.5
0.193422,6016.75
0.194701,6017.0
0.193422,6017.25
0.193422,6017.5
0.194701,6017.75
0.193422,6018.0
0.194701,6018.25
0.194701,6018.5
0.194701,6018.75
0.19598,6019.0
0.194701,6019.25
0.194701,6019.5
0.193422,6019.75
0.194701,6020.0
0.193422,6020.25
0.188305,6020.5
0.194701,6020.75
0.194701,6021.0
0.194701,6021.25
0.194701,6021.5
0.194701,6021.75
0.19598,6022.0
0.194701,6022.25
0.194701,6022.5
0.19598,6022.75
0.193422,6023.0
0.194701,6023.25
0.19598,6023.5
0.194701,6023.75
0.194701,6024.0
0.194701,6024.25
0.19598,6024.5
0.194701,6024.75
0.190863,6025.0
0.194701,6025.25
0.194701,6025.5
0.193422,6025.75
0.194701,6026.0
0.194701,6026.25
0.19598,6026.5
0.194701,6026.75
0.19598,6027.0
0.197259,6027.25
0.19598,6027.5
0.19598,6027.75
0.19598,6028.0
0.194701,6028.25
0.194701,6028.5
0.194701,6028.75
0.197259,6029.0
0.19598,6029.25
0.19598,6029.5
0.19598,6029.75
0.19598,6030.0
0.19598,6030.25
0.19598,6030.5
0.19598,6030.75
0.19598,6031.0
0.194701,6031.25
0.19598,6031.5
0.197259,6031.75
0.19598,6032.0
0.197259,6032.25
0.197259,6032.5
0.197259,6032.75
0.197259,6033.0
0.197259,6033.25
0.19598,6033.5
0.19598,6033.75
0.194701,6034.0
0.194701,6034.25
0.197259,6034.5
0.197259,6034.75
0.197259,6035.0
0.19598,6035.25
0.197259,6035.5
0.197259,6035.75
0.197259,6036.0
0.197259,6036.25
0.197259,6036.5
0.192143,6036.75
0.197259,6037.0
0.197259,6037.25
0.19598,6037.5
0.197259,6037.75
0.19598,6038.0
0.197259,6038.25
0.198538,6038.5
0.197259,6038.75
0.19598,6039.0
0.197259,6039.25
0.19598,6039.5
0.198538,6039.75
0.19598,6040.0
0.197259,6040.25
0.197259,6040.5
0.197259,6040.75
0.197259,6041.0
0.197259,6041.25
0.19598,6041.5
0.19598,6041.75
0.19598,6042.0
0.19598,6042.25
0.197259,6042.5
0.19598,6042.75
0.197259,6043.0
0.197259,6043.25
0.198538,6043.5
0.199818,6043.75
0.197259,6044.0
0.198538,6044.25
0.19598,6044.5
0.198538,6044.75
0.192143,6045.0
0.197259,6045.25
0.19598,6045.5
0.198538,6045.75
0.197259,6046.0
0.198538,6046.25
0.197259,6046.5
0.198538,6046.75
0.197259,6047.0
0.197259,6047.25
0.197259,6047.5
0.197259,6047.75
0.198538,6048.0
0.198538,6048.25
0.198538,6048.5
0.198538,6048.75
0.198538,6049.0
0.199818,6049.25
0.198538,6049.5
0.198538,6049.75
0.197259,6050.0
0.198538,6050.25
0.19598,6050.5
0.199818,6050.75
0.193422,6051.0
0.198538,6051.25
0.198538,6051.5
0.198538,6051.75
0.199818,6052.0
0.197259,6052.25
0.197259,6052.5
0.19598,6052.75
0.19598,6053.0
0.194701,6053.25
0.198538,6053.5
0.197259,6053.75
0.198538,6054.0
0.192143,6054.25
0.198538,6054.5
0.198538,6054.75
0.198538,6055.0
0.198538,6055.25
0.197259,6055.5
0.198538,6055.75
0.197259,6056.0
0.199818,6056.25
0.197259,6056.5
0.201097,6056.75
0.198538,6057.0
0.198538,6057.25
0.198538,6057.5
0.19598,6057.75
0.197259,6058.0
0.197259,6058.25
0.19598,6058.5
0.19598,6058.75
0.192143,6059.0
0.190863,6059.25
0.194701,6059.5
0.189584,6059.75
0.194701,6060.0
0.19598,6060.25
0.192143,6060.5
0.192143,6060.75
0.192143,6061.0
0.190863,6061.25
0.188305,6061.5
0.193422,6061.75
0.193422,6062.0
0.194701,6062.25
0.192143,6062.5
0.188305,6062.75
0.193422,6063.0
0.19598,6063.25
0.19598,6063.5
0.19598,6063.75
0.204934,6064.0
0.221564,6064.25
0.234355,6064.5
0.248426,6064.75
0.261218,6065.0
0.267614,6065.25
0.263776,6065.5
0.254822,6065.75
0.22668,6066.0
0.212609,6066.25
0.206214,6066.5
0.204934,6066.75
0.199818,6067.0
0.199818,6067.25
0.198538,6067.5
0.197259,6067.75
0.197259,6068.0
0.197259,6068.25
0.197259,6068.5
0.193422,6068.75
0.188305,6069.0
0.184468,6069.25
0.18063,6069.5
0.181909,6069.75
0.181909,6070.0
0.179351,6070.25
0.179351,6070.5
0.18063,6070.75
0.18063,6071.0
0.183188,6071.25
0.184468,6071.5
0.184468,6071.75
0.197259,6072.0
0.197259,6072.25
0.188305,6072.5
0.197259,6072.75
0.198538,6073.0
0.207493,6073.25
0.206214,6073.5
0.202376,6073.75
0.197259,6074.0
0.190863,6074.25
0.187026,6074.5
0.185747,6074.75
0.185747,6075.0
0.187026,6075.25
0.187026,6075.5
0.184468,6075.75
0.184468,6076.0
0.183188,6076.25
0.184468,6076.5
0.185747,6076.75
0.184468,6077.0
0.183188,6077.25
0.183188,6077.5
0.183188,6077.75
0.18063,6078.0
0.184468,6078.25
0.184468,6078.5
0.185747,6078.75
0.188305,6079.0
0.193422,6079.25
0.188305,6079.5
0.183188,6079.75
0.179351,6080.0
0.176793,6080.25
0.179351,6080.5
0.178072,6080.75
0.179351,6081.0
0.178072,6081.25
0.178072,6081.5
0.176793,6081.75
0.176793,6082.0
0.178072,6082.25
0.176793,6082.5
0.176793,6082.75
0.178072,6083.0
0.178072,6083.25
0.174234,6083.5
0.176793,6083.75
0.176793,6084.0
0.176793,6084.25
0.175513,6084.5
0.178072,6084.75
0.174234,6085.0
0.176793,6085.25
0.174234,6085.5
0.174234,6085.75
0.174234,6086.0
0.166559,6086.25
0.175513,6086.5
0.174234,6086.75
0.175513,6087.0
0.174234,6087.25
0.174234,6087.5
0.175513,6087.75
0.174234,6088.0
0.172955,6088.25
0.172955,6088.5
0.174234,6088.75
0.172955,6089.0
0.174234,6089.25
0.174234,6089.5
0.172955,6089.75
0.171676,6090.0
0.174234,6090.25
0.174234,6090.5
0.174234,6090.75
0.172955,6091.0
0.172955,6091.25
0.16528,6091.5
0.169117,6091.75
0.172955,6092.0
0.172955,6092.25
0.171676,6092.5
0.170397,6092.75
0.170397,6093.0
0.170397,6093.25
0.172955,6093.5
0.174234,6093.75
0.172955,6094.0
0.172955,6094.25
0.171676,6094.5
0.172955,6094.75
0.174234,6095.0
0.172955,6095.25
0.175513,6095.5
0.175513,6095.75
0.175513,6096.0
0.176793,6096.25
0.175513,6096.5
0.174234,6096.75
0.174234,6097.0
0.171676,6097.25
0.172955,6097.5
0.172955,6097.75
0.171676,6098.0
0.174234,6098.25
0.172955,6098.5
0.174234,6098.75
0.167838,6099.0
0.175513,6099.25
0.172955,6099.5
0.172955,6099.75
0.166559,6100.0
0.172955,6100.25
0.172955,6100.5
0.172955,6100.75
0.171676,6101.0
0.170397,6101.25
0.174234,6101.5
0.172955,6101.75
0.172955,6102.0
0.171676,6102.25
0.172955,6102.5
0.172955,6102.75
0.172955,6103.0
0.172955,6103.25
0.172955,6103.5
0.172955,6103.75
0.172955,6104.0
0.172955,6104.25
0.172955,6104.5
0.171676,6104.75
0.169117,6105.0
0.172955,6105.25
0.170397,6105.5
0.172955,6105.75
0.171676,6106.0
0.171676,6106.25
0.16528,6106.5
0.172955,6106.75
0.172955,6107.0
0.171676,6107.25
0.170397,6107.5
0.171676,6107.75
0.171676,6108.0
0.171676,6108.25
0.171676,6108.5
0.170397,6108.75
0.170397,6109.0
0.170397,6109.25
0.170397,6109.5
0.171676,6109.75
0.169117,6110.0
0.169117,6110.25
0.166559,6110.5
0.167838,6110.75
0.16528,6111.0
0.166559,6111.25
0.166559,6111.5
0.167838,6111.75
0.166559,6112.0
0.16528,6112.25
0.170397,6112.5
0.175513,6112.75
0.176793,6113.0
0.174234,6113.25
0.171676,6113.5
0.170397,6113.75
0.170397,6114.0
0.170397,6114.25
0.170397,6114.5
0.170397,6114.75
0.170397,6115.0
0.169117,6115.25
0.169117,6115.5
0.167838,6115.75
0.169117,6116.0
0.169117,6116.25
0.167838,6116.5
0.164001,6116.75
0.162722,6117.0
0.162722,6117.25
0.162722,6117.5
0.16528,6117.75
0.166559,6118.0
0.166559,6118.25
0.170397,6118.5
0.171676,6118.75
0.170397,6119.0
0.167838,6119.25
0.167838,6119.5
0.169117,6119.75
0.167838,6120.0
0.169117,6120.25
0.164001,6120.5
0.172955,6120.75
0.172955,6121.0
0.172955,6121.25
0.172955,6121.5
0.174234,6121.75
0.174234,6122.0
0.171676,6122.25
0.170397,6122.5
0.167838,6122.75
0.169117,6123.0
0.166559,6123.25
0.167838,6123.5
0.160163,6123.75
0.166559,6124.0
0.166559,6124.25
0.16528,6124.5
0.164001,6124.75
0.162722,6125.0
0.164001,6125.25
0.166559,6125.5
0.166559,6125.75
0.164001,6126.0
0.166559,6126.25
0.16528,6126.5
0.166559,6126.75
0.164001,6127.0
0.16528,6127.25
0.162722,6127.5
0.166559,6127.75
0.16528,6128.0
0.166559,6128.25
0.169117,6128.5
0.169117,6128.75
0.169117,6129.0
0.169117,6129.25
0.169117,6129.5
0.170397,6129.75
0.170397,6130.0
0.167838,6130.25
0.169117,6130.5
0.169117,6130.75
0.170397,6131.0
0.164001,6131.25
0.169117,6131.5
0.170397,6131.75
0.171676,6132.0
0.170397,6132.25
0.171676,6132.5
0.172955,6132.75
0.169117,6133.0
0.170397,6133.25
0.169117,6133.5
0.171676,6133.75
0.169117,6134.0
0.170397,6134.25
0.171676,6134.5
0.171676,6134.75
0.170397,6135.0
0.170397,6135.25
0.170397,6135.5
0.170397,6135.75
0.169117,6136.0
0.167838,6136.25
0.166559,6136.5
0.16528,6136.75
0.16528,6137.0
0.164001,6137.25
0.16528,6137.5
0.166559,6137.75
0.175513,6138.0
0.174234,6138.25
0.166559,6138.5
0.166559,6138.75
0.166559,6139.0
0.166559,6139.25
0.16528,6139.5
0.167838,6139.75
0.172955,6140.0
0.171676,6140.25
0.171676,6140.5
0.171676,6140.75
0.169117,6141.0
0.170397,6141.25
0.172955,6141.5
0.167838,6141.75
0.162722,6142.0
0.162722,6142.25
0.164001,6142.5
0.171676,6142.75
0.167838,6143.0
0.164001,6143.25
0.16528,6143.5
0.167838,6143.75
0.166559,6144.0
0.166559,6144.25
0.166559,6144.5
0.166559,6144.75
0.16528,6145.0
0.166559,6145.25
0.169117,6145.5
0.167838,6145.75
0.16528,6146.0
0.16528,6146.25
0.166559,6146.5
0.16528,6146.75
0.16528,6147.0
0.16528,6147.25
0.164001,6147.5
0.16528,6147.75
0.16528,6148.0
0.16528,6148.25
0.16528,6148.5
0.166559,6148.75
0.164001,6149.0
0.16528,6149.25
0.157605,6149.5
0.16528,6149.75
0.164001,6150.0
0.16528,6150.25
0.164001,6150.5
0.16528,6150.75
0.166559,6151.0
0.16528,6151.25
0.164001,6151.5
0.164001,6151.75
0.164001,6152.0
0.164001,6152.25
0.162722,6152.5
0.161442,6152.75
0.161442,6153.0
0.161442,6153.25
0.161442,6153.5
0.161442,6153.75
0.161442,6154.0
0.162722,6154.25
0.157605,6154.5
0.158884,6154.75
0.155047,6155.0
0.156326,6155.25
0.156326,6155.5
0.156326,6155.75
0.156326,6156.0
0.157605,6156.25
0.155047,6156.5
0.153767,6156.75
0.156326,6157.0
0.155047,6157.25
0.155047,6157.5
0.153767,6157.75
0.153767,6158.0
0.153767,6158.25
0.156326,6158.5
0.155047,6158.75
0.155047,6159.0
0.156326,6159.25
0.156326,6159.5
0.155047,6159.75
0.153767,6160.0
0.151209,6160.25
0.156326,6160.5
0.158884,6160.75
0.160163,6161.0
0.160163,6161.25
0.161442,6161.5
0.160163,6161.75
0.160163,6162.0
0.158884,6162.25
0.158884,6162.5
0.160163,6162.75
0.155047,6163.0
0.164001,6163.25
0.16528,6163.5
0.161442,6163.75
0.160163,6164.0
0.158884,6164.25
0.160163,6164.5
0.160163,6164.75
0.156326,6165.0
0.158884,6165.25
0.162722,6165.5
0.161442,6165.75
0.160163,6166.0
0.161442,6166.25
0.161442,6166.5
0.162722,6166.75
0.161442,6167.0
0.161442,6167.25
0.164001,6167.5
0.162722,6167.75
0.161442,6168.0
0.161442,6168.25
0.153767,6168.5
0.160163,6168.75
0.161442,6169.0
0.161442,6169.25
0.161442,6169.5
0.161442,6169.75
0.162722,6170.0
0.162722,6170.25
0.162722,6170.5
0.162722,6170.75
0.161442,6171.0
0.161442,6171.25
0.160163,6171.5
0.161442,6171.75
0.162722,6172.0
0.162722,6172.25
0.161442,6172.5
0.161442,6172.75
0.161442,6173.0
0.161442,6173.25
0.161442,6173.5
0.162722,6173.75
0.161442,6174.0
0.160163,6174.25
0.160163,6174.5
0.162722,6174.75
0.161442,6175.0
0.161442,6175.25
0.161442,6175.5
0.162722,6175.75
0.161442,6176.0
0.160163,6176.25
0.160163,6176.5
0.160163,6176.75
0.158884,6177.0
0.161442,6177.25
0.161442,6177.5
0.161442,6177.75
0.161442,6178.0
0.161442,6178.25
0.162722,6178.5
0.161442,6178.75
0.161442,6179.0
0.161442,6179.25
0.161442,6179.5
0.160163,6179.75
0.161442,6180.0
0.161442,6180.25
0.157605,6180.5
0.157605,6180.75
0.155047,6181.0
0.155047,6181.25
0.153767,6181.5
0.153767,6181.75
0.152488,6182.0
0.151209,6182.25
0.148651,6182.5
0.148651,6182.75
0.148651,6183.0
0.147372,6183.25
0.147372,6183.5
0.148651,6183.75
0.148651,6184.0
0.146092,6184.25
0.147372,6184.5
0.146092,6184.75
0.144813,6185.0
0.143534,6185.25
0.146092,6185.5
0.146092,6185.75
0.146092,6186.0
0.146092,6186.25
0.144813,6186.5
0.147372,6186.75
0.143534,6187.0
0.143534,6187.25
0.143534,6187.5
0.146092,6187.75
0.140976,6188.0
0.142255,6188.25
0.139696,6188.5
0.147372,6188.75
0.144813,6189.0
0.143534,6189.25
0.146092,6189.5
0.146092,6189.75
0.144813,6190.0
0.144813,6190.25
0.144813,6190.5
0.143534,6190.75
0.144813,6191.0
0.144813,6191.25
0.147372,6191.5
0.144813,6191.75
0.148651,6192.0
0.14993,6192.25
0.152488,6192.5
0.156326,6192.75
0.157605,6193.0
0.152488,6193.25
0.14993,6193.5
0.151209,6193.75
0.151209,6194.0
0.151209,6194.25
0.151209,6194.5
0.14993,6194.75
0.151209,6195.0
0.152488,6195.25
0.14993,6195.5
0.14993,6195.75
0.14993,6196.0
0.147372,6196.25
0.148651,6196.5
0.14993,6196.75
0.14993,6197.0
0.148651,6197.25
0.148651,6197.5
0.14993,6197.75
0.14993,6198.0
0.14993,6198.25
0.148651,6198.5
0.143534,6198.75
0.147372,6199.0
0.148651,6199.25
0.147372,6199.5
0.148651,6199.75
0.148651,6200.0
0.147372,6200.25
0.148651,6200.5
0.148651,6200.75
0.148651,6201.0
0.147372,6201.25
0.147372,6201.5
0.146092,6201.75
0.146092,6202.0
0.146092,6202.25
0.144813,6202.5
0.146092,6202.75
0.146092,6203.0
0.146092,6203.25
0.148651,6203.5
0.157605,6203.75
0.157605,6204.0
0.148651,6204.25
0.146092,6204.5
0.147372,6204.75
0.142255,6205.0
0.140976,6205.25
0.140976,6205.5
0.152488,6205.75
0.157605,6206.0
0.157605,6206.25
0.156326,6206.5
0.148651,6206.75
0.143534,6207.0
0.139696,6207.25
0.140976,6207.5
0.139696,6207.75
0.140976,6208.0
0.138417,6208.25
0.139696,6208.5
0.140976,6208.75
0.142255,6209.0
0.146092,6209.25
0.146092,6209.5
0.146092,6209.75
0.144813,6210.0
0.146092,6210.25
0.146092,6210.5
0.146092,6210.75
0.146092,6211.0
0.144813,6211.25
0.146092,6211.5
0.146092,6211.75
0.139696,6212.0
0.143534,6212.25
0.137138,6212.5
0.142255,6212.75
0.144813,6213.0
0.143534,6213.25
0.153767,6213.5
0.156326,6213.75
0.153767,6214.0
0.156326,6214.25
0.152488,6214.5
0.146092,6214.75
0.140976,6215.0
0.140976,6215.25
0.142255,6215.5
0.139696,6215.75
0.138417,6216.0
0.138417,6216.25
0.137138,6216.5
0.137138,6216.75
0.137138,6217.0
0.138417,6217.25
0.130742,6217.5
0.137138,6217.75
0.135859,6218.0
0.13458,6218.25
0.137138,6218.5
0.137138,6218.75
0.137138,6219.0
0.140976,6219.25
0.143534,6219.5
0.146092,6219.75
0.146092,6220.0
0.148651,6220.25
0.147372,6220.5
0.148651,6220.75
0.148651,6221.0
0.147372,6221.25
0.147372,6221.5
0.147372,6221.75
0.146092,6222.0
0.146092,6222.25
0.147372,6222.5
0.147372,6222.75
0.144813,6223.0
0.144813,6223.25
0.144813,6223.5
0.143534,6223.75
0.144813,6224.0
0.144813,6224.25
0.146092,6224.5
0.144813,6224.75
0.142255,6225.0
0.146092,6225.25
0.146092,6225.5
0.144813,6225.75
0.144813,6226.0
0.144813,6226.25
0.142255,6226.5
0.144813,6226.75
0.143534,6227.0
0.143534,6227.25
0.143534,6227.5
0.144813,6227.75
0.155047,6228.0
0.158884,6228.25
0.147372,6228.5
0.144813,6228.75
0.139696,6229.0
0.138417,6229.25
0.138417,6229.5
0.139696,6229.75
0.139696,6230.0
0.138417,6230.25
0.138417,6230.5
0.140976,6230.75
0.138417,6231.0
0.138417,6231.25
0.137138,6231.5
0.130742,6231.75
0.139696,6232.0
0.152488,6232.25
0.155047,6232.5
0.147372,6232.75
0.143534,6233.0
0.143534,6233.25
0.144813,6233.5
0.143534,6233.75
0.142255,6234.0
0.142255,6234.25
0.140976,6234.5
0.135859,6234.75
0.137138,6235.0
0.135859,6235.25
0.137138,6235.5
0.135859,6235.75
0.137138,6236.0
0.135859,6236.25
0.137138,6236.5
0.135859,6236.75
0.135859,6237.0
0.13458,6237.25
0.13458,6237.5
0.135859,6237.75
0.135859,6238.0
0.135859,6238.25
0.13458,6238.5
0.133301,6238.75
0.13458,6239.0
0.135859,6239.25
0.13458,6239.5
0.133301,6239.75
0.13458,6240.0
0.133301,6240.25
0.13458,6240.5
0.133301,6240.75
0.13458,6241.0
0.133301,6241.25
0.133301,6241.5
0.13458,6241.75
0.133301,6242.0
0.135859,6242.25
0.138417,6242.5
0.13458,6242.75
0.132021,6243.0
0.133301,6243.25
0.133301,6243.5
0.133301,6243.75
0.133301,6244.0
0.13458,6244.25
0.13458,6244.5
0.138417,6244.75
0.138417,6245.0
0.142255,6245.25
0.142255,6245.5
0.142255,6245.75
0.135859,6246.0
0.142255,6246.25
0.139696,6246.5
0.142255,6246.75
0.140976,6247.0
0.140976,6247.25
0.140976,6247.5
0.140976,6247.75
0.140976,6248.0
0.140976,6248.25
0.140976,6248.5
0.139696,6248.75
0.138417,6249.0
0.137138,6249.25
0.13458,6249.5
0.13458,6249.75
0.135859,6250.0
0.13458,6250.25
0.133301,6250.5
0.133301,6250.75
0.133301,6251.0
0.132021,6251.25
0.133301,6251.5
0.13458,6251.75
0.130742,6252.0
0.137138,6252.25
0.138417,6252.5
0.139696,6252.75
0.139696,6253.0
0.137138,6253.25
0.137138,6253.5
0.138417,6253.75
0.138417,6254.0
0.139696,6254.25
0.139696,6254.5
0.138417,6254.75
0.138417,6255.0
0.132021,6255.25
0.137138,6255.5
0.137138,6255.75
0.137138,6256.0
0.137138,6256.25
0.138417,6256.5
0.135859,6256.75
0.137138,6257.0
0.135859,6257.25
0.138417,6257.5
0.13458,6257.75
0.132021,6258.0
0.133301,6258.25
0.13458,6258.5
0.133301,6258.75
0.132021,6259.0
0.133301,6259.25
0.135859,6259.5
0.13458,6259.75
0.132021,6260.0
0.133301,6260.25
0.133301,6260.5
0.130742,6260.75
0.132021,6261.0
0.125626,6261.25
0.133301,6261.5
0.135859,6261.75
0.135859,6262.0
0.13458,6262.25
0.133301,6262.5
0.133301,6262.75
0.130742,6263.0
0.13458,6263.25
0.135859,6263.5
0.138417,6263.75
0.137138,6264.0
0.137138,6264.25
0.13458,6264.5
0.13458,6264.75
0.132021,6265.0
0.138417,6265.25
0.137138,6265.5
0.137138,6265.75
0.135859,6266.0
0.135859,6266.25
0.138417,6266.5
0.138417,6266.75
0.140976,6267.0
0.135859,6267.25
0.143534,6267.5
0.135859,6267.75
0.135859,6268.0
0.135859,6268.25
0.13458,6268.5
0.135859,6268.75
0.13458,6269.0
0.132021,6269.25
0.133301,6269.5
0.132021,6269.75
0.138417,6270.0
0.140976,6270.25
0.139696,6270.5
0.140976,6270.75
0.137138,6271.0
0.135859,6271.25
0.139696,6271.5
0.139696,6271.75
0.139696,6272.0
0.139696,6272.25
0.146092,6272.5
0.144813,6272.75
0.143534,6273.0
0.135859,6273.25
0.135859,6273.5
0.137138,6273.75
0.137138,6274.0
0.135859,6274.25
0.135859,6274.5
0.135859,6274.75
0.13458,6275.0
0.13458,6275.25
0.133301,6275.5
0.133301,6275.75
0.126905,6276.0
0.129463,6276.25
0.129463,6276.5
0.126905,6276.75
0.129463,6277.0
0.128184,6277.25
0.13458,6277.5
0.142255,6277.75
0.140976,6278.0
0.139696,6278.25
0.139696,6278.5
0.137138,6278.75
0.135859,6279.0
0.135859,6279.25
0.135859,6279.5
0.132021,6279.75
0.130742,6280.0
0.132021,6280.25
0.133301,6280.5
0.140976,6280.75
0.139696,6281.0
0.142255,6281.25
0.137138,6281.5
0.142255,6281.75
0.140976,6282.0
0.143534,6282.25
0.142255,6282.5
0.142255,6282.75
0.142255,6283.0
0.140976,6283.25
0.137138,6283.5
0.130742,6283.75
0.13458,6284.0
0.135859,6284.25
0.143534,6284.5
0.140976,6284.75
0.138417,6285.0
0.139696,6285.25
0.140976,6285.5
0.143534,6285.75
0.143534,6286.0
0.143534,6286.25
0.138417,6286.5
0.143534,6286.75
0.137138,6287.0
0.135859,6287.25
0.13458,6287.5
0.135859,6287.75
0.140976,6288.0
0.144813,6288.25
0.143534,6288.5
0.144813,6288.75
0.144813,6289.0
0.148651,6289.25
0.14993,6289.5
0.144813,6289.75
0.146092,6290.0
0.140976,6290.25
0.140976,6290.5
0.137138,6290.75
0.146092,6291.0
0.147372,6291.25
0.143534,6291.5
0.147372,6291.75
0.14993,6292.0
0.14993,6292.25
0.14993,6292.5
0.14993,6292.75
0.151209,6293.0
0.151209,6293.25
0.151209,6293.5
0.151209,6293.75
0.151209,6294.0
0.152488,6294.25
0.151209,6294.5
0.152488,6294.75
0.148651,6295.0
0.147372,6295.25
0.144813,6295.5
0.143534,6295.75
0.147372,6296.0
0.151209,6296.25
0.153767,6296.5
0.152488,6296.75
0.153767,6297.0
0.153767,6297.25
0.152488,6297.5
0.153767,6297.75
0.152488,6298.0
0.153767,6298.25
0.153767,6298.5
0.153767,6298.75
0.153767,6299.0
0.153767,6299.25
0.155047,6299.5
0.153767,6299.75
0.153767,6300.0
0.155047,6300.25
0.155047,6300.5
0.155047,6300.75
0.148651,6301.0
0.153767,6301.25
0.153767,6301.5
0.155047,6301.75
0.153767,6302.0
0.155047,6302.25
0.156326,6302.5
0.155047,6302.75
0.155047,6303.0
0.156326,6303.25
0.155047,6303.5
0.156326,6303.75
0.157605,6304.0
0.156326,6304.25
0.156326,6304.5
0.160163,6304.75
0.153767,6305.0
0.158884,6305.25
0.155047,6305.5
0.155047,6305.75
0.152488,6306.0
0.152488,6306.25
0.152488,6306.5
0.153767,6306.75
0.155047,6307.0
0.155047,6307.25
0.152488,6307.5
0.156326,6307.75
0.153767,6308.0
0.152488,6308.25
0.151209,6308.5
0.152488,6308.75
0.152488,6309.0
0.153767,6309.25
0.153767,6309.5
0.155047,6309.75
0.155047,6310.0
0.153767,6310.25
0.157605,6310.5
0.158884,6310.75
0.158884,6311.0
0.157605,6311.25
0.152488,6311.5
0.152488,6311.75
0.153767,6312.0
0.156326,6312.25
0.155047,6312.5
0.155047,6312.75
0.152488,6313.0
0.153767,6313.25
0.153767,6313.5
0.147372,6313.75
0.140976,6314.0
0.153767,6314.25
0.151209,6314.5
0.155047,6314.75
0.152488,6315.0
0.155047,6315.25
0.155047,6315.5
0.155047,6315.75
0.156326,6316.0
0.156326,6316.25
0.155047,6316.5
0.157605,6316.75
0.156326,6317.0
0.155047,6317.25
0.155047,6317.5
0.156326,6317.75
0.156326,6318.0
0.155047,6318.25
0.157605,6318.5
0.157605,6318.75
0.157605,6319.0
0.156326,6319.25
0.156326,6319.5
0.158884,6319.75
0.156326,6320.0
0.157605,6320.25
0.157605,6320.5
0.157605,6320.75
0.157605,6321.0
0.157605,6321.25
0.157605,6321.5
0.157605,6321.75
0.156326,6322.0
0.156326,6322.25
0.157605,6322.5
0.160163,6322.75
0.160163,6323.0
0.158884,6323.25
0.155047,6323.5
0.162722,6323.75
0.155047,6324.0
0.153767,6324.25
0.151209,6324.5
0.152488,6324.75
0.153767,6325.0
0.157605,6325.25
0.156326,6325.5
0.157605,6325.75
0.158884,6326.0
0.157605,6326.25
0.158884,6326.5
0.157605,6326.75
0.158884,6327.0
0.157605,6327.25
0.155047,6327.5
0.156326,6327.75
0.155047,6328.0
0.153767,6328.25
0.156326,6328.5
0.157605,6328.75
0.156326,6329.0
0.157605,6329.25
0.156326,6329.5
0.157605,6329.75
0.157605,6330.0
0.156326,6330.25
0.157605,6330.5
0.156326,6330.75
0.156326,6331.0
0.155047,6331.25
0.156326,6331.5
0.155047,6331.75
0.157605,6332.0
0.156326,6332.25
0.156326,6332.5
0.157605,6332.75
0.156326,6333.0
0.156326,6333.25
0.157605,6333.5
0.156326,6333.75
0.156326,6334.0
0.156326,6334.25
0.157605,6334.5
0.158884,6334.75
0.157605,6335.0
0.158884,6335.25
0.158884,6335.5
0.158884,6335.75
0.157605,6336.0
0.158884,6336.25
0.157605,6336.5
0.158884,6336.75
0.158884,6337.0
0.158884,6337.25
0.158884,6337.5
0.160163,6337.75
0.158884,6338.0
0.158884,6338.25
0.158884,6338.5
0.157605,6338.75
0.158884,6339.0
0.158884,6339.25
0.158884,6339.5
0.158884,6339.75
0.158884,6340.0
0.160163,6340.25
0.157605,6340.5
0.161442,6340.75
0.158884,6341.0
0.158884,6341.25
0.160163,6341.5
0.160163,6341.75
0.151209,6342.0
0.158884,6342.25
0.158884,6342.5
0.158884,6342.75
0.158884,6343.0
0.158884,6343.25
0.160163,6343.5
0.158884,6343.75
0.160163,6344.0
0.158884,6344.25
0.160163,6344.5
0.158884,6344.75
0.157605,6345.0
0.160163,6345.25
0.158884,6345.5
0.160163,6345.75
0.160163,6346.0
0.161442,6346.25
0.160163,6346.5
0.162722,6346.75
0.158884,6347.0
0.160163,6347.25
0.158884,6347.5
0.161442,6347.75
0.160163,6348.0
0.161442,6348.25
0.160163,6348.5
0.160163,6348.75
0.158884,6349.0
0.158884,6349.25
0.158884,6349.5
0.158884,6349.75
0.160163,6350.0
0.157605,6350.25
0.160163,6350.5
0.160163,6350.75
0.160163,6351.0
0.160163,6351.25
0.158884,6351.5
0.161442,6351.75
0.158884,6352.0
0.161442,6352.25
0.162722,6352.5
0.164001,6352.75
0.161442,6353.0
0.161442,6353.25
0.162722,6353.5
0.161442,6353.75
0.161442,6354.0
0.160163,6354.25
0.160163,6354.5
0.158884,6354.75
0.161442,6355.0
0.158884,6355.25
0.160163,6355.5
0.156326,6355.75
0.158884,6356.0
0.160163,6356.25
0.160163,6356.5
0.161442,6356.75
0.161442,6357.0
0.161442,6357.25
0.160163,6357.5
0.160163,6357.75
0.160163,6358.0
0.161442,6358.25
0.158884,6358.5
0.162722,6358.75
0.155047,6359.0
0.161442,6359.25
0.161442,6359.5
0.160163,6359.75
0.160163,6360.0
0.160163,6360.25
0.161442,6360.5
0.160163,6360.75
0.160163,6361.0
0.157605,6361.25
0.158884,6361.5
0.160163,6361.75
0.160163,6362.0
0.160163,6362.25
0.160163,6362.5
0.161442,6362.75
0.161442,6363.0
0.160163,6363.25
0.158884,6363.5
0.160163,6363.75
0.158884,6364.0
0.160163,6364.25
0.160163,6364.5
0.161442,6364.75
0.157605,6365.0
0.160163,6365.25
0.162722,6365.5
0.161442,6365.75
0.155047,6366.0
0.160163,6366.25
0.160163,6366.5
0.164001,6366.75
0.161442,6367.0
0.161442,6367.25
0.161442,6367.5
0.161442,6367.75
0.161442,6368.0
0.162722,6368.25
0.162722,6368.5
0.162722,6368.75
0.162722,6369.0
0.164001,6369.25
0.153767,6369.5
0.152488,6369.75
0.153767,6370.0
0.153767,6370.25
0.151209,6370.5
0.153767,6370.75
0.160163,6371.0
0.162722,6371.25
0.160163,6371.5
0.161442,6371.75
0.157605,6372.0
0.156326,6372.25
0.158884,6372.5
0.158884,6372.75
0.157605,6373.0
0.156326,6373.25
0.164001,6373.5
0.166559,6373.75
0.16528,6374.0
0.164001,6374.25
0.164001,6374.5
0.164001,6374.75
0.162722,6375.0
0.164001,6375.25
0.164001,6375.5
0.157605,6375.75
0.164001,6376.0
0.164001,6376.25
0.16528,6376.5
0.16528,6376.75
0.16528,6377.0
0.16528,6377.25
0.16528,6377.5
0.164001,6377.75
0.161442,6378.0
0.162722,6378.25
0.156326,6378.5
0.161442,6378.75
0.157605,6379.0
0.158884,6379.25
0.160163,6379.5
0.160163,6379.75
0.158884,6380.0
0.158884,6380.25
0.158884,6380.5
0.151209,6380.75
0.151209,6381.0
0.148651,6381.25
0.148651,6381.5
0.147372,6381.75
0.146092,6382.0
0.146092,6382.25
0.146092,6382.5
0.146092,6382.75
0.144813,6383.0
0.142255,6383.25
0.143534,6383.5
0.144813,6383.75
0.143534,6384.0
0.147372,6384.25
0.146092,6384.5
0.147372,6384.75
0.143534,6385.0
0.144813,6385.25
0.139696,6385.5
0.143534,6385.75
0.142255,6386.0
0.139696,6386.25
0.146092,6386.5
0.146092,6386.75
0.146092,6387.0
0.143534,6387.25
0.144813,6387.5
0.142255,6387.75
0.143534,6388.0
0.144813,6388.25
0.143534,6388.5
0.143534,6388.75
0.143534,6389.0
0.146092,6389.25
0.146092,6389.5
0.147372,6389.75
0.144813,6390.0
0.146092,6390.25
0.140976,6390.5
0.146092,6390.75
0.139696,6391.0
0.139696,6391.25
0.138417,6391.5
0.133301,6391.75
0.135859,6392.0
0.137138,6392.25
0.140976,6392.5
0.143534,6392.75
0.144813,6393.0
0.147372,6393.25
0.147372,6393.5
0.146092,6393.75
0.144813,6394.0
0.140976,6394.25
0.139696,6394.5
0.147372,6394.75
0.151209,6395.0
0.151209,6395.25
0.151209,6395.5
0.153767,6395.75
0.151209,6396.0
0.148651,6396.25
0.144813,6396.5
0.146092,6396.75
0.143534,6397.0
0.147372,6397.25
0.148651,6397.5
0.14993,6397.75
0.148651,6398.0
0.148651,6398.25
0.148651,6398.5
0.147372,6398.75
0.148651,6399.0
0.147372,6399.25
0.146092,6399.5
0.146092,6399.75
0.148651,6400.0
0.146092,6400.25
0.143534,6400.5
0.143534,6400.75
0.146092,6401.0
0.148651,6401.25
0.14993,6401.5
0.147372,6401.75
0.143534,6402.0
0.143534,6402.25
0.140976,6402.5
0.143534,6402.75
0.142255,6403.0
0.144813,6403.25
0.138417,6403.5
0.146092,6403.75
0.146092,6404.0
0.143534,6404.25
0.144813,6404.5
0.143534,6404.75
0.140976,6405.0
0.143534,6405.25
0.148651,6405.5
0.144813,6405.75
0.144813,6406.0
0.143534,6406.25
0.143534,6406.5
0.144813,6406.75
0.142255,6407.0
0.142255,6407.25
0.140976,6407.5
0.140976,6407.75
0.135859,6408.0
0.138417,6408.25
0.139696,6408.5
0.138417,6408.75
0.138417,6409.0
0.139696,6409.25
0.138417,6409.5
0.140976,6409.75
0.139696,6410.0
0.138417,6410.25
0.139696,6410.5
0.137138,6410.75
0.135859,6411.0
0.14993,6411.25
0.14993,6411.5
0.146092,6411.75
0.146092,6412.0
0.148651,6412.25
0.147372,6412.5
0.147372,6412.75
0.148651,6413.0
0.144813,6413.25
0.142255,6413.5
0.143534,6413.75
0.144813,6414.0
0.146092,6414.25
0.148651,6414.5
0.151209,6414.75
0.153767,6415.0
0.151209,6415.25
0.146092,6415.5
0.146092,6415.75
0.146092,6416.0
0.142255,6416.25
0.144813,6416.5
0.144813,6416.75
0.143534,6417.0
0.143534,6417.25
0.147372,6417.5
0.14993,6417.75
0.147372,6418.0
0.147372,6418.25
0.146092,6418.5
0.146092,6418.75
0.137138,6419.0
0.144813,6419.25
0.144813,6419.5
0.143534,6419.75
0.143534,6420.0
0.137138,6420.25
0.143534,6420.5
0.142255,6420.75
0.140976,6421.0
0.140976,6421.25
0.138417,6421.5
0.137138,6421.75
0.138417,6422.0
0.139696,6422.25
0.138417,6422.5
0.139696,6422.75
