EDA_Raw,Time_Seconds
1.138257,0.0
1.125444,0.25
1.011405,0.5
1.033188,0.75
0.935807,1.0
0.935708,1.25
0.962616,1.5
0.934426,1.75
0.967741,2.0
1.094593,2.25
1.175317,2.5
1.227851,2.75
1.26501,3.0
1.285511,3.25
1.298324,3.5
1.304731,3.75
1.291918,4.0
1.268854,4.25
1.253478,4.5
1.231695,4.75
1.208631,5.0
1.190693,5.25
1.176598,5.5
1.16891,5.75
1.154815,6.0
1.143283,6.25
1.134314,6.5
1.125345,6.75
1.121501,7.0
1.121501,7.25
1.120219,7.5
1.117657,7.75
1.116375,8.0
1.109969,8.25
1.104843,8.5
1.099718,8.75
1.094593,9.0
1.09203,9.25
1.094593,9.5
1.089467,9.75
1.086905,10.0
1.083061,10.25
1.077935,10.5
1.074091,10.75
1.067685,11.0
1.063841,11.25
1.067685,11.5
1.040777,11.75
1.017713,12.0
0.992086,12.25
0.992086,12.5
1.006181,12.75
1.035651,13.0
1.056153,13.25
1.084342,13.5
1.109969,13.75
1.139439,14.0
1.167629,14.25
1.195818,14.5
1.211194,14.75
1.212475,15.0
1.222726,15.25
1.229132,15.5
1.232976,15.75
1.249634,16.0
1.261166,16.25
1.267572,16.5
1.270135,16.75
1.27526,17.0
1.277823,17.25
1.282948,17.5
1.28423,17.75
1.288074,18.0
1.291918,18.25
1.29448,18.5
1.29448,18.75
1.295762,19.0
1.302168,19.25
1.304731,19.5
1.306012,19.75
1.306012,20.0
1.306012,20.25
1.306012,20.5
1.304731,20.75
1.304731,21.0
1.30345,21.25
1.30345,21.5
1.30345,21.75
1.302168,22.0
1.302168,22.25
1.30345,22.5
1.30345,22.75
1.302168,23.0
1.30345,23.25
1.302168,23.5
1.300887,23.75
1.299606,24.0
1.300887,24.25
1.300887,24.5
1.298324,24.75
1.299606,25.0
1.300887,25.25
1.302168,25.5
1.30345,25.75
1.30345,26.0
1.302168,26.25
1.30345,26.5
1.304731,26.75
1.306012,27.0
1.308575,27.25
1.311138,27.5
1.311138,27.75
1.309856,28.0
1.309856,28.25
1.308575,28.5
1.307294,28.75
1.306012,29.0
1.30345,29.25
1.299606,29.5
1.299606,29.75
1.297043,30.0
1.295762,30.25
1.293199,30.5
1.293199,30.75
1.290636,31.0
1.290636,31.25
1.289355,31.5
1.288074,31.75
1.289355,32.0
1.289355,32.25
1.288074,32.5
1.288074,32.75
1.286792,33.0
1.289355,33.25
1.290636,33.5
1.289355,33.75
1.290636,34.0
1.289355,34.25
1.288074,34.5
1.286792,34.75
1.285511,35.0
1.291918,35.25
1.289355,35.5
1.290636,35.75
1.29448,36.0
1.289355,36.25
1.29448,36.5
1.299606,36.75
1.306012,37.0
1.311138,37.25
1.309856,37.5
1.316263,37.75
1.3137,38.0
1.314982,38.25
1.311138,38.5
1.308575,38.75
1.30345,39.0
1.300887,39.25
1.298324,39.5
1.299606,39.75
1.304731,40.0
1.289355,40.25
1.28423,40.5
1.281667,40.75
1.279104,41.0
1.286792,41.25
1.285511,41.5
1.277823,41.75
1.261166,42.0
1.257322,42.25
1.258603,42.5
1.261166,42.75
1.259884,43.0
1.258603,43.25
1.257322,43.5
1.258603,43.75
1.249634,44.0
1.24579,44.25
1.307294,44.5
1.302168,44.75
1.616094,45.0
1.548283,45.25
1.309955,45.5
1.28561,45.75
1.306111,46.0
1.306111,46.25
1.297142,46.5
1.284329,46.75
1.279203,47.0
1.272797,47.25
1.267671,47.5
1.263827,47.75
1.257421,48.0
1.258702,48.25
1.261265,48.5
1.261265,48.75
1.25614,49.0
1.254858,49.25
1.249733,49.5
1.24717,49.75
1.279203,50.0
1.298423,50.25
1.318925,50.5
1.297142,50.75
1.28561,51.0
1.274078,51.25
1.263827,51.5
1.220262,51.75
1.17926,52.0
1.172853,52.25
1.149789,52.5
1.142101,52.75
1.15107,53.0
1.165165,53.25
1.18951,53.5
1.195917,53.75
1.213856,54.0
1.226669,54.25
1.262546,54.5
1.276641,54.75
1.279203,55.0
1.322769,55.25
1.294579,55.5
1.292017,55.75
1.293298,56.0
1.297142,56.25
1.258702,56.5
1.231794,56.75
1.199761,57.0
1.157477,57.25
1.110068,57.5
1.097254,57.75
1.072909,58.0
1.078035,58.25
1.076753,58.5
1.072909,58.75
1.052408,59.0
1.029344,59.25
1.031907,59.5
1.031907,59.75
1.026781,60.0
1.0255,60.25
1.022937,60.5
1.013968,60.75
1.007561,61.0
1.002436,61.25
0.990904,61.5
0.98706,61.75
0.992185,62.0
0.997311,62.25
0.984497,62.5
0.971684,62.75
0.957589,63.0
0.955027,63.25
0.938369,63.5
0.958772,63.75
0.962616,64.0
0.958772,64.25
0.94724,64.5
0.943396,64.75
0.936989,65.0
0.930582,65.25
0.934426,65.5
0.945958,65.75
0.956209,66.0
0.96646,66.25
0.974148,66.5
0.980554,66.75
1.017713,67.0
1.086905,67.25
1.157378,67.5
1.163785,67.75
1.158659,68.0
1.158659,68.25
1.158659,68.5
1.126626,68.75
1.153534,69.0
1.144565,69.25
1.139439,69.5
1.131751,69.75
1.125345,70.0
1.124063,70.25
1.133033,70.5
1.131751,70.75
1.11125,71.0
1.107406,71.25
1.104843,71.5
1.103562,71.75
1.098437,72.0
1.098437,72.25
1.094593,72.5
1.089467,72.75
1.083061,73.0
1.080498,73.25
1.153534,73.5
1.131751,73.75
1.122782,74.0
1.121501,74.25
1.120219,74.5
1.118938,74.75
1.118938,75.0
1.120219,75.25
1.122782,75.5
1.124063,75.75
1.126626,76.0
1.127907,76.25
1.131751,76.5
1.133033,76.75
1.134314,77.0
1.135595,77.25
1.136877,77.5
1.136877,77.75
1.136877,78.0
1.136877,78.25
1.139439,78.5
1.139439,78.75
1.140721,79.0
1.143283,79.25
1.142002,79.5
1.140721,79.75
1.140721,80.0
1.139439,80.25
1.142002,80.5
1.143283,80.75
1.142002,81.0
1.140721,81.25
1.142002,81.5
1.140721,81.75
1.136877,82.0
1.138158,82.25
1.138158,82.5
1.136877,82.75
1.136877,83.0
1.134314,83.25
1.135595,83.5
1.131751,83.75
1.129189,84.0
1.129189,84.25
1.127907,84.5
1.129189,84.75
1.126626,85.0
1.125345,85.25
1.122782,85.5
1.122782,85.75
1.120219,86.0
1.120219,86.25
1.120219,86.5
1.121501,86.75
1.125345,87.0
1.134314,87.25
1.145846,87.5
1.165066,87.75
1.185567,88.0
1.204787,88.25
1.220163,88.5
1.232976,88.75
1.239383,89.0
1.239383,89.25
1.234258,89.5
1.229132,89.75
1.232976,90.0
1.229132,90.25
1.224007,90.5
1.208631,90.75
1.18813,91.0
1.18813,91.25
1.184286,91.5
1.183004,91.75
1.176598,92.0
1.171473,92.25
1.16891,92.5
1.165066,92.75
1.163785,93.0
1.161222,93.25
1.158659,93.5
1.157378,93.75
1.152253,94.0
1.14969,94.25
1.148409,94.5
1.144565,94.75
1.142002,95.0
1.142002,95.25
1.139439,95.5
1.136877,95.75
1.135595,96.0
1.131751,96.25
1.131751,96.5
1.129189,96.75
1.126626,97.0
1.124063,97.25
1.121501,97.5
1.118938,97.75
1.118938,98.0
1.116375,98.25
1.113813,98.5
1.11125,98.75
1.11125,99.0
1.108687,99.25
1.107406,99.5
1.106125,99.75
1.103562,100.0
1.103562,100.25
1.102281,100.5
1.099718,100.75
1.098437,101.0
1.095874,101.25
1.094593,101.5
1.093311,101.75
1.09203,102.0
1.090749,102.25
1.089467,102.5
1.088186,102.75
1.085623,103.0
1.086905,103.25
1.084342,103.5
1.083061,103.75
1.081779,104.0
1.080498,104.25
1.077935,104.5
1.076654,104.75
1.077935,105.0
1.075373,105.25
1.076654,105.5
1.074091,105.75
1.07281,106.0
1.07281,106.25
1.071529,106.5
1.070247,106.75
1.068966,107.0
1.068966,107.25
1.067685,107.5
1.067685,107.75
1.066403,108.0
1.065122,108.25
1.063841,108.5
1.063841,108.75
1.061278,109.0
1.061278,109.25
1.059997,109.5
1.059997,109.75
1.059997,110.0
1.068966,110.25
1.067685,110.5
1.068966,110.75
1.067685,111.0
1.068966,111.25
1.066403,111.5
1.065122,111.75
1.063841,112.0
1.063841,112.25
1.061278,112.5
1.059997,112.75
1.058715,113.0
1.056153,113.25
1.057434,113.5
1.056153,113.75
1.052309,114.0
1.052309,114.25
1.049746,114.5
1.049746,114.75
1.048465,115.0
1.049746,115.25
1.047183,115.5
1.045902,115.75
1.045902,116.0
1.044621,116.25
1.043339,116.5
1.042058,116.75
1.039495,117.0
1.038214,117.25
1.039495,117.5
1.038214,117.75
1.039495,118.0
1.044621,118.25
1.048465,118.5
1.052309,118.75
1.057434,119.0
1.058715,119.25
1.058715,119.5
1.059997,119.75
1.057434,120.0
1.056153,120.25
1.052309,120.5
1.051027,120.75
1.047183,121.0
1.045902,121.25
1.043339,121.5
1.040777,121.75
1.039495,122.0
1.038214,122.25
1.035651,122.5
1.03437,122.75
1.031807,123.0
1.031807,123.25
1.031807,123.5
1.030526,123.75
1.027964,124.0
1.027964,124.25
1.026682,124.5
1.025401,124.75
1.022838,125.0
1.024119,125.25
1.022838,125.5
1.021557,125.75
1.018994,126.0
1.018994,126.25
1.016431,126.5
1.016431,126.75
1.013869,127.0
1.013869,127.25
1.013869,127.5
1.010025,127.75
1.011306,128.0
1.008744,128.25
1.007462,128.5
1.006181,128.75
1.006181,129.0
1.0049,129.25
1.003618,129.5
1.002337,129.75
1.001055,130.0
0.997212,130.25
0.998493,130.5
0.997212,130.75
0.997212,131.0
0.994649,131.25
0.994649,131.5
0.994649,131.75
0.993368,132.0
0.993368,132.25
0.992086,132.5
0.992086,132.75
0.990805,133.0
0.989524,133.25
0.988242,133.5
0.988242,133.75
0.98568,134.0
0.986961,134.25
0.984398,134.5
0.983117,134.75
0.980554,135.0
0.980554,135.25
0.979273,135.5
0.97671,135.75
0.97671,136.0
0.97671,136.25
0.972866,136.5
0.972866,136.75
0.971585,137.0
0.971585,137.25
0.970304,137.5
0.969022,137.75
0.967741,138.0
0.967741,138.25
0.967741,138.5
0.96646,138.75
0.963897,139.0
0.965178,139.25
0.963897,139.5
0.962616,139.75
0.961334,140.0
0.961334,140.25
0.961334,140.5
0.960053,140.75
0.960053,141.0
0.958772,141.25
0.956209,141.5
0.956209,141.75
0.953646,142.0
0.953646,142.25
0.952365,142.5
0.951084,142.75
0.948521,143.0
0.948521,143.25
0.94724,143.5
0.940833,143.75
0.942114,144.0
0.939552,144.25
0.93827,144.5
0.936989,144.75
0.935708,145.0
0.934426,145.25
0.933145,145.5
0.930582,145.75
0.931864,146.0
0.929301,146.25
0.929301,146.5
0.92802,146.75
0.92802,147.0
0.925457,147.25
0.924176,147.5
0.922894,147.75
0.921613,148.0
0.920332,148.25
0.91905,148.5
0.917769,148.75
0.917769,149.0
0.917769,149.25
0.915206,149.5
0.913925,149.75
0.913925,150.0
0.912644,150.25
0.912644,150.5
0.912644,150.75
0.911362,151.0
0.9088,151.25
0.9088,151.5
0.9088,151.75
0.904956,152.0
0.904956,152.25
0.903674,152.5
0.904956,152.75
0.902393,153.0
0.901112,153.25
0.901112,153.5
0.89983,153.75
0.89983,154.0
0.897268,154.25
0.895986,154.5
0.892142,154.75
0.892142,155.0
0.892142,155.25
0.890861,155.5
0.88958,155.75
0.888298,156.0
0.885736,156.25
0.885736,156.5
0.883173,156.75
0.883173,157.0
0.881892,157.25
0.878048,157.5
0.867797,157.75
0.854984,158.0
0.852421,158.25
0.85114,158.5
0.852421,158.75
0.862672,159.0
0.885736,159.25
0.931864,159.5
0.989524,159.75
1.052309,160.0
1.107406,160.25
1.156097,160.5
1.181723,160.75
1.199662,161.0
1.197099,161.25
1.199662,161.5
1.208631,161.75
1.191974,162.0
1.161222,162.25
1.145846,162.5
1.134314,162.75
1.127907,163.0
1.106125,163.25
1.14969,163.5
1.140721,163.75
1.063841,164.0
1.035651,164.25
1.040777,164.5
1.03437,164.75
1.080498,165.0
1.029245,165.25
0.974148,165.5
1.13047,165.75
1.306012,166.0
1.181723,166.25
1.145846,166.5
1.299606,166.75
1.317544,167.0
1.334202,167.25
1.384174,167.5
1.311138,167.75
1.405956,168.0
1.377767,168.25
1.344452,168.5
1.285511,168.75
1.370079,169.0
1.338046,169.25
1.281667,169.5
1.202224,169.75
1.167629,170.0
1.134314,170.25
1.145846,170.5
1.144565,170.75
1.144565,171.0
1.170191,171.25
1.16891,171.5
1.165066,171.75
1.175317,172.0
1.191974,172.25
1.194537,172.5
1.190693,172.75
1.185567,173.0
1.181723,173.25
1.179161,173.5
1.171473,173.75
1.166347,174.0
1.163785,174.25
1.159941,174.5
1.153534,174.75
1.142002,175.0
1.138158,175.25
1.136877,175.5
1.135595,175.75
1.134314,176.0
1.133033,176.25
1.134314,176.5
1.133033,176.75
1.131751,177.0
1.129189,177.25
1.129189,177.5
1.127907,177.75
1.127907,178.0
1.127907,178.25
1.125345,178.5
1.124063,178.75
1.122782,179.0
1.120219,179.25
1.116375,179.5
1.116375,179.75
1.112531,180.0
1.11125,180.25
1.108687,180.5
1.106125,180.75
1.104843,181.0
1.103562,181.25
1.100999,181.5
1.097155,181.75
1.097155,182.0
1.094593,182.25
1.094593,182.5
1.090749,182.75
1.088186,183.0
1.085623,183.25
1.081779,183.5
1.080498,183.75
1.079217,184.0
1.074091,184.25
1.074091,184.5
1.070247,184.75
1.068966,185.0
1.067685,185.25
1.065122,185.5
1.062559,185.75
1.059997,186.0
1.057434,186.25
1.057434,186.5
1.054871,186.75
1.05359,187.0
1.052309,187.25
1.048465,187.5
1.047183,187.75
1.044621,188.0
1.040777,188.25
1.038214,188.5
1.036933,188.75
1.033089,189.0
1.031807,189.25
1.030526,189.5
1.026682,189.75
1.026682,190.0
1.024119,190.25
1.021557,190.5
1.020275,190.75
1.017713,191.0
1.013869,191.25
1.012588,191.5
1.008744,191.75
1.007462,192.0
1.0049,192.25
1.003618,192.5
0.999774,192.75
0.999774,193.0
0.997212,193.25
0.99593,193.5
0.993368,193.75
0.992086,194.0
0.989524,194.25
0.98568,194.5
0.984398,194.75
0.981836,195.0
0.980554,195.25
0.979273,195.5
0.975429,195.75
0.974148,196.0
0.972866,196.25
0.971585,196.5
0.96646,196.75
0.962616,197.0
0.961334,197.25
0.961334,197.5
0.958772,197.75
0.956209,198.0
0.952365,198.25
0.951084,198.5
0.948521,198.75
0.931864,199.0
0.910081,199.25
0.898549,199.5
0.88958,199.75
0.884454,200.0
0.883173,200.25
0.879329,200.5
0.884454,200.75
0.94724,201.0
0.943396,201.25
0.945958,201.5
0.952365,201.75
0.953646,202.0
0.954928,202.25
0.954928,202.5
0.961334,202.75
0.962616,203.0
0.965178,203.25
0.970304,203.5
0.970304,203.75
0.969022,204.0
0.970304,204.25
0.969022,204.5
0.969022,204.75
0.96646,205.0
0.961334,205.25
0.956209,205.5
0.92802,205.75
0.960053,206.0
0.922894,206.25
1.001055,206.5
0.96646,206.75
1.039495,207.0
1.038214,207.25
1.051027,207.5
1.048465,207.75
1.127907,208.0
1.059997,208.25
1.13047,208.5
1.088186,208.75
1.138158,209.0
1.175317,209.25
1.185567,209.5
1.16891,209.75
1.18813,210.0
1.179161,210.25
1.172754,210.5
1.166347,210.75
1.163785,211.0
1.159941,211.25
1.156097,211.5
1.152253,211.75
1.150971,212.0
1.145846,212.25
1.142002,212.5
1.138158,212.75
1.135595,213.0
1.134314,213.25
1.136877,213.5
1.142002,213.75
1.144565,214.0
1.147127,214.25
1.148409,214.5
1.143283,214.75
1.108687,215.0
1.086905,215.25
1.09203,215.5
1.083061,215.75
1.070247,216.0
1.066403,216.25
1.026682,216.5
1.013869,216.75
1.0049,217.0
0.999774,217.25
0.99593,217.5
0.993368,217.75
0.989524,218.0
0.986961,218.25
0.984398,218.5
0.97671,218.75
0.969022,219.0
0.956209,219.25
0.962616,219.5
0.965178,219.75
0.965178,220.0
0.967741,220.25
0.961334,220.5
0.956209,220.75
0.951084,221.0
0.945958,221.25
0.936989,221.5
0.924176,221.75
0.91905,222.0
0.91905,222.25
0.920332,222.5
0.940833,222.75
0.940833,223.0
0.94724,223.25
1.031807,223.5
1.061278,223.75
1.095874,224.0
1.108687,224.25
1.124063,224.5
1.090749,224.75
1.054871,225.0
1.043339,225.25
1.026682,225.5
1.0049,225.75
0.986961,226.0
0.990805,226.25
0.990805,226.5
0.98568,226.75
0.984398,227.0
0.984398,227.25
0.983117,227.5
0.983117,227.75
0.97671,228.0
0.97671,228.25
0.975429,228.5
0.975429,228.75
0.969022,229.0
0.967741,229.25
0.965178,229.5
0.951084,229.75
0.956209,230.0
0.958772,230.25
0.961334,230.5
0.962616,230.75
0.967741,231.0
0.969022,231.25
0.967741,231.5
0.967741,231.75
0.963897,232.0
0.94724,232.25
0.93827,232.5
0.926738,232.75
0.894705,233.0
0.915206,233.25
0.906237,233.5
0.883173,233.75
0.869078,234.0
0.865234,234.25
0.863953,234.5
0.865234,234.75
0.856265,235.0
0.856265,235.25
0.85114,235.5
0.849858,235.75
0.846014,236.0
0.844733,236.25
0.843452,236.5
0.843452,236.75
0.844733,237.0
0.857546,237.25
0.863953,237.5
0.854984,237.75
0.85114,238.0
0.85114,238.25
0.893424,238.5
0.9088,238.75
0.913925,239.0
0.917769,239.25
0.921613,239.5
0.922894,239.75
0.924176,240.0
0.926738,240.25
0.931864,240.5
0.931864,240.75
0.917769,241.0
0.942114,241.25
0.951084,241.5
0.970304,241.75
0.962616,242.0
0.963897,242.25
0.963897,242.5
0.971585,242.75
0.983117,243.0
0.986961,243.25
0.980554,243.5
0.983117,243.75
0.998493,244.0
1.0049,244.25
1.0049,244.5
1.003618,244.75
1.001055,245.0
0.999774,245.25
0.990805,245.5
0.975429,245.75
0.98568,246.0
0.977992,246.25
0.974148,246.5
0.967741,246.75
0.967741,247.0
0.972866,247.25
0.96646,247.5
0.951084,247.75
0.953646,248.0
0.961334,248.25
0.979273,248.5
0.972866,248.75
0.972866,249.0
0.975429,249.25
0.975429,249.5
0.977992,249.75
0.988242,250.0
0.999774,250.25
1.011306,250.5
1.021557,250.75
1.027964,251.0
1.033089,251.25
1.031807,251.5
1.036933,251.75
1.048465,252.0
1.07281,252.25
1.100999,252.5
1.133033,252.75
1.162503,253.0
1.190693,253.25
1.218882,253.5
1.227851,253.75
1.222726,254.0
1.209913,254.25
1.197099,254.5
1.186849,254.75
1.174035,255.0
1.161222,255.25
1.152253,255.5
1.144565,255.75
1.139439,256.0
1.13047,256.25
1.126626,256.5
1.129189,256.75
1.124063,257.0
1.120219,257.25
1.109969,257.5
1.104843,257.75
1.102281,258.0
1.097155,258.25
1.09203,258.5
1.085623,258.75
1.083061,259.0
1.084342,259.25
1.09203,259.5
1.095874,259.75
1.102281,260.0
1.107406,260.25
1.120219,260.5
1.131751,260.75
1.144565,261.0
1.158659,261.25
1.165066,261.5
1.16891,261.75
1.172754,262.0
1.180442,262.25
1.180442,262.5
1.183004,262.75
1.180442,263.0
1.175317,263.25
1.166347,263.5
1.153534,263.75
1.138158,264.0
1.122782,264.25
1.115094,264.5
1.133033,264.75
1.175317,265.0
1.248352,265.25
1.323951,265.5
1.385455,265.75
1.477711,266.0
1.536751,266.25
1.559815,266.5
1.550846,266.75
1.536751,267.0
1.509843,267.25
1.473966,267.5
1.434245,267.75
1.386835,268.0
1.34327,268.25
1.318925,268.5
1.345833,268.75
1.379147,269.0
1.375303,269.25
1.370178,269.5
1.353521,269.75
1.345833,270.0
1.344551,270.25
1.338145,270.5
1.316362,270.75
1.309955,271.0
1.312518,271.25
1.315081,271.5
1.307393,271.75
1.294579,272.0
1.292017,272.25
1.289454,272.5
1.28561,272.75
1.279203,273.0
1.274078,273.25
1.267671,273.5
1.261265,273.75
1.254858,274.0
1.253577,274.25
1.258702,274.5
1.259984,274.75
1.259984,275.0
1.258702,275.25
1.258702,275.5
1.25614,275.75
1.254858,276.0
1.253577,276.25
1.251014,276.5
1.251014,276.75
1.263827,277.0
1.259984,277.25
1.254858,277.5
1.248451,277.75
1.24717,278.0
1.24717,278.25
1.252295,278.5
1.253577,278.75
1.28561,279.0
1.371459,279.25
1.450902,279.5
1.529063,279.75
1.609787,280.0
1.667447,280.25
1.700761,280.5
1.717419,280.75
1.684104,281.0
1.66104,281.25
1.635414,281.5
1.609787,281.75
1.589286,282.0
1.581598,282.25
1.540595,282.5
1.547002,282.75
1.534188,283.0
1.527782,283.25
1.529063,283.5
1.50728,283.75
1.53547,284.0
1.534188,284.25
1.499592,284.5
1.489342,284.75
1.481654,285.0
1.47781,285.25
1.476528,285.5
1.472685,285.75
1.463715,286.0
1.441933,286.25
1.408618,286.5
1.447058,286.75
1.44962,287.0
1.429119,287.25
1.452183,287.5
1.453465,287.75
1.448339,288.0
1.330457,288.25
1.158758,288.5
1.347114,288.75
1.283047,289.0
1.354802,289.25
1.423994,289.5
1.499592,289.75
1.385554,290.0
1.270234,290.25
1.268953,290.5
1.295861,290.75
1.295861,291.0
1.294579,291.25
1.293298,291.5
1.294579,291.75
1.295861,292.0
1.294579,292.25
1.298423,292.5
1.295861,292.75
1.295861,293.0
1.293298,293.25
1.293298,293.5
1.290735,293.75
1.289454,294.0
1.286891,294.25
1.288173,294.5
1.28561,294.75
1.283047,295.0
1.281766,295.25
1.279203,295.5
1.27536,295.75
1.274078,296.0
1.274078,296.25
1.270234,296.5
1.267671,296.75
1.276641,297.0
1.276641,297.25
1.294579,297.5
1.300986,297.75
1.297142,298.0
1.2177,298.25
1.303549,298.5
1.299705,298.75
1.303549,299.0
1.218981,299.25
1.289454,299.5
1.409899,299.75
1.36249,300.0
1.175416,300.25
1.116474,300.5
1.25614,300.75
1.327894,301.0
1.09341,301.25
1.32405,301.5
1.254858,301.75
0.874303,302.0
1.30345,302.25
1.382892,302.5
1.604562,302.75
1.621319,303.0
1.580316,303.25
1.494467,303.5
1.49703,303.75
1.484216,304.0
1.508562,304.25
1.502155,304.5
1.630288,304.75
1.636695,305.0
1.668728,305.25
1.673853,305.5
1.684104,305.75
1.693073,306.0
1.664884,306.25
1.645664,306.5
1.640539,306.75
1.634132,307.0
1.614912,307.25
1.591848,307.5
1.558534,307.75
1.561096,308.0
1.53547,308.25
1.616194,308.5
1.585442,308.75
1.57391,309.0
1.567503,309.25
1.558534,309.5
1.550846,309.75
1.547002,310.0
1.538032,310.25
1.532907,310.5
1.527782,310.75
1.523938,311.0
1.522656,311.25
1.532907,311.5
1.529063,311.75
1.525219,312.0
1.521375,312.25
1.51625,312.5
1.513687,312.75
1.508562,313.0
1.50728,313.25
1.502155,313.5
1.500874,313.75
1.502155,314.0
1.500874,314.25
1.498311,314.5
1.49703,314.75
1.49703,315.0
1.485498,315.25
1.481654,315.5
1.47781,315.75
1.475247,316.0
1.472685,316.25
1.470122,316.5
1.46884,316.75
1.464996,317.0
1.464996,317.25
1.462434,317.5
1.45859,317.75
1.453465,318.0
1.450902,318.25
1.445776,318.5
1.443214,318.75
1.441933,319.0
1.43937,319.25
1.443214,319.5
1.43937,319.75
1.42015,320.0
1.435526,320.25
1.434245,320.5
1.403493,320.75
1.412462,321.0
1.41118,321.25
1.393242,321.5
1.390679,321.75
1.366334,322.0
1.341989,322.25
1.320206,322.5
1.280485,322.75
1.233075,323.0
1.224106,323.25
1.24717,323.5
1.235638,323.75
1.235638,324.0
1.242045,324.25
1.259984,324.5
1.257421,324.75
1.235638,325.0
1.224106,325.25
1.133132,325.5
1.153633,325.75
1.226669,326.0
1.27536,326.25
1.279203,326.5
1.231794,326.75
1.262546,327.0
1.284329,327.25
1.306111,327.5
1.318925,327.75
1.336863,328.0
1.347114,328.25
1.36249,328.5
1.371459,328.75
1.366334,329.0
1.36249,329.25
1.341989,329.5
1.359927,329.75
1.248451,330.0
1.149789,330.25
1.120318,330.5
1.148508,330.75
1.149789,331.0
1.174134,331.25
1.129288,331.5
1.138257,331.75
1.142101,332.0
1.136976,332.25
1.25614,332.5
1.347114,332.75
1.359927,333.0
1.261265,333.25
1.207449,333.5
1.17029,333.75
1.115193,334.0
1.076753,334.25
1.274078,334.5
1.372741,334.75
1.374022,335.0
1.25614,335.25
1.234357,335.5
1.259984,335.75
1.252295,336.0
1.125444,336.25
1.104942,336.5
1.259984,336.75
1.28561,337.0
1.276641,337.25
1.186948,337.5
1.374022,337.75
1.435526,338.0
1.421431,338.25
1.416306,338.5
1.436807,338.75
1.38171,339.0
1.165165,339.25
1.089566,339.5
1.071628,339.75
1.060096,340.0
1.037032,340.25
1.04472,340.5
1.048564,340.75
1.07419,341.0
1.081878,341.25
1.087004,341.5
1.039595,341.75
1.048564,342.0
1.058815,342.25
1.067784,342.5
1.09341,342.75
1.087004,343.0
1.125444,343.25
1.192073,343.5
1.279203,343.75
1.293298,344.0
1.290735,344.25
1.313799,344.5
1.286891,344.75
1.280485,345.0
1.267671,345.25
1.24717,345.5
1.254858,345.75
1.293298,346.0
1.316362,346.25
1.311237,346.5
1.306111,346.75
1.303549,347.0
1.298423,347.25
1.293298,347.5
1.295861,347.75
1.293298,348.0
1.289454,348.25
1.284329,348.5
1.279203,348.75
1.27536,349.0
1.270234,349.25
1.267671,349.5
1.263827,349.75
1.258702,350.0
1.257421,350.25
1.251014,350.5
1.248451,350.75
1.243326,351.0
1.240764,351.25
1.23692,351.5
1.233075,351.75
1.229232,352.0
1.224106,352.25
1.220262,352.5
1.221544,352.75
1.203605,353.0
1.192073,353.25
1.148508,353.5
1.107505,353.75
1.113912,354.0
1.11263,354.25
1.108786,354.5
1.111349,354.75
1.116474,355.0
1.117756,355.25
1.117756,355.5
1.122881,355.75
1.122881,356.0
1.15107,356.25
1.194636,356.5
1.222825,356.75
1.218981,357.0
1.212574,357.25
1.184385,357.5
1.199761,357.75
1.202324,358.0
1.203605,358.25
1.201042,358.5
1.186948,358.75
1.184385,359.0
1.186948,359.25
1.18951,359.5
1.193354,359.75
1.190792,360.0
1.185666,360.25
1.184385,360.5
1.186948,360.75
1.188229,361.0
1.19848,361.25
1.186948,361.5
1.181822,361.75
1.172853,362.0
1.167728,362.25
1.162602,362.5
1.158758,362.75
1.153633,363.0
1.152352,363.25
1.152352,363.5
1.15107,363.75
1.15107,364.0
1.148508,364.25
1.147226,364.5
1.142101,364.75
1.139538,365.0
1.136976,365.25
1.136976,365.5
1.133132,365.75
1.129288,366.0
1.125444,366.25
1.122881,366.5
1.122881,366.75
1.117756,367.0
1.120318,367.25
1.115193,367.5
1.111349,367.75
1.107505,368.0
1.104942,368.25
1.101098,368.5
1.098536,368.75
1.09341,369.0
1.089566,369.25
1.088285,369.5
1.081878,369.75
1.078035,370.0
1.07419,370.25
1.070346,370.5
1.066502,370.75
1.065221,371.0
1.060096,371.25
1.057533,371.5
1.057533,371.75
1.052408,372.0
1.051126,372.25
1.046001,372.5
1.039595,372.75
1.037032,373.0
1.031907,373.25
1.030625,373.5
1.026781,373.75
1.022937,374.0
1.019093,374.25
1.015249,374.5
1.013968,374.75
1.012687,375.0
1.00628,375.25
1.004999,375.5
0.999873,375.75
0.996029,376.0
0.993467,376.25
0.990904,376.5
0.985779,376.75
0.984497,377.0
0.979372,377.25
0.975528,377.5
0.974247,377.75
0.969121,378.0
0.966559,378.25
0.965277,378.5
0.958871,378.75
0.956308,379.0
0.953745,379.25
0.951183,379.5
0.947339,379.75
0.944776,380.0
0.971585,380.25
0.969022,380.5
0.965178,380.75
0.963897,381.0
0.960053,381.25
0.956209,381.5
0.951084,381.75
0.948521,382.0
0.954928,382.25
0.940833,382.5
0.930582,382.75
0.912644,383.0
0.9088,383.25
0.906237,383.5
0.892142,383.75
0.884454,384.0
0.857546,384.25
0.86139,384.5
0.857546,384.75
0.848577,385.0
0.847296,385.25
0.843452,385.5
0.840889,385.75
0.838326,386.0
0.833201,386.25
0.83192,386.5
0.835764,386.75
0.848577,387.0
0.878048,387.25
0.848577,387.5
0.846014,387.75
0.858828,388.0
0.894705,388.25
0.902393,388.5
0.893424,388.75
0.875485,389.0
0.862672,389.25
0.863953,389.5
0.843452,389.75
0.84217,390.0
0.843452,390.25
0.837045,390.5
0.84217,390.75
0.84217,391.0
0.84217,391.25
0.84217,391.5
0.837045,391.75
0.838326,392.0
0.833201,392.25
0.830638,392.5
0.83192,392.75
0.830638,393.0
0.826795,393.25
0.825513,393.5
0.82295,393.75
0.820388,394.0
0.821669,394.25
0.819107,394.5
0.817825,394.75
0.816544,395.0
0.813981,395.25
0.8127,395.5
0.8127,395.75
0.811419,396.0
0.808856,396.25
0.806293,396.5
0.806293,396.75
0.810137,397.0
0.806293,397.25
0.805012,397.5
0.802449,397.75
0.799887,398.0
0.798605,398.25
0.798605,398.5
0.797324,398.75
0.796043,399.0
0.805012,399.25
0.820388,399.5
0.819107,399.75
0.805012,400.0
0.792199,400.25
0.775541,400.5
0.764009,400.75
0.757603,401.0
0.769135,401.25
0.766572,401.5
0.766572,401.75
0.771697,402.0
0.77426,402.25
0.785792,402.5
0.783229,402.75
0.780667,403.0
0.779385,403.25
0.776823,403.5
0.775541,403.75
0.771697,404.0
0.769135,404.25
0.767853,404.5
0.767853,404.75
0.767853,405.0
0.766572,405.25
0.764009,405.5
0.762728,405.75
0.760165,406.0
0.761447,406.25
0.758884,406.5
0.758884,406.75
0.756321,407.0
0.75504,407.25
0.753759,407.5
0.751196,407.75
0.747352,408.0
0.746071,408.25
0.746071,408.5
0.743508,408.75
0.742227,409.0
0.738383,409.25
0.738383,409.5
0.737101,409.75
0.734539,410.0
0.733257,410.25
0.731976,410.5
0.729413,410.75
0.726851,411.0
0.725569,411.25
0.724288,411.5
0.721725,411.75
0.723007,412.0
0.719163,412.25
0.717881,412.5
0.717881,412.75
0.715319,413.0
0.714037,413.25
0.712756,413.5
0.708912,413.75
0.707631,414.0
0.706349,414.25
0.703787,414.5
0.702505,414.75
0.703787,415.0
0.701224,415.25
0.698661,415.5
0.698661,415.75
0.696099,416.0
0.694817,416.25
0.693536,416.5
0.694817,416.75
0.690973,417.0
0.688411,417.25
0.687129,417.5
0.685848,417.75
0.683285,418.0
0.682004,418.25
0.682004,418.5
0.682004,418.75
0.683285,419.0
0.679441,419.25
0.680723,419.5
0.684567,419.75
0.702505,420.0
0.707631,420.25
0.715319,420.5
0.717881,420.75
0.720444,421.0
0.711475,421.25
0.712756,421.5
0.701224,421.75
0.687129,422.0
0.692255,422.25
0.69738,422.5
0.696099,422.75
0.693536,423.0
0.694817,423.25
0.693536,423.5
0.69738,423.75
0.703787,424.0
0.696099,424.25
0.696099,424.5
0.689692,424.75
0.694817,425.0
0.696099,425.25
0.692255,425.5
0.689692,425.75
0.688411,426.0
0.685848,426.25
0.683285,426.5
0.679441,426.75
0.676879,427.0
0.676879,427.25
0.674316,427.5
0.671753,427.75
0.673035,428.0
0.671753,428.25
0.670472,428.5
0.669191,428.75
0.666628,429.0
0.664065,429.25
0.661503,429.5
0.657659,429.75
0.65894,430.0
0.65894,430.25
0.662784,430.5
0.662784,430.75
0.661503,431.0
0.65894,431.25
0.660221,431.5
0.657659,431.75
0.653815,432.0
0.652533,432.25
0.652533,432.5
0.652533,432.75
0.651252,433.0
0.651252,433.25
0.64869,433.5
0.646127,433.75
0.646127,434.0
0.642283,434.25
0.642283,434.5
0.63972,434.75
0.63972,435.0
0.637157,435.25
0.637157,435.5
0.634595,435.75
0.632032,436.0
0.630751,436.25
0.632032,436.5
0.628188,436.75
0.624344,437.0
0.625626,437.25
0.624344,437.5
0.623063,437.75
0.621782,438.0
0.623063,438.25
0.6205,438.5
0.6205,438.75
0.619219,439.0
0.617938,439.25
0.615375,439.5
0.614094,439.75
0.612812,440.0
0.612812,440.25
0.611531,440.5
0.608968,440.75
0.608968,441.0
0.607687,441.25
0.607687,441.5
0.606406,441.75
0.605124,442.0
0.602562,442.25
0.60128,442.5
0.60128,442.75
0.60128,443.0
0.597436,443.25
0.597436,443.5
0.596155,443.75
0.594874,444.0
0.592311,444.25
0.592311,444.5
0.592311,444.75
0.589748,445.0
0.589748,445.25
0.587186,445.5
0.587186,445.75
0.585904,446.0
0.584623,446.25
0.585904,446.5
0.58206,446.75
0.580779,447.0
0.580779,447.25
0.579498,447.5
0.578216,447.75
0.578216,448.0
0.573091,448.25
0.574372,448.5
0.574372,448.75
0.574372,449.0
0.57181,449.25
0.570528,449.5
0.573091,449.75
0.569247,450.0
0.567966,450.25
0.569247,450.5
0.56284,450.75
0.564122,451.0
0.56284,451.25
0.561559,451.5
0.561559,451.75
0.558996,452.0
0.557715,452.25
0.557715,452.5
0.556434,452.75
0.556434,453.0
0.553871,453.25
0.553871,453.5
0.55259,453.75
0.551308,454.0
0.551308,454.25
0.550027,454.5
0.547464,454.75
0.546183,455.0
0.547464,455.25
0.544902,455.5
0.54362,455.75
0.54362,456.0
0.54362,456.25
0.542339,456.5
0.541058,456.75
0.541058,457.0
0.541058,457.25
0.539776,457.5
0.535932,457.75
0.538495,458.0
0.534651,458.25
0.534651,458.5
0.53337,458.75
0.532088,459.0
0.530807,459.25
0.529526,459.5
0.529526,459.75
0.528244,460.0
0.529526,460.25
0.526963,460.5
0.5244,460.75
0.5244,461.0
0.523119,461.25
0.521838,461.5
0.520556,461.75
0.532088,462.0
0.532088,462.25
0.541058,462.5
0.542339,462.75
0.550027,463.0
0.551308,463.25
0.551308,463.5
0.550027,463.75
0.548746,464.0
0.547464,464.25
0.530807,464.5
0.512868,464.75
0.511587,465.0
0.519275,465.25
0.511587,465.5
0.5244,465.75
0.509024,466.0
0.503899,466.25
0.503899,466.5
0.496211,466.75
0.493648,467.0
0.492367,467.25
0.487242,467.5
0.484679,467.75
0.489804,468.0
0.492367,468.25
0.496211,468.5
0.498774,468.75
0.497492,469.0
0.498774,469.25
0.498774,469.5
0.497492,469.75
0.498774,470.0
0.50518,470.25
0.500055,470.5
0.49493,470.75
0.497492,471.0
0.498774,471.25
0.492367,471.5
0.492367,471.75
0.492367,472.0
0.491086,472.25
0.489804,472.5
0.488523,472.75
0.48596,473.0
0.48596,473.25
0.48596,473.5
0.48596,473.75
0.48596,474.0
0.48596,474.25
0.484679,474.5
0.482116,474.75
0.484679,475.0
0.487242,475.25
0.50518,475.5
0.474428,475.75
0.491086,476.0
0.487242,476.25
0.487242,476.5
0.48596,476.75
0.48596,477.0
0.482116,477.25
0.528244,477.5
0.526963,477.75
0.560278,478.0
0.556434,478.25
0.551308,478.5
0.517994,478.75
0.501336,479.0
0.482116,479.25
0.546183,479.5
0.558996,479.75
0.567966,480.0
0.512868,480.25
0.538495,480.5
0.5244,480.75
0.48596,481.0
0.479554,481.25
0.491086,481.5
0.54362,481.75
0.544902,482.0
0.5244,482.25
0.498774,482.5
0.482116,482.75
0.479554,483.0
0.479554,483.25
0.489804,483.5
0.489804,483.75
0.491086,484.0
0.49493,484.25
0.498774,484.5
0.501336,484.75
0.501336,485.0
0.501336,485.25
0.500055,485.5
0.502618,485.75
0.520556,486.0
0.534651,486.25
0.53337,486.5
0.528244,486.75
0.493648,487.0
0.489804,487.25
0.488523,487.5
0.497492,487.75
0.497492,488.0
0.496211,488.25
0.496211,488.5
0.498774,488.75
0.497492,489.0
0.497492,489.25
0.500055,489.5
0.498774,489.75
0.500055,490.0
0.497492,490.25
0.497492,490.5
0.497492,490.75
0.497492,491.0
0.498774,491.25
0.500055,491.5
0.500055,491.75
0.500055,492.0
0.500055,492.25
0.497492,492.5
0.501336,492.75
0.497492,493.0
0.497492,493.25
0.498774,493.5
0.498774,493.75
0.496211,494.0
0.497492,494.25
0.498774,494.5
0.496211,494.75
0.498774,495.0
0.497492,495.25
0.498774,495.5
0.497492,495.75
0.500055,496.0
0.500055,496.25
0.501336,496.5
0.496211,496.75
0.500055,497.0
0.500055,497.25
0.515431,497.5
0.528244,497.75
0.528244,498.0
0.525682,498.25
0.515431,498.5
0.50518,498.75
0.500055,499.0
0.501336,499.25
0.500055,499.5
0.500055,499.75
0.501336,500.0
0.500055,500.25
0.496211,500.5
0.51415,500.75
0.516712,501.0
0.5244,501.25
0.525682,501.5
0.509024,501.75
0.509024,502.0
0.506462,502.25
0.506462,502.5
0.506462,502.75
0.507743,503.0
0.507743,503.25
0.50518,503.5
0.50518,503.75
0.506462,504.0
0.507743,504.25
0.506462,504.5
0.510306,504.75
0.51415,505.0
0.51415,505.25
0.512868,505.5
0.51415,505.75
0.515431,506.0
0.511587,506.25
0.510306,506.5
0.509024,506.75
0.510306,507.0
0.506462,507.25
0.506462,507.5
0.502618,507.75
0.501336,508.0
0.501336,508.25
0.500055,508.5
0.498774,508.75
0.498774,509.0
0.497492,509.25
0.496211,509.5
0.496211,509.75
0.49493,510.0
0.49493,510.25
0.493648,510.5
0.493648,510.75
0.492367,511.0
0.492367,511.25
0.491086,511.5
0.492367,511.75
0.489804,512.0
0.488523,512.25
0.489804,512.5
0.488523,512.75
0.48596,513.0
0.48596,513.25
0.48596,513.5
0.484679,513.75
0.484679,514.0
0.482116,514.25
0.480835,514.5
0.480835,514.75
0.479554,515.0
0.480835,515.25
0.480835,515.5
0.482116,515.75
0.482116,516.0
0.473147,516.25
0.473147,516.5
0.471866,516.75
0.470584,517.0
0.468022,517.25
0.468022,517.5
0.537145,517.75
0.539707,518.0
0.535863,518.25
0.537145,518.5
0.534582,518.75
0.534582,519.0
0.533301,519.25
0.532019,519.5
0.529457,519.75
0.529457,520.0
0.526894,520.25
0.529457,520.5
0.529457,520.75
0.526894,521.0
0.526894,521.25
0.525613,521.5
0.525613,521.75
0.524331,522.0
0.52305,522.25
0.52305,522.5
0.521769,522.75
0.521769,523.0
0.520487,523.25
0.520487,523.5
0.519206,523.75
0.519206,524.0
0.517925,524.25
0.517925,524.5
0.516643,524.75
0.516643,525.0
0.517925,525.25
0.517925,525.5
0.517925,525.75
0.517925,526.0
0.519206,526.25
0.516643,526.5
0.517925,526.75
0.519206,527.0
0.517925,527.25
0.515362,527.5
0.514081,527.75
0.514081,528.0
0.512799,528.25
0.512799,528.5
0.511518,528.75
0.511518,529.0
0.510237,529.25
0.510237,529.5
0.508955,529.75
0.508955,530.0
0.508955,530.25
0.508955,530.5
0.508955,530.75
0.507674,531.0
0.507674,531.25
0.506393,531.5
0.508955,531.75
0.507674,532.0
0.507674,532.25
0.505111,532.5
0.505111,532.75
0.505111,533.0
0.50383,533.25
0.501267,533.5
0.505111,533.75
0.508955,534.0
0.505111,534.25
0.508955,534.5
0.506393,534.75
0.506393,535.0
0.501267,535.25
0.499986,535.5
0.501267,535.75
0.501267,536.0
0.499986,536.25
0.502549,536.5
0.501267,536.75
0.501267,537.0
0.501267,537.25
0.499986,537.5
0.499986,537.75
0.498705,538.0
0.498705,538.25
0.498705,538.5
0.497423,538.75
0.497423,539.0
0.494861,539.25
0.494861,539.5
0.493579,539.75
0.493579,540.0
0.492298,540.25
0.492298,540.5
0.491017,540.75
0.491017,541.0
0.489735,541.25
0.489735,541.5
0.489735,541.75
0.488454,542.0
0.487173,542.25
0.487173,542.5
0.487173,542.75
0.487173,543.0
0.48461,543.25
0.485891,543.5
0.48461,543.75
0.48461,544.0
0.483329,544.25
0.482047,544.5
0.480766,544.75
0.480766,545.0
0.480766,545.25
0.480766,545.5
0.478203,545.75
0.476922,546.0
0.478203,546.25
0.476922,546.5
0.475641,546.75
0.475641,547.0
0.474359,547.25
0.474359,547.5
0.473078,547.75
0.470515,548.0
0.470515,548.25
0.471797,548.5
0.471797,548.75
0.470515,549.0
0.469234,549.25
0.469234,549.5
0.466671,549.75
0.466671,550.0
0.466671,550.25
0.466671,550.5
0.466671,550.75
0.46539,551.0
0.464109,551.25
0.464109,551.5
0.464109,551.75
0.462827,552.0
0.462827,552.25
0.461546,552.5
0.461546,552.75
0.458983,553.0
0.460265,553.25
0.457702,553.5
0.460265,553.75
0.457702,554.0
0.456421,554.25
0.457702,554.5
0.456421,554.75
0.455139,555.0
0.455139,555.25
0.453858,555.5
0.452577,555.75
0.453858,556.0
0.452577,556.25
0.452577,556.5
0.451295,556.75
0.451295,557.0
0.448733,557.25
0.450014,557.5
0.448733,557.75
0.447451,558.0
0.447451,558.25
0.44617,558.5
0.44617,558.75
0.444889,559.0
0.44617,559.25
0.44617,559.5
0.442326,559.75
0.441045,560.0
0.442326,560.25
0.441045,560.5
0.441045,560.75
0.439763,561.0
0.438482,561.25
0.439763,561.5
0.437201,561.75
0.438482,562.0
0.437201,562.25
0.435919,562.5
0.434638,562.75
0.437201,563.0
0.433357,563.25
0.433357,563.5
0.433357,563.75
0.432075,564.0
0.433357,564.25
0.429513,564.5
0.432075,564.75
0.430794,565.0
0.429513,565.25
0.42695,565.5
0.42695,565.75
0.424387,566.0
0.423106,566.25
0.425669,566.5
0.423106,566.75
0.423106,567.0
0.423106,567.25
0.423106,567.5
0.424387,567.75
0.421825,568.0
0.420543,568.25
0.423106,568.5
0.421825,568.75
0.421825,569.0
0.420543,569.25
0.420543,569.5
0.420543,569.75
0.419262,570.0
0.420543,570.25
0.419262,570.5
0.417981,570.75
0.416699,571.0
0.416699,571.25
0.415418,571.5
0.415418,571.75
0.414137,572.0
0.414137,572.25
0.414137,572.5
0.412855,572.75
0.414137,573.0
0.411574,573.25
0.412855,573.5
0.411574,573.75
0.410293,574.0
0.410293,574.25
0.409011,574.5
0.409011,574.75
0.40773,575.0
0.406449,575.25
0.406449,575.5
0.406449,575.75
0.406449,576.0
0.406449,576.25
0.40773,576.5
0.405167,576.75
0.405167,577.0
0.403886,577.25
0.403886,577.5
0.402605,577.75
0.402605,578.0
0.403886,578.25
0.405167,578.5
0.403886,578.75
0.405167,579.0
0.405167,579.25
0.405167,579.5
0.405167,579.75
0.406449,580.0
0.405167,580.25
0.405167,580.5
0.403886,580.75
0.402605,581.0
0.402605,581.25
0.398761,581.5
0.39748,581.75
0.396198,582.0
0.396198,582.25
0.394917,582.5
0.394917,582.75
0.394917,583.0
0.392354,583.25
0.393636,583.5
0.392354,583.75
0.392354,584.0
0.392354,584.25
0.391073,584.5
0.392354,584.75
0.389792,585.0
0.389792,585.25
0.38851,585.5
0.387229,585.75
0.387229,586.0
0.385948,586.25
0.384666,586.5
0.385948,586.75
0.384666,587.0
0.383385,587.25
0.383385,587.5
0.382104,587.75
0.382104,588.0
0.382104,588.25
0.380822,588.5
0.379541,588.75
0.379541,589.0
0.376978,589.25
0.379541,589.5
0.376978,589.75
0.376978,590.0
0.37826,590.25
0.375697,590.5
0.375697,590.75
0.375697,591.0
0.374416,591.25
0.373134,591.5
0.373134,591.75
0.373134,592.0
0.371853,592.25
0.370572,592.5
0.370572,592.75
0.370572,593.0
0.36929,593.25
0.36929,593.5
0.368009,593.75
0.368009,594.0
0.36929,594.25
0.36929,594.5
0.36929,594.75
0.370572,595.0
0.368009,595.25
0.379541,595.5
0.376978,595.75
0.37826,596.0
0.375697,596.25
0.374416,596.5
0.375697,596.75
0.373134,597.0
0.375697,597.25
0.374416,597.5
0.373134,597.75
0.373134,598.0
0.370572,598.25
0.370572,598.5
0.370572,598.75
0.370572,599.0
0.36929,599.25
0.36929,599.5
0.36929,599.75
0.36929,600.0
0.366728,600.25
0.366728,600.5
0.368009,600.75
0.373134,601.0
0.379541,601.25
0.384666,601.5
0.383385,601.75
0.38851,602.0
0.387229,602.25
0.382104,602.5
0.364165,602.75
0.364165,603.0
0.364165,603.25
0.36929,603.5
0.366728,603.75
0.366728,604.0
0.366728,604.25
0.362884,604.5
0.362884,604.75
0.362884,605.0
0.364165,605.25
0.364165,605.5
0.365446,605.75
0.365446,606.0
0.368009,606.25
0.366728,606.5
0.368009,606.75
0.368009,607.0
0.365446,607.25
0.366728,607.5
0.366728,607.75
0.373134,608.0
0.379541,608.25
0.379541,608.5
0.379541,608.75
0.382104,609.0
0.383385,609.25
0.383385,609.5
0.387229,609.75
0.384666,610.0
0.385948,610.25
0.38851,610.5
0.389792,610.75
0.38851,611.0
0.384666,611.25
0.385948,611.5
0.385948,611.75
0.384666,612.0
0.383385,612.25
0.384666,612.5
0.383385,612.75
0.374416,613.0
0.357758,613.25
0.357758,613.5
0.356477,613.75
0.366728,614.0
0.366728,614.25
0.366728,614.5
0.360321,614.75
0.366728,615.0
0.36929,615.25
0.365446,615.5
0.360321,615.75
0.347508,616.0
0.347508,616.25
0.352633,616.5
0.352633,616.75
0.352633,617.0
0.352633,617.25
0.351352,617.5
0.35007,617.75
0.351352,618.0
0.348789,618.25
0.347508,618.5
0.348789,618.75
0.347508,619.0
0.346226,619.25
0.346226,619.5
0.346226,619.75
0.346226,620.0
0.343664,620.25
0.343664,620.5
0.347508,620.75
0.352633,621.0
0.35904,621.25
0.35904,621.5
0.357758,621.75
0.357758,622.0
0.360321,622.25
0.357758,622.5
0.344945,622.75
0.346226,623.0
0.35007,623.25
0.352633,623.5
0.351352,623.75
0.355196,624.0
0.347508,624.25
0.346226,624.5
0.353914,624.75
0.351352,625.0
0.35007,625.25
0.35007,625.5
0.347508,625.75
0.347508,626.0
0.347508,626.25
0.346226,626.5
0.344945,626.75
0.344945,627.0
0.342382,627.25
0.344945,627.5
0.342382,627.75
0.341101,628.0
0.342382,628.25
0.33982,628.5
0.338538,628.75
0.33982,629.0
0.338538,629.25
0.337257,629.5
0.337257,629.75
0.33982,630.0
0.35007,630.25
0.357758,630.5
0.356477,630.75
0.356477,631.0
0.35904,631.25
0.364165,631.5
0.353914,631.75
0.342382,632.0
0.352633,632.25
0.356477,632.5
0.357758,632.75
0.356477,633.0
0.35007,633.25
0.342382,633.5
0.33982,633.75
0.341101,634.0
0.33982,634.25
0.341101,634.5
0.33982,634.75
0.341101,635.0
0.33982,635.25
0.33982,635.5
0.341101,635.75
0.341101,636.0
0.341101,636.25
0.341101,636.5
0.338538,636.75
0.338538,637.0
0.33982,637.25
0.338538,637.5
0.338538,637.75
0.338538,638.0
0.338538,638.25
0.338538,638.5
0.337257,638.75
0.338538,639.0
0.335976,639.25
0.335976,639.5
0.334694,639.75
0.334694,640.0
0.333413,640.25
0.333413,640.5
0.332132,640.75
0.334694,641.0
0.333413,641.25
0.332132,641.5
0.332132,641.75
0.332132,642.0
0.332132,642.25
0.33085,642.5
0.33085,642.75
0.329569,643.0
0.329569,643.25
0.327006,643.5
0.328288,643.75
0.328288,644.0
0.33982,644.25
0.347508,644.5
0.348789,644.75
0.346226,645.0
0.343664,645.25
0.348789,645.5
0.35904,645.75
0.35904,646.0
0.337257,646.25
0.327006,646.5
0.328288,646.75
0.334694,647.0
0.338538,647.25
0.33982,647.5
0.335976,647.75
0.328288,648.0
0.3206,648.25
0.319318,648.5
0.318037,648.75
0.318037,649.0
0.318037,649.25
0.316756,649.5
0.316756,649.75
0.316756,650.0
0.316756,650.25
0.314193,650.5
0.31163,650.75
0.314193,651.0
0.312912,651.25
0.31163,651.5
0.310349,651.75
0.310349,652.0
0.309068,652.25
0.309068,652.5
0.309068,652.75
0.309068,653.0
0.306505,653.25
0.307786,653.5
0.306505,653.75
0.305224,654.0
0.306505,654.25
0.305224,654.5
0.309068,654.75
0.323162,655.0
0.327006,655.25
0.328288,655.5
0.327006,655.75
0.337257,656.0
0.33085,656.25
0.310349,656.5
0.310349,656.75
0.318037,657.0
0.318037,657.25
0.31163,657.5
0.302661,657.75
0.300098,658.0
0.300098,658.25
0.300098,658.5
0.300098,658.75
0.300098,659.0
0.298817,659.25
0.297536,659.5
0.297536,659.75
0.298817,660.0
0.296254,660.25
0.297536,660.5
0.294973,660.75
0.297536,661.0
0.294973,661.25
0.294973,661.5
0.293692,661.75
0.29241,662.0
0.29241,662.25
0.293692,662.5
0.29241,662.75
0.291129,663.0
0.291129,663.25
0.289848,663.5
0.291129,663.75
0.289848,664.0
0.291129,664.25
0.289848,664.5
0.288566,664.75
0.287285,665.0
0.287285,665.25
0.287285,665.5
0.286004,665.75
0.286004,666.0
0.284722,666.25
0.286004,666.5
0.283441,666.75
0.283441,667.0
0.28216,667.25
0.28216,667.5
0.280878,667.75
0.28216,668.0
0.280878,668.25
0.28216,668.5
0.280878,668.75
0.279597,669.0
0.293692,669.25
0.30138,669.5
0.305224,669.75
0.306505,670.0
0.305224,670.25
0.305224,670.5
0.309068,670.75
0.310349,671.0
0.310349,671.25
0.314193,671.5
0.300098,671.75
0.296254,672.0
0.291129,672.25
0.291129,672.5
0.29241,672.75
0.283441,673.0
0.279597,673.25
0.280878,673.5
0.278316,673.75
0.278316,674.0
0.277034,674.25
0.277034,674.5
0.278316,674.75
0.274472,675.0
0.274472,675.25
0.275753,675.5
0.277034,675.75
0.274472,676.0
0.274472,676.25
0.274472,676.5
0.279597,676.75
0.289848,677.0
0.291129,677.25
0.29241,677.5
0.291129,677.75
0.293692,678.0
0.294973,678.25
0.296254,678.5
0.294973,678.75
0.293692,679.0
0.294973,679.25
0.28216,679.5
0.280878,679.75
0.279597,680.0
0.279597,680.25
0.279597,680.5
0.280878,680.75
0.286004,681.0
0.278316,681.25
0.269346,681.5
0.268065,681.75
0.268065,682.0
0.266784,682.25
0.265502,682.5
0.265502,682.75
0.266784,683.0
0.264221,683.25
0.26294,683.5
0.26294,683.75
0.26294,684.0
0.264221,684.25
0.26294,684.5
0.264221,684.75
0.26294,685.0
0.26294,685.25
0.264221,685.5
0.265502,685.75
0.264221,686.0
0.264221,686.25
0.26294,686.5
0.261658,686.75
0.26294,687.0
0.261658,687.25
0.260377,687.5
0.260377,687.75
0.260377,688.0
0.260377,688.25
0.260377,688.5
0.259096,688.75
0.259096,689.0
0.259096,689.25
0.257814,689.5
0.257814,689.75
0.257814,690.0
0.257814,690.25
0.257814,690.5
0.257814,690.75
0.256533,691.0
0.257814,691.25
0.255252,691.5
0.255252,691.75
0.25397,692.0
0.255252,692.25
0.25397,692.5
0.255252,692.75
0.25397,693.0
0.25397,693.25
0.25397,693.5
0.25397,693.75
0.255252,694.0
0.252689,694.25
0.252689,694.5
0.252689,694.75
0.252689,695.0
0.251408,695.25
0.252689,695.5
0.251408,695.75
0.250126,696.0
0.250126,696.25
0.250126,696.5
0.251408,696.75
0.248845,697.0
0.250126,697.25
0.248845,697.5
0.247564,697.75
0.248845,698.0
0.247564,698.25
0.248845,698.5
0.246282,698.75
0.247564,699.0
0.247564,699.25
0.246282,699.5
0.247564,699.75
0.246282,700.0
0.246282,700.25
0.246282,700.5
0.245001,700.75
0.246282,701.0
0.245001,701.25
0.245001,701.5
0.245001,701.75
0.242438,702.0
0.245001,702.25
0.245001,702.5
0.24372,702.75
0.242438,703.0
0.24372,703.25
0.241157,703.5
0.241157,703.75
0.242438,704.0
0.242438,704.25
0.241157,704.5
0.242438,704.75
0.246282,705.0
0.25397,705.25
0.259096,705.5
0.260377,705.75
0.260377,706.0
0.260377,706.25
0.260377,706.5
0.250126,706.75
0.242438,707.0
0.241157,707.25
0.245001,707.5
0.246282,707.75
0.250126,708.0
0.247564,708.25
0.239876,708.5
0.237313,708.75
0.237313,709.0
0.23475,709.25
0.236032,709.5
0.23475,709.75
0.233469,710.0
0.233469,710.25
0.233469,710.5
0.233469,710.75
0.233469,711.0
0.233469,711.25
0.232188,711.5
0.230906,711.75
0.233469,712.0
0.232188,712.25
0.230906,712.5
0.230906,712.75
0.229625,713.0
0.230906,713.25
0.230906,713.5
0.230906,713.75
0.230906,714.0
0.230906,714.25
0.230906,714.5
0.230906,714.75
0.229625,715.0
0.228344,715.25
0.230906,715.5
0.228344,715.75
0.229625,716.0
0.229625,716.25
0.228344,716.5
0.228344,716.75
0.228344,717.0
0.2245,717.25
0.227062,717.5
0.2245,717.75
0.2245,718.0
0.225781,718.25
0.225781,718.5
0.227062,718.75
0.229625,719.0
0.230906,719.25
0.239876,719.5
0.245001,719.75
0.24372,720.0
0.24372,720.25
0.24372,720.5
0.247564,720.75
0.233469,721.0
0.227062,721.25
0.229625,721.5
0.236032,721.75
0.237313,722.0
0.232188,722.25
0.227062,722.5
0.225781,722.75
0.2245,723.0
0.223218,723.25
0.2245,723.5
0.221937,723.75
0.221937,724.0
0.220656,724.25
0.221937,724.5
0.220656,724.75
0.220656,725.0
0.221937,725.25
0.219374,725.5
0.219374,725.75
0.219374,726.0
0.219374,726.25
0.219374,726.5
0.218093,726.75
0.218093,727.0
0.219374,727.25
0.216812,727.5
0.218093,727.75
0.216812,728.0
0.216812,728.25
0.216812,728.5
0.216812,728.75
0.216812,729.0
0.216812,729.25
0.216812,729.5
0.216812,729.75
0.216812,730.0
0.216812,730.25
0.214249,730.5
0.21553,730.75
0.21553,731.0
0.214249,731.25
0.214249,731.5
0.212968,731.75
0.214249,732.0
0.212968,732.25
0.214249,732.5
0.211686,732.75
0.212968,733.0
0.212968,733.25
0.212968,733.5
0.211686,733.75
0.210405,734.0
0.210405,734.25
0.209124,734.5
0.210405,734.75
0.209124,735.0
0.207842,735.25
0.209124,735.5
0.209124,735.75
0.209124,736.0
0.207842,736.25
0.207842,736.5
0.207842,736.75
0.206561,737.0
0.209124,737.25
0.207842,737.5
0.206561,737.75
0.206561,738.0
0.206561,738.25
0.20528,738.5
0.206561,738.75
0.20528,739.0
0.20528,739.25
0.20528,739.5
0.203999,739.75
0.202717,740.0
0.20528,740.25
0.20528,740.5
0.203999,740.75
0.201436,741.0
0.202717,741.25
0.202717,741.5
0.201436,741.75
0.202717,742.0
0.203999,742.25
0.202717,742.5
0.201436,742.75
0.202717,743.0
0.202717,743.25
0.203999,743.5
0.200155,743.75
0.200155,744.0
0.200155,744.25
0.203999,744.5
0.201436,744.75
0.201436,745.0
0.201436,745.25
0.200155,745.5
0.200155,745.75
0.198873,746.0
0.200155,746.25
0.198873,746.5
0.200155,746.75
0.198873,747.0
0.198873,747.25
0.197592,747.5
0.198873,747.75
0.197592,748.0
0.197592,748.25
0.197592,748.5
0.197592,748.75
0.197592,749.0
0.197592,749.25
0.197592,749.5
0.196311,749.75
0.196311,750.0
0.196311,750.25
0.197592,750.5
0.195029,750.75
0.195029,751.0
0.193748,751.25
0.195029,751.5
0.196311,751.75
0.193748,752.0
0.195029,752.25
0.195029,752.5
0.195029,752.75
0.193748,753.0
0.192467,753.25
0.192467,753.5
0.193748,753.75
0.191185,754.0
0.192467,754.25
0.193748,754.5
0.193748,754.75
0.195029,755.0
0.192467,755.25
0.192467,755.5
0.192467,755.75
0.191185,756.0
0.189904,756.25
0.191185,756.5
0.191185,756.75
0.189904,757.0
0.188623,757.25
0.191185,757.5
0.189904,757.75
0.189904,758.0
0.189904,758.25
0.189904,758.5
0.188623,758.75
0.189904,759.0
0.188623,759.25
0.188623,759.5
0.187341,759.75
0.188623,760.0
0.188623,760.25
0.187341,760.5
0.187341,760.75
0.188623,761.0
0.187341,761.25
0.187341,761.5
0.18606,761.75
0.18606,762.0
0.18606,762.25
0.187341,762.5
0.187341,762.75
0.187341,763.0
0.18606,763.25
0.18606,763.5
0.18606,763.75
0.184779,764.0
0.184779,764.25
0.183497,764.5
0.183497,764.75
0.183497,765.0
0.182216,765.25
0.183497,765.5
0.184779,765.75
0.183497,766.0
0.182216,766.25
0.183497,766.5
0.183497,766.75
0.183497,767.0
0.183497,767.25
0.182216,767.5
0.182216,767.75
0.183497,768.0
0.184779,768.25
0.184779,768.5
0.183497,768.75
0.183497,769.0
0.184779,769.25
0.183497,769.5
0.183497,769.75
0.183497,770.0
0.183497,770.25
0.183497,770.5
0.180935,770.75
0.183497,771.0
0.183497,771.25
0.183497,771.5
0.180935,771.75
0.182216,772.0
0.180935,772.25
0.180935,772.5
0.180935,772.75
0.179653,773.0
0.179653,773.25
0.179653,773.5
0.180935,773.75
0.180935,774.0
0.179653,774.25
0.179653,774.5
0.178372,774.75
0.178372,775.0
0.178372,775.25
0.178372,775.5
0.177091,775.75
0.175809,776.0
0.175809,776.25
0.177091,776.5
0.178372,776.75
0.177091,777.0
0.175809,777.25
0.177091,777.5
0.174528,777.75
0.175809,778.0
0.174528,778.25
0.173247,778.5
0.175809,778.75
0.173247,779.0
0.174528,779.25
0.175809,779.5
0.175809,779.75
0.173247,780.0
0.177091,780.25
0.171965,780.5
0.173247,780.75
0.174528,781.0
0.174528,781.25
0.174528,781.5
0.173247,781.75
0.174528,782.0
0.173247,782.25
0.171965,782.5
0.170684,782.75
0.177091,783.0
0.180935,783.25
0.187341,783.5
0.189904,783.75
0.189904,784.0
0.191185,784.25
0.192467,784.5
0.180935,784.75
0.175809,785.0
0.179653,785.25
0.182216,785.5
0.18606,785.75
0.184779,786.0
0.177091,786.25
0.171965,786.5
0.171965,786.75
0.173247,787.0
0.170684,787.25
0.171965,787.5
0.170684,787.75
0.171965,788.0
0.171965,788.25
0.170684,788.5
0.169403,788.75
0.169403,789.0
0.169403,789.25
0.170684,789.5
0.170684,789.75
0.169403,790.0
0.171965,790.25
0.169403,790.5
0.169403,790.75
0.170684,791.0
0.170684,791.25
0.168121,791.5
0.168121,791.75
0.169403,792.0
0.168121,792.25
0.170684,792.5
0.168121,792.75
0.169403,793.0
0.168121,793.25
0.165559,793.5
0.16684,793.75
0.168121,794.0
0.16684,794.25
0.16684,794.5
0.16684,794.75
0.16684,795.0
0.168121,795.25
0.16684,795.5
0.16684,795.75
0.168121,796.0
0.16684,796.25
0.16684,796.5
0.16684,796.75
0.165559,797.0
0.164277,797.25
0.165559,797.5
0.164277,797.75
0.165559,798.0
0.164277,798.25
0.164277,798.5
0.165559,798.75
0.165559,799.0
0.162996,799.25
0.169403,799.5
0.177091,799.75
0.180935,800.0
0.182216,800.25
0.182216,800.5
0.183497,800.75
0.182216,801.0
0.180935,801.25
0.177091,801.5
0.171965,801.75
0.175809,802.0
0.169403,802.25
0.16684,802.5
0.168121,802.75
0.169403,803.0
0.175809,803.25
0.179653,803.5
0.180935,803.75
0.179653,804.0
0.180935,804.25
0.179653,804.5
0.179653,804.75
0.182216,805.0
0.180935,805.25
0.178372,805.5
0.180935,805.75
0.180935,806.0
0.180935,806.25
0.174528,806.5
0.177091,806.75
0.174528,807.0
0.175809,807.25
0.177091,807.5
0.171965,807.75
0.165559,808.0
0.162996,808.25
0.169403,808.5
0.173247,808.75
0.168121,809.0
0.164277,809.25
0.165559,809.5
0.162996,809.75
0.164277,810.0
0.162996,810.25
0.162996,810.5
0.161715,810.75
0.161715,811.0
0.161715,811.25
0.161715,811.5
0.160433,811.75
0.161715,812.0
0.162996,812.25
0.161715,812.5
0.160433,812.75
0.159152,813.0
0.161715,813.25
0.161715,813.5
0.161715,813.75
0.161715,814.0
0.161715,814.25
0.162996,814.5
0.160433,814.75
0.160433,815.0
0.160433,815.25
0.160433,815.5
0.157871,815.75
0.159152,816.0
0.159152,816.25
0.159152,816.5
0.160433,816.75
0.160433,817.0
0.161715,817.25
0.161715,817.5
0.161715,817.75
0.161715,818.0
0.160433,818.25
0.160433,818.5
0.159152,818.75
0.161715,819.0
0.160433,819.25
0.157871,819.5
0.159152,819.75
0.159152,820.0
0.157871,820.25
0.159152,820.5
0.156589,820.75
0.159152,821.0
0.157871,821.25
0.157871,821.5
0.157871,821.75
0.156589,822.0
0.159152,822.25
0.156589,822.5
0.157871,822.75
0.157871,823.0
0.159152,823.25
0.156589,823.5
0.156589,823.75
0.156589,824.0
0.156589,824.25
0.156589,824.5
0.156589,824.75
0.157871,825.0
0.156589,825.25
0.155308,825.5
0.155308,825.75
0.155308,826.0
0.155308,826.25
0.155308,826.5
0.154027,826.75
0.154027,827.0
0.155308,827.25
0.156589,827.5
0.155308,827.75
0.154027,828.0
0.155308,828.25
0.154027,828.5
0.156589,828.75
0.154027,829.0
0.155308,829.25
0.156589,829.5
0.155308,829.75
0.155308,830.0
0.154027,830.25
0.154027,830.5
0.154027,830.75
0.154027,831.0
0.154027,831.25
0.154027,831.5
0.152745,831.75
0.154027,832.0
0.152745,832.25
0.152745,832.5
0.152745,832.75
0.151464,833.0
0.152745,833.25
0.154027,833.5
0.152745,833.75
0.151464,834.0
0.152745,834.25
0.150183,834.5
0.151464,834.75
0.150183,835.0
0.152745,835.25
0.152745,835.5
0.151464,835.75
0.150183,836.0
0.151464,836.25
0.151464,836.5
0.150183,836.75
0.150183,837.0
0.150183,837.25
0.152745,837.5
0.150183,837.75
0.150183,838.0
0.148901,838.25
0.148901,838.5
0.150183,838.75
0.148901,839.0
0.150183,839.25
0.14762,839.5
0.148901,839.75
0.148901,840.0
0.148901,840.25
0.148901,840.5
0.150183,840.75
0.148901,841.0
0.148901,841.25
0.148901,841.5
0.148901,841.75
0.14762,842.0
0.14762,842.25
0.14762,842.5
0.14762,842.75
0.146339,843.0
0.14762,843.25
0.14762,843.5
0.146339,843.75
0.146339,844.0
0.14762,844.25
0.146339,844.5
0.14762,844.75
0.14762,845.0
0.148901,845.25
0.146339,845.5
0.14762,845.75
0.145057,846.0
0.146339,846.25
0.145057,846.5
0.146339,846.75
0.143776,847.0
0.145057,847.25
0.146339,847.5
0.143776,847.75
0.143776,848.0
0.146339,848.25
0.145057,848.5
0.145057,848.75
0.143776,849.0
0.142495,849.25
0.143776,849.5
0.143776,849.75
0.143776,850.0
0.145057,850.25
0.143776,850.5
0.146339,850.75
0.145057,851.0
0.143776,851.25
0.143776,851.5
0.142495,851.75
0.143776,852.0
0.142495,852.25
0.141213,852.5
0.142495,852.75
0.145057,853.0
0.154027,853.25
0.164277,853.5
0.164277,853.75
0.159152,854.0
0.152745,854.25
0.152745,854.5
0.148901,854.75
0.14762,855.0
0.14762,855.25
0.146339,855.5
0.150183,855.75
0.14762,856.0
0.150183,856.25
0.14762,856.5
0.148901,856.75
0.145057,857.0
0.14762,857.25
0.14762,857.5
0.148901,857.75
0.14762,858.0
0.148901,858.25
0.150183,858.5
0.148901,858.75
0.148901,859.0
0.148901,859.25
0.14762,859.5
0.148901,859.75
0.148901,860.0
0.14762,860.25
0.148901,860.5
0.148901,860.75
0.14762,861.0
0.148901,861.25
0.148901,861.5
0.148901,861.75
0.148901,862.0
0.14762,862.25
0.148901,862.5
0.14762,862.75
0.14762,863.0
0.14762,863.25
0.14762,863.5
0.146339,863.75
0.14762,864.0
0.14762,864.25
0.14762,864.5
0.146339,864.75
0.146339,865.0
0.146339,865.25
0.14762,865.5
0.14762,865.75
0.14762,866.0
0.145057,866.25
0.146339,866.5
0.146339,866.75
0.146339,867.0
0.14762,867.25
0.146339,867.5
0.146339,867.75
0.146339,868.0
0.14762,868.25
0.146339,868.5
0.146339,868.75
0.145057,869.0
0.146339,869.25
0.14762,869.5
0.145057,869.75
0.145057,870.0
0.146339,870.25
0.146339,870.5
0.146339,870.75
0.14762,871.0
0.145057,871.25
0.145057,871.5
0.145057,871.75
0.146339,872.0
0.14762,872.25
0.145057,872.5
0.146339,872.75
0.146339,873.0
0.145057,873.25
0.145057,873.5
0.14762,873.75
0.145057,874.0
0.145057,874.25
0.143776,874.5
0.145057,874.75
0.145057,875.0
0.143776,875.25
0.145057,875.5
0.145057,875.75
0.145057,876.0
0.145057,876.25
0.143776,876.5
0.143776,876.75
0.145057,877.0
0.143776,877.25
0.143776,877.5
0.143776,877.75
0.143776,878.0
0.142495,878.25
0.145057,878.5
0.143776,878.75
0.143776,879.0
0.142495,879.25
0.142495,879.5
0.143776,879.75
0.143776,880.0
0.143776,880.25
0.142495,880.5
0.142495,880.75
0.145057,881.0
0.145057,881.25
0.142495,881.5
0.142495,881.75
0.143776,882.0
0.142495,882.25
0.143776,882.5
0.143776,882.75
0.142495,883.0
0.143776,883.25
0.143776,883.5
0.142495,883.75
0.143776,884.0
0.142495,884.25
0.142495,884.5
0.142495,884.75
0.141213,885.0
0.141213,885.25
0.141213,885.5
0.141213,885.75
0.141213,886.0
0.142495,886.25
0.143776,886.5
0.142495,886.75
0.143776,887.0
0.141213,887.25
0.141213,887.5
0.141213,887.75
0.141213,888.0
0.141213,888.25
0.139932,888.5
0.143776,888.75
0.142495,889.0
0.141213,889.25
0.141213,889.5
0.139932,889.75
0.141213,890.0
0.142495,890.25
0.141213,890.5
0.141213,890.75
0.141213,891.0
0.141213,891.25
0.142495,891.5
0.139932,891.75
0.141213,892.0
0.141213,892.25
0.139932,892.5
0.141213,892.75
0.141213,893.0
0.139932,893.25
0.141213,893.5
0.139932,893.75
0.139932,894.0
0.141213,894.25
0.141213,894.5
0.139932,894.75
0.141213,895.0
0.142495,895.25
0.141213,895.5
0.142495,895.75
0.142495,896.0
0.141213,896.25
0.142495,896.5
0.143776,896.75
0.139932,897.0
0.138651,897.25
0.136088,897.5
0.136088,897.75
0.1284,898.0
0.129681,898.25
0.129681,898.5
0.127119,898.75
0.127119,899.0
0.127119,899.25
0.127119,899.5
0.1284,899.75
0.127119,900.0
0.129681,900.25
0.1284,900.5
0.127119,900.75
0.127119,901.0
0.132244,901.25
0.132244,901.5
0.130963,901.75
0.129681,902.0
0.1284,902.25
0.130963,902.5
0.1284,902.75
0.129681,903.0
0.130963,903.25
0.129681,903.5
0.129681,903.75
0.130963,904.0
0.1284,904.25
0.132244,904.5
0.132244,904.75
0.133525,905.0
0.133525,905.25
0.129681,905.5
0.1284,905.75
0.1284,906.0
0.127119,906.25
0.130963,906.5
0.130963,906.75
0.129681,907.0
0.129681,907.25
0.1284,907.5
0.130963,907.75
0.1284,908.0
0.129681,908.25
0.129681,908.5
0.1284,908.75
0.127119,909.0
0.1284,909.25
0.129681,909.5
0.1284,909.75
0.127119,910.0
0.1284,910.25
0.1284,910.5
0.129681,910.75
0.127119,911.0
0.129681,911.25
0.129681,911.5
0.129681,911.75
0.125837,912.0
0.127119,912.25
0.125837,912.5
0.125837,912.75
0.125837,913.0
0.127119,913.25
0.127119,913.5
0.124556,913.75
0.125837,914.0
0.127119,914.25
0.124556,914.5
0.123275,914.75
0.125837,915.0
0.124556,915.25
0.125837,915.5
0.124556,915.75
0.124556,916.0
0.124556,916.25
0.125837,916.5
0.125837,916.75
0.127119,917.0
0.125837,917.25
0.127119,917.5
0.129681,917.75
0.127119,918.0
0.125837,918.25
0.125837,918.5
0.125837,918.75
0.125837,919.0
0.129681,919.25
0.129681,919.5
0.125837,919.75
0.125837,920.0
0.125837,920.25
0.125837,920.5
0.124556,920.75
0.124556,921.0
0.123275,921.25
0.124556,921.5
0.125837,921.75
0.124556,922.0
0.124556,922.25
0.125837,922.5
0.124556,922.75
0.123275,923.0
0.125837,923.25
0.123275,923.5
0.123275,923.75
0.124556,924.0
0.123275,924.25
0.124556,924.5
0.123275,924.75
0.123275,925.0
0.123275,925.25
0.124556,925.5
0.123275,925.75
0.124556,926.0
0.123275,926.25
0.120712,926.5
0.120712,926.75
0.121993,927.0
0.121993,927.25
0.121993,927.5
0.123275,927.75
0.121993,928.0
0.121993,928.25
0.120712,928.5
0.121993,928.75
0.120712,929.0
0.120712,929.25
0.120712,929.5
0.120712,929.75
0.120712,930.0
0.121993,930.25
0.121993,930.5
0.123275,930.75
0.120712,931.0
0.120712,931.25
0.121993,931.5
0.123275,931.75
0.121993,932.0
0.120712,932.25
0.119431,932.5
0.119431,932.75
0.119431,933.0
0.119431,933.25
0.118149,933.5
0.116868,933.75
0.116868,934.0
0.118149,934.25
0.119431,934.5
0.120712,934.75
0.118149,935.0
0.119431,935.25
0.123275,935.5
0.125837,935.75
0.125837,936.0
0.123275,936.25
0.123275,936.5
0.120712,936.75
0.121993,937.0
0.119431,937.25
0.118149,937.5
0.118149,937.75
0.119431,938.0
0.118149,938.25
0.118149,938.5
0.118149,938.75
0.118149,939.0
0.116868,939.25
0.116868,939.5
0.118149,939.75
0.118149,940.0
0.119431,940.25
0.116868,940.5
0.116868,940.75
0.119431,941.0
0.118149,941.25
0.116868,941.5
0.119431,941.75
0.116868,942.0
0.116868,942.25
0.119431,942.5
0.116868,942.75
0.114305,943.0
0.116868,943.25
0.115587,943.5
0.116868,943.75
0.115587,944.0
0.116868,944.25
0.116868,944.5
0.118149,944.75
0.115587,945.0
0.116868,945.25
0.114305,945.5
0.115587,945.75
0.115587,946.0
0.116868,946.25
0.116868,946.5
0.115587,946.75
0.116868,947.0
0.116868,947.25
0.115587,947.5
0.115587,947.75
0.115587,948.0
0.115587,948.25
0.115587,948.5
0.115587,948.75
0.115587,949.0
0.115587,949.25
0.114305,949.5
0.116868,949.75
0.116868,950.0
0.114305,950.25
0.115587,950.5
0.115587,950.75
0.114305,951.0
0.114305,951.25
0.115587,951.5
0.114305,951.75
0.116868,952.0
0.114305,952.25
0.116868,952.5
0.115587,952.75
0.116868,953.0
0.114305,953.25
0.115587,953.5
0.113024,953.75
0.111743,954.0
0.111743,954.25
0.111743,954.5
0.114305,954.75
0.113024,955.0
0.114305,955.25
0.114305,955.5
0.114305,955.75
0.114305,956.0
0.114305,956.25
0.115587,956.5
0.118149,956.75
0.118149,957.0
0.118149,957.25
0.118149,957.5
0.114305,957.75
0.114305,958.0
0.114305,958.25
0.113024,958.5
0.113024,958.75
0.114305,959.0
0.111743,959.25
0.110461,959.5
0.113024,959.75
0.111743,960.0
0.110461,960.25
0.111743,960.5
0.113024,960.75
0.111743,961.0
0.113024,961.25
0.111743,961.5
0.111743,961.75
0.111743,962.0
0.10918,962.25
0.110461,962.5
0.110461,962.75
0.111743,963.0
0.110461,963.25
0.110461,963.5
0.111743,963.75
0.110461,964.0
0.111743,964.25
0.111743,964.5
0.110461,964.75
0.111743,965.0
0.110461,965.25
0.110461,965.5
0.110461,965.75
0.10918,966.0
0.110461,966.25
0.110461,966.5
0.110461,966.75
0.107899,967.0
0.110461,967.25
0.10918,967.5
0.107899,967.75
0.10918,968.0
0.110461,968.25
0.111743,968.5
0.10918,968.75
0.110461,969.0
0.110461,969.25
0.10918,969.5
0.106617,969.75
0.110461,970.0
0.107899,970.25
0.107899,970.5
0.107899,970.75
0.10918,971.0
0.10918,971.25
0.107899,971.5
0.10918,971.75
0.10918,972.0
0.107899,972.25
0.10918,972.5
0.10918,972.75
0.111743,973.0
0.114305,973.25
0.111743,973.5
0.110461,973.75
0.113024,974.0
0.111743,974.25
0.110461,974.5
0.110461,974.75
0.10918,975.0
0.111743,975.25
0.110461,975.5
0.10918,975.75
0.10918,976.0
0.10918,976.25
0.110461,976.5
0.107899,976.75
0.111743,977.0
0.10918,977.25
0.105336,977.5
0.10918,977.75
0.107899,978.0
0.105336,978.25
0.106617,978.5
0.107899,978.75
0.106617,979.0
0.106617,979.25
0.106617,979.5
0.106617,979.75
0.107899,980.0
0.105336,980.25
0.106617,980.5
0.106617,980.75
0.104055,981.0
0.105336,981.25
0.106617,981.5
0.105336,981.75
0.106617,982.0
0.105336,982.25
0.106617,982.5
0.106617,982.75
0.105336,983.0
0.107899,983.25
0.106617,983.5
0.105336,983.75
0.104055,984.0
0.106617,984.25
0.106617,984.5
0.105336,984.75
0.104055,985.0
0.107899,985.25
0.105336,985.5
0.105336,985.75
0.107899,986.0
0.106617,986.25
0.102773,986.5
0.105336,986.75
0.106617,987.0
0.104055,987.25
0.106617,987.5
0.101492,987.75
0.104055,988.0
0.105336,988.25
0.102773,988.5
0.105336,988.75
0.105336,989.0
0.101492,989.25
0.105336,989.5
0.105336,989.75
0.104055,990.0
0.104055,990.25
0.102773,990.5
0.102773,990.75
0.104055,991.0
0.104055,991.25
0.106617,991.5
0.105336,991.75
0.105336,992.0
0.102773,992.25
0.104055,992.5
0.104055,992.75
0.104055,993.0
0.101492,993.25
0.104055,993.5
0.104055,993.75
0.102773,994.0
0.105336,994.25
0.102773,994.5
0.100211,994.75
0.104055,995.0
0.101492,995.25
0.102773,995.5
0.102773,995.75
0.102773,996.0
0.101492,996.25
0.105336,996.5
0.101492,996.75
0.102773,997.0
0.102773,997.25
0.101492,997.5
0.101492,997.75
0.102773,998.0
0.100211,998.25
0.101492,998.5
0.102773,998.75
0.101492,999.0
0.104055,999.25
0.102773,999.5
0.101492,999.75
0.102773,1000.0
0.100211,1000.25
0.100211,1000.5
0.100211,1000.75
0.100211,1001.0
0.100211,1001.25
0.101492,1001.5
0.100211,1001.75
0.100211,1002.0
0.098929,1002.25
0.102773,1002.5
0.100211,1002.75
0.100211,1003.0
0.098929,1003.25
0.101492,1003.5
0.098929,1003.75
0.100211,1004.0
0.100211,1004.25
0.098929,1004.5
0.101492,1004.75
0.097648,1005.0
0.100211,1005.25
0.100211,1005.5
0.098929,1005.75
0.098929,1006.0
0.100211,1006.25
0.098929,1006.5
0.100211,1006.75
0.098929,1007.0
0.098929,1007.25
0.100211,1007.5
0.100211,1007.75
0.098929,1008.0
0.100211,1008.25
0.100211,1008.5
0.100211,1008.75
0.100211,1009.0
0.100211,1009.25
0.098929,1009.5
0.098929,1009.75
0.100211,1010.0
0.101492,1010.25
0.098929,1010.5
0.100211,1010.75
0.098929,1011.0
0.096367,1011.25
0.098929,1011.5
0.100211,1011.75
0.097648,1012.0
0.097648,1012.25
0.098929,1012.5
0.097648,1012.75
0.100211,1013.0
0.098929,1013.25
0.100211,1013.5
0.098929,1013.75
0.098929,1014.0
0.096367,1014.25
0.098929,1014.5
0.097648,1014.75
0.096367,1015.0
0.097648,1015.25
0.097648,1015.5
0.098929,1015.75
0.098929,1016.0
0.097648,1016.25
0.098929,1016.5
0.097648,1016.75
0.096367,1017.0
0.098929,1017.25
0.097648,1017.5
0.096367,1017.75
0.096367,1018.0
0.097648,1018.25
0.097648,1018.5
0.096367,1018.75
0.100211,1019.0
0.098929,1019.25
0.096367,1019.5
0.097648,1019.75
0.097648,1020.0
0.096367,1020.25
0.097648,1020.5
0.096367,1020.75
0.096367,1021.0
0.098929,1021.25
0.095085,1021.5
0.097648,1021.75
0.097648,1022.0
0.096367,1022.25
0.095085,1022.5
0.096367,1022.75
0.096367,1023.0
0.096367,1023.25
0.096367,1023.5
0.096367,1023.75
0.097648,1024.0
0.095085,1024.25
0.096367,1024.5
0.096367,1024.75
0.097648,1025.0
0.096367,1025.25
0.096367,1025.5
0.097648,1025.75
0.096367,1026.0
0.095085,1026.25
0.095085,1026.5
0.096367,1026.75
0.096367,1027.0
0.098929,1027.25
0.096367,1027.5
0.096367,1027.75
0.096367,1028.0
0.095085,1028.25
0.095085,1028.5
0.095085,1028.75
0.093804,1029.0
0.093804,1029.25
0.093804,1029.5
0.093804,1029.75
0.095085,1030.0
0.095085,1030.25
0.092523,1030.5
0.093804,1030.75
0.095085,1031.0
0.095085,1031.25
0.092523,1031.5
0.095085,1031.75
0.093804,1032.0
0.096367,1032.25
0.095085,1032.5
0.093804,1032.75
0.095085,1033.0
0.093804,1033.25
0.092523,1033.5
0.093804,1033.75
0.092523,1034.0
0.092523,1034.25
0.092523,1034.5
0.092523,1034.75
0.096367,1035.0
0.092523,1035.25
0.096367,1035.5
0.093804,1035.75
0.092523,1036.0
0.095085,1036.25
0.093804,1036.5
0.092523,1036.75
0.093804,1037.0
0.092523,1037.25
0.093804,1037.5
0.095085,1037.75
0.092523,1038.0
0.093804,1038.25
0.093804,1038.5
0.092523,1038.75
0.092523,1039.0
0.092523,1039.25
0.093804,1039.5
0.091241,1039.75
0.093804,1040.0
0.092523,1040.25
0.093804,1040.5
0.093804,1040.75
0.093804,1041.0
0.092523,1041.25
0.092523,1041.5
0.092523,1041.75
0.093804,1042.0
0.093804,1042.25
0.091241,1042.5
0.093804,1042.75
0.093804,1043.0
0.096367,1043.25
0.093804,1043.5
0.101492,1043.75
0.102773,1044.0
0.102773,1044.25
0.105336,1044.5
0.10918,1044.75
0.107899,1045.0
0.10918,1045.25
0.107899,1045.5
0.10918,1045.75
0.111743,1046.0
0.110461,1046.25
0.110461,1046.5
0.110461,1046.75
0.110461,1047.0
0.10918,1047.25
0.110461,1047.5
0.113024,1047.75
0.111743,1048.0
0.111743,1048.25
0.110461,1048.5
0.111743,1048.75
0.113024,1049.0
0.113024,1049.25
0.111743,1049.5
0.111743,1049.75
0.111743,1050.0
0.111743,1050.25
0.113024,1050.5
0.111743,1050.75
0.110461,1051.0
0.111743,1051.25
0.114305,1051.5
0.111743,1051.75
0.113024,1052.0
0.114305,1052.25
0.111743,1052.5
0.113024,1052.75
0.113024,1053.0
0.111743,1053.25
0.114305,1053.5
0.111743,1053.75
0.111743,1054.0
0.113024,1054.25
0.113024,1054.5
0.114305,1054.75
0.114305,1055.0
0.114305,1055.25
0.113024,1055.5
0.113024,1055.75
0.113024,1056.0
0.113024,1056.25
0.111743,1056.5
0.111743,1056.75
0.114305,1057.0
0.114305,1057.25
0.114305,1057.5
0.111743,1057.75
0.113024,1058.0
0.111743,1058.25
0.114305,1058.5
0.114305,1058.75
0.111743,1059.0
0.113024,1059.25
0.114305,1059.5
0.114305,1059.75
0.113024,1060.0
0.115587,1060.25
0.114305,1060.5
0.111743,1060.75
0.114305,1061.0
0.114305,1061.25
0.113024,1061.5
0.114305,1061.75
0.114305,1062.0
0.114305,1062.25
0.115587,1062.5
0.114305,1062.75
0.114305,1063.0
0.114305,1063.25
0.113024,1063.5
0.113024,1063.75
0.114305,1064.0
0.114305,1064.25
0.114305,1064.5
0.114305,1064.75
0.114305,1065.0
0.115587,1065.25
0.115587,1065.5
0.115587,1065.75
0.115587,1066.0
0.114305,1066.25
0.114305,1066.5
0.115587,1066.75
0.116868,1067.0
0.113024,1067.25
0.114305,1067.5
0.113024,1067.75
0.115587,1068.0
0.114305,1068.25
0.114305,1068.5
0.115587,1068.75
0.113024,1069.0
0.113024,1069.25
0.114305,1069.5
0.113024,1069.75
0.114305,1070.0
0.113024,1070.25
0.113024,1070.5
0.114305,1070.75
0.113024,1071.0
0.114305,1071.25
0.114305,1071.5
0.114305,1071.75
0.111743,1072.0
0.115587,1072.25
0.113024,1072.5
0.113024,1072.75
0.115587,1073.0
0.113024,1073.25
0.115587,1073.5
0.113024,1073.75
0.114305,1074.0
0.114305,1074.25
0.113024,1074.5
0.113024,1074.75
0.114305,1075.0
0.113024,1075.25
0.113024,1075.5
0.114305,1075.75
0.114305,1076.0
0.113024,1076.25
0.110461,1076.5
0.111743,1076.75
0.111743,1077.0
0.110461,1077.25
0.111743,1077.5
0.114305,1077.75
0.113024,1078.0
0.114305,1078.25
0.113024,1078.5
0.114305,1078.75
0.114305,1079.0
0.113024,1079.25
0.114305,1079.5
0.115587,1079.75
0.111743,1080.0
0.111743,1080.25
0.113024,1080.5
0.113024,1080.75
0.114305,1081.0
0.115587,1081.25
0.114305,1081.5
0.114305,1081.75
0.114305,1082.0
0.115587,1082.25
0.115587,1082.5
0.114305,1082.75
0.113024,1083.0
0.114305,1083.25
0.113024,1083.5
0.111743,1083.75
0.113024,1084.0
0.114305,1084.25
0.115587,1084.5
0.113024,1084.75
0.115587,1085.0
0.116868,1085.25
0.114305,1085.5
0.114305,1085.75
0.115587,1086.0
0.114305,1086.25
0.115587,1086.5
0.114305,1086.75
0.113024,1087.0
0.115587,1087.25
0.114305,1087.5
0.114305,1087.75
0.114305,1088.0
0.114305,1088.25
0.115587,1088.5
0.115587,1088.75
0.114305,1089.0
0.114305,1089.25
0.115587,1089.5
0.115587,1089.75
0.116868,1090.0
0.115587,1090.25
0.116868,1090.5
0.115587,1090.75
0.115587,1091.0
0.114305,1091.25
0.114305,1091.5
0.114305,1091.75
0.114305,1092.0
0.114305,1092.25
0.114305,1092.5
0.115587,1092.75
0.113024,1093.0
0.118149,1093.25
0.115587,1093.5
0.114305,1093.75
0.115587,1094.0
0.115587,1094.25
0.114305,1094.5
0.114305,1094.75
0.114305,1095.0
0.113024,1095.25
0.116868,1095.5
0.115587,1095.75
0.114305,1096.0
0.115587,1096.25
0.114305,1096.5
0.115587,1096.75
0.114305,1097.0
0.115587,1097.25
0.114305,1097.5
0.116868,1097.75
0.115587,1098.0
0.116868,1098.25
0.116868,1098.5
0.114305,1098.75
0.116868,1099.0
0.115587,1099.25
0.115587,1099.5
0.115587,1099.75
0.116868,1100.0
0.113024,1100.25
0.114305,1100.5
0.116868,1100.75
0.115587,1101.0
0.114305,1101.25
0.116868,1101.5
0.114305,1101.75
0.115587,1102.0
0.116868,1102.25
0.116868,1102.5
0.115587,1102.75
0.114305,1103.0
0.115587,1103.25
0.115587,1103.5
0.116868,1103.75
0.114305,1104.0
0.114305,1104.25
0.116868,1104.5
0.115587,1104.75
0.115587,1105.0
0.115587,1105.25
0.114305,1105.5
0.114305,1105.75
0.116868,1106.0
0.114305,1106.25
0.116868,1106.5
0.115587,1106.75
0.115587,1107.0
0.114305,1107.25
0.114305,1107.5
0.115587,1107.75
0.115587,1108.0
0.114305,1108.25
0.114305,1108.5
0.114305,1108.75
0.116868,1109.0
0.115587,1109.25
0.114305,1109.5
0.116868,1109.75
0.114305,1110.0
0.114305,1110.25
0.115587,1110.5
0.115587,1110.75
0.114305,1111.0
0.116868,1111.25
0.116868,1111.5
0.115587,1111.75
0.116868,1112.0
0.114305,1112.25
0.115587,1112.5
0.116868,1112.75
0.114305,1113.0
0.115587,1113.25
0.116868,1113.5
0.114305,1113.75
0.115587,1114.0
0.115587,1114.25
0.113024,1114.5
0.116868,1114.75
0.115587,1115.0
0.115587,1115.25
0.115587,1115.5
0.115587,1115.75
0.115587,1116.0
0.115587,1116.25
0.116868,1116.5
0.115587,1116.75
0.115587,1117.0
0.114305,1117.25
0.115587,1117.5
0.115587,1117.75
0.118149,1118.0
0.115587,1118.25
0.116868,1118.5
0.116868,1118.75
0.115587,1119.0
0.116868,1119.25
0.116868,1119.5
0.116868,1119.75
0.115587,1120.0
0.118149,1120.25
0.115587,1120.5
0.116868,1120.75
0.115587,1121.0
0.115587,1121.25
0.115587,1121.5
0.114305,1121.75
0.115587,1122.0
0.115587,1122.25
0.116868,1122.5
0.115587,1122.75
0.116868,1123.0
0.115587,1123.25
0.116868,1123.5
0.116868,1123.75
0.116868,1124.0
0.115587,1124.25
0.115587,1124.5
0.115587,1124.75
0.115587,1125.0
0.115587,1125.25
0.115587,1125.5
0.115587,1125.75
0.115587,1126.0
0.118149,1126.25
0.115587,1126.5
0.115587,1126.75
0.115587,1127.0
0.116868,1127.25
0.115587,1127.5
0.115587,1127.75
0.115587,1128.0
0.114305,1128.25
0.114305,1128.5
0.115587,1128.75
0.116868,1129.0
0.115587,1129.25
0.116868,1129.5
0.115587,1129.75
0.116868,1130.0
0.115587,1130.25
0.115587,1130.5
0.115587,1130.75
0.115587,1131.0
0.116868,1131.25
0.116868,1131.5
0.114305,1131.75
0.116868,1132.0
0.115587,1132.25
0.115587,1132.5
0.115587,1132.75
0.114305,1133.0
0.114305,1133.25
0.115587,1133.5
0.115587,1133.75
0.116868,1134.0
0.115587,1134.25
0.116868,1134.5
0.114305,1134.75
0.115587,1135.0
0.115587,1135.25
0.115587,1135.5
0.114305,1135.75
0.114305,1136.0
0.111743,1136.25
0.113024,1136.5
0.115587,1136.75
0.114305,1137.0
0.114305,1137.25
0.114305,1137.5
0.114305,1137.75
0.114305,1138.0
0.116868,1138.25
0.114305,1138.5
0.113024,1138.75
0.116868,1139.0
0.113024,1139.25
0.116868,1139.5
0.115587,1139.75
0.115587,1140.0
0.115587,1140.25
0.115587,1140.5
0.114305,1140.75
0.114305,1141.0
0.115587,1141.25
0.114305,1141.5
0.115587,1141.75
0.116868,1142.0
0.116868,1142.25
0.114305,1142.5
0.116868,1142.75
0.115587,1143.0
0.114305,1143.25
0.115587,1143.5
0.114305,1143.75
0.114305,1144.0
0.115587,1144.25
0.114305,1144.5
0.115587,1144.75
0.116868,1145.0
0.114305,1145.25
0.115587,1145.5
0.114305,1145.75
0.115587,1146.0
0.114305,1146.25
0.114305,1146.5
0.114305,1146.75
0.114305,1147.0
0.114305,1147.25
0.114305,1147.5
0.115587,1147.75
0.114305,1148.0
0.114305,1148.25
0.114305,1148.5
0.114305,1148.75
0.114305,1149.0
0.115587,1149.25
0.116868,1149.5
0.110461,1149.75
0.105336,1150.0
0.104055,1150.25
0.105336,1150.5
0.101492,1150.75
0.102773,1151.0
0.101492,1151.25
0.100211,1151.5
0.100211,1151.75
0.101492,1152.0
0.101492,1152.25
0.104055,1152.5
0.101492,1152.75
0.101492,1153.0
0.102773,1153.25
0.102773,1153.5
0.104055,1153.75
0.104055,1154.0
0.102773,1154.25
0.101492,1154.5
0.102773,1154.75
0.102773,1155.0
0.101492,1155.25
0.101492,1155.5
0.101492,1155.75
0.105336,1156.0
0.102773,1156.25
0.105336,1156.5
0.101492,1156.75
0.102773,1157.0
0.102773,1157.25
0.104055,1157.5
0.105336,1157.75
0.102773,1158.0
0.102773,1158.25
0.104055,1158.5
0.104055,1158.75
0.101492,1159.0
0.104055,1159.25
0.102773,1159.5
0.101492,1159.75
0.102773,1160.0
0.102773,1160.25
0.101492,1160.5
0.100211,1160.75
0.100211,1161.0
0.098929,1161.25
0.101492,1161.5
0.101492,1161.75
0.101492,1162.0
0.100211,1162.25
0.100211,1162.5
0.100211,1162.75
0.102773,1163.0
0.101492,1163.25
0.101492,1163.5
0.101492,1163.75
0.101492,1164.0
0.104055,1164.25
0.102773,1164.5
0.100211,1164.75
0.102773,1165.0
0.101492,1165.25
0.101492,1165.5
0.101492,1165.75
0.101492,1166.0
0.101492,1166.25
0.101492,1166.5
0.102773,1166.75
0.104055,1167.0
0.101492,1167.25
0.104055,1167.5
0.101492,1167.75
0.100211,1168.0
0.100211,1168.25
0.100211,1168.5
0.098929,1168.75
0.101492,1169.0
0.100211,1169.25
0.100211,1169.5
0.101492,1169.75
0.100211,1170.0
0.100211,1170.25
0.100211,1170.5
0.100211,1170.75
0.100211,1171.0
0.102773,1171.25
0.100211,1171.5
0.100211,1171.75
0.101492,1172.0
0.100211,1172.25
0.102773,1172.5
0.101492,1172.75
0.101492,1173.0
0.101492,1173.25
0.101492,1173.5
0.100211,1173.75
0.101492,1174.0
0.101492,1174.25
0.100211,1174.5
0.100211,1174.75
0.101492,1175.0
0.102773,1175.25
0.098929,1175.5
0.101492,1175.75
0.101492,1176.0
0.100211,1176.25
0.100211,1176.5
0.100211,1176.75
0.098929,1177.0
0.100211,1177.25
0.098929,1177.5
0.098929,1177.75
0.100211,1178.0
0.097648,1178.25
0.098929,1178.5
0.098929,1178.75
0.098929,1179.0
0.097648,1179.25
0.098929,1179.5
0.098929,1179.75
0.098929,1180.0
0.098929,1180.25
0.100211,1180.5
0.098929,1180.75
0.098929,1181.0
0.100211,1181.25
0.100211,1181.5
0.100211,1181.75
0.100211,1182.0
0.100211,1182.25
0.098929,1182.5
0.098929,1182.75
0.098929,1183.0
0.100211,1183.25
0.101492,1183.5
0.097648,1183.75
0.100211,1184.0
0.098929,1184.25
0.097648,1184.5
0.098929,1184.75
0.098929,1185.0
0.097648,1185.25
0.100211,1185.5
0.098929,1185.75
0.097648,1186.0
0.098929,1186.25
0.097648,1186.5
0.098929,1186.75
0.097648,1187.0
0.096367,1187.25
0.096367,1187.5
0.098929,1187.75
0.096367,1188.0
0.097648,1188.25
0.097648,1188.5
0.096367,1188.75
0.100211,1189.0
0.098929,1189.25
0.097648,1189.5
0.100211,1189.75
0.097648,1190.0
0.096367,1190.25
0.098929,1190.5
0.096367,1190.75
0.097648,1191.0
0.096367,1191.25
0.095085,1191.5
0.096367,1191.75
0.092523,1192.0
0.096367,1192.25
0.096367,1192.5
0.093804,1192.75
0.097648,1193.0
0.102773,1193.25
0.123275,1193.5
0.129681,1193.75
0.118149,1194.0
0.105336,1194.25
0.098929,1194.5
0.105336,1194.75
0.110461,1195.0
0.114305,1195.25
0.115587,1195.5
0.116868,1195.75
0.116868,1196.0
0.116868,1196.25
0.115587,1196.5
0.113024,1196.75
0.113024,1197.0
0.113024,1197.25
0.110461,1197.5
0.10918,1197.75
0.111743,1198.0
0.102773,1198.25
0.10918,1198.5
0.10918,1198.75
0.107899,1199.0
0.104055,1199.25
0.104055,1199.5
0.104055,1199.75
0.104055,1200.0
0.102773,1200.25
0.105336,1200.5
0.105336,1200.75
0.097648,1201.0
0.102773,1201.25
0.100211,1201.5
0.097648,1201.75
0.096367,1202.0
0.097648,1202.25
0.097648,1202.5
0.100211,1202.75
0.100211,1203.0
0.098929,1203.25
0.097648,1203.5
0.092523,1203.75
0.097648,1204.0
0.100211,1204.25
0.106617,1204.5
0.101492,1204.75
0.091241,1205.0
0.093804,1205.25
0.10918,1205.5
0.129681,1205.75
0.127119,1206.0
0.125837,1206.25
0.123275,1206.5
0.123275,1206.75
0.123275,1207.0
0.123275,1207.25
0.124556,1207.5
0.124556,1207.75
0.124556,1208.0
0.125837,1208.25
0.115587,1208.5
0.114305,1208.75
0.110461,1209.0
0.106617,1209.25
0.104055,1209.5
0.105336,1209.75
0.104055,1210.0
0.104055,1210.25
0.104055,1210.5
0.104055,1210.75
0.104055,1211.0
0.102773,1211.25
0.102773,1211.5
0.104055,1211.75
0.102773,1212.0
0.104055,1212.25
0.102773,1212.5
0.102773,1212.75
0.101492,1213.0
0.101492,1213.25
0.101492,1213.5
0.102773,1213.75
0.100211,1214.0
0.098929,1214.25
0.100211,1214.5
0.100211,1214.75
0.100211,1215.0
0.101492,1215.25
0.100211,1215.5
0.100211,1215.75
0.100211,1216.0
0.100211,1216.25
0.100211,1216.5
0.098929,1216.75
0.101492,1217.0
0.101492,1217.25
0.098929,1217.5
0.100211,1217.75
0.100211,1218.0
0.098929,1218.25
0.100211,1218.5
0.100211,1218.75
0.098929,1219.0
0.098929,1219.25
0.097648,1219.5
0.100211,1219.75
0.098929,1220.0
0.097648,1220.25
0.097648,1220.5
0.100211,1220.75
0.097648,1221.0
0.098929,1221.25
0.098929,1221.5
0.096367,1221.75
0.098929,1222.0
0.098929,1222.25
0.098929,1222.5
0.098929,1222.75
0.098929,1223.0
0.096367,1223.25
0.097648,1223.5
0.100211,1223.75
0.096367,1224.0
0.097648,1224.25
0.097648,1224.5
0.098929,1224.75
0.095085,1225.0
0.100211,1225.25
0.098929,1225.5
0.097648,1225.75
0.097648,1226.0
0.097648,1226.25
0.096367,1226.5
0.096367,1226.75
0.097648,1227.0
0.096367,1227.25
0.100211,1227.5
0.096367,1227.75
0.097648,1228.0
0.097648,1228.25
0.096367,1228.5
0.096367,1228.75
0.096367,1229.0
0.096367,1229.25
0.095085,1229.5
0.096367,1229.75
0.095085,1230.0
0.098929,1230.25
0.096367,1230.5
0.097648,1230.75
0.096367,1231.0
0.096367,1231.25
0.095085,1231.5
0.096367,1231.75
0.095085,1232.0
0.095085,1232.25
0.095085,1232.5
0.095085,1232.75
0.096367,1233.0
0.093804,1233.25
0.095085,1233.5
0.093804,1233.75
0.092523,1234.0
0.096367,1234.25
0.096367,1234.5
0.096367,1234.75
0.096367,1235.0
0.096367,1235.25
0.096367,1235.5
0.096367,1235.75
0.095085,1236.0
0.095085,1236.25
0.095085,1236.5
0.095085,1236.75
0.096367,1237.0
0.096367,1237.25
0.097648,1237.5
0.096367,1237.75
0.100211,1238.0
0.100211,1238.25
0.101492,1238.5
0.097648,1238.75
0.101492,1239.0
0.097648,1239.25
0.100211,1239.5
0.101492,1239.75
0.101492,1240.0
0.101492,1240.25
0.100211,1240.5
0.100211,1240.75
0.101492,1241.0
0.101492,1241.25
0.101492,1241.5
0.100211,1241.75
0.098929,1242.0
0.100211,1242.25
0.100211,1242.5
0.098929,1242.75
0.098929,1243.0
0.098929,1243.25
0.097648,1243.5
0.097648,1243.75
0.101492,1244.0
0.098929,1244.25
0.098929,1244.5
0.096367,1244.75
0.097648,1245.0
0.098929,1245.25
0.096367,1245.5
0.098929,1245.75
0.098929,1246.0
0.098929,1246.25
0.100211,1246.5
0.098929,1246.75
0.100211,1247.0
0.098929,1247.25
0.098929,1247.5
0.100211,1247.75
0.100211,1248.0
0.100211,1248.25
0.100211,1248.5
0.101492,1248.75
0.100211,1249.0
0.098929,1249.25
0.100211,1249.5
0.100211,1249.75
0.101492,1250.0
0.100211,1250.25
0.101492,1250.5
0.098929,1250.75
0.100211,1251.0
0.100211,1251.25
0.098929,1251.5
0.098929,1251.75
0.100211,1252.0
0.100211,1252.25
0.100211,1252.5
0.098929,1252.75
0.098929,1253.0
0.098929,1253.25
0.100211,1253.5
0.098929,1253.75
0.100211,1254.0
0.098929,1254.25
0.098929,1254.5
0.098929,1254.75
0.098929,1255.0
0.098929,1255.25
0.098929,1255.5
0.097648,1255.75
0.098929,1256.0
0.101492,1256.25
0.100211,1256.5
0.097648,1256.75
0.098929,1257.0
0.097648,1257.25
0.097648,1257.5
0.100211,1257.75
0.098929,1258.0
0.100211,1258.25
0.097648,1258.5
0.097648,1258.75
0.098929,1259.0
0.098929,1259.25
0.097648,1259.5
0.096367,1259.75
0.097648,1260.0
0.098929,1260.25
0.100211,1260.5
0.100211,1260.75
0.096367,1261.0
0.096367,1261.25
0.096367,1261.5
0.098929,1261.75
0.100211,1262.0
0.098929,1262.25
0.097648,1262.5
0.098929,1262.75
0.097648,1263.0
0.098929,1263.25
0.098929,1263.5
0.097648,1263.75
0.096367,1264.0
0.096367,1264.25
0.097648,1264.5
0.096367,1264.75
0.096367,1265.0
0.096367,1265.25
0.096367,1265.5
0.095085,1265.75
0.098929,1266.0
0.096367,1266.25
0.097648,1266.5
0.096367,1266.75
0.096367,1267.0
0.097648,1267.25
0.097648,1267.5
0.096367,1267.75
0.097648,1268.0
0.096367,1268.25
0.097648,1268.5
0.100211,1268.75
0.098929,1269.0
0.095085,1269.25
0.097648,1269.5
0.095085,1269.75
0.095085,1270.0
0.096367,1270.25
0.096367,1270.5
0.096367,1270.75
0.096367,1271.0
0.096367,1271.25
0.098929,1271.5
0.095085,1271.75
0.095085,1272.0
0.097648,1272.25
0.096367,1272.5
0.096367,1272.75
0.096367,1273.0
0.095085,1273.25
0.096367,1273.5
0.096367,1273.75
0.095085,1274.0
0.096367,1274.25
0.096367,1274.5
0.097648,1274.75
0.095085,1275.0
0.096367,1275.25
0.095085,1275.5
0.095085,1275.75
0.096367,1276.0
0.095085,1276.25
0.096367,1276.5
0.096367,1276.75
0.097648,1277.0
0.096367,1277.25
0.093804,1277.5
0.095085,1277.75
0.096367,1278.0
0.096367,1278.25
0.093804,1278.5
0.095085,1278.75
0.095085,1279.0
0.095085,1279.25
0.095085,1279.5
0.095085,1279.75
0.098929,1280.0
0.095085,1280.25
0.095085,1280.5
0.096367,1280.75
0.095085,1281.0
0.095085,1281.25
0.095085,1281.5
0.095085,1281.75
0.095085,1282.0
0.095085,1282.25
0.093804,1282.5
0.096367,1282.75
0.095085,1283.0
0.095085,1283.25
0.095085,1283.5
0.093804,1283.75
0.095085,1284.0
0.095085,1284.25
0.095085,1284.5
0.096367,1284.75
0.095085,1285.0
0.095085,1285.25
0.095085,1285.5
0.096367,1285.75
0.095085,1286.0
0.096367,1286.25
0.093804,1286.5
0.093804,1286.75
0.095085,1287.0
0.095085,1287.25
0.095085,1287.5
0.092523,1287.75
0.096367,1288.0
0.096367,1288.25
0.093804,1288.5
0.093804,1288.75
0.093804,1289.0
0.093804,1289.25
0.093804,1289.5
0.093804,1289.75
0.093804,1290.0
0.093804,1290.25
0.093804,1290.5
0.093804,1290.75
0.093804,1291.0
0.093804,1291.25
0.093804,1291.5
0.095085,1291.75
0.093804,1292.0
0.093804,1292.25
0.093804,1292.5
0.095085,1292.75
0.093804,1293.0
0.093804,1293.25
0.093804,1293.5
0.095085,1293.75
0.093804,1294.0
0.092523,1294.25
0.093804,1294.5
0.092523,1294.75
0.092523,1295.0
0.091241,1295.25
0.092523,1295.5
0.092523,1295.75
0.091241,1296.0
0.095085,1296.25
0.091241,1296.5
0.092523,1296.75
0.092523,1297.0
0.092523,1297.25
0.091241,1297.5
0.092523,1297.75
0.092523,1298.0
0.091241,1298.25
0.092523,1298.5
0.091241,1298.75
0.092523,1299.0
0.091241,1299.25
0.093804,1299.5
0.092523,1299.75
0.091241,1300.0
0.093804,1300.25
0.093804,1300.5
0.091241,1300.75
0.093804,1301.0
0.091241,1301.25
0.092523,1301.5
0.093804,1301.75
0.092523,1302.0
0.092523,1302.25
0.091241,1302.5
0.092523,1302.75
0.091241,1303.0
0.091241,1303.25
0.08996,1303.5
0.08996,1303.75
0.091241,1304.0
0.08996,1304.25
0.092523,1304.5
0.08996,1304.75
0.08996,1305.0
0.092523,1305.25
0.100211,1305.5
0.107899,1305.75
0.107899,1306.0
0.106617,1306.25
0.104055,1306.5
0.105336,1306.75
0.101492,1307.0
0.101492,1307.25
0.098929,1307.5
0.10918,1307.75
0.101492,1308.0
0.098929,1308.25
0.100211,1308.5
0.100211,1308.75
0.100211,1309.0
0.101492,1309.25
0.097648,1309.5
0.098929,1309.75
0.101492,1310.0
0.098929,1310.25
0.101492,1310.5
0.098929,1310.75
0.097648,1311.0
0.100211,1311.25
0.098929,1311.5
0.100211,1311.75
0.098929,1312.0
0.100211,1312.25
0.098929,1312.5
0.101492,1312.75
0.101492,1313.0
0.100211,1313.25
0.098929,1313.5
0.096367,1313.75
0.084835,1314.0
0.084835,1314.25
0.088679,1314.5
0.088679,1314.75
0.083553,1315.0
0.082272,1315.25
0.080991,1315.5
0.079709,1315.75
0.078428,1316.0
0.079709,1316.25
0.078428,1316.5
0.077147,1316.75
0.078428,1317.0
0.077147,1317.25
0.077147,1317.5
0.077147,1317.75
0.075865,1318.0
0.079709,1318.25
0.077147,1318.5
0.079709,1318.75
0.079709,1319.0
0.078428,1319.25
0.075865,1319.5
0.075865,1319.75
0.075865,1320.0
0.075865,1320.25
0.077147,1320.5
0.075865,1320.75
0.078428,1321.0
0.077147,1321.25
0.077147,1321.5
0.075865,1321.75
0.074584,1322.0
0.074584,1322.25
0.074584,1322.5
0.077147,1322.75
0.074584,1323.0
0.074584,1323.25
0.077147,1323.5
0.075865,1323.75
0.075865,1324.0
0.083553,1324.25
0.093804,1324.5
0.092523,1324.75
0.087397,1325.0
0.086116,1325.25
0.080991,1325.5
0.083553,1325.75
0.095085,1326.0
0.102773,1326.25
0.100211,1326.5
0.100211,1326.75
0.101492,1327.0
0.101492,1327.25
0.098929,1327.5
0.097648,1327.75
0.100211,1328.0
0.097648,1328.25
0.098929,1328.5
0.100211,1328.75
0.100211,1329.0
0.101492,1329.25
0.100211,1329.5
0.101492,1329.75
0.101492,1330.0
0.102773,1330.25
0.101492,1330.5
0.102773,1330.75
0.101492,1331.0
0.101492,1331.25
0.101492,1331.5
0.102773,1331.75
0.101492,1332.0
0.100211,1332.25
0.102773,1332.5
0.101492,1332.75
0.101492,1333.0
0.101492,1333.25
0.101492,1333.5
0.100211,1333.75
0.102773,1334.0
0.101492,1334.25
0.102773,1334.5
0.104055,1334.75
0.100211,1335.0
0.102773,1335.25
0.104055,1335.5
0.102773,1335.75
0.101492,1336.0
0.101492,1336.25
0.101492,1336.5
0.101492,1336.75
0.104055,1337.0
0.104055,1337.25
0.105336,1337.5
0.104055,1337.75
0.104055,1338.0
0.104055,1338.25
0.104055,1338.5
0.102773,1338.75
0.104055,1339.0
0.104055,1339.25
0.101492,1339.5
0.102773,1339.75
0.102773,1340.0
0.105336,1340.25
0.102773,1340.5
0.105336,1340.75
0.105336,1341.0
0.105336,1341.25
0.104055,1341.5
0.104055,1341.75
0.104055,1342.0
0.102773,1342.25
0.101492,1342.5
0.104055,1342.75
0.105336,1343.0
0.104055,1343.25
0.102773,1343.5
0.105336,1343.75
0.102773,1344.0
0.102773,1344.25
0.104055,1344.5
0.104055,1344.75
0.104055,1345.0
0.104055,1345.25
0.104055,1345.5
0.105336,1345.75
0.105336,1346.0
0.104055,1346.25
0.104055,1346.5
0.104055,1346.75
0.102773,1347.0
0.102773,1347.25
0.102773,1347.5
0.101492,1347.75
0.101492,1348.0
0.101492,1348.25
0.102773,1348.5
0.101492,1348.75
0.104055,1349.0
0.104055,1349.25
0.102773,1349.5
0.104055,1349.75
0.102773,1350.0
0.101492,1350.25
0.104055,1350.5
0.102773,1350.75
0.102773,1351.0
0.104055,1351.25
0.104055,1351.5
0.104055,1351.75
0.104055,1352.0
0.104055,1352.25
0.104055,1352.5
0.104055,1352.75
0.104055,1353.0
0.104055,1353.25
0.106617,1353.5
0.104055,1353.75
0.106617,1354.0
0.105336,1354.25
0.104055,1354.5
0.105336,1354.75
0.105336,1355.0
0.106617,1355.25
0.106617,1355.5
0.107899,1355.75
0.107899,1356.0
0.110461,1356.25
0.110461,1356.5
0.111743,1356.75
0.111743,1357.0
0.115587,1357.25
0.114305,1357.5
0.115587,1357.75
0.116868,1358.0
0.116868,1358.25
0.120712,1358.5
0.120712,1358.75
0.121993,1359.0
0.123275,1359.25
0.125837,1359.5
0.124556,1359.75
0.124556,1360.0
0.124556,1360.25
0.127119,1360.5
0.125837,1360.75
0.124556,1361.0
0.125837,1361.25
0.127119,1361.5
0.127119,1361.75
0.127119,1362.0
0.127119,1362.25
0.125837,1362.5
0.1284,1362.75
0.1284,1363.0
0.129681,1363.25
0.1284,1363.5
0.127119,1363.75
0.127119,1364.0
0.1284,1364.25
0.1284,1364.5
0.129681,1364.75
0.130963,1365.0
0.1284,1365.25
0.129681,1365.5
0.1284,1365.75
0.127119,1366.0
0.1284,1366.25
0.1284,1366.5
0.127119,1366.75
0.125837,1367.0
0.127119,1367.25
0.127119,1367.5
0.1284,1367.75
0.127119,1368.0
0.125837,1368.25
0.124556,1368.5
0.124556,1368.75
0.125837,1369.0
0.125837,1369.25
0.124556,1369.5
0.125837,1369.75
0.125837,1370.0
0.125837,1370.25
0.125837,1370.5
0.124556,1370.75
0.125837,1371.0
0.124556,1371.25
0.125837,1371.5
0.125837,1371.75
0.124556,1372.0
0.125837,1372.25
0.124556,1372.5
0.124556,1372.75
0.124556,1373.0
0.125837,1373.25
0.125837,1373.5
0.125837,1373.75
0.124556,1374.0
0.125837,1374.25
0.124556,1374.5
0.124556,1374.75
0.124556,1375.0
0.124556,1375.25
0.123275,1375.5
0.121993,1375.75
0.123275,1376.0
0.121993,1376.25
0.123275,1376.5
0.123275,1376.75
0.123275,1377.0
0.124556,1377.25
0.121993,1377.5
0.121993,1377.75
0.123275,1378.0
0.123275,1378.25
0.121993,1378.5
0.124556,1378.75
0.121993,1379.0
0.121993,1379.25
0.121993,1379.5
0.123275,1379.75
0.121993,1380.0
0.121993,1380.25
0.123275,1380.5
0.121993,1380.75
0.123275,1381.0
0.120712,1381.25
0.124556,1381.5
0.121993,1381.75
0.124556,1382.0
0.121993,1382.25
0.118149,1382.5
0.121993,1382.75
0.121993,1383.0
0.119431,1383.25
0.121993,1383.5
0.121993,1383.75
0.123275,1384.0
0.123275,1384.25
0.123275,1384.5
0.123275,1384.75
0.124556,1385.0
0.123275,1385.25
0.123275,1385.5
0.123275,1385.75
0.121993,1386.0
0.121993,1386.25
0.121993,1386.5
0.121993,1386.75
0.124556,1387.0
0.120712,1387.25
0.121993,1387.5
0.121993,1387.75
0.120712,1388.0
0.120712,1388.25
0.120712,1388.5
0.121993,1388.75
0.120712,1389.0
0.120712,1389.25
0.124556,1389.5
0.123275,1389.75
0.119431,1390.0
0.123275,1390.25
0.120712,1390.5
0.120712,1390.75
0.120712,1391.0
0.121993,1391.25
0.120712,1391.5
0.120712,1391.75
0.120712,1392.0
0.120712,1392.25
0.120712,1392.5
0.120712,1392.75
0.120712,1393.0
0.120712,1393.25
0.118149,1393.5
0.119431,1393.75
0.120712,1394.0
0.120712,1394.25
0.119431,1394.5
0.118149,1394.75
0.120712,1395.0
0.121993,1395.25
0.120712,1395.5
0.120712,1395.75
0.121993,1396.0
0.120712,1396.25
0.120712,1396.5
0.121993,1396.75
0.118149,1397.0
0.121993,1397.25
0.121993,1397.5
0.121993,1397.75
0.121993,1398.0
0.121993,1398.25
0.124556,1398.5
0.121993,1398.75
0.121993,1399.0
0.120712,1399.25
0.121993,1399.5
0.121993,1399.75
0.120712,1400.0
0.121993,1400.25
0.121993,1400.5
0.121993,1400.75
0.123275,1401.0
0.121993,1401.25
0.121993,1401.5
0.120712,1401.75
0.121993,1402.0
0.121993,1402.25
0.123275,1402.5
0.121993,1402.75
0.121993,1403.0
0.124556,1403.25
0.124556,1403.5
0.123275,1403.75
0.121993,1404.0
0.121993,1404.25
0.123275,1404.5
0.121993,1404.75
0.123275,1405.0
0.121993,1405.25
0.121993,1405.5
0.123275,1405.75
0.121993,1406.0
0.123275,1406.25
0.123275,1406.5
0.125837,1406.75
0.124556,1407.0
0.121993,1407.25
0.123275,1407.5
0.125837,1407.75
0.124556,1408.0
0.123275,1408.25
0.125837,1408.5
0.120712,1408.75
0.118149,1409.0
0.113024,1409.25
0.118149,1409.5
0.119431,1409.75
0.121993,1410.0
0.124556,1410.25
0.123275,1410.5
0.118149,1410.75
0.106617,1411.0
0.101492,1411.25
0.106617,1411.5
0.10918,1411.75
0.104055,1412.0
0.102773,1412.25
0.104055,1412.5
0.101492,1412.75
0.101492,1413.0
0.098929,1413.25
0.098929,1413.5
0.113024,1413.75
0.110461,1414.0
0.101492,1414.25
0.105336,1414.5
0.102773,1414.75
0.114305,1415.0
0.113024,1415.25
0.106617,1415.5
0.101492,1415.75
0.120712,1416.0
0.100211,1416.25
0.095085,1416.5
0.098929,1416.75
0.092523,1417.0
0.091241,1417.25
0.083553,1417.5
0.083553,1417.75
0.088679,1418.0
0.080991,1418.25
0.079709,1418.5
0.082272,1418.75
0.082272,1419.0
0.079709,1419.25
0.082272,1419.5
0.077147,1419.75
0.087397,1420.0
0.082272,1420.25
0.078428,1420.5
0.084835,1420.75
0.092523,1421.0
0.097648,1421.25
0.101492,1421.5
0.098929,1421.75
0.095085,1422.0
0.092523,1422.25
0.093804,1422.5
0.100211,1422.75
0.130963,1423.0
0.137369,1423.25
0.134807,1423.5
0.136088,1423.75
0.137369,1424.0
0.133525,1424.25
0.141213,1424.5
0.145057,1424.75
0.137369,1425.0
0.129681,1425.25
0.129681,1425.5
0.1284,1425.75
0.129681,1426.0
0.132244,1426.25
0.132244,1426.5
0.133525,1426.75
0.127119,1427.0
0.132244,1427.25
0.138651,1427.5
0.134807,1427.75
0.120712,1428.0
0.120712,1428.25
0.118149,1428.5
0.120712,1428.75
0.121993,1429.0
0.125837,1429.25
0.125837,1429.5
0.127119,1429.75
0.127119,1430.0
0.130963,1430.25
0.127119,1430.5
0.125837,1430.75
0.125837,1431.0
0.1284,1431.25
0.123275,1431.5
0.123275,1431.75
0.123275,1432.0
0.127119,1432.25
0.127119,1432.5
0.127119,1432.75
0.129681,1433.0
0.129681,1433.25
0.132244,1433.5
0.136088,1433.75
0.137369,1434.0
0.137369,1434.25
0.133525,1434.5
0.132244,1434.75
0.134807,1435.0
0.136088,1435.25
0.137369,1435.5
0.136088,1435.75
0.136088,1436.0
0.134807,1436.25
0.134807,1436.5
0.137369,1436.75
0.141213,1437.0
0.143776,1437.25
0.143776,1437.5
0.133525,1437.75
0.129681,1438.0
0.134807,1438.25
0.133525,1438.5
0.137369,1438.75
0.142495,1439.0
0.155308,1439.25
0.145057,1439.5
0.141213,1439.75
0.134807,1440.0
0.136088,1440.25
0.132244,1440.5
0.130963,1440.75
0.130963,1441.0
0.130963,1441.25
0.130963,1441.5
0.1284,1441.75
0.129681,1442.0
0.130963,1442.25
0.129681,1442.5
0.129681,1442.75
0.130963,1443.0
0.132244,1443.25
0.130963,1443.5
0.129681,1443.75
0.1284,1444.0
0.130963,1444.25
0.130963,1444.5
0.133525,1444.75
0.134807,1445.0
0.136088,1445.25
0.134807,1445.5
0.142495,1445.75
0.134807,1446.0
0.134807,1446.25
0.134807,1446.5
0.137369,1446.75
0.138651,1447.0
0.136088,1447.25
0.133525,1447.5
0.138651,1447.75
0.150183,1448.0
0.411574,1448.25
1.17781,1448.5
0.39883,1448.75
0.29241,1449.0
0.266784,1449.25
0.238594,1449.5
0.209124,1449.75
0.219374,1450.0
0.214249,1450.25
0.216812,1450.5
0.210405,1450.75
0.225781,1451.0
0.227062,1451.25
0.225781,1451.5
0.2245,1451.75
0.220656,1452.0
0.223218,1452.25
0.223218,1452.5
0.221937,1452.75
0.221937,1453.0
0.216812,1453.25
0.219374,1453.5
0.229625,1453.75
0.548677,1454.0
0.360321,1454.25
0.255252,1454.5
0.246282,1454.75
0.233469,1455.0
0.223218,1455.25
0.216812,1455.5
0.2245,1455.75
0.21553,1456.0
0.212968,1456.25
0.209124,1456.5
0.201436,1456.75
0.202717,1457.0
0.200155,1457.25
0.195029,1457.5
0.201436,1457.75
0.201436,1458.0
0.200155,1458.25
0.206561,1458.5
0.201436,1458.75
0.20528,1459.0
0.184779,1459.25
0.189904,1459.5
0.195029,1459.75
0.196311,1460.0
0.195029,1460.25
0.195029,1460.5
0.193748,1460.75
0.182216,1461.0
0.188623,1461.25
0.187341,1461.5
0.178372,1461.75
0.169403,1462.0
0.161715,1462.25
0.159152,1462.5
0.18606,1462.75
0.200155,1463.0
0.183497,1463.25
0.174528,1463.5
0.170684,1463.75
0.182216,1464.0
0.184779,1464.25
0.188623,1464.5
0.184779,1464.75
0.182216,1465.0
0.182216,1465.25
0.165559,1465.5
0.162996,1465.75
0.162996,1466.0
0.165559,1466.25
0.170684,1466.5
0.177091,1466.75
0.177091,1467.0
0.189904,1467.25
0.189904,1467.5
0.193748,1467.75
0.196311,1468.0
0.193748,1468.25
0.188623,1468.5
0.164277,1468.75
0.169403,1469.0
0.187341,1469.25
0.200155,1469.5
0.221937,1469.75
0.2245,1470.0
0.229625,1470.25
0.229625,1470.5
0.229625,1470.75
0.229625,1471.0
0.225781,1471.25
0.223218,1471.5
0.220656,1471.75
0.219374,1472.0
0.219374,1472.25
0.218093,1472.5
0.218093,1472.75
0.214249,1473.0
0.211686,1473.25
0.211686,1473.5
0.212968,1473.75
0.210405,1474.0
0.210405,1474.25
0.210405,1474.5
0.210405,1474.75
0.209124,1475.0
0.210405,1475.25
0.209124,1475.5
0.209124,1475.75
0.207842,1476.0
0.207842,1476.25
0.207842,1476.5
0.207842,1476.75
0.206561,1477.0
0.20528,1477.25
0.203999,1477.5
0.20528,1477.75
0.20528,1478.0
0.20528,1478.25
0.203999,1478.5
0.203999,1478.75
0.20528,1479.0
0.20528,1479.25
0.20528,1479.5
0.203999,1479.75
0.20528,1480.0
0.202717,1480.25
0.20528,1480.5
0.203999,1480.75
0.202717,1481.0
0.202717,1481.25
0.201436,1481.5
0.200155,1481.75
0.200155,1482.0
0.200155,1482.25
0.200155,1482.5
0.198873,1482.75
0.197592,1483.0
0.200155,1483.25
0.198873,1483.5
0.198873,1483.75
0.198873,1484.0
0.198873,1484.25
0.198873,1484.5
0.197592,1484.75
0.198873,1485.0
0.198873,1485.25
0.197592,1485.5
0.197592,1485.75
0.197592,1486.0
0.196311,1486.25
0.197592,1486.5
0.198873,1486.75
0.197592,1487.0
0.200155,1487.25
0.200155,1487.5
0.201436,1487.75
0.198873,1488.0
0.198873,1488.25
0.198873,1488.5
0.198873,1488.75
0.198873,1489.0
0.198873,1489.25
0.196311,1489.5
0.196311,1489.75
0.195029,1490.0
0.196311,1490.25
0.196311,1490.5
0.196311,1490.75
0.195029,1491.0
0.195029,1491.25
0.195029,1491.5
0.195029,1491.75
0.195029,1492.0
0.193748,1492.25
0.193748,1492.5
0.195029,1492.75
0.193748,1493.0
0.193748,1493.25
0.193748,1493.5
0.192467,1493.75
0.191185,1494.0
0.195029,1494.25
0.197592,1494.5
0.192467,1494.75
0.192467,1495.0
0.192467,1495.25
0.193748,1495.5
0.193748,1495.75
0.193748,1496.0
0.193748,1496.25
0.193748,1496.5
0.193748,1496.75
0.195029,1497.0
0.193748,1497.25
0.195029,1497.5
0.192467,1497.75
0.191185,1498.0
0.191185,1498.25
0.192467,1498.5
0.191185,1498.75
0.191185,1499.0
0.191185,1499.25
0.189904,1499.5
0.192467,1499.75
0.189904,1500.0
0.188623,1500.25
0.188623,1500.5
0.188623,1500.75
0.189904,1501.0
0.189904,1501.25
0.188623,1501.5
0.188623,1501.75
0.188623,1502.0
0.188623,1502.25
0.189904,1502.5
0.187341,1502.75
0.187341,1503.0
0.187341,1503.25
0.188623,1503.5
0.189904,1503.75
0.189904,1504.0
0.192467,1504.25
0.195029,1504.5
0.195029,1504.75
0.196311,1505.0
0.196311,1505.25
0.193748,1505.5
0.196311,1505.75
0.196311,1506.0
0.193748,1506.25
0.192467,1506.5
0.193748,1506.75
0.193748,1507.0
0.191185,1507.25
0.192467,1507.5
0.192467,1507.75
0.193748,1508.0
0.195029,1508.25
0.192467,1508.5
0.191185,1508.75
0.192467,1509.0
0.192467,1509.25
0.193748,1509.5
0.193748,1509.75
0.192467,1510.0
0.192467,1510.25
0.195029,1510.5
0.195029,1510.75
0.192467,1511.0
0.191185,1511.25
0.191185,1511.5
0.189904,1511.75
0.191185,1512.0
0.192467,1512.25
0.191185,1512.5
0.188623,1512.75
0.189904,1513.0
0.189904,1513.25
0.188623,1513.5
0.189904,1513.75
0.191185,1514.0
0.188623,1514.25
0.188623,1514.5
0.187341,1514.75
0.187341,1515.0
0.187341,1515.25
0.18606,1515.5
0.188623,1515.75
0.18606,1516.0
0.187341,1516.25
0.187341,1516.5
0.187341,1516.75
0.188623,1517.0
0.188623,1517.25
0.187341,1517.5
0.184779,1517.75
0.18606,1518.0
0.18606,1518.25
0.187341,1518.5
0.196311,1518.75
0.196311,1519.0
0.187341,1519.25
0.180935,1519.5
0.178372,1519.75
0.18606,1520.0
0.170684,1520.25
0.170684,1520.5
0.177091,1520.75
0.177091,1521.0
0.178372,1521.25
0.173247,1521.5
0.161715,1521.75
0.161715,1522.0
0.152745,1522.25
0.154027,1522.5
0.151464,1522.75
0.148901,1523.0
0.148901,1523.25
0.154027,1523.5
0.152745,1523.75
0.155308,1524.0
0.155308,1524.25
0.164277,1524.5
0.165559,1524.75
0.169403,1525.0
0.168121,1525.25
0.165559,1525.5
0.160433,1525.75
0.160433,1526.0
0.160433,1526.25
0.160433,1526.5
0.161715,1526.75
0.160433,1527.0
0.164277,1527.25
0.164277,1527.5
0.162996,1527.75
0.164277,1528.0
0.164277,1528.25
0.164277,1528.5
0.162996,1528.75
0.162996,1529.0
0.164277,1529.25
0.165559,1529.5
0.164277,1529.75
0.168121,1530.0
0.169403,1530.25
0.168121,1530.5
0.168121,1530.75
0.171965,1531.0
0.170684,1531.25
0.171965,1531.5
0.171965,1531.75
0.171965,1532.0
0.170684,1532.25
0.170684,1532.5
0.170684,1532.75
0.171965,1533.0
0.169403,1533.25
0.169403,1533.5
0.171965,1533.75
0.169403,1534.0
0.168121,1534.25
0.168121,1534.5
0.16684,1534.75
0.16684,1535.0
0.165559,1535.25
0.16684,1535.5
0.161715,1535.75
0.162996,1536.0
0.162996,1536.25
0.162996,1536.5
0.162996,1536.75
0.162996,1537.0
0.161715,1537.25
0.162996,1537.5
0.162996,1537.75
0.161715,1538.0
0.162996,1538.25
0.161715,1538.5
0.164277,1538.75
0.164277,1539.0
0.164277,1539.25
0.164277,1539.5
0.164277,1539.75
0.162996,1540.0
0.161715,1540.25
0.161715,1540.5
0.162996,1540.75
0.162996,1541.0
0.162996,1541.25
0.165559,1541.5
0.165559,1541.75
0.16684,1542.0
0.16684,1542.25
0.168121,1542.5
0.168121,1542.75
0.168121,1543.0
0.168121,1543.25
0.169403,1543.5
0.173247,1543.75
0.169403,1544.0
0.171965,1544.25
0.171965,1544.5
0.170684,1544.75
0.171965,1545.0
0.169403,1545.25
0.170684,1545.5
0.169403,1545.75
0.169403,1546.0
0.168121,1546.25
0.170684,1546.5
0.168121,1546.75
0.169403,1547.0
0.168121,1547.25
0.16684,1547.5
0.16684,1547.75
0.169403,1548.0
0.168121,1548.25
0.16684,1548.5
0.168121,1548.75
0.168121,1549.0
0.168121,1549.25
0.16684,1549.5
0.165559,1549.75
0.16684,1550.0
0.16684,1550.25
0.16684,1550.5
0.16684,1550.75
0.165559,1551.0
0.168121,1551.25
0.168121,1551.5
0.165559,1551.75
0.162996,1552.0
0.162996,1552.25
0.164277,1552.5
0.164277,1552.75
0.168121,1553.0
0.171965,1553.25
0.171965,1553.5
0.170684,1553.75
0.170684,1554.0
0.168121,1554.25
0.168121,1554.5
0.168121,1554.75
0.168121,1555.0
0.170684,1555.25
0.168121,1555.5
0.169403,1555.75
0.169403,1556.0
0.169403,1556.25
0.170684,1556.5
0.169403,1556.75
0.169403,1557.0
0.169403,1557.25
0.170684,1557.5
0.169403,1557.75
0.169403,1558.0
0.168121,1558.25
0.169403,1558.5
0.168121,1558.75
0.168121,1559.0
0.168121,1559.25
0.168121,1559.5
0.170684,1559.75
0.168121,1560.0
0.168121,1560.25
0.169403,1560.5
0.168121,1560.75
0.168121,1561.0
0.168121,1561.25
0.16684,1561.5
0.168121,1561.75
0.16684,1562.0
0.168121,1562.25
0.169403,1562.5
0.168121,1562.75
0.168121,1563.0
0.168121,1563.25
0.170684,1563.5
0.169403,1563.75
0.169403,1564.0
0.169403,1564.25
0.16684,1564.5
0.168121,1564.75
0.168121,1565.0
0.168121,1565.25
0.168121,1565.5
0.170684,1565.75
0.169403,1566.0
0.168121,1566.25
0.16684,1566.5
0.168121,1566.75
0.16684,1567.0
0.169403,1567.25
0.168121,1567.5
0.165559,1567.75
0.16684,1568.0
0.168121,1568.25
0.168121,1568.5
0.168121,1568.75
0.16684,1569.0
0.165559,1569.25
0.16684,1569.5
0.165559,1569.75
0.164277,1570.0
0.161715,1570.25
0.161715,1570.5
0.160433,1570.75
0.162996,1571.0
0.159152,1571.25
0.160433,1571.5
0.161715,1571.75
0.160433,1572.0
0.161715,1572.25
0.161715,1572.5
0.161715,1572.75
0.161715,1573.0
0.160433,1573.25
0.162996,1573.5
0.159152,1573.75
0.164277,1574.0
0.161715,1574.25
0.161715,1574.5
0.162996,1574.75
0.16684,1575.0
0.168121,1575.25
0.171965,1575.5
0.171965,1575.75
0.173247,1576.0
0.174528,1576.25
0.173247,1576.5
0.174528,1576.75
0.171965,1577.0
0.171965,1577.25
0.170684,1577.5
0.169403,1577.75
0.168121,1578.0
0.165559,1578.25
0.16684,1578.5
0.165559,1578.75
0.16684,1579.0
0.165559,1579.25
0.16684,1579.5
0.16684,1579.75
0.168121,1580.0
0.168121,1580.25
0.169403,1580.5
0.16684,1580.75
0.168121,1581.0
0.16684,1581.25
0.168121,1581.5
0.168121,1581.75
0.165559,1582.0
0.162996,1582.25
0.168121,1582.5
0.168121,1582.75
0.16684,1583.0
0.187341,1583.25
0.201436,1583.5
0.206561,1583.75
0.233469,1584.0
0.232188,1584.25
0.21553,1584.5
0.203999,1584.75
0.189904,1585.0
0.192467,1585.25
0.193748,1585.5
0.225781,1585.75
0.223218,1586.0
0.223218,1586.25
0.220656,1586.5
0.211686,1586.75
0.201436,1587.0
0.203999,1587.25
0.200155,1587.5
0.198873,1587.75
0.202717,1588.0
0.212968,1588.25
0.225781,1588.5
0.228344,1588.75
0.2245,1589.0
0.225781,1589.25
0.225781,1589.5
0.227062,1589.75
0.230906,1590.0
0.233469,1590.25
0.230906,1590.5
0.227062,1590.75
0.223218,1591.0
0.223218,1591.25
0.2245,1591.5
0.223218,1591.75
0.221937,1592.0
0.221937,1592.25
0.220656,1592.5
0.221937,1592.75
0.221937,1593.0
0.2245,1593.25
0.225781,1593.5
0.227062,1593.75
0.228344,1594.0
0.230906,1594.25
0.230906,1594.5
0.230906,1594.75
0.228344,1595.0
0.228344,1595.25
0.227062,1595.5
0.225781,1595.75
0.225781,1596.0
0.2245,1596.25
0.2245,1596.5
0.221937,1596.75
0.223218,1597.0
0.220656,1597.25
0.220656,1597.5
0.220656,1597.75
0.220656,1598.0
0.221937,1598.25
0.221937,1598.5
0.220656,1598.75
0.221937,1599.0
0.221937,1599.25
0.220656,1599.5
0.221937,1599.75
0.220656,1600.0
0.220656,1600.25
0.220656,1600.5
0.218093,1600.75
0.219374,1601.0
0.216812,1601.25
0.216812,1601.5
0.218093,1601.75
0.216812,1602.0
0.214249,1602.25
0.21553,1602.5
0.21553,1602.75
0.216812,1603.0
0.216812,1603.25
0.218093,1603.5
0.218093,1603.75
0.219374,1604.0
0.221937,1604.25
0.221937,1604.5
0.223218,1604.75
0.221937,1605.0
0.221937,1605.25
0.223218,1605.5
0.223218,1605.75
0.223218,1606.0
0.220656,1606.25
0.221937,1606.5
0.223218,1606.75
0.225781,1607.0
0.2245,1607.25
0.2245,1607.5
0.223218,1607.75
0.2245,1608.0
0.2245,1608.25
0.227062,1608.5
0.227062,1608.75
0.227062,1609.0
0.228344,1609.25
0.227062,1609.5
0.228344,1609.75
0.225781,1610.0
0.225781,1610.25
0.227062,1610.5
0.227062,1610.75
0.228344,1611.0
0.228344,1611.25
0.228344,1611.5
0.233469,1611.75
0.232188,1612.0
0.229625,1612.25
0.232188,1612.5
0.232188,1612.75
0.232188,1613.0
0.232188,1613.25
0.232188,1613.5
0.230906,1613.75
0.230906,1614.0
0.230906,1614.25
0.232188,1614.5
0.232188,1614.75
0.230906,1615.0
0.230906,1615.25
0.232188,1615.5
0.232188,1615.75
0.232188,1616.0
0.232188,1616.25
0.232188,1616.5
0.233469,1616.75
0.232188,1617.0
0.232188,1617.25
0.232188,1617.5
0.232188,1617.75
0.23475,1618.0
0.232188,1618.25
0.233469,1618.5
0.233469,1618.75
0.23475,1619.0
0.232188,1619.25
0.233469,1619.5
0.23475,1619.75
0.232188,1620.0
0.232188,1620.25
0.232188,1620.5
0.23475,1620.75
0.232188,1621.0
0.233469,1621.25
0.232188,1621.5
0.232188,1621.75
0.233469,1622.0
0.233469,1622.25
0.232188,1622.5
0.233469,1622.75
0.230906,1623.0
0.230906,1623.25
0.233469,1623.5
0.230906,1623.75
0.232188,1624.0
0.230906,1624.25
0.229625,1624.5
0.230906,1624.75
0.229625,1625.0
0.229625,1625.25
0.229625,1625.5
0.230906,1625.75
0.228344,1626.0
0.230906,1626.25
0.232188,1626.5
0.232188,1626.75
0.230906,1627.0
0.230906,1627.25
0.229625,1627.5
0.230906,1627.75
0.228344,1628.0
0.228344,1628.25
0.228344,1628.5
0.229625,1628.75
0.230906,1629.0
0.228344,1629.25
0.229625,1629.5
0.228344,1629.75
0.227062,1630.0
0.228344,1630.25
0.228344,1630.5
0.227062,1630.75
0.228344,1631.0
0.227062,1631.25
0.225781,1631.5
0.227062,1631.75
0.2245,1632.0
0.225781,1632.25
0.2245,1632.5
0.2245,1632.75
0.2245,1633.0
0.223218,1633.25
0.221937,1633.5
0.221937,1633.75
0.223218,1634.0
0.223218,1634.25
0.2245,1634.5
0.223218,1634.75
0.2245,1635.0
0.223218,1635.25
0.220656,1635.5
0.220656,1635.75
0.221937,1636.0
0.221937,1636.25
0.220656,1636.5
0.220656,1636.75
0.220656,1637.0
0.221937,1637.25
0.220656,1637.5
0.223218,1637.75
0.220656,1638.0
0.219374,1638.25
0.220656,1638.5
0.220656,1638.75
0.219374,1639.0
0.219374,1639.25
0.219374,1639.5
0.218093,1639.75
0.218093,1640.0
0.218093,1640.25
0.218093,1640.5
0.219374,1640.75
0.216812,1641.0
0.218093,1641.25
0.216812,1641.5
0.216812,1641.75
0.216812,1642.0
0.216812,1642.25
0.214249,1642.5
0.21553,1642.75
0.21553,1643.0
0.21553,1643.25
0.21553,1643.5
0.214249,1643.75
0.214249,1644.0
0.216812,1644.25
0.216812,1644.5
0.21553,1644.75
0.21553,1645.0
0.216812,1645.25
0.216812,1645.5
0.220656,1645.75
0.2245,1646.0
0.221937,1646.25
0.220656,1646.5
0.221937,1646.75
0.220656,1647.0
0.220656,1647.25
0.219374,1647.5
0.219374,1647.75
0.218093,1648.0
0.219374,1648.25
0.218093,1648.5
0.218093,1648.75
0.219374,1649.0
0.218093,1649.25
0.218093,1649.5
0.216812,1649.75
0.21553,1650.0
0.21553,1650.25
0.216812,1650.5
0.21553,1650.75
0.216812,1651.0
0.21553,1651.25
0.214249,1651.5
0.21553,1651.75
0.21553,1652.0
0.212968,1652.25
0.21553,1652.5
0.216812,1652.75
0.214249,1653.0
0.214249,1653.25
0.21553,1653.5
0.216812,1653.75
0.212968,1654.0
0.21553,1654.25
0.214249,1654.5
0.211686,1654.75
0.212968,1655.0
0.211686,1655.25
0.211686,1655.5
0.211686,1655.75
0.210405,1656.0
0.211686,1656.25
0.211686,1656.5
0.209124,1656.75
0.211686,1657.0
0.210405,1657.25
0.210405,1657.5
0.210405,1657.75
0.210405,1658.0
0.210405,1658.25
0.209124,1658.5
0.209124,1658.75
0.209124,1659.0
0.209124,1659.25
0.207842,1659.5
0.209124,1659.75
0.207842,1660.0
0.209124,1660.25
0.206561,1660.5
0.207842,1660.75
0.209124,1661.0
0.207842,1661.25
0.207842,1661.5
0.207842,1661.75
0.209124,1662.0
0.207842,1662.25
0.209124,1662.5
0.207842,1662.75
0.206561,1663.0
0.209124,1663.25
0.206561,1663.5
0.206561,1663.75
0.207842,1664.0
0.20528,1664.25
0.20528,1664.5
0.207842,1664.75
0.20528,1665.0
0.206561,1665.25
0.20528,1665.5
0.20528,1665.75
0.203999,1666.0
0.203999,1666.25
0.203999,1666.5
0.203999,1666.75
0.202717,1667.0
0.203999,1667.25
0.20528,1667.5
0.203999,1667.75
0.203999,1668.0
0.203999,1668.25
0.201436,1668.5
0.201436,1668.75
0.202717,1669.0
0.201436,1669.25
0.201436,1669.5
0.201436,1669.75
0.202717,1670.0
0.202717,1670.25
0.201436,1670.5
0.202717,1670.75
0.200155,1671.0
0.200155,1671.25
0.200155,1671.5
0.200155,1671.75
0.200155,1672.0
0.198873,1672.25
0.198873,1672.5
0.197592,1672.75
0.197592,1673.0
0.197592,1673.25
0.197592,1673.5
0.198873,1673.75
0.197592,1674.0
0.196311,1674.25
0.196311,1674.5
0.195029,1674.75
0.197592,1675.0
0.197592,1675.25
0.196311,1675.5
0.197592,1675.75
0.195029,1676.0
0.196311,1676.25
0.196311,1676.5
0.196311,1676.75
0.196311,1677.0
0.196311,1677.25
0.196311,1677.5
0.196311,1677.75
0.196311,1678.0
0.196311,1678.25
0.195029,1678.5
0.193748,1678.75
0.195029,1679.0
0.195029,1679.25
0.193748,1679.5
0.192467,1679.75
0.193748,1680.0
0.193748,1680.25
0.192467,1680.5
0.192467,1680.75
0.191185,1681.0
0.192467,1681.25
0.189904,1681.5
0.191185,1681.75
0.191185,1682.0
0.192467,1682.25
0.192467,1682.5
0.189904,1682.75
0.188623,1683.0
0.188623,1683.25
0.188623,1683.5
0.188623,1683.75
0.188623,1684.0
0.187341,1684.25
0.187341,1684.5
0.187341,1684.75
0.187341,1685.0
0.187341,1685.25
0.188623,1685.5
0.18606,1685.75
0.187341,1686.0
0.187341,1686.25
0.18606,1686.5
0.188623,1686.75
0.18606,1687.0
0.188623,1687.25
0.187341,1687.5
0.187341,1687.75
0.187341,1688.0
0.187341,1688.25
0.18606,1688.5
0.18606,1688.75
0.18606,1689.0
0.18606,1689.25
0.187341,1689.5
0.18606,1689.75
0.184779,1690.0
0.184779,1690.25
0.187341,1690.5
0.18606,1690.75
0.184779,1691.0
0.18606,1691.25
0.184779,1691.5
0.18606,1691.75
0.184779,1692.0
0.18606,1692.25
0.182216,1692.5
0.184779,1692.75
0.184779,1693.0
0.183497,1693.25
0.183497,1693.5
0.183497,1693.75
0.183497,1694.0
0.183497,1694.25
0.184779,1694.5
0.183497,1694.75
0.184779,1695.0
0.183497,1695.25
0.184779,1695.5
0.183497,1695.75
0.182216,1696.0
0.182216,1696.25
0.183497,1696.5
0.182216,1696.75
0.180935,1697.0
0.179653,1697.25
0.180935,1697.5
0.180935,1697.75
0.179653,1698.0
0.179653,1698.25
0.179653,1698.5
0.179653,1698.75
0.179653,1699.0
0.180935,1699.25
0.179653,1699.5
0.179653,1699.75
0.180935,1700.0
0.179653,1700.25
0.180935,1700.5
0.180935,1700.75
0.179653,1701.0
0.178372,1701.25
0.179653,1701.5
0.177091,1701.75
0.178372,1702.0
0.177091,1702.25
0.175809,1702.5
0.175809,1702.75
0.177091,1703.0
0.178372,1703.25
0.175809,1703.5
0.177091,1703.75
0.177091,1704.0
0.174528,1704.25
0.177091,1704.5
0.177091,1704.75
0.175809,1705.0
0.174528,1705.25
0.174528,1705.5
0.174528,1705.75
0.175809,1706.0
0.173247,1706.25
0.175809,1706.5
0.174528,1706.75
0.173247,1707.0
0.173247,1707.25
0.174528,1707.5
0.171965,1707.75
0.173247,1708.0
0.173247,1708.25
0.173247,1708.5
0.174528,1708.75
0.174528,1709.0
0.173247,1709.25
0.173247,1709.5
0.173247,1709.75
0.171965,1710.0
0.173247,1710.25
0.171965,1710.5
0.170684,1710.75
0.170684,1711.0
0.171965,1711.25
0.171965,1711.5
0.170684,1711.75
0.171965,1712.0
0.171965,1712.25
0.169403,1712.5
0.171965,1712.75
0.170684,1713.0
0.169403,1713.25
0.170684,1713.5
0.169403,1713.75
0.169403,1714.0
0.170684,1714.25
0.170684,1714.5
0.169403,1714.75
0.169403,1715.0
0.170684,1715.25
0.170684,1715.5
0.170684,1715.75
0.170684,1716.0
0.169403,1716.25
0.169403,1716.5
0.169403,1716.75
0.171965,1717.0
0.168121,1717.25
0.169403,1717.5
0.169403,1717.75
0.168121,1718.0
0.169403,1718.25
0.168121,1718.5
0.169403,1718.75
0.168121,1719.0
0.168121,1719.25
0.16684,1719.5
0.169403,1719.75
0.168121,1720.0
0.169403,1720.25
0.168121,1720.5
0.168121,1720.75
0.168121,1721.0
0.168121,1721.25
0.168121,1721.5
0.165559,1721.75
0.16684,1722.0
0.168121,1722.25
0.16684,1722.5
0.16684,1722.75
0.16684,1723.0
0.168121,1723.25
0.16684,1723.5
0.165559,1723.75
0.164277,1724.0
0.164277,1724.25
0.164277,1724.5
0.164277,1724.75
0.164277,1725.0
0.165559,1725.25
0.164277,1725.5
0.162996,1725.75
0.162996,1726.0
0.162996,1726.25
0.164277,1726.5
0.162996,1726.75
0.161715,1727.0
0.162996,1727.25
0.162996,1727.5
0.162996,1727.75
0.161715,1728.0
0.161715,1728.25
0.164277,1728.5
0.162996,1728.75
0.161715,1729.0
0.161715,1729.25
0.162996,1729.5
0.161715,1729.75
0.162996,1730.0
0.162996,1730.25
0.161715,1730.5
0.162996,1730.75
0.161715,1731.0
0.160433,1731.25
0.161715,1731.5
0.161715,1731.75
0.160433,1732.0
0.161715,1732.25
0.160433,1732.5
0.161715,1732.75
0.160433,1733.0
0.161715,1733.25
0.161715,1733.5
0.159152,1733.75
0.159152,1734.0
0.160433,1734.25
0.159152,1734.5
0.157871,1734.75
0.160433,1735.0
0.160433,1735.25
0.159152,1735.5
0.157871,1735.75
0.160433,1736.0
0.160433,1736.25
0.159152,1736.5
0.160433,1736.75
0.159152,1737.0
0.157871,1737.25
0.157871,1737.5
0.157871,1737.75
0.157871,1738.0
0.157871,1738.25
0.157871,1738.5
0.157871,1738.75
0.159152,1739.0
0.157871,1739.25
0.159152,1739.5
0.157871,1739.75
0.157871,1740.0
0.157871,1740.25
0.157871,1740.5
0.157871,1740.75
0.157871,1741.0
0.155308,1741.25
0.156589,1741.5
0.159152,1741.75
0.157871,1742.0
0.157871,1742.25
0.156589,1742.5
0.159152,1742.75
0.156589,1743.0
0.156589,1743.25
0.156589,1743.5
0.156589,1743.75
0.156589,1744.0
0.156589,1744.25
0.156589,1744.5
0.155308,1744.75
0.156589,1745.0
0.157871,1745.25
0.156589,1745.5
0.155308,1745.75
0.155308,1746.0
0.155308,1746.25
0.155308,1746.5
0.155308,1746.75
0.155308,1747.0
0.156589,1747.25
0.155308,1747.5
0.154027,1747.75
0.155308,1748.0
0.155308,1748.25
0.154027,1748.5
0.155308,1748.75
0.154027,1749.0
0.154027,1749.25
0.155308,1749.5
0.154027,1749.75
0.154027,1750.0
0.154027,1750.25
0.152745,1750.5
0.154027,1750.75
0.154027,1751.0
0.152745,1751.25
0.152745,1751.5
0.152745,1751.75
0.151464,1752.0
0.152745,1752.25
0.151464,1752.5
0.154027,1752.75
0.152745,1753.0
0.155308,1753.25
0.151464,1753.5
0.151464,1753.75
0.151464,1754.0
0.151464,1754.25
0.151464,1754.5
0.151464,1754.75
0.148901,1755.0
0.161715,1755.25
0.255252,1755.5
0.223218,1755.75
0.169403,1756.0
0.154027,1756.25
0.164277,1756.5
0.161715,1756.75
0.14762,1757.0
0.14762,1757.25
0.146339,1757.5
0.143776,1757.75
0.145057,1758.0
0.145057,1758.25
0.145057,1758.5
0.139932,1758.75
0.136088,1759.0
0.136088,1759.25
0.138651,1759.5
0.150183,1759.75
0.154027,1760.0
0.14762,1760.25
0.138651,1760.5
0.136088,1760.75
0.14762,1761.0
0.145057,1761.25
0.143776,1761.5
0.138651,1761.75
0.138651,1762.0
0.139932,1762.25
0.152745,1762.5
0.152745,1762.75
0.14762,1763.0
0.148901,1763.25
0.14762,1763.5
0.14762,1763.75
0.150183,1764.0
0.146339,1764.25
0.146339,1764.5
0.14762,1764.75
0.143776,1765.0
0.143776,1765.25
0.146339,1765.5
0.148901,1765.75
0.148901,1766.0
0.146339,1766.25
0.145057,1766.5
0.145057,1766.75
0.141213,1767.0
0.138651,1767.25
0.138651,1767.5
0.137369,1767.75
0.137369,1768.0
0.138651,1768.25
0.137369,1768.5
0.137369,1768.75
0.134807,1769.0
0.136088,1769.25
0.136088,1769.5
0.136088,1769.75
0.133525,1770.0
0.133525,1770.25
0.132244,1770.5
0.133525,1770.75
0.134807,1771.0
0.133525,1771.25
0.136088,1771.5
0.137369,1771.75
0.138651,1772.0
0.141213,1772.25
0.139932,1772.5
0.141213,1772.75
0.142495,1773.0
0.141213,1773.25
0.139932,1773.5
0.139932,1773.75
0.138651,1774.0
0.139932,1774.25
0.138651,1774.5
0.138651,1774.75
0.139932,1775.0
0.138651,1775.25
0.137369,1775.5
0.134807,1775.75
0.134807,1776.0
0.134807,1776.25
0.137369,1776.5
0.134807,1776.75
0.133525,1777.0
0.134807,1777.25
0.137369,1777.5
0.134807,1777.75
0.134807,1778.0
0.130963,1778.25
0.138651,1778.5
0.143776,1778.75
0.145057,1779.0
0.145057,1779.25
0.14762,1779.5
0.146339,1779.75
0.146339,1780.0
0.14762,1780.25
0.146339,1780.5
0.148901,1780.75
0.148901,1781.0
0.14762,1781.25
0.148901,1781.5
0.14762,1781.75
0.148901,1782.0
0.14762,1782.25
0.148901,1782.5
0.146339,1782.75
0.150183,1783.0
0.14762,1783.25
0.150183,1783.5
0.150183,1783.75
0.14762,1784.0
0.146339,1784.25
0.14762,1784.5
0.14762,1784.75
0.14762,1785.0
0.14762,1785.25
0.14762,1785.5
0.150183,1785.75
0.14762,1786.0
0.150183,1786.25
0.148901,1786.5
0.146339,1786.75
0.14762,1787.0
0.148901,1787.25
0.14762,1787.5
0.14762,1787.75
0.14762,1788.0
0.14762,1788.25
0.148901,1788.5
0.14762,1788.75
0.14762,1789.0
0.150183,1789.25
0.14762,1789.5
0.14762,1789.75
0.14762,1790.0
0.146339,1790.25
0.14762,1790.5
0.14762,1790.75
0.14762,1791.0
0.150183,1791.25
0.148901,1791.5
0.148901,1791.75
0.148901,1792.0
0.14762,1792.25
0.148901,1792.5
0.148901,1792.75
0.14762,1793.0
0.148901,1793.25
0.14762,1793.5
0.148901,1793.75
0.148901,1794.0
0.133525,1794.25
0.130963,1794.5
0.123275,1794.75
0.114305,1795.0
0.107899,1795.25
0.121993,1795.5
0.119431,1795.75
0.119431,1796.0
0.116868,1796.25
0.111743,1796.5
0.116868,1796.75
0.104055,1797.0
0.098929,1797.25
0.118149,1797.5
0.129681,1797.75
0.133525,1798.0
0.134807,1798.25
0.137369,1798.5
0.136088,1798.75
0.136088,1799.0
0.134807,1799.25
0.136088,1799.5
0.134807,1799.75
0.137369,1800.0
0.132244,1800.25
0.129681,1800.5
0.118149,1800.75
0.114305,1801.0
0.111743,1801.25
0.130963,1801.5
0.139932,1801.75
0.133525,1802.0
0.132244,1802.25
0.125837,1802.5
0.10918,1802.75
0.092523,1803.0
0.083553,1803.25
0.073303,1803.5
0.068177,1803.75
0.066896,1804.0
0.065615,1804.25
0.066896,1804.5
0.066896,1804.75
0.066896,1805.0
0.066896,1805.25
0.066896,1805.5
0.068177,1805.75
0.066896,1806.0
0.066896,1806.25
0.069459,1806.5
0.07074,1806.75
0.069459,1807.0
0.069459,1807.25
0.074584,1807.5
0.107899,1807.75
0.124556,1808.0
0.120712,1808.25
0.115587,1808.5
0.116868,1808.75
0.138651,1809.0
0.178372,1809.25
0.170684,1809.5
0.156589,1809.75
0.160433,1810.0
0.161715,1810.25
0.145057,1810.5
0.130963,1810.75
0.133525,1811.0
0.133525,1811.25
0.130963,1811.5
0.129681,1811.75
0.132244,1812.0
0.132244,1812.25
0.132244,1812.5
0.132244,1812.75
0.133525,1813.0
0.129681,1813.25
0.133525,1813.5
0.132244,1813.75
0.130963,1814.0
0.133525,1814.25
0.132244,1814.5
0.127119,1814.75
0.1284,1815.0
0.132244,1815.25
0.132244,1815.5
0.130963,1815.75
0.137369,1816.0
0.132244,1816.25
0.129681,1816.5
0.127119,1816.75
0.129681,1817.0
0.130963,1817.25
0.129681,1817.5
0.130963,1817.75
0.132244,1818.0
0.1284,1818.25
0.125837,1818.5
0.129681,1818.75
0.134807,1819.0
0.134807,1819.25
0.134807,1819.5
0.139932,1819.75
0.143776,1820.0
0.145057,1820.25
0.146339,1820.5
0.143776,1820.75
0.145057,1821.0
0.14762,1821.25
0.148901,1821.5
0.148901,1821.75
0.148901,1822.0
0.151464,1822.25
0.151464,1822.5
0.151464,1822.75
0.150183,1823.0
0.151464,1823.25
0.151464,1823.5
0.154027,1823.75
0.155308,1824.0
0.156589,1824.25
0.157871,1824.5
0.159152,1824.75
0.173247,1825.0
0.177091,1825.25
0.175809,1825.5
0.175809,1825.75
0.175809,1826.0
0.177091,1826.25
0.179653,1826.5
0.184779,1826.75
0.187341,1827.0
0.187341,1827.25
0.189904,1827.5
0.187341,1827.75
0.187341,1828.0
0.187341,1828.25
0.184779,1828.5
0.182216,1828.75
0.182216,1829.0
0.183497,1829.25
0.180935,1829.5
0.182216,1829.75
0.179653,1830.0
0.178372,1830.25
0.173247,1830.5
0.162996,1830.75
0.168121,1831.0
0.170684,1831.25
0.175809,1831.5
0.175809,1831.75
0.175809,1832.0
0.175809,1832.25
0.174528,1832.5
0.171965,1832.75
0.171965,1833.0
0.170684,1833.25
0.170684,1833.5
0.171965,1833.75
0.171965,1834.0
0.171965,1834.25
0.173247,1834.5
0.173247,1834.75
0.173247,1835.0
0.174528,1835.25
0.171965,1835.5
0.170684,1835.75
0.168121,1836.0
0.16684,1836.25
0.16684,1836.5
0.165559,1836.75
0.16684,1837.0
0.165559,1837.25
0.16684,1837.5
0.165559,1837.75
0.165559,1838.0
0.16684,1838.25
0.165559,1838.5
0.16684,1838.75
0.16684,1839.0
0.165559,1839.25
0.165559,1839.5
0.162996,1839.75
0.162996,1840.0
0.164277,1840.25
0.162996,1840.5
0.164277,1840.75
0.162996,1841.0
0.162996,1841.25
0.161715,1841.5
0.164277,1841.75
0.162996,1842.0
0.161715,1842.25
0.161715,1842.5
0.162996,1842.75
0.162996,1843.0
0.164277,1843.25
0.162996,1843.5
0.162996,1843.75
0.162996,1844.0
0.162996,1844.25
0.162996,1844.5
0.161715,1844.75
0.164277,1845.0
0.16684,1845.25
0.165559,1845.5
0.16684,1845.75
0.165559,1846.0
0.168121,1846.25
0.16684,1846.5
0.16684,1846.75
0.162996,1847.0
0.164277,1847.25
0.161715,1847.5
0.160433,1847.75
0.161715,1848.0
0.161715,1848.25
0.161715,1848.5
0.161715,1848.75
0.161715,1849.0
0.160433,1849.25
0.164277,1849.5
0.165559,1849.75
0.165559,1850.0
0.165559,1850.25
0.165559,1850.5
0.165559,1850.75
0.16684,1851.0
0.169403,1851.25
0.169403,1851.5
0.169403,1851.75
0.169403,1852.0
0.170684,1852.25
0.16684,1852.5
0.169403,1852.75
0.175809,1853.0
0.182216,1853.25
0.187341,1853.5
0.188623,1853.75
0.189904,1854.0
0.188623,1854.25
0.188623,1854.5
0.189904,1854.75
0.187341,1855.0
0.187341,1855.25
0.188623,1855.5
0.188623,1855.75
0.191185,1856.0
0.193748,1856.25
0.193748,1856.5
0.193748,1856.75
0.192467,1857.0
0.195029,1857.25
0.191185,1857.5
0.191185,1857.75
0.188623,1858.0
0.188623,1858.25
0.188623,1858.5
0.189904,1858.75
0.188623,1859.0
0.188623,1859.25
0.188623,1859.5
0.188623,1859.75
0.191185,1860.0
0.191185,1860.25
0.193748,1860.5
0.192467,1860.75
0.192467,1861.0
0.192467,1861.25
0.192467,1861.5
0.192467,1861.75
0.191185,1862.0
0.192467,1862.25
0.191185,1862.5
0.195029,1862.75
0.192467,1863.0
0.192467,1863.25
0.193748,1863.5
0.193748,1863.75
0.193748,1864.0
0.193748,1864.25
0.192467,1864.5
0.193748,1864.75
0.192467,1865.0
0.193748,1865.25
0.193748,1865.5
0.193748,1865.75
0.193748,1866.0
0.193748,1866.25
0.192467,1866.5
0.195029,1866.75
0.195029,1867.0
0.195029,1867.25
0.195029,1867.5
0.195029,1867.75
0.195029,1868.0
0.193748,1868.25
0.195029,1868.5
0.195029,1868.75
0.193748,1869.0
0.195029,1869.25
0.197592,1869.5
0.197592,1869.75
0.197592,1870.0
0.200155,1870.25
0.198873,1870.5
0.200155,1870.75
0.200155,1871.0
0.198873,1871.25
0.198873,1871.5
0.197592,1871.75
0.219374,1872.0
0.216812,1872.25
0.21553,1872.5
0.214249,1872.75
0.214249,1873.0
0.214249,1873.25
0.211686,1873.5
0.214249,1873.75
0.209124,1874.0
0.210405,1874.25
0.209124,1874.5
0.209124,1874.75
0.211686,1875.0
0.212968,1875.25
0.212968,1875.5
0.212968,1875.75
0.21553,1876.0
0.21553,1876.25
0.216812,1876.5
0.218093,1876.75
0.216812,1877.0
0.21553,1877.25
0.214249,1877.5
0.214249,1877.75
0.211686,1878.0
0.211686,1878.25
0.211686,1878.5
0.211686,1878.75
0.210405,1879.0
0.210405,1879.25
0.211686,1879.5
0.210405,1879.75
0.210405,1880.0
0.210405,1880.25
0.209124,1880.5
0.209124,1880.75
0.209124,1881.0
0.209124,1881.25
0.210405,1881.5
0.211686,1881.75
0.211686,1882.0
0.210405,1882.25
0.207842,1882.5
0.207842,1882.75
0.209124,1883.0
0.207842,1883.25
0.207842,1883.5
0.207842,1883.75
0.206561,1884.0
0.207842,1884.25
0.206561,1884.5
0.206561,1884.75
0.207842,1885.0
0.20528,1885.25
0.20528,1885.5
0.206561,1885.75
0.20528,1886.0
0.20528,1886.25
0.203999,1886.5
0.20528,1886.75
0.20528,1887.0
0.203999,1887.25
0.20528,1887.5
0.206561,1887.75
0.206561,1888.0
0.203999,1888.25
0.203999,1888.5
0.203999,1888.75
0.203999,1889.0
0.203999,1889.25
0.202717,1889.5
0.203999,1889.75
0.203999,1890.0
0.201436,1890.25
0.202717,1890.5
0.201436,1890.75
0.201436,1891.0
0.201436,1891.25
0.200155,1891.5
0.202717,1891.75
0.202717,1892.0
0.207842,1892.25
0.211686,1892.5
0.211686,1892.75
0.211686,1893.0
0.212968,1893.25
0.211686,1893.5
0.211686,1893.75
0.210405,1894.0
0.207842,1894.25
0.206561,1894.5
0.206561,1894.75
0.206561,1895.0
0.207842,1895.25
0.206561,1895.5
0.207842,1895.75
0.210405,1896.0
0.209124,1896.25
0.207842,1896.5
0.209124,1896.75
0.206561,1897.0
0.207842,1897.25
0.207842,1897.5
0.20528,1897.75
0.203999,1898.0
0.203999,1898.25
0.203999,1898.5
0.20528,1898.75
0.202717,1899.0
0.203999,1899.25
0.203999,1899.5
0.203999,1899.75
0.202717,1900.0
0.202717,1900.25
0.201436,1900.5
0.201436,1900.75
0.200155,1901.0
0.201436,1901.25
0.201436,1901.5
0.200155,1901.75
0.198873,1902.0
0.201436,1902.25
0.198873,1902.5
0.200155,1902.75
0.200155,1903.0
0.198873,1903.25
0.200155,1903.5
0.198873,1903.75
0.200155,1904.0
0.197592,1904.25
0.198873,1904.5
0.198873,1904.75
0.198873,1905.0
0.197592,1905.25
0.198873,1905.5
0.198873,1905.75
0.202717,1906.0
0.202717,1906.25
0.202717,1906.5
0.202717,1906.75
0.201436,1907.0
0.200155,1907.25
0.200155,1907.5
0.200155,1907.75
0.196311,1908.0
0.196311,1908.25
0.196311,1908.5
0.197592,1908.75
0.197592,1909.0
0.195029,1909.25
0.195029,1909.5
0.196311,1909.75
0.197592,1910.0
0.196311,1910.25
0.197592,1910.5
0.195029,1910.75
0.193748,1911.0
0.196311,1911.25
0.196311,1911.5
0.197592,1911.75
0.195029,1912.0
0.197592,1912.25
0.196311,1912.5
0.195029,1912.75
0.195029,1913.0
0.196311,1913.25
0.196311,1913.5
0.196311,1913.75
0.198873,1914.0
0.196311,1914.25
0.200155,1914.5
0.198873,1914.75
0.201436,1915.0
0.201436,1915.25
0.198873,1915.5
0.198873,1915.75
0.198873,1916.0
0.197592,1916.25
0.196311,1916.5
0.197592,1916.75
0.196311,1917.0
0.196311,1917.25
0.197592,1917.5
0.197592,1917.75
0.196311,1918.0
0.196311,1918.25
0.193748,1918.5
0.195029,1918.75
0.193748,1919.0
0.193748,1919.25
0.193748,1919.5
0.193748,1919.75
0.195029,1920.0
0.192467,1920.25
0.193748,1920.5
0.193748,1920.75
0.193748,1921.0
0.195029,1921.25
0.195029,1921.5
0.195029,1921.75
0.196311,1922.0
0.195029,1922.25
0.195029,1922.5
0.197592,1922.75
0.193748,1923.0
0.196311,1923.25
0.196311,1923.5
0.192467,1923.75
0.193748,1924.0
0.195029,1924.25
0.192467,1924.5
0.193748,1924.75
0.192467,1925.0
0.192467,1925.25
0.193748,1925.5
0.192467,1925.75
0.192467,1926.0
0.193748,1926.25
0.195029,1926.5
0.193748,1926.75
0.195029,1927.0
0.195029,1927.25
0.195029,1927.5
0.198873,1927.75
0.197592,1928.0
0.200155,1928.25
0.198873,1928.5
0.201436,1928.75
0.201436,1929.0
0.200155,1929.25
0.201436,1929.5
0.202717,1929.75
0.200155,1930.0
0.200155,1930.25
0.198873,1930.5
0.198873,1930.75
0.198873,1931.0
0.197592,1931.25
0.197592,1931.5
0.197592,1931.75
0.193748,1932.0
0.192467,1932.25
0.193748,1932.5
0.192467,1932.75
0.192467,1933.0
0.191185,1933.25
0.191185,1933.5
0.192467,1933.75
0.191185,1934.0
0.191185,1934.25
0.189904,1934.5
0.191185,1934.75
0.189904,1935.0
0.188623,1935.25
0.189904,1935.5
0.191185,1935.75
0.188623,1936.0
0.191185,1936.25
0.188623,1936.5
0.187341,1936.75
0.192467,1937.0
0.189904,1937.25
0.189904,1937.5
0.189904,1937.75
0.188623,1938.0
0.187341,1938.25
0.189904,1938.5
0.188623,1938.75
0.188623,1939.0
0.189904,1939.25
0.189904,1939.5
0.188623,1939.75
0.188623,1940.0
0.191185,1940.25
0.189904,1940.5
0.198873,1940.75
0.187341,1941.0
0.164277,1941.25
0.150183,1941.5
0.164277,1941.75
0.160433,1942.0
0.160433,1942.25
0.146339,1942.5
0.155308,1942.75
0.191185,1943.0
0.192467,1943.25
0.195029,1943.5
0.197592,1943.75
0.197592,1944.0
0.197592,1944.25
0.198873,1944.5
0.198873,1944.75
0.197592,1945.0
0.198873,1945.25
0.198873,1945.5
0.198873,1945.75
0.198873,1946.0
0.197592,1946.25
0.197592,1946.5
0.198873,1946.75
0.195029,1947.0
0.193748,1947.25
0.196311,1947.5
0.195029,1947.75
0.196311,1948.0
0.191185,1948.25
0.189904,1948.5
0.188623,1948.75
0.189904,1949.0
0.192467,1949.25
0.195029,1949.5
0.195029,1949.75
0.196311,1950.0
0.197592,1950.25
0.197592,1950.5
0.198873,1950.75
0.197592,1951.0
0.200155,1951.25
0.200155,1951.5
0.197592,1951.75
0.198873,1952.0
0.197592,1952.25
0.196311,1952.5
0.196311,1952.75
0.196311,1953.0
0.196311,1953.25
0.196311,1953.5
0.197592,1953.75
0.198873,1954.0
0.200155,1954.25
0.20528,1954.5
0.207842,1954.75
0.211686,1955.0
0.223218,1955.25
0.248845,1955.5
0.252689,1955.75
0.255252,1956.0
0.259096,1956.25
0.260377,1956.5
0.26294,1956.75
0.26294,1957.0
0.261658,1957.25
0.261658,1957.5
0.264221,1957.75
0.268065,1958.0
0.268065,1958.25
0.269346,1958.5
0.268065,1958.75
0.270628,1959.0
0.269346,1959.25
0.271909,1959.5
0.271909,1959.75
0.271909,1960.0
0.270628,1960.25
0.268065,1960.5
0.266784,1960.75
0.264221,1961.0
0.26294,1961.25
0.261658,1961.5
0.261658,1961.75
0.260377,1962.0
0.261658,1962.25
0.261658,1962.5
0.26294,1962.75
0.260377,1963.0
0.261658,1963.25
0.260377,1963.5
0.259096,1963.75
0.261658,1964.0
0.264221,1964.25
0.266784,1964.5
0.266784,1964.75
0.269346,1965.0
0.274472,1965.25
0.286004,1965.5
0.287285,1965.75
0.284722,1966.0
0.283441,1966.25
0.283441,1966.5
0.283441,1966.75
0.283441,1967.0
0.28216,1967.25
0.286004,1967.5
0.291129,1967.75
0.289848,1968.0
0.287285,1968.25
0.286004,1968.5
0.286004,1968.75
0.286004,1969.0
0.283441,1969.25
0.284722,1969.5
0.283441,1969.75
0.28216,1970.0
0.283441,1970.25
0.280878,1970.5
0.28216,1970.75
0.279597,1971.0
0.280878,1971.25
0.280878,1971.5
0.280878,1971.75
0.280878,1972.0
0.279597,1972.25
0.279597,1972.5
0.279597,1972.75
0.278316,1973.0
0.278316,1973.25
0.278316,1973.5
0.277034,1973.75
0.277034,1974.0
0.277034,1974.25
0.278316,1974.5
0.275753,1974.75
0.277034,1975.0
0.275753,1975.25
0.275753,1975.5
0.275753,1975.75
0.277034,1976.0
0.277034,1976.25
0.277034,1976.5
0.277034,1976.75
0.277034,1977.0
0.277034,1977.25
0.275753,1977.5
0.275753,1977.75
0.274472,1978.0
0.274472,1978.25
0.274472,1978.5
0.275753,1978.75
0.27319,1979.0
0.27319,1979.25
0.275753,1979.5
0.274472,1979.75
0.279597,1980.0
0.283441,1980.25
0.28216,1980.5
0.283441,1980.75
0.284722,1981.0
0.284722,1981.25
0.284722,1981.5
0.283441,1981.75
0.283441,1982.0
0.283441,1982.25
0.283441,1982.5
0.284722,1982.75
0.283441,1983.0
0.283441,1983.25
0.28216,1983.5
0.284722,1983.75
0.283441,1984.0
0.286004,1984.25
0.266784,1984.5
0.251408,1984.75
0.232188,1985.0
0.210405,1985.25
0.209124,1985.5
0.218093,1985.75
0.241157,1986.0
0.248845,1986.25
0.288566,1986.5
0.371853,1986.75
0.289848,1987.0
0.297536,1987.25
0.289848,1987.5
0.298817,1987.75
0.30138,1988.0
0.275753,1988.25
0.247564,1988.5
0.188623,1988.75
0.197592,1989.0
0.27319,1989.25
0.266784,1989.5
0.256533,1989.75
0.211686,1990.0
0.238594,1990.25
0.233469,1990.5
0.219374,1990.75
0.237313,1991.0
0.225781,1991.25
0.227062,1991.5
0.227062,1991.75
0.219374,1992.0
0.21553,1992.25
0.214249,1992.5
0.211686,1992.75
0.212968,1993.0
0.212968,1993.25
0.20528,1993.5
0.212968,1993.75
0.21553,1994.0
0.225781,1994.25
0.248845,1994.5
0.255252,1994.75
0.251408,1995.0
0.233469,1995.25
0.260377,1995.5
0.246282,1995.75
0.252689,1996.0
0.255252,1996.25
0.257814,1996.5
0.26294,1996.75
0.270628,1997.0
0.284722,1997.25
0.288566,1997.5
0.296254,1997.75
0.310349,1998.0
0.329569,1998.25
0.35007,1998.5
0.368009,1998.75
0.380822,1999.0
0.38851,1999.25
0.396198,1999.5
0.405167,1999.75
0.414137,2000.0
0.401323,2000.25
0.434638,2000.5
0.430794,2000.75
0.432075,2001.0
0.430794,2001.25
0.417981,2001.5
0.405167,2001.75
0.398761,2002.0
0.391073,2002.25
0.382104,2002.5
0.374416,2002.75
0.368009,2003.0
0.361602,2003.25
0.355196,2003.5
0.351352,2003.75
0.338538,2004.0
0.341101,2004.25
0.341101,2004.5
0.338538,2004.75
0.342382,2005.0
0.343664,2005.25
0.351352,2005.5
0.364165,2005.75
0.35904,2006.0
0.362884,2006.25
0.382104,2006.5
0.403886,2006.75
0.400042,2007.0
0.396198,2007.25
0.39748,2007.5
0.394917,2007.75
0.393636,2008.0
0.393636,2008.25
0.38851,2008.5
0.387229,2008.75
0.384666,2009.0
0.383385,2009.25
0.385948,2009.5
0.383385,2009.75
0.380822,2010.0
0.37826,2010.25
0.379541,2010.5
0.380822,2010.75
0.380822,2011.0
0.37826,2011.25
0.375697,2011.5
0.374416,2011.75
0.371853,2012.0
0.373134,2012.25
0.374416,2012.5
0.374416,2012.75
0.374416,2013.0
0.374416,2013.25
0.375697,2013.5
0.376978,2013.75
0.379541,2014.0
0.379541,2014.25
0.37826,2014.5
0.379541,2014.75
0.380822,2015.0
0.379541,2015.25
0.375697,2015.5
0.374416,2015.75
0.371853,2016.0
0.370572,2016.25
0.368009,2016.5
0.368009,2016.75
0.364165,2017.0
0.364165,2017.25
0.361602,2017.5
0.360321,2017.75
0.35904,2018.0
0.357758,2018.25
0.357758,2018.5
0.357758,2018.75
0.356477,2019.0
0.357758,2019.25
0.357758,2019.5
0.357758,2019.75
0.360321,2020.0
0.360321,2020.25
0.35904,2020.5
0.360321,2020.75
0.35904,2021.0
0.35904,2021.25
0.35904,2021.5
0.356477,2021.75
0.355196,2022.0
0.353914,2022.25
0.355196,2022.5
0.351352,2022.75
0.353914,2023.0
0.352633,2023.25
0.353914,2023.5
0.355196,2023.75
0.356477,2024.0
0.353914,2024.25
0.352633,2024.5
0.352633,2024.75
0.353914,2025.0
0.352633,2025.25
0.351352,2025.5
0.351352,2025.75
0.351352,2026.0
0.352633,2026.25
0.355196,2026.5
0.356477,2026.75
0.356477,2027.0
0.355196,2027.25
0.355196,2027.5
0.355196,2027.75
0.353914,2028.0
0.351352,2028.25
0.353914,2028.5
0.353914,2028.75
0.351352,2029.0
0.351352,2029.25
0.348789,2029.5
0.35007,2029.75
0.348789,2030.0
0.35007,2030.25
0.35007,2030.5
0.35007,2030.75
0.348789,2031.0
0.348789,2031.25
0.348789,2031.5
0.347508,2031.75
0.347508,2032.0
0.347508,2032.25
0.344945,2032.5
0.344945,2032.75
0.342382,2033.0
0.342382,2033.25
0.342382,2033.5
0.342382,2033.75
0.341101,2034.0
0.338538,2034.25
0.33982,2034.5
0.338538,2034.75
0.338538,2035.0
0.338538,2035.25
0.338538,2035.5
0.337257,2035.75
0.33982,2036.0
0.33982,2036.25
0.338538,2036.5
0.338538,2036.75
0.338538,2037.0
0.334694,2037.25
0.334694,2037.5
0.333413,2037.75
0.333413,2038.0
0.334694,2038.25
0.333413,2038.5
0.337257,2038.75
0.337257,2039.0
0.337257,2039.25
0.337257,2039.5
0.337257,2039.75
0.334694,2040.0
0.334694,2040.25
0.333413,2040.5
0.333413,2040.75
0.335976,2041.0
0.333413,2041.25
0.333413,2041.5
0.334694,2041.75
0.335976,2042.0
0.341101,2042.25
0.342382,2042.5
0.374416,2042.75
0.423106,2043.0
0.432075,2043.25
0.419262,2043.5
0.439763,2043.75
0.473078,2044.0
0.507674,2044.25
0.499986,2044.5
0.497423,2044.75
0.491017,2045.0
0.488454,2045.25
0.482047,2045.5
0.488454,2045.75
0.476922,2046.0
0.483329,2046.25
0.480766,2046.5
0.487173,2046.75
0.491017,2047.0
0.494861,2047.25
0.489735,2047.5
0.488454,2047.75
0.489735,2048.0
0.487173,2048.25
0.483329,2048.5
0.48461,2048.75
0.475641,2049.0
0.471797,2049.25
0.469234,2049.5
0.467953,2049.75
0.466671,2050.0
0.46539,2050.25
0.464109,2050.5
0.464109,2050.75
0.462827,2051.0
0.460265,2051.25
0.461546,2051.5
0.460265,2051.75
0.461546,2052.0
0.458983,2052.25
0.457702,2052.5
0.457702,2052.75
0.456421,2053.0
0.455139,2053.25
0.453858,2053.5
0.451295,2053.75
0.451295,2054.0
0.456421,2054.25
0.460265,2054.5
0.464109,2054.75
0.473078,2055.0
0.476922,2055.25
0.474359,2055.5
0.471797,2055.75
0.470515,2056.0
0.469234,2056.25
0.467953,2056.5
0.466671,2056.75
0.46539,2057.0
0.464109,2057.25
0.464109,2057.5
0.461546,2057.75
0.460265,2058.0
0.457702,2058.25
0.456421,2058.5
0.455139,2058.75
0.455139,2059.0
0.451295,2059.25
0.452577,2059.5
0.451295,2059.75
0.451295,2060.0
0.450014,2060.25
0.448733,2060.5
0.448733,2060.75
0.450014,2061.0
0.450014,2061.25
0.450014,2061.5
0.451295,2061.75
0.450014,2062.0
0.450014,2062.25
0.450014,2062.5
0.448733,2062.75
0.448733,2063.0
0.444889,2063.25
0.444889,2063.5
0.444889,2063.75
0.442326,2064.0
0.443607,2064.25
0.443607,2064.5
0.442326,2064.75
0.441045,2065.0
0.439763,2065.25
0.441045,2065.5
0.441045,2065.75
0.438482,2066.0
0.439763,2066.25
0.439763,2066.5
0.438482,2066.75
0.435919,2067.0
0.435919,2067.25
0.433357,2067.5
0.434638,2067.75
0.434638,2068.0
0.433357,2068.25
0.434638,2068.5
0.432075,2068.75
0.432075,2069.0
0.432075,2069.25
0.429513,2069.5
0.430794,2069.75
0.429513,2070.0
0.429513,2070.25
0.428231,2070.5
0.429513,2070.75
0.428231,2071.0
0.430794,2071.25
0.428231,2071.5
0.428231,2071.75
0.429513,2072.0
0.42695,2072.25
0.425669,2072.5
0.42695,2072.75
0.425669,2073.0
0.425669,2073.25
0.424387,2073.5
0.423106,2073.75
0.423106,2074.0
0.424387,2074.25
0.424387,2074.5
0.42695,2074.75
0.425669,2075.0
0.424387,2075.25
0.428231,2075.5
0.429513,2075.75
0.429513,2076.0
0.429513,2076.25
0.429513,2076.5
0.428231,2076.75
0.428231,2077.0
0.42695,2077.25
0.42695,2077.5
0.425669,2077.75
0.42695,2078.0
0.42695,2078.25
0.429513,2078.5
0.429513,2078.75
0.430794,2079.0
0.432075,2079.25
0.430794,2079.5
0.430794,2079.75
0.429513,2080.0
0.428231,2080.25
0.428231,2080.5
0.434638,2080.75
0.44617,2081.0
0.450014,2081.25
0.453858,2081.5
0.453858,2081.75
0.452577,2082.0
0.451295,2082.25
0.448733,2082.5
0.44617,2082.75
0.443607,2083.0
0.442326,2083.25
0.438482,2083.5
0.438482,2083.75
0.434638,2084.0
0.434638,2084.25
0.433357,2084.5
0.432075,2084.75
0.430794,2085.0
0.429513,2085.25
0.428231,2085.5
0.428231,2085.75
0.42695,2086.0
0.42695,2086.25
0.42695,2086.5
0.425669,2086.75
0.424387,2087.0
0.423106,2087.25
0.421825,2087.5
0.423106,2087.75
0.421825,2088.0
0.420543,2088.25
0.420543,2088.5
0.420543,2088.75
0.420543,2089.0
0.424387,2089.25
0.428231,2089.5
0.429513,2089.75
0.432075,2090.0
0.432075,2090.25
0.433357,2090.5
0.432075,2090.75
0.430794,2091.0
0.42695,2091.25
0.424387,2091.5
0.423106,2091.75
0.421825,2092.0
0.419262,2092.25
0.419262,2092.5
0.417981,2092.75
0.415418,2093.0
0.416699,2093.25
0.415418,2093.5
0.417981,2093.75
0.421825,2094.0
0.428231,2094.25
0.432075,2094.5
0.438482,2094.75
0.439763,2095.0
0.441045,2095.25
0.439763,2095.5
0.437201,2095.75
0.434638,2096.0
0.432075,2096.25
0.428231,2096.5
0.425669,2096.75
0.425669,2097.0
0.423106,2097.25
0.420543,2097.5
0.419262,2097.75
0.416699,2098.0
0.416699,2098.25
0.416699,2098.5
0.414137,2098.75
0.414137,2099.0
0.412855,2099.25
0.411574,2099.5
0.411574,2099.75
0.410293,2100.0
0.409011,2100.25
0.409011,2100.5
0.40773,2100.75
0.40773,2101.0
0.405167,2101.25
0.406449,2101.5
0.403886,2101.75
0.405167,2102.0
0.402605,2102.25
0.402605,2102.5
0.401323,2102.75
0.402605,2103.0
0.400042,2103.25
0.400042,2103.5
0.398761,2103.75
0.398761,2104.0
0.39748,2104.25
0.39748,2104.5
0.398761,2104.75
0.39748,2105.0
0.396198,2105.25
0.396198,2105.5
0.394917,2105.75
0.394917,2106.0
0.394917,2106.25
0.393636,2106.5
0.394917,2106.75
0.394917,2107.0
0.393636,2107.25
0.396198,2107.5
0.39748,2107.75
0.398761,2108.0
0.396198,2108.25
0.394917,2108.5
0.392354,2108.75
0.391073,2109.0
0.389792,2109.25
0.391073,2109.5
0.389792,2109.75
0.389792,2110.0
0.38851,2110.25
0.38851,2110.5
0.389792,2110.75
0.38851,2111.0
0.38851,2111.25
0.389792,2111.5
0.389792,2111.75
0.38851,2112.0
0.387229,2112.25
0.387229,2112.5
0.387229,2112.75
0.387229,2113.0
0.385948,2113.25
0.384666,2113.5
0.383385,2113.75
0.383385,2114.0
0.383385,2114.25
0.384666,2114.5
0.382104,2114.75
0.382104,2115.0
0.382104,2115.25
0.380822,2115.5
0.383385,2115.75
0.383385,2116.0
0.383385,2116.25
0.383385,2116.5
0.384666,2116.75
0.384666,2117.0
0.384666,2117.25
0.385948,2117.5
0.38851,2117.75
0.392354,2118.0
0.393636,2118.25
0.394917,2118.5
0.394917,2118.75
0.394917,2119.0
0.394917,2119.25
0.396198,2119.5
0.400042,2119.75
0.405167,2120.0
0.410293,2120.25
0.414137,2120.5
0.419262,2120.75
0.421825,2121.0
0.421825,2121.25
0.423106,2121.5
0.421825,2121.75
0.419262,2122.0
0.417981,2122.25
0.415418,2122.5
0.411574,2122.75
0.409011,2123.0
0.40773,2123.25
0.406449,2123.5
0.403886,2123.75
0.403886,2124.0
0.401323,2124.25
0.402605,2124.5
0.401323,2124.75
0.403886,2125.0
0.403886,2125.25
0.405167,2125.5
0.403886,2125.75
0.401323,2126.0
0.403886,2126.25
0.401323,2126.5
0.400042,2126.75
0.39748,2127.0
0.39748,2127.25
0.396198,2127.5
0.39748,2127.75
0.396198,2128.0
0.394917,2128.25
0.394917,2128.5
0.394917,2128.75
0.396198,2129.0
0.393636,2129.25
0.391073,2129.5
0.392354,2129.75
0.389792,2130.0
0.391073,2130.25
0.391073,2130.5
0.391073,2130.75
0.389792,2131.0
0.389792,2131.25
0.38851,2131.5
0.38851,2131.75
0.385948,2132.0
0.38851,2132.25
0.387229,2132.5
0.38851,2132.75
0.385948,2133.0
0.385948,2133.25
0.384666,2133.5
0.384666,2133.75
0.385948,2134.0
0.383385,2134.25
0.385948,2134.5
0.385948,2134.75
0.384666,2135.0
0.385948,2135.25
0.384666,2135.5
0.385948,2135.75
0.391073,2136.0
0.39748,2136.25
0.402605,2136.5
0.405167,2136.75
0.40773,2137.0
0.409011,2137.25
0.410293,2137.5
0.410293,2137.75
0.406449,2138.0
0.402605,2138.25
0.401323,2138.5
0.400042,2138.75
0.39748,2139.0
0.396198,2139.25
0.394917,2139.5
0.394917,2139.75
0.396198,2140.0
0.396198,2140.25
0.396198,2140.5
0.398761,2140.75
0.398761,2141.0
0.39748,2141.25
0.398761,2141.5
0.396198,2141.75
0.396198,2142.0
0.39748,2142.25
0.394917,2142.5
0.396198,2142.75
0.394917,2143.0
0.394917,2143.25
0.394917,2143.5
0.393636,2143.75
0.392354,2144.0
0.393636,2144.25
0.391073,2144.5
0.391073,2144.75
0.392354,2145.0
0.391073,2145.25
0.392354,2145.5
0.391073,2145.75
0.391073,2146.0
0.389792,2146.25
0.389792,2146.5
0.38851,2146.75
0.38851,2147.0
0.387229,2147.25
0.385948,2147.5
0.385948,2147.75
0.385948,2148.0
0.385948,2148.25
0.385948,2148.5
0.385948,2148.75
0.387229,2149.0
0.385948,2149.25
0.384666,2149.5
0.387229,2149.75
0.38851,2150.0
0.387229,2150.25
0.387229,2150.5
0.38851,2150.75
0.38851,2151.0
0.385948,2151.25
0.384666,2151.5
0.385948,2151.75
0.383385,2152.0
0.383385,2152.25
0.383385,2152.5
0.383385,2152.75
0.383385,2153.0
0.380822,2153.25
0.380822,2153.5
0.382104,2153.75
0.382104,2154.0
0.384666,2154.25
0.38851,2154.5
0.393636,2154.75
0.39748,2155.0
0.401323,2155.25
0.402605,2155.5
0.403886,2155.75
0.406449,2156.0
0.410293,2156.25
0.417981,2156.5
0.421825,2156.75
0.42695,2157.0
0.433357,2157.25
0.441045,2157.5
0.44617,2157.75
0.44617,2158.0
0.444889,2158.25
0.441045,2158.5
0.437201,2158.75
0.435919,2159.0
0.434638,2159.25
0.438482,2159.5
0.448733,2159.75
0.458983,2160.0
0.471797,2160.25
0.488454,2160.5
0.501267,2160.75
0.505111,2161.0
0.507674,2161.25
0.511518,2161.5
0.511518,2161.75
0.512799,2162.0
0.511518,2162.25
0.512799,2162.5
0.512799,2162.75
0.510237,2163.0
0.508955,2163.25
0.506393,2163.5
0.502549,2163.75
0.499986,2164.0
0.497423,2164.25
0.492298,2164.5
0.491017,2164.75
0.488454,2165.0
0.485891,2165.25
0.48461,2165.5
0.482047,2165.75
0.478203,2166.0
0.479485,2166.25
0.478203,2166.5
0.476922,2166.75
0.475641,2167.0
0.474359,2167.25
0.474359,2167.5
0.471797,2167.75
0.471797,2168.0
0.469234,2168.25
0.467953,2168.5
0.466671,2168.75
0.46539,2169.0
0.46539,2169.25
0.46539,2169.5
0.462827,2169.75
0.461546,2170.0
0.461546,2170.25
0.461546,2170.5
0.460265,2170.75
0.460265,2171.0
0.457702,2171.25
0.460265,2171.5
0.464109,2171.75
0.467953,2172.0
0.473078,2172.25
0.478203,2172.5
0.48461,2172.75
0.488454,2173.0
0.487173,2173.25
0.487173,2173.5
0.48461,2173.75
0.482047,2174.0
0.479485,2174.25
0.476922,2174.5
0.473078,2174.75
0.471797,2175.0
0.469234,2175.25
0.469234,2175.5
0.469234,2175.75
0.467953,2176.0
0.469234,2176.25
0.467953,2176.5
0.467953,2176.75
0.466671,2177.0
0.466671,2177.25
0.46539,2177.5
0.46539,2177.75
0.46539,2178.0
0.464109,2178.25
0.464109,2178.5
0.461546,2178.75
0.464109,2179.0
0.461546,2179.25
0.460265,2179.5
0.460265,2179.75
0.461546,2180.0
0.460265,2180.25
0.457702,2180.5
0.458983,2180.75
0.458983,2181.0
0.460265,2181.25
0.460265,2181.5
0.462827,2181.75
0.462827,2182.0
0.461546,2182.25
0.461546,2182.5
0.458983,2182.75
0.460265,2183.0
0.457702,2183.25
0.456421,2183.5
0.455139,2183.75
0.455139,2184.0
0.453858,2184.25
0.453858,2184.5
0.455139,2184.75
0.453858,2185.0
0.453858,2185.25
0.453858,2185.5
0.452577,2185.75
0.452577,2186.0
0.451295,2186.25
0.450014,2186.5
0.450014,2186.75
0.450014,2187.0
0.450014,2187.25
0.451295,2187.5
0.450014,2187.75
0.452577,2188.0
0.452577,2188.25
0.452577,2188.5
0.450014,2188.75
0.448733,2189.0
0.451295,2189.25
0.452577,2189.5
0.457702,2189.75
0.461546,2190.0
0.466671,2190.25
0.473078,2190.5
0.474359,2190.75
0.475641,2191.0
0.474359,2191.25
0.473078,2191.5
0.470515,2191.75
0.469234,2192.0
0.466671,2192.25
0.464109,2192.5
0.461546,2192.75
0.460265,2193.0
0.457702,2193.25
0.457702,2193.5
0.456421,2193.75
0.455139,2194.0
0.453858,2194.25
0.453858,2194.5
0.452577,2194.75
0.453858,2195.0
0.452577,2195.25
0.452577,2195.5
0.450014,2195.75
0.451295,2196.0
0.452577,2196.25
0.452577,2196.5
0.451295,2196.75
0.452577,2197.0
0.451295,2197.25
0.450014,2197.5
0.448733,2197.75
0.448733,2198.0
0.447451,2198.25
0.448733,2198.5
0.447451,2198.75
0.44617,2199.0
0.44617,2199.25
0.44617,2199.5
0.443607,2199.75
0.443607,2200.0
0.442326,2200.25
0.441045,2200.5
0.442326,2200.75
0.443607,2201.0
0.442326,2201.25
0.441045,2201.5
0.442326,2201.75
0.443607,2202.0
0.444889,2202.25
0.44617,2202.5
0.44617,2202.75
0.44617,2203.0
0.448733,2203.25
0.451295,2203.5
0.453858,2203.75
0.457702,2204.0
0.461546,2204.25
0.467953,2204.5
0.478203,2204.75
0.487173,2205.0
0.496142,2205.25
0.506393,2205.5
0.528175,2205.75
0.552521,2206.0
0.565334,2206.25
0.571741,2206.5
0.573022,2206.75
0.570459,2207.0
0.567897,2207.25
0.564053,2207.5
0.560209,2207.75
0.555083,2208.0
0.551239,2208.25
0.546114,2208.5
0.54227,2208.75
0.538426,2209.0
0.534582,2209.25
0.530738,2209.5
0.528175,2209.75
0.528175,2210.0
0.525613,2210.25
0.52305,2210.5
0.521769,2210.75
0.519206,2211.0
0.519206,2211.25
0.516643,2211.5
0.514081,2211.75
0.514081,2212.0
0.512799,2212.25
0.508955,2212.5
0.508955,2212.75
0.508955,2213.0
0.507674,2213.25
0.505111,2213.5
0.505111,2213.75
0.502549,2214.0
0.501267,2214.25
0.499986,2214.5
0.498705,2214.75
0.498705,2215.0
0.497423,2215.25
0.494861,2215.5
0.496142,2215.75
0.493579,2216.0
0.496142,2216.25
0.497423,2216.5
0.499986,2216.75
0.505111,2217.0
0.507674,2217.25
0.511518,2217.5
0.512799,2217.75
0.512799,2218.0
0.512799,2218.25
0.510237,2218.5
0.508955,2218.75
0.502549,2219.0
0.498705,2219.25
0.498705,2219.5
0.494861,2219.75
0.489735,2220.0
0.493579,2220.25
0.501267,2220.5
0.525613,2220.75
0.548677,2221.0
0.576866,2221.25
0.592242,2221.5
0.612743,2221.75
0.625556,2222.0
0.630682,2222.25
0.635807,2222.5
0.655027,2222.75
0.665278,2223.0
0.671684,2223.25
0.690904,2223.5
0.70628,2223.75
0.7255,2224.0
0.757534,2224.25
0.754971,2224.5
0.754971,2224.75
0.752408,2225.0
0.747283,2225.25
0.747283,2225.5
0.747283,2225.75
0.746002,2226.0
0.74472,2226.25
0.746002,2226.5
0.75369,2226.75
0.76394,2227.0
0.775472,2227.25
0.781879,2227.5
0.780598,2227.75
0.779316,2228.0
0.77291,2228.25
0.765222,2228.5
0.761378,2228.75
0.75369,2229.0
0.743439,2229.25
0.738314,2229.5
0.73447,2229.75
0.721656,2230.0
0.712687,2230.25
0.660152,2230.5
0.646058,2230.75
0.631963,2231.0
0.617868,2231.25
0.617868,2231.5
0.742158,2231.75
0.631963,2232.0
0.570459,2232.25
0.574303,2232.5
0.58071,2232.75
0.611462,2233.0
0.653746,2233.25
0.675528,2233.5
0.720375,2233.75
0.740876,2234.0
0.743439,2234.25
0.73447,2234.5
0.748564,2234.75
0.757534,2235.0
0.75369,2235.25
0.760096,2235.5
0.781879,2235.75
0.811349,2236.0
0.815193,2236.25
0.8216,2236.5
0.856196,2236.75
0.885667,2237.0
0.852352,2237.25
0.84082,2237.5
0.867728,2237.75
0.835695,2238.0
0.836976,2238.25
0.843383,2238.5
0.839539,2238.75
0.836976,2239.0
0.828007,2239.25
0.815193,2239.5
0.815193,2239.75
0.812631,2240.0
0.795973,2240.25
0.793411,2240.5
0.793411,2240.75
0.799817,2241.0
0.803661,2241.25
0.804943,2241.5
0.803661,2241.75
0.80238,2242.0
0.80238,2242.25
0.801099,2242.5
0.808787,2242.75
0.80238,2243.0
0.798536,2243.25
0.795973,2243.5
0.790848,2243.75
0.787004,2244.0
0.78316,2244.25
0.776753,2244.5
0.771628,2244.75
0.789567,2245.0
0.808787,2245.25
0.8216,2245.5
0.830569,2245.75
0.834413,2246.0
0.835695,2246.25
0.834413,2246.5
0.833132,2246.75
0.834413,2247.0
0.833132,2247.25
0.825444,2247.5
0.817756,2247.75
0.810068,2248.0
0.798536,2248.25
0.779316,2248.5
0.767784,2248.75
0.728063,2249.0
0.716531,2249.25
0.681935,2249.5
0.68706,2249.75
0.699874,2250.0
0.724219,2250.25
0.760096,2250.5
0.817756,2250.75
0.813912,2251.0
0.78316,2251.25
0.757534,2251.5
0.735751,2251.75
0.729344,2252.0
0.729344,2252.25
0.742158,2252.5
0.739595,2252.75
0.735751,2253.0
0.7255,2253.25
0.703718,2253.5
0.683216,2253.75
0.697311,2254.0
0.708843,2254.25
0.712687,2254.5
0.692186,2254.75
0.666559,2255.0
0.674247,2255.25
0.669122,2255.5
0.633244,2255.75
0.649902,2256.0
0.661434,2256.25
0.661434,2256.5
0.666559,2256.75
0.690904,2257.0
0.737032,2257.25
0.804943,2257.5
0.833132,2257.75
0.869009,2258.0
0.899761,2258.25
0.906168,2258.5
0.902324,2258.75
0.906168,2259.0
0.935639,2259.25
0.949733,2259.5
0.951015,2259.75
0.945889,2260.0
0.958703,2260.25
0.971516,2260.5
0.96639,2260.75
0.957421,2261.0
0.945889,2261.25
0.944608,2261.5
0.944608,2261.75
0.945889,2262.0
0.94717,2262.25
0.942045,2262.5
0.935639,2262.75
0.934357,2263.0
0.938201,2263.25
0.926669,2263.5
0.920263,2263.75
0.881823,2264.0
0.983048,2264.25
0.912575,2264.5
0.871572,2264.75
0.851071,2265.0
0.959984,2265.25
0.957421,2265.5
0.968953,2265.75
0.939483,2266.0
0.908731,2266.25
0.849789,2266.5
0.829288,2266.75
0.762659,2267.0
0.787004,2267.25
0.774191,2267.5
0.789567,2267.75
0.839539,2268.0
0.728063,2268.25
0.708843,2268.5
0.712687,2268.75
0.730626,2269.0
0.721656,2269.25
0.76394,2269.5
0.804943,2269.75
0.757534,2270.0
0.790848,2270.25
0.793411,2270.5
0.803661,2270.75
0.779316,2271.0
0.77291,2271.25
0.792129,2271.5
0.797255,2271.75
0.78316,2272.0
0.748564,2272.25
0.778035,2272.5
0.798536,2272.75
0.774191,2273.0
0.77291,2273.25
0.775472,2273.5
0.790848,2273.75
0.795973,2274.0
0.801099,2274.25
0.807505,2274.5
0.790848,2274.75
0.787004,2275.0
0.760096,2275.25
0.77291,2275.5
0.790848,2275.75
0.793411,2276.0
0.790848,2276.25
0.776753,2276.5
0.780598,2276.75
0.775472,2277.0
0.781879,2277.25
0.787004,2277.5
0.775472,2277.75
0.766503,2278.0
0.770347,2278.25
0.765222,2278.5
0.770347,2278.75
0.77291,2279.0
0.776753,2279.25
0.776753,2279.5
0.774191,2279.75
0.752408,2280.0
0.746002,2280.25
0.754971,2280.5
0.756252,2280.75
0.752408,2281.0
0.756252,2281.25
0.761378,2281.5
0.75369,2281.75
0.749846,2282.0
0.765222,2282.25
0.769065,2282.5
0.762659,2282.75
0.758815,2283.0
0.754971,2283.25
0.760096,2283.5
0.758815,2283.75
0.754971,2284.0
0.75369,2284.25
0.75369,2284.5
0.751127,2284.75
0.748564,2285.0
0.748564,2285.25
0.748564,2285.5
0.749846,2285.75
0.749846,2286.0
0.748564,2286.25
0.748564,2286.5
0.740876,2286.75
0.738314,2287.0
0.739595,2287.25
0.738314,2287.5
0.742158,2287.75
0.742158,2288.0
0.743439,2288.25
0.749846,2288.5
0.746002,2288.75
0.743439,2289.0
0.742158,2289.25
0.743439,2289.5
0.742158,2289.75
0.742158,2290.0
0.737032,2290.25
0.737032,2290.5
0.738314,2290.75
0.743439,2291.0
0.739595,2291.25
0.756252,2291.5
0.75369,2291.75
0.747283,2292.0
0.748564,2292.25
0.749846,2292.5
0.752408,2292.75
0.757534,2293.0
0.751127,2293.25
0.751127,2293.5
0.752408,2293.75
0.75369,2294.0
0.75369,2294.25
0.756252,2294.5
0.756252,2294.75
0.754971,2295.0
0.752408,2295.25
0.751127,2295.5
0.748564,2295.75
0.738314,2296.0
0.746002,2296.25
0.754971,2296.5
0.740876,2296.75
0.738314,2297.0
0.747283,2297.25
0.747283,2297.5
0.738314,2297.75
0.740876,2298.0
0.746002,2298.25
0.737032,2298.5
0.726782,2298.75
0.733188,2299.0
0.726782,2299.25
0.728063,2299.5
0.724219,2299.75
0.729344,2300.0
0.728063,2300.25
0.729344,2300.5
0.717812,2300.75
0.720375,2301.0
0.726782,2301.25
0.728063,2301.5
0.722938,2301.75
0.720375,2302.0
0.720375,2302.25
0.721656,2302.5
0.722938,2302.75
0.717812,2303.0
0.717812,2303.25
0.721656,2303.5
0.728063,2303.75
0.731907,2304.0
0.73447,2304.25
0.739595,2304.5
0.746002,2304.75
0.749846,2305.0
0.747283,2305.25
0.748564,2305.5
0.74472,2305.75
0.740876,2306.0
0.738314,2306.25
0.731907,2306.5
0.726782,2306.75
0.7255,2307.0
0.726782,2307.25
0.729344,2307.5
0.7255,2307.75
0.728063,2308.0
0.731907,2308.25
0.731907,2308.5
0.73447,2308.75
0.735751,2309.0
0.735751,2309.25
0.738314,2309.5
0.735751,2309.75
0.73447,2310.0
0.731907,2310.25
0.731907,2310.5
0.729344,2310.75
0.726782,2311.0
0.726782,2311.25
0.724219,2311.5
0.7255,2311.75
0.726782,2312.0
0.728063,2312.25
0.730626,2312.5
0.730626,2312.75
0.730626,2313.0
0.733188,2313.25
0.728063,2313.5
0.726782,2313.75
0.721656,2314.0
0.720375,2314.25
0.720375,2314.5
0.711406,2314.75
0.70628,2315.0
0.701155,2315.25
0.704999,2315.5
0.70628,2315.75
0.707562,2316.0
0.710124,2316.25
0.708843,2316.5
0.708843,2316.75
0.710124,2317.0
0.707562,2317.25
0.70628,2317.5
0.707562,2317.75
0.699874,2318.0
0.694748,2318.25
0.694748,2318.5
0.699874,2318.75
0.697311,2319.0
0.69603,2319.25
0.69603,2319.5
0.693467,2319.75
0.692186,2320.0
0.688342,2320.25
0.688342,2320.5
0.688342,2320.75
0.68706,2321.0
0.688342,2321.25
0.689623,2321.5
0.693467,2321.75
0.694748,2322.0
0.694748,2322.25
0.697311,2322.5
0.692186,2322.75
0.692186,2323.0
0.689623,2323.25
0.688342,2323.5
0.681935,2323.75
0.681935,2324.0
0.680654,2324.25
0.678091,2324.5
0.675528,2324.75
0.675528,2325.0
0.672966,2325.25
0.675528,2325.5
0.674247,2325.75
0.672966,2326.0
0.669122,2326.25
0.672966,2326.5
0.67681,2326.75
0.680654,2327.0
0.689623,2327.25
0.690904,2327.5
0.690904,2327.75
0.689623,2328.0
0.683216,2328.25
0.679372,2328.5
0.67681,2328.75
0.672966,2329.0
0.674247,2329.25
0.669122,2329.5
0.665278,2329.75
0.662715,2330.0
0.662715,2330.25
0.663996,2330.5
0.662715,2330.75
0.658871,2331.0
0.658871,2331.25
0.65759,2331.5
0.658871,2331.75
0.658871,2332.0
0.661434,2332.25
0.661434,2332.5
0.662715,2332.75
0.656308,2333.0
0.656308,2333.25
0.652464,2333.5
0.652464,2333.75
0.651183,2334.0
0.652464,2334.25
0.651183,2334.5
0.64862,2334.75
0.644776,2335.0
0.646058,2335.25
0.646058,2335.5
0.647339,2335.75
0.644776,2336.0
0.64862,2336.25
0.651183,2336.5
0.64862,2336.75
0.643495,2337.0
0.63837,2337.25
0.637088,2337.5
0.637088,2337.75
0.637088,2338.0
0.635807,2338.25
0.637088,2338.5
0.633244,2338.75
0.634526,2339.0
0.6294,2339.25
0.6294,2339.5
0.626838,2339.75
0.630682,2340.0
0.633244,2340.25
0.639651,2340.5
0.640932,2340.75
0.642214,2341.0
0.644776,2341.25
0.634526,2341.5
0.634526,2341.75
0.655027,2342.0
0.655027,2342.25
0.651183,2342.5
0.651183,2342.75
0.647339,2343.0
0.644776,2343.25
0.643495,2343.5
0.640932,2343.75
0.637088,2344.0
0.635807,2344.25
0.634526,2344.5
0.637088,2344.75
0.635807,2345.0
0.637088,2345.25
0.63837,2345.5
0.639651,2345.75
0.63837,2346.0
0.635807,2346.25
0.635807,2346.5
0.634526,2346.75
0.633244,2347.0
0.635807,2347.25
0.635807,2347.5
0.634526,2347.75
0.633244,2348.0
0.631963,2348.25
0.6294,2348.5
0.625556,2348.75
0.624275,2349.0
0.620431,2349.25
0.621712,2349.5
0.61915,2349.75
0.616587,2350.0
0.614024,2350.25
0.611462,2350.5
0.611462,2350.75
0.611462,2351.0
0.61018,2351.25
0.607618,2351.5
0.606336,2351.75
0.602492,2352.0
0.603774,2352.25
0.603774,2352.5
0.602492,2352.75
0.601211,2353.0
0.59993,2353.25
0.597367,2353.5
0.597367,2353.75
0.597367,2354.0
0.594804,2354.25
0.593523,2354.5
0.593523,2354.75
0.593523,2355.0
0.592242,2355.25
0.594804,2355.5
0.593523,2355.75
0.593523,2356.0
0.593523,2356.25
0.590961,2356.5
0.590961,2356.75
0.589679,2357.0
0.589679,2357.25
0.588398,2357.5
0.590961,2357.75
0.588398,2358.0
0.587116,2358.25
0.587116,2358.5
0.588398,2358.75
0.589679,2359.0
0.594804,2359.25
0.601211,2359.5
0.605055,2359.75
0.606336,2360.0
0.606336,2360.25
0.605055,2360.5
0.605055,2360.75
0.601211,2361.0
0.597367,2361.25
0.596086,2361.5
0.592242,2361.75
0.589679,2362.0
0.588398,2362.25
0.593523,2362.5
0.605055,2362.75
0.620431,2363.0
0.635807,2363.25
0.647339,2363.5
0.658871,2363.75
0.666559,2364.0
0.665278,2364.25
0.66784,2364.5
0.665278,2364.75
0.663996,2365.0
0.660152,2365.25
0.651183,2365.5
0.646058,2365.75
0.642214,2366.0
0.637088,2366.25
0.631963,2366.5
0.628119,2366.75
0.624275,2367.0
0.621712,2367.25
0.617868,2367.5
0.612743,2367.75
0.612743,2368.0
0.608899,2368.25
0.606336,2368.5
0.603774,2368.75
0.602492,2369.0
0.602492,2369.25
0.601211,2369.5
0.598648,2369.75
0.602492,2370.0
0.601211,2370.25
0.59993,2370.5
0.59993,2370.75
0.601211,2371.0
0.602492,2371.25
0.601211,2371.5
0.59993,2371.75
0.602492,2372.0
0.59993,2372.25
0.598648,2372.5
0.597367,2372.75
0.594804,2373.0
0.596086,2373.25
0.594804,2373.5
0.590961,2373.75
0.590961,2374.0
0.597367,2374.25
0.602492,2374.5
0.59993,2374.75
0.61018,2375.0
0.611462,2375.25
0.622994,2375.5
0.624275,2375.75
0.628119,2376.0
0.637088,2376.25
0.631963,2376.5
0.635807,2376.75
0.628119,2377.0
0.622994,2377.25
0.624275,2377.5
0.61915,2377.75
0.614024,2378.0
0.611462,2378.25
0.607618,2378.5
0.608899,2378.75
0.606336,2379.0
0.606336,2379.25
0.606336,2379.5
0.606336,2379.75
0.605055,2380.0
0.605055,2380.25
0.602492,2380.5
0.59993,2380.75
0.598648,2381.0
0.594804,2381.25
0.593523,2381.5
0.593523,2381.75
0.592242,2382.0
0.592242,2382.25
0.590961,2382.5
0.589679,2382.75
0.594804,2383.0
0.598648,2383.25
0.601211,2383.5
0.602492,2383.75
0.602492,2384.0
0.601211,2384.25
0.598648,2384.5
0.59993,2384.75
0.594804,2385.0
0.593523,2385.25
0.585835,2385.5
0.593523,2385.75
0.597367,2386.0
0.596086,2386.25
0.592242,2386.5
0.593523,2386.75
0.592242,2387.0
0.590961,2387.25
0.589679,2387.5
0.589679,2387.75
0.587116,2388.0
0.587116,2388.25
0.589679,2388.5
0.587116,2388.75
0.585835,2389.0
0.583273,2389.25
0.587116,2389.5
0.590961,2389.75
0.590961,2390.0
0.588398,2390.25
0.587116,2390.5
0.589679,2390.75
0.585835,2391.0
0.584554,2391.25
0.587116,2391.5
0.587116,2391.75
0.584554,2392.0
0.581991,2392.25
0.58071,2392.5
0.579428,2392.75
0.579428,2393.0
0.585835,2393.25
0.597367,2393.5
0.605055,2393.75
0.617868,2394.0
0.630682,2394.25
0.633244,2394.5
0.634526,2394.75
0.633244,2395.0
0.634526,2395.25
0.625556,2395.5
0.61915,2395.75
0.620431,2396.0
0.61915,2396.25
0.614024,2396.5
0.614024,2396.75
0.611462,2397.0
0.611462,2397.25
0.61018,2397.5
0.61018,2397.75
0.61018,2398.0
0.607618,2398.25
0.607618,2398.5
0.606336,2398.75
0.606336,2399.0
0.605055,2399.25
0.603774,2399.5
0.603774,2399.75
0.603774,2400.0
0.602492,2400.25
0.602492,2400.5
0.602492,2400.75
0.59993,2401.0
0.59993,2401.25
0.59993,2401.5
0.602492,2401.75
0.605055,2402.0
0.61018,2402.25
0.612743,2402.5
0.614024,2402.75
0.614024,2403.0
0.61018,2403.25
0.61018,2403.5
0.606336,2403.75
0.607618,2404.0
0.608899,2404.25
0.617868,2404.5
0.625556,2404.75
0.637088,2405.0
0.640932,2405.25
0.644776,2405.5
0.647339,2405.75
0.64862,2406.0
0.647339,2406.25
0.643495,2406.5
0.640932,2406.75
0.637088,2407.0
0.633244,2407.25
0.631963,2407.5
0.628119,2407.75
0.625556,2408.0
0.625556,2408.25
0.625556,2408.5
0.621712,2408.75
0.620431,2409.0
0.61915,2409.25
0.61915,2409.5
0.61915,2409.75
0.61915,2410.0
0.617868,2410.25
0.612743,2410.5
0.612743,2410.75
0.611462,2411.0
0.611462,2411.25
0.611462,2411.5
0.611462,2411.75
0.612743,2412.0
0.616587,2412.25
0.615306,2412.5
0.616587,2412.75
0.614024,2413.0
0.614024,2413.25
0.612743,2413.5
0.612743,2413.75
0.614024,2414.0
0.614024,2414.25
0.615306,2414.5
0.616587,2414.75
0.61915,2415.0
0.616587,2415.25
0.614024,2415.5
0.608899,2415.75
0.61018,2416.0
0.61018,2416.25
0.605055,2416.5
0.605055,2416.75
0.603774,2417.0
0.603774,2417.25
0.603774,2417.5
0.603774,2417.75
0.601211,2418.0
0.602492,2418.25
0.603774,2418.5
0.606336,2418.75
0.603774,2419.0
0.602492,2419.25
0.602492,2419.5
0.59993,2419.75
0.598648,2420.0
0.597367,2420.25
0.597367,2420.5
0.597367,2420.75
0.598648,2421.0
0.598648,2421.25
0.602492,2421.5
0.602492,2421.75
0.602492,2422.0
0.605055,2422.25
0.605055,2422.5
0.603774,2422.75
0.602492,2423.0
0.601211,2423.25
0.598648,2423.5
0.598648,2423.75
0.597367,2424.0
0.597367,2424.25
0.594804,2424.5
0.594804,2424.75
0.592242,2425.0
0.592242,2425.25
0.592242,2425.5
0.590961,2425.75
0.590961,2426.0
0.590961,2426.25
0.589679,2426.5
0.588398,2426.75
0.588398,2427.0
0.587116,2427.25
0.587116,2427.5
0.584554,2427.75
0.585835,2428.0
0.584554,2428.25
0.583273,2428.5
0.585835,2428.75
0.592242,2429.0
0.593523,2429.25
0.593523,2429.5
0.589679,2429.75
0.584554,2430.0
0.584554,2430.25
0.585835,2430.5
0.583273,2430.75
0.584554,2431.0
0.587116,2431.25
0.589679,2431.5
0.593523,2431.75
0.592242,2432.0
0.588398,2432.25
0.593523,2432.5
0.593523,2432.75
0.589679,2433.0
0.588398,2433.25
0.587116,2433.5
0.585835,2433.75
0.584554,2434.0
0.584554,2434.25
0.589679,2434.5
0.596086,2434.75
0.596086,2435.0
0.594804,2435.25
0.596086,2435.5
0.594804,2435.75
0.593523,2436.0
0.592242,2436.25
0.592242,2436.5
0.589679,2436.75
0.592242,2437.0
0.589679,2437.25
0.593523,2437.5
0.592242,2437.75
0.590961,2438.0
0.592242,2438.25
0.594804,2438.5
0.588398,2438.75
0.592242,2439.0
0.588398,2439.25
0.587116,2439.5
0.583273,2439.75
0.581991,2440.0
0.579428,2440.25
0.578147,2440.5
0.575585,2440.75
0.579428,2441.0
0.579428,2441.25
0.581991,2441.5
0.596086,2441.75
0.596086,2442.0
0.594804,2442.25
0.594804,2442.5
0.590961,2442.75
0.597367,2443.0
0.596086,2443.25
0.596086,2443.5
0.598648,2443.75
0.594804,2444.0
0.592242,2444.25
0.588398,2444.5
0.594804,2444.75
0.593523,2445.0
0.594804,2445.25
0.593523,2445.5
0.585835,2445.75
0.573022,2446.0
0.569178,2446.25
0.556365,2446.5
0.564053,2446.75
0.58071,2447.0
0.583273,2447.25
0.581991,2447.5
0.573022,2447.75
0.569178,2448.0
0.575585,2448.25
0.578147,2448.5
0.578147,2448.75
0.576866,2449.0
0.574303,2449.25
0.576866,2449.5
0.565334,2449.75
0.567897,2450.0
0.576866,2450.25
0.574303,2450.5
0.560209,2450.75
0.560209,2451.0
0.56149,2451.25
0.548677,2451.5
0.558927,2451.75
0.551239,2452.0
0.556365,2452.25
0.575585,2452.5
0.564053,2452.75
0.56149,2453.0
0.555083,2453.25
0.575585,2453.5
0.564053,2453.75
0.560209,2454.0
0.558927,2454.25
0.558927,2454.5
0.546114,2454.75
0.571741,2455.0
0.571741,2455.25
0.567897,2455.5
0.555083,2455.75
0.570459,2456.0
0.567897,2456.25
0.570459,2456.5
0.567897,2456.75
0.566615,2457.0
0.567897,2457.25
0.570459,2457.5
0.567897,2457.75
0.566615,2458.0
0.566615,2458.25
0.566615,2458.5
0.564053,2458.75
0.562771,2459.0
0.564053,2459.25
0.565334,2459.5
0.562771,2459.75
0.562771,2460.0
0.564053,2460.25
0.564053,2460.5
0.564053,2460.75
0.565334,2461.0
0.565334,2461.25
0.562771,2461.5
0.56149,2461.75
0.56149,2462.0
0.558927,2462.25
0.558927,2462.5
0.557646,2462.75
0.556365,2463.0
0.556365,2463.25
0.553802,2463.5
0.555083,2463.75
0.552521,2464.0
0.552521,2464.25
0.552521,2464.5
0.558927,2464.75
0.570459,2465.0
0.589679,2465.25
0.620431,2465.5
0.647339,2465.75
0.665278,2466.0
0.674247,2466.25
0.683216,2466.5
0.683216,2466.75
0.680654,2467.0
0.674247,2467.25
0.665278,2467.5
0.658871,2467.75
0.653746,2468.0
0.64862,2468.25
0.644776,2468.5
0.640932,2468.75
0.63837,2469.0
0.637088,2469.25
0.639651,2469.5
0.647339,2469.75
0.643495,2470.0
0.651183,2470.25
0.656308,2470.5
0.658871,2470.75
0.671684,2471.0
0.671684,2471.25
0.67681,2471.5
0.665278,2471.75
0.683216,2472.0
0.689623,2472.25
0.707562,2472.5
0.717812,2472.75
0.722938,2473.0
0.713968,2473.25
0.699874,2473.5
0.681935,2473.75
0.684498,2474.0
0.666559,2474.25
0.663996,2474.5
0.669122,2474.75
0.675528,2475.0
0.678091,2475.25
0.678091,2475.5
0.67681,2475.75
0.688342,2476.0
0.675528,2476.25
0.66784,2476.5
0.661434,2476.75
0.662715,2477.0
0.655027,2477.25
0.630682,2477.5
0.637088,2477.75
0.652464,2478.0
0.647339,2478.25
0.642214,2478.5
0.672966,2478.75
0.688342,2479.0
0.690904,2479.25
0.689623,2479.5
0.68706,2479.75
0.68706,2480.0
0.68706,2480.25
0.68706,2480.5
0.684498,2480.75
0.678091,2481.0
0.670403,2481.25
0.669122,2481.5
0.669122,2481.75
0.669122,2482.0
0.658871,2482.25
0.66784,2482.5
0.66784,2482.75
0.671684,2483.0
0.672966,2483.25
0.680654,2483.5
0.684498,2483.75
0.690904,2484.0
0.699874,2484.25
0.702436,2484.5
0.69603,2484.75
0.690904,2485.0
0.690904,2485.25
0.680654,2485.5
0.674247,2485.75
0.658871,2486.0
0.666559,2486.25
0.66784,2486.5
0.663996,2486.75
0.663996,2487.0
0.666559,2487.25
0.666559,2487.5
0.662715,2487.75
0.666559,2488.0
0.665278,2488.25
0.658871,2488.5
0.660152,2488.75
0.663996,2489.0
0.662715,2489.25
0.660152,2489.5
0.656308,2489.75
0.643495,2490.0
0.658871,2490.25
0.661434,2490.5
0.660152,2490.75
0.658871,2491.0
0.660152,2491.25
0.661434,2491.5
0.661434,2491.75
0.661434,2492.0
0.660152,2492.25
0.658871,2492.5
0.658871,2492.75
0.649902,2493.0
0.64862,2493.25
0.652464,2493.5
0.651183,2493.75
0.652464,2494.0
0.651183,2494.25
0.646058,2494.5
0.647339,2494.75
0.644776,2495.0
0.646058,2495.25
0.649902,2495.5
0.655027,2495.75
0.662715,2496.0
0.680654,2496.25
0.685779,2496.5
0.694748,2496.75
0.693467,2497.0
0.703718,2497.25
0.702436,2497.5
0.698592,2497.75
0.697311,2498.0
0.693467,2498.25
0.693467,2498.5
0.690904,2498.75
0.692186,2499.0
0.690904,2499.25
0.689623,2499.5
0.680654,2499.75
0.678091,2500.0
0.674247,2500.25
0.674247,2500.5
0.672966,2500.75
0.674247,2501.0
0.678091,2501.25
0.680654,2501.5
0.681935,2501.75
0.694748,2502.0
0.69603,2502.25
0.712687,2502.5
0.708843,2502.75
0.711406,2503.0
0.708843,2503.25
0.710124,2503.5
0.70628,2503.75
0.704999,2504.0
0.702436,2504.25
0.701155,2504.5
0.704999,2504.75
0.713968,2505.0
0.716531,2505.25
0.721656,2505.5
0.724219,2505.75
0.726782,2506.0
0.724219,2506.25
0.724219,2506.5
0.720375,2506.75
0.697311,2507.0
0.716531,2507.25
0.719094,2507.5
0.722938,2507.75
0.726782,2508.0
0.726782,2508.25
0.708843,2508.5
0.719094,2508.75
0.720375,2509.0
0.719094,2509.25
0.711406,2509.5
0.7255,2509.75
0.724219,2510.0
0.729344,2510.25
0.733188,2510.5
0.740876,2510.75
0.748564,2511.0
0.751127,2511.25
0.754971,2511.5
0.754971,2511.75
0.748564,2512.0
0.757534,2512.25
0.747283,2512.5
0.742158,2512.75
0.737032,2513.0
0.733188,2513.25
0.729344,2513.5
0.7255,2513.75
0.738314,2514.0
0.728063,2514.25
0.724219,2514.5
0.720375,2514.75
0.716531,2515.0
0.711406,2515.25
0.730626,2515.5
0.738314,2515.75
0.73447,2516.0
0.729344,2516.25
0.728063,2516.5
0.726782,2516.75
0.7255,2517.0
0.7255,2517.25
0.729344,2517.5
0.726782,2517.75
0.726782,2518.0
0.722938,2518.25
0.698592,2518.5
0.71525,2518.75
0.731907,2519.0
0.735751,2519.25
0.735751,2519.5
0.733188,2519.75
0.738314,2520.0
0.733188,2520.25
0.733188,2520.5
0.738314,2520.75
0.737032,2521.0
0.731907,2521.25
0.730626,2521.5
0.729344,2521.75
0.729344,2522.0
0.729344,2522.25
0.730626,2522.5
0.728063,2522.75
0.726782,2523.0
0.722938,2523.25
0.724219,2523.5
0.722938,2523.75
0.720375,2524.0
0.717812,2524.25
0.716531,2524.5
0.717812,2524.75
0.724219,2525.0
0.722938,2525.25
0.720375,2525.5
0.720375,2525.75
0.716531,2526.0
0.716531,2526.25
0.724219,2526.5
0.7255,2526.75
0.722938,2527.0
0.726782,2527.25
0.724219,2527.5
0.721656,2527.75
0.717812,2528.0
0.717812,2528.25
0.71525,2528.5
0.720375,2528.75
0.71525,2529.0
0.716531,2529.25
0.719094,2529.5
0.720375,2529.75
0.7255,2530.0
0.730626,2530.25
0.733188,2530.5
0.730626,2530.75
0.731907,2531.0
0.737032,2531.25
0.746002,2531.5
0.758815,2531.75
0.776753,2532.0
0.792129,2532.25
0.803661,2532.5
0.817756,2532.75
0.831851,2533.0
0.799817,2533.25
0.803661,2533.5
0.811349,2533.75
0.797255,2534.0
0.795973,2534.25
0.787004,2534.5
0.788285,2534.75
0.785723,2535.0
0.787004,2535.25
0.788285,2535.5
0.788285,2535.75
0.794692,2536.0
0.787004,2536.25
0.778035,2536.5
0.769065,2536.75
0.766503,2537.0
0.76394,2537.25
0.762659,2537.5
0.758815,2537.75
0.754971,2538.0
0.751127,2538.25
0.747283,2538.5
0.74472,2538.75
0.742158,2539.0
0.742158,2539.25
0.74472,2539.5
0.749846,2539.75
0.75369,2540.0
0.758815,2540.25
0.761378,2540.5
0.761378,2540.75
0.761378,2541.0
0.758815,2541.25
0.754971,2541.5
0.752408,2541.75
0.751127,2542.0
0.749846,2542.25
0.747283,2542.5
0.746002,2542.75
0.74472,2543.0
0.742158,2543.25
0.740876,2543.5
0.739595,2543.75
0.738314,2544.0
0.738314,2544.25
0.737032,2544.5
0.73447,2544.75
0.735751,2545.0
0.738314,2545.25
0.743439,2545.5
0.751127,2545.75
0.757534,2546.0
0.761378,2546.25
0.76394,2546.5
0.762659,2546.75
0.761378,2547.0
0.757534,2547.25
0.756252,2547.5
0.752408,2547.75
0.749846,2548.0
0.747283,2548.25
0.746002,2548.5
0.743439,2548.75
0.740876,2549.0
0.739595,2549.25
0.738314,2549.5
0.735751,2549.75
0.73447,2550.0
0.721656,2550.25
0.743439,2550.5
0.737032,2550.75
0.731907,2551.0
0.730626,2551.25
0.738314,2551.5
0.73447,2551.75
0.73447,2552.0
0.730626,2552.25
0.733188,2552.5
0.739595,2552.75
0.758815,2553.0
0.790848,2553.25
0.831851,2553.5
0.866447,2553.75
0.890792,2554.0
0.906168,2554.25
0.921544,2554.5
0.929232,2554.75
0.930513,2555.0
0.921544,2555.25
0.912575,2555.5
0.897199,2555.75
0.885667,2556.0
0.877979,2556.25
0.869009,2556.5
0.861321,2556.75
0.852352,2557.0
0.844664,2557.25
0.833132,2557.5
0.828007,2557.75
0.824163,2558.0
0.822881,2558.25
0.822881,2558.5
0.824163,2558.75
0.824163,2559.0
0.822881,2559.25
0.824163,2559.5
0.825444,2559.75
0.833132,2560.0
0.836976,2560.25
0.844664,2560.5
0.853633,2560.75
0.865165,2561.0
0.876697,2561.25
0.884385,2561.5
0.884385,2561.75
0.881823,2562.0
0.874135,2562.25
0.870291,2562.5
0.861321,2562.75
0.851071,2563.0
0.845945,2563.25
0.848508,2563.5
0.852352,2563.75
0.854915,2564.0
0.853633,2564.25
0.854915,2564.5
0.851071,2564.75
0.847227,2565.0
0.842101,2565.25
0.834413,2565.5
0.842101,2565.75
0.852352,2566.0
0.862603,2566.25
0.870291,2566.5
0.87926,2566.75
0.889511,2567.0
0.903605,2567.25
0.904887,2567.5
0.899761,2567.75
0.902324,2568.0
0.899761,2568.25
0.897199,2568.5
0.885667,2568.75
0.875416,2569.0
0.869009,2569.25
0.866447,2569.5
0.867728,2569.75
0.877979,2570.0
0.894636,2570.25
0.925388,2570.5
0.951015,2570.75
0.983048,2571.0
0.993298,2571.25
0.995861,2571.5
0.988173,2571.75
0.97536,2572.0
0.965109,2572.25
0.951015,2572.5
0.938201,2572.75
0.933076,2573.0
0.931795,2573.25
0.931795,2573.5
0.929232,2573.75
0.927951,2574.0
0.929232,2574.25
0.927951,2574.5
0.925388,2574.75
0.922825,2575.0
0.921544,2575.25
0.916419,2575.5
0.915137,2575.75
0.913856,2576.0
0.913856,2576.25
0.907449,2576.5
0.902324,2576.75
0.897199,2577.0
0.897199,2577.25
0.901043,2577.5
0.908731,2577.75
0.911293,2578.0
0.913856,2578.25
0.918981,2578.5
0.925388,2578.75
0.927951,2579.0
0.926669,2579.25
0.922825,2579.5
0.920263,2579.75
0.916419,2580.0
0.920263,2580.25
0.9177,2580.5
0.913856,2580.75
0.912575,2581.0
0.915137,2581.25
0.911293,2581.5
0.911293,2581.75
0.9177,2582.0
0.925388,2582.25
0.931795,2582.5
0.942045,2582.75
0.948452,2583.0
0.959984,2583.25
0.95614,2583.5
0.948452,2583.75
0.944608,2584.0
0.943327,2584.25
0.953577,2584.5
0.962546,2584.75
0.970235,2585.0
0.97536,2585.25
0.980485,2585.5
0.983048,2585.75
0.983048,2586.0
0.974078,2586.25
0.971516,2586.5
0.967672,2586.75
0.965109,2587.0
0.959984,2587.25
0.959984,2587.5
0.96639,2587.75
0.976641,2588.0
0.99458,2588.25
1.00483,2588.5
1.0138,2588.75
1.017644,2589.0
0.952365,2589.25
0.953646,2589.5
0.954928,2589.75
0.951084,2590.0
0.94724,2590.25
0.954928,2590.5
0.951084,2590.75
0.952365,2591.0
0.951084,2591.25
0.953646,2591.5
0.953646,2591.75
0.958772,2592.0
0.958772,2592.25
0.95749,2592.5
0.953646,2592.75
0.953646,2593.0
0.95749,2593.25
0.958772,2593.5
0.962616,2593.75
0.967741,2594.0
0.970304,2594.25
0.965178,2594.5
0.963897,2594.75
0.969022,2595.0
0.963897,2595.25
0.969022,2595.5
0.994649,2595.75
1.025401,2596.0
1.030526,2596.25
1.051027,2596.5
1.058715,2596.75
1.047183,2597.0
1.036933,2597.25
1.027964,2597.5
1.018994,2597.75
1.01515,2598.0
1.021557,2598.25
1.010025,2598.5
0.992086,2598.75
0.980554,2599.0
1.001055,2599.25
0.980554,2599.5
0.958772,2599.75
0.953646,2600.0
0.943396,2600.25
0.943396,2600.5
0.949802,2600.75
0.948521,2601.0
0.942114,2601.25
0.936989,2601.5
0.933145,2601.75
0.931864,2602.0
0.930582,2602.25
0.92802,2602.5
0.926738,2602.75
0.929301,2603.0
0.929301,2603.25
0.931864,2603.5
0.929301,2603.75
0.926738,2604.0
0.930582,2604.25
0.933145,2604.5
0.930582,2604.75
0.92802,2605.0
0.926738,2605.25
0.920332,2605.5
0.91905,2605.75
0.915206,2606.0
0.913925,2606.25
0.910081,2606.5
0.911362,2606.75
0.910081,2607.0
0.9088,2607.25
0.907518,2607.5
0.906237,2607.75
0.9088,2608.0
0.910081,2608.25
0.912644,2608.5
0.912644,2608.75
0.907518,2609.0
0.904956,2609.25
0.903674,2609.5
0.904956,2609.75
0.906237,2610.0
0.904956,2610.25
0.903674,2610.5
0.898549,2610.75
0.9088,2611.0
0.907518,2611.25
0.901112,2611.5
0.89983,2611.75
0.897268,2612.0
0.903674,2612.25
0.906237,2612.5
0.904956,2612.75
0.907518,2613.0
0.907518,2613.25
0.907518,2613.5
0.903674,2613.75
0.902393,2614.0
0.903674,2614.25
0.903674,2614.5
0.902393,2614.75
0.89983,2615.0
0.898549,2615.25
0.907518,2615.5
0.91905,2615.75
0.93827,2616.0
0.948521,2616.25
0.960053,2616.5
0.96646,2616.75
0.975429,2617.0
0.984398,2617.25
1.001055,2617.5
1.010025,2617.75
1.018994,2618.0
1.022838,2618.25
1.022838,2618.5
1.017713,2618.75
1.013869,2619.0
1.010025,2619.25
1.001055,2619.5
0.988242,2619.75
0.977992,2620.0
0.97671,2620.25
0.969022,2620.5
0.96646,2620.75
0.965178,2621.0
0.963897,2621.25
0.963897,2621.5
0.969022,2621.75
0.97671,2622.0
0.981836,2622.25
0.989524,2622.5
0.994649,2622.75
0.998493,2623.0
1.012588,2623.25
1.01515,2623.5
1.018994,2623.75
1.011306,2624.0
1.001055,2624.25
0.997212,2624.5
1.007462,2624.75
0.999774,2625.0
1.017713,2625.25
1.040777,2625.5
1.083061,2625.75
1.103562,2626.0
1.129189,2626.25
1.14969,2626.5
1.159941,2626.75
1.153534,2627.0
1.142002,2627.25
1.133033,2627.5
1.133033,2627.75
1.150971,2628.0
1.14969,2628.25
1.142002,2628.5
1.135595,2628.75
1.13047,2629.0
1.112531,2629.25
1.094593,2629.5
1.074091,2629.75
1.066403,2630.0
1.063841,2630.25
1.058715,2630.5
1.059997,2630.75
1.057434,2631.0
1.05359,2631.25
1.052309,2631.5
1.051027,2631.75
1.044621,2632.0
1.035651,2632.25
1.030526,2632.5
1.035651,2632.75
1.038214,2633.0
1.022838,2633.25
1.012588,2633.5
1.013869,2633.75
1.011306,2634.0
1.010025,2634.25
1.007462,2634.5
1.010025,2634.75
1.003618,2635.0
1.002337,2635.25
0.998493,2635.5
0.993368,2635.75
0.99593,2636.0
0.999774,2636.25
0.999774,2636.5
0.989524,2636.75
0.994649,2637.0
0.993368,2637.25
0.989524,2637.5
0.98568,2637.75
0.979273,2638.0
0.986961,2638.25
0.994649,2638.5
1.007462,2638.75
1.025401,2639.0
1.042058,2639.25
1.054871,2639.5
1.058715,2639.75
1.056153,2640.0
1.059997,2640.25
1.058715,2640.5
1.056153,2640.75
1.05359,2641.0
1.05359,2641.25
1.056153,2641.5
1.065122,2641.75
1.074091,2642.0
1.080498,2642.25
1.081779,2642.5
1.080498,2642.75
1.079217,2643.0
1.077935,2643.25
1.077935,2643.5
1.077935,2643.75
1.074091,2644.0
1.068966,2644.25
1.065122,2644.5
1.063841,2644.75
1.059997,2645.0
1.048465,2645.25
1.045902,2645.5
1.047183,2645.75
1.043339,2646.0
1.043339,2646.25
1.047183,2646.5
1.058715,2646.75
1.067685,2647.0
1.074091,2647.25
1.079217,2647.5
1.079217,2647.75
1.085623,2648.0
1.094593,2648.25
1.112531,2648.5
1.117657,2648.75
1.117657,2649.0
1.116375,2649.25
1.107406,2649.5
1.097155,2649.75
1.086905,2650.0
1.079217,2650.25
1.070247,2650.5
1.063841,2650.75
1.059997,2651.0
1.058715,2651.25
1.054871,2651.5
1.05359,2651.75
1.049746,2652.0
1.047183,2652.25
1.044621,2652.5
1.042058,2652.75
1.038214,2653.0
1.035651,2653.25
1.035651,2653.5
1.035651,2653.75
1.03437,2654.0
1.03437,2654.25
1.030526,2654.5
1.029245,2654.75
1.027964,2655.0
1.024119,2655.25
1.021557,2655.5
1.021557,2655.75
1.022838,2656.0
1.020275,2656.25
1.01515,2656.5
1.011306,2656.75
1.008744,2657.0
1.010025,2657.25
1.016431,2657.5
1.006181,2657.75
1.011306,2658.0
1.006181,2658.25
1.007462,2658.5
1.007462,2658.75
1.0049,2659.0
1.003618,2659.25
1.002337,2659.5
0.999774,2659.75
0.998493,2660.0
0.999774,2660.25
0.998493,2660.5
0.998493,2660.75
0.997212,2661.0
0.994649,2661.25
0.992086,2661.5
0.990805,2661.75
0.990805,2662.0
0.989524,2662.25
0.988242,2662.5
0.988242,2662.75
0.988242,2663.0
0.998493,2663.25
1.008744,2663.5
1.020275,2663.75
1.045902,2664.0
1.077935,2664.25
1.094593,2664.5
1.103562,2664.75
1.108687,2665.0
1.125345,2665.25
1.138158,2665.5
1.150971,2665.75
1.152253,2666.0
1.148409,2666.25
1.144565,2666.5
1.144565,2666.75
1.134314,2667.0
1.133033,2667.25
1.112531,2667.5
1.097155,2667.75
1.084342,2668.0
1.074091,2668.25
1.066403,2668.5
1.059997,2668.75
1.05359,2669.0
1.045902,2669.25
1.040777,2669.5
1.035651,2669.75
1.030526,2670.0
1.027964,2670.25
1.024119,2670.5
1.020275,2670.75
1.017713,2671.0
1.016431,2671.25
1.013869,2671.5
1.011306,2671.75
1.010025,2672.0
1.010025,2672.25
1.013869,2672.5
1.013869,2672.75
1.011306,2673.0
1.010025,2673.25
1.008744,2673.5
1.006181,2673.75
1.006181,2674.0
1.003618,2674.25
0.999774,2674.5
0.999774,2674.75
0.998493,2675.0
0.999774,2675.25
0.999774,2675.5
0.997212,2675.75
0.994649,2676.0
0.993368,2676.25
0.986961,2676.5
0.98568,2676.75
0.989524,2677.0
0.992086,2677.25
0.986961,2677.5
0.989524,2677.75
0.992086,2678.0
0.994649,2678.25
0.986961,2678.5
0.979273,2678.75
0.977992,2679.0
0.97671,2679.25
0.975429,2679.5
0.974148,2679.75
0.970304,2680.0
0.967741,2680.25
0.961334,2680.5
0.953646,2680.75
0.952365,2681.0
0.954928,2681.25
0.956209,2681.5
0.956209,2681.75
0.953646,2682.0
0.94724,2682.25
0.948521,2682.5
0.949802,2682.75
0.951084,2683.0
0.953646,2683.25
0.95749,2683.5
0.951084,2683.75
0.952365,2684.0
0.953646,2684.25
0.956209,2684.5
0.960053,2684.75
0.963897,2685.0
0.956209,2685.25
0.954928,2685.5
0.952365,2685.75
0.953646,2686.0
0.95749,2686.25
0.954928,2686.5
0.953646,2686.75
0.953646,2687.0
0.954928,2687.25
0.954928,2687.5
0.948521,2687.75
0.94724,2688.0
0.953646,2688.25
0.965178,2688.5
0.980554,2688.75
0.997212,2689.0
1.021557,2689.25
1.049746,2689.5
1.07281,2689.75
1.09203,2690.0
1.102281,2690.25
1.100999,2690.5
1.093311,2690.75
1.085623,2691.0
1.061278,2691.25
1.048465,2691.5
1.038214,2691.75
1.038214,2692.0
1.030526,2692.25
1.025401,2692.5
1.018994,2692.75
1.011306,2693.0
1.007462,2693.25
1.003618,2693.5
1.003618,2693.75
1.001055,2694.0
1.003618,2694.25
1.001055,2694.5
1.001055,2694.75
1.002337,2695.0
1.0049,2695.25
1.001055,2695.5
0.999774,2695.75
1.001055,2696.0
1.001055,2696.25
1.001055,2696.5
1.001055,2696.75
0.999774,2697.0
0.997212,2697.25
0.99593,2697.5
0.998493,2697.75
0.998493,2698.0
0.998493,2698.25
0.993368,2698.5
0.989524,2698.75
0.989524,2699.0
0.989524,2699.25
0.986961,2699.5
0.989524,2699.75
0.990805,2700.0
0.998493,2700.25
1.001055,2700.5
1.0049,2700.75
1.016431,2701.0
1.013869,2701.25
1.010025,2701.5
1.008744,2701.75
1.010025,2702.0
1.007462,2702.25
1.011306,2702.5
1.012588,2702.75
1.016431,2703.0
1.022838,2703.25
1.025401,2703.5
1.027964,2703.75
1.026682,2704.0
1.020275,2704.25
1.017713,2704.5
1.013869,2704.75
1.011306,2705.0
1.007462,2705.25
1.007462,2705.5
1.006181,2705.75
0.999774,2706.0
0.998493,2706.25
0.997212,2706.5
0.99593,2706.75
0.997212,2707.0
0.999774,2707.25
0.999774,2707.5
0.997212,2707.75
0.993368,2708.0
0.989524,2708.25
0.98568,2708.5
0.981836,2708.75
0.983117,2709.0
0.983117,2709.25
0.981836,2709.5
0.984398,2709.75
0.992086,2710.0
0.997212,2710.25
1.0049,2710.5
1.012588,2710.75
1.018994,2711.0
1.020275,2711.25
1.021557,2711.5
1.021557,2711.75
1.025401,2712.0
1.029245,2712.25
1.036933,2712.5
1.049746,2712.75
1.061278,2713.0
1.070247,2713.25
1.07281,2713.5
1.063841,2713.75
1.052309,2714.0
1.039495,2714.25
1.031807,2714.5
1.029245,2714.75
1.030526,2715.0
1.043339,2715.25
1.05359,2715.5
1.058715,2715.75
1.059997,2716.0
1.059997,2716.25
1.056153,2716.5
1.052309,2716.75
1.048465,2717.0
1.044621,2717.25
1.040777,2717.5
1.040777,2717.75
1.045902,2718.0
1.051027,2718.25
1.061278,2718.5
1.066403,2718.75
1.071529,2719.0
1.074091,2719.25
1.071529,2719.5
1.07281,2719.75
1.070247,2720.0
1.066403,2720.25
1.057434,2720.5
1.051027,2720.75
1.049746,2721.0
1.045902,2721.25
1.045902,2721.5
1.045902,2721.75
1.042058,2722.0
1.038214,2722.25
1.033089,2722.5
1.033089,2722.75
1.033089,2723.0
1.031807,2723.25
1.033089,2723.5
1.03437,2723.75
1.033089,2724.0
1.031807,2724.25
1.031807,2724.5
1.026682,2724.75
1.025401,2725.0
1.022838,2725.25
1.022838,2725.5
1.017713,2725.75
1.013869,2726.0
1.012588,2726.25
1.010025,2726.5
1.010025,2726.75
1.008744,2727.0
1.011306,2727.25
1.012588,2727.5
1.017713,2727.75
1.022838,2728.0
1.027964,2728.25
1.029245,2728.5
1.029245,2728.75
1.025401,2729.0
1.024119,2729.25
1.018994,2729.5
1.020275,2729.75
1.022838,2730.0
1.025401,2730.25
1.026682,2730.5
1.027964,2730.75
1.027964,2731.0
1.027964,2731.25
1.027964,2731.5
1.029245,2731.75
1.029245,2732.0
1.027964,2732.25
1.027964,2732.5
1.027964,2732.75
1.024119,2733.0
1.021557,2733.25
1.017713,2733.5
1.013869,2733.75
1.011306,2734.0
1.008744,2734.25
1.008744,2734.5
1.013869,2734.75
1.022838,2735.0
1.030526,2735.25
1.043339,2735.5
1.05359,2735.75
1.059997,2736.0
1.062559,2736.25
1.062559,2736.5
1.062559,2736.75
1.058715,2737.0
1.056153,2737.25
1.05359,2737.5
1.048465,2737.75
1.042058,2738.0
1.03437,2738.25
1.027964,2738.5
1.026682,2738.75
1.024119,2739.0
1.021557,2739.25
1.018994,2739.5
1.017713,2739.75
1.01515,2740.0
1.010025,2740.25
1.006181,2740.5
1.0049,2740.75
1.0049,2741.0
1.006181,2741.25
1.007462,2741.5
1.012588,2741.75
1.018994,2742.0
1.022838,2742.25
1.027964,2742.5
1.031807,2742.75
1.03437,2743.0
1.036933,2743.25
1.03437,2743.5
1.033089,2743.75
1.031807,2744.0
1.030526,2744.25
1.029245,2744.5
1.026682,2744.75
1.025401,2745.0
1.025401,2745.25
1.024119,2745.5
1.024119,2745.75
1.024119,2746.0
1.021557,2746.25
1.022838,2746.5
1.021557,2746.75
1.020275,2747.0
1.017713,2747.25
1.017713,2747.5
1.017713,2747.75
1.016431,2748.0
1.016431,2748.25
1.016431,2748.5
1.013869,2748.75
1.013869,2749.0
1.01515,2749.25
1.012588,2749.5
1.011306,2749.75
1.010025,2750.0
1.006181,2750.25
1.003618,2750.5
0.997212,2750.75
1.002337,2751.0
1.002337,2751.25
1.010025,2751.5
1.012588,2751.75
1.011306,2752.0
1.016431,2752.25
1.024119,2752.5
1.025401,2752.75
1.021557,2753.0
1.022838,2753.25
1.020275,2753.5
1.021557,2753.75
1.017713,2754.0
1.017713,2754.25
1.01515,2754.5
1.011306,2754.75
1.010025,2755.0
1.010025,2755.25
1.012588,2755.5
1.01515,2755.75
1.016431,2756.0
1.016431,2756.25
1.020275,2756.5
1.022838,2756.75
1.026682,2757.0
1.027964,2757.25
1.030526,2757.5
1.031807,2757.75
1.033089,2758.0
1.03437,2758.25
1.035651,2758.5
1.043339,2758.75
1.051027,2759.0
1.074091,2759.25
1.093311,2759.5
1.107406,2759.75
1.116375,2760.0
1.117657,2760.25
1.113813,2760.5
1.104843,2760.75
1.094593,2761.0
1.085623,2761.25
1.077935,2761.5
1.070247,2761.75
1.063841,2762.0
1.059997,2762.25
1.056153,2762.5
1.056153,2762.75
1.048465,2763.0
1.045902,2763.25
1.043339,2763.5
1.040777,2763.75
1.039495,2764.0
1.038214,2764.25
1.044621,2764.5
1.045902,2764.75
1.044621,2765.0
1.043339,2765.25
1.047183,2765.5
1.049746,2765.75
1.054871,2766.0
1.056153,2766.25
1.056153,2766.5
1.054871,2766.75
1.054871,2767.0
1.052309,2767.25
1.051027,2767.5
1.040777,2767.75
1.035651,2768.0
1.038214,2768.25
1.040777,2768.5
1.039495,2768.75
1.044621,2769.0
1.052309,2769.25
1.058715,2769.5
1.071529,2769.75
1.075373,2770.0
1.085623,2770.25
1.102281,2770.5
1.127907,2770.75
1.157378,2771.0
1.172754,2771.25
1.180442,2771.5
1.183004,2771.75
1.177879,2772.0
1.165066,2772.25
1.162503,2772.5
1.159941,2772.75
1.161222,2773.0
1.150971,2773.25
1.142002,2773.5
1.133033,2773.75
1.126626,2774.0
1.124063,2774.25
1.120219,2774.5
1.113813,2774.75
1.113813,2775.0
1.113813,2775.25
1.106125,2775.5
1.098437,2775.75
1.090749,2776.0
1.086905,2776.25
1.075373,2776.5
1.071529,2776.75
1.070247,2777.0
1.070247,2777.25
1.067685,2777.5
1.066403,2777.75
1.066403,2778.0
1.066403,2778.25
1.066403,2778.5
1.066403,2778.75
1.063841,2779.0
1.062559,2779.25
1.062559,2779.5
1.061278,2779.75
1.061278,2780.0
1.059997,2780.25
1.057434,2780.5
1.057434,2780.75
1.057434,2781.0
1.058715,2781.25
1.058715,2781.5
1.056153,2781.75
1.058715,2782.0
1.059997,2782.25
1.062559,2782.5
1.067685,2782.75
1.079217,2783.0
1.090749,2783.25
1.100999,2783.5
1.11125,2783.75
1.113813,2784.0
1.109969,2784.25
1.106125,2784.5
1.102281,2784.75
1.098437,2785.0
1.09203,2785.25
1.086905,2785.5
1.085623,2785.75
1.083061,2786.0
1.079217,2786.25
1.081779,2786.5
1.083061,2786.75
1.084342,2787.0
1.084342,2787.25
1.086905,2787.5
1.09203,2787.75
1.09203,2788.0
1.089467,2788.25
1.09203,2788.5
1.094593,2788.75
1.095874,2789.0
1.094593,2789.25
1.097155,2789.5
1.097155,2789.75
1.094593,2790.0
1.090749,2790.25
1.088186,2790.5
1.083061,2790.75
1.080498,2791.0
1.081779,2791.25
1.084342,2791.5
1.084342,2791.75
1.084342,2792.0
1.086905,2792.25
1.094593,2792.5
1.106125,2792.75
1.116375,2793.0
1.126626,2793.25
1.127907,2793.5
1.13047,2793.75
1.131751,2794.0
1.129189,2794.25
1.13047,2794.5
1.133033,2794.75
1.139439,2795.0
1.147127,2795.25
1.150971,2795.5
1.150971,2795.75
1.14969,2796.0
1.147127,2796.25
1.139439,2796.5
1.13047,2796.75
1.122782,2797.0
1.117657,2797.25
1.115094,2797.5
1.109969,2797.75
1.107406,2798.0
1.100999,2798.25
1.100999,2798.5
1.099718,2798.75
1.098437,2799.0
1.097155,2799.25
1.090749,2799.5
1.084342,2799.75
1.083061,2800.0
1.081779,2800.25
1.080498,2800.5
1.084342,2800.75
1.085623,2801.0
1.083061,2801.25
1.083061,2801.5
1.077935,2801.75
1.075373,2802.0
1.071529,2802.25
1.070247,2802.5
1.07281,2802.75
1.07281,2803.0
1.070247,2803.25
1.071529,2803.5
1.07281,2803.75
1.07281,2804.0
1.071529,2804.25
1.071529,2804.5
1.068966,2804.75
1.067685,2805.0
1.065122,2805.25
1.066403,2805.5
1.065122,2805.75
1.062559,2806.0
1.062559,2806.25
1.059997,2806.5
1.059997,2806.75
1.058715,2807.0
1.058715,2807.25
1.062559,2807.5
1.067685,2807.75
1.070247,2808.0
1.074091,2808.25
1.075373,2808.5
1.080498,2808.75
1.080498,2809.0
1.077935,2809.25
1.074091,2809.5
1.074091,2809.75
1.07281,2810.0
1.070247,2810.25
1.068966,2810.5
1.068966,2810.75
1.070247,2811.0
1.071529,2811.25
1.074091,2811.5
1.076654,2811.75
1.074091,2812.0
1.07281,2812.25
1.074091,2812.5
1.071529,2812.75
1.070247,2813.0
1.067685,2813.25
1.066403,2813.5
1.066403,2813.75
1.066403,2814.0
1.067685,2814.25
1.065122,2814.5
1.065122,2814.75
1.062559,2815.0
1.061278,2815.25
1.062559,2815.5
1.063841,2815.75
1.068966,2816.0
1.07281,2816.25
1.076654,2816.5
1.074091,2816.75
1.07281,2817.0
1.074091,2817.25
1.077935,2817.5
1.080498,2817.75
1.080498,2818.0
1.080498,2818.25
1.085623,2818.5
1.09203,2818.75
1.108687,2819.0
1.13047,2819.25
1.14969,2819.5
1.165066,2819.75
1.174035,2820.0
1.181723,2820.25
1.184286,2820.5
1.181723,2820.75
1.175317,2821.0
1.16891,2821.25
1.165066,2821.5
1.158659,2821.75
1.152253,2822.0
1.144565,2822.25
1.134314,2822.5
1.125345,2822.75
1.120219,2823.0
1.121501,2823.25
1.126626,2823.5
1.133033,2823.75
1.138158,2824.0
1.144565,2824.25
1.148409,2824.5
1.153534,2824.75
1.162503,2825.0
1.162503,2825.25
1.161222,2825.5
1.161222,2825.75
1.157378,2826.0
1.154815,2826.25
1.154815,2826.5
1.150971,2826.75
1.147127,2827.0
1.145846,2827.25
1.144565,2827.5
1.143283,2827.75
1.140721,2828.0
1.131751,2828.25
1.127907,2828.5
1.127907,2828.75
1.133033,2829.0
1.131751,2829.25
1.135595,2829.5
1.135595,2829.75
1.135595,2830.0
1.139439,2830.25
1.140721,2830.5
1.142002,2830.75
1.142002,2831.0
1.138158,2831.25
1.138158,2831.5
1.135595,2831.75
1.134314,2832.0
1.133033,2832.25
1.13047,2832.5
1.13047,2832.75
1.127907,2833.0
1.125345,2833.25
1.124063,2833.5
1.122782,2833.75
1.121501,2834.0
1.120219,2834.25
1.120219,2834.5
1.118938,2834.75
1.118938,2835.0
1.109969,2835.25
1.104843,2835.5
1.100999,2835.75
1.102281,2836.0
1.112531,2836.25
1.122782,2836.5
1.122782,2836.75
1.134314,2837.0
1.148409,2837.25
1.159941,2837.5
1.167629,2837.75
1.159941,2838.0
1.156097,2838.25
1.154815,2838.5
1.154815,2838.75
1.153534,2839.0
1.153534,2839.25
1.150971,2839.5
1.147127,2839.75
1.144565,2840.0
1.139439,2840.25
1.136877,2840.5
1.131751,2840.75
1.127907,2841.0
1.126626,2841.25
1.125345,2841.5
1.125345,2841.75
1.122782,2842.0
1.124063,2842.25
1.118938,2842.5
1.120219,2842.75
1.117657,2843.0
1.116375,2843.25
1.117657,2843.5
1.117657,2843.75
1.118938,2844.0
1.116375,2844.25
1.117657,2844.5
1.117657,2844.75
1.115094,2845.0
1.112531,2845.25
1.11125,2845.5
1.11125,2845.75
1.109969,2846.0
1.109969,2846.25
1.106125,2846.5
1.106125,2846.75
1.099718,2847.0
1.093311,2847.25
1.093311,2847.5
1.100999,2847.75
1.108687,2848.0
1.112531,2848.25
1.116375,2848.5
1.120219,2848.75
1.126626,2849.0
1.129189,2849.25
1.131751,2849.5
1.13047,2849.75
1.131751,2850.0
1.13047,2850.25
1.127907,2850.5
1.125345,2850.75
1.124063,2851.0
1.124063,2851.25
1.121501,2851.5
1.120219,2851.75
1.120219,2852.0
1.120219,2852.25
1.116375,2852.5
1.118938,2852.75
1.118938,2853.0
1.120219,2853.25
1.126626,2853.5
1.143283,2853.75
1.167629,2854.0
1.195818,2854.25
1.216319,2854.5
1.230414,2854.75
1.238102,2855.0
1.238102,2855.25
1.235539,2855.5
1.227851,2855.75
1.220163,2856.0
1.211194,2856.25
1.206069,2856.5
1.19838,2856.75
1.194537,2857.0
1.189411,2857.25
1.186849,2857.5
1.184286,2857.75
1.185567,2858.0
1.189411,2858.25
1.193255,2858.5
1.194537,2858.75
1.193255,2859.0
1.193255,2859.25
1.191974,2859.5
1.18813,2859.75
1.183004,2860.0
1.177879,2860.25
1.174035,2860.5
1.166347,2860.75
1.150971,2861.0
1.154815,2861.25
1.154815,2861.5
1.153534,2861.75
1.153534,2862.0
1.142002,2862.25
1.129189,2862.5
1.127907,2862.75
1.127907,2863.0
1.13047,2863.25
1.131751,2863.5
1.13047,2863.75
1.129189,2864.0
1.126626,2864.25
1.125345,2864.5
1.122782,2864.75
1.124063,2865.0
1.124063,2865.25
1.124063,2865.5
1.124063,2865.75
1.121501,2866.0
1.117657,2866.25
1.116375,2866.5
1.109969,2866.75
1.112531,2867.0
1.117657,2867.25
1.117657,2867.5
1.117657,2867.75
1.116375,2868.0
1.117657,2868.25
1.124063,2868.5
1.131751,2868.75
1.139439,2869.0
1.136877,2869.25
1.138158,2869.5
1.138158,2869.75
1.136877,2870.0
1.135595,2870.25
1.136877,2870.5
1.136877,2870.75
1.138158,2871.0
1.136877,2871.25
1.135595,2871.5
1.134314,2871.75
1.133033,2872.0
1.134314,2872.25
1.133033,2872.5
1.13047,2872.75
1.125345,2873.0
1.129189,2873.25
1.147127,2873.5
1.170191,2873.75
1.19838,2874.0
1.231695,2874.25
1.248352,2874.5
1.254759,2874.75
1.25604,2875.0
1.254759,2875.25
1.253478,2875.5
1.250915,2875.75
1.240664,2876.0
1.234258,2876.25
1.22657,2876.5
1.220163,2876.75
1.215038,2877.0
1.209913,2877.25
1.208631,2877.5
1.206069,2877.75
1.204787,2878.0
1.204787,2878.25
1.202224,2878.5
1.19838,2878.75
1.197099,2879.0
1.190693,2879.25
1.189411,2879.5
1.184286,2879.75
1.181723,2880.0
1.177879,2880.25
1.175317,2880.5
1.174035,2880.75
1.171473,2881.0
1.16891,2881.25
1.166347,2881.5
1.162503,2881.75
1.163785,2882.0
1.166347,2882.25
1.166347,2882.5
1.165066,2882.75
1.153534,2883.0
1.150971,2883.25
1.157378,2883.5
1.161222,2883.75
1.170191,2884.0
1.175317,2884.25
1.181723,2884.5
1.191974,2884.75
1.202224,2885.0
1.209913,2885.25
1.218882,2885.5
1.22657,2885.75
1.227851,2886.0
1.22657,2886.25
1.225289,2886.5
1.221444,2886.75
1.216319,2887.0
1.211194,2887.25
1.209913,2887.5
1.206069,2887.75
1.206069,2888.0
1.199662,2888.25
1.191974,2888.5
1.186849,2888.75
1.190693,2889.0
1.184286,2889.25
1.183004,2889.5
1.180442,2889.75
1.181723,2890.0
1.181723,2890.25
1.180442,2890.5
1.180442,2890.75
1.181723,2891.0
1.184286,2891.25
1.19838,2891.5
1.2176,2891.75
1.249634,2892.0
1.271416,2892.25
1.271416,2892.5
1.254759,2892.75
1.252196,2893.0
1.26501,2893.25
1.257322,2893.5
1.230414,2893.75
1.2176,2894.0
1.212475,2894.25
1.224007,2894.5
1.22657,2894.75
1.22657,2895.0
1.229132,2895.25
1.253478,2895.5
1.259884,2895.75
1.254759,2896.0
1.250915,2896.25
1.244508,2896.5
1.240664,2896.75
1.238102,2897.0
1.230414,2897.25
1.227851,2897.5
1.222726,2897.75
1.218882,2898.0
1.216319,2898.25
1.215038,2898.5
1.216319,2898.75
1.225289,2899.0
1.238102,2899.25
1.247071,2899.5
1.250915,2899.75
1.261166,2900.0
1.254759,2900.25
1.250915,2900.5
1.249634,2900.75
1.259884,2901.0
1.270135,2901.25
1.280386,2901.5
1.286792,2901.75
1.288074,2902.0
1.286792,2902.25
1.282948,2902.5
1.276542,2902.75
1.268854,2903.0
1.262447,2903.25
1.253478,2903.5
1.247071,2903.75
1.241946,2904.0
1.23682,2904.25
1.232976,2904.5
1.229132,2904.75
1.22657,2905.0
1.222726,2905.25
1.220163,2905.5
1.218882,2905.75
1.218882,2906.0
1.215038,2906.25
1.215038,2906.5
1.213756,2906.75
1.211194,2907.0
1.209913,2907.25
1.209913,2907.5
1.208631,2907.75
1.206069,2908.0
1.206069,2908.25
1.203506,2908.5
1.202224,2908.75
1.199662,2909.0
1.19838,2909.25
1.19838,2909.5
1.19838,2909.75
1.197099,2910.0
1.197099,2910.25
1.197099,2910.5
1.195818,2910.75
1.197099,2911.0
1.194537,2911.25
1.194537,2911.5
1.193255,2911.75
1.191974,2912.0
1.189411,2912.25
1.18813,2912.5
1.18813,2912.75
1.191974,2913.0
1.18813,2913.25
1.183004,2913.5
1.181723,2913.75
1.181723,2914.0
1.185567,2914.25
1.184286,2914.5
1.183004,2914.75
1.180442,2915.0
1.181723,2915.25
1.184286,2915.5
1.194537,2915.75
1.208631,2916.0
1.227851,2916.25
1.241946,2916.5
1.250915,2916.75
1.254759,2917.0
1.261166,2917.25
1.258603,2917.5
1.254759,2917.75
1.257322,2918.0
1.252196,2918.25
1.247071,2918.5
1.241946,2918.75
1.23682,2919.0
1.232976,2919.25
1.230414,2919.5
1.227851,2919.75
1.224007,2920.0
1.220163,2920.25
1.218882,2920.5
1.2176,2920.75
1.216319,2921.0
1.2176,2921.25
1.2176,2921.5
1.2176,2921.75
1.216319,2922.0
1.213756,2922.25
1.212475,2922.5
1.213756,2922.75
1.224007,2923.0
1.24579,2923.25
1.27526,2923.5
1.298324,2923.75
1.312419,2924.0
1.321388,2924.25
1.323951,2924.5
1.32267,2924.75
1.317544,2925.0
1.307294,2925.25
1.298324,2925.5
1.289355,2925.75
1.30345,2926.0
1.29448,2926.25
1.291918,2926.5
1.288074,2926.75
1.28423,2927.0
1.286792,2927.25
1.288074,2927.5
1.297043,2927.75
1.29448,2928.0
1.298324,2928.25
1.295762,2928.5
1.291918,2928.75
1.286792,2929.0
1.282948,2929.25
1.280386,2929.5
1.27526,2929.75
1.266291,2930.0
1.261166,2930.25
1.25604,2930.5
1.249634,2930.75
1.247071,2931.0
1.247071,2931.25
1.232976,2931.5
1.067685,2931.75
1.080498,2932.0
1.134314,2932.25
1.179161,2932.5
1.185567,2932.75
1.189411,2933.0
1.181723,2933.25
1.184286,2933.5
1.184286,2933.75
1.189411,2934.0
1.197099,2934.25
1.213756,2934.5
1.234258,2934.75
1.250915,2935.0
1.26501,2935.25
1.286792,2935.5
1.299606,2935.75
1.268854,2936.0
1.231695,2936.25
1.163785,2936.5
1.085623,2936.75
1.036933,2937.0
1.135595,2937.25
1.213756,2937.5
1.243227,2937.75
1.170191,2938.0
1.267572,2938.25
1.267572,2938.5
1.261166,2938.75
1.276542,2939.0
1.262447,2939.25
1.263728,2939.5
1.277823,2939.75
1.282948,2940.0
1.261166,2940.25
1.27526,2940.5
1.277823,2940.75
1.276542,2941.0
1.271416,2941.25
1.259884,2941.5
1.25604,2941.75
1.257322,2942.0
1.252196,2942.25
1.250915,2942.5
1.243227,2942.75
1.23682,2943.0
1.231695,2943.25
1.230414,2943.5
1.225289,2943.75
1.222726,2944.0
1.216319,2944.25
1.216319,2944.5
1.211194,2944.75
1.616094,2945.0
1.64182,2945.25
1.174134,2945.5
1.108786,2945.75
1.095973,2946.0
1.157477,2946.25
1.215137,2946.5
1.193354,2946.75
1.184385,2947.0
1.175416,2947.25
1.154914,2947.5
1.147226,2947.75
1.139538,2948.0
1.136976,2948.25
1.133132,2948.5
1.13185,2948.75
1.130569,2949.0
1.134413,2949.25
1.124162,2949.5
1.089566,2949.75
1.08316,2950.0
1.00628,2950.25
1.056252,2950.5
1.075472,2950.75
1.071628,2951.0
1.079316,2951.25
1.061377,2951.5
1.040876,2951.75
1.043439,2952.0
1.034469,2952.25
1.020375,2952.5
1.003717,2952.75
0.94862,2953.0
0.953745,2953.25
0.915305,2953.5
0.974148,2953.75
0.963897,2954.0
0.990805,2954.25
0.99593,2954.5
0.99593,2954.75
0.917769,2955.0
0.887017,2955.25
0.895986,2955.5
0.922894,2955.75
0.960053,2956.0
0.981836,2956.25
0.989524,2956.5
0.967741,2956.75
0.840889,2957.0
0.875485,2957.25
0.903674,2957.5
0.925457,2957.75
0.944677,2958.0
0.953646,2958.25
0.916488,2958.5
0.829357,2958.75
0.863953,2959.0
0.954928,2959.25
0.990805,2959.5
0.965178,2959.75
0.949802,2960.0
0.91905,2960.25
0.875485,2960.5
0.837045,2960.75
0.815262,2961.0
0.787073,2961.25
0.771697,2961.5
0.794761,2961.75
0.838326,2962.0
0.85114,2962.25
0.915206,2962.5
0.97671,2962.75
0.98568,2963.0
0.951084,2963.25
0.897268,2963.5
0.89983,2963.75
0.88061,2964.0
0.879329,2964.25
0.885736,2964.5
0.784511,2964.75
0.839608,2965.0
0.790917,2965.25
0.760165,2965.5
0.730695,2965.75
0.721725,2966.0
0.725569,2966.25
0.708912,2966.5
0.737101,2966.75
0.753759,2967.0
0.743508,2967.25
0.783229,2967.5
0.951084,2967.75
1.007462,2968.0
1.039495,2968.25
1.022838,2968.5
0.999774,2968.75
0.984398,2969.0
0.972866,2969.25
0.965178,2969.5
0.96646,2969.75
0.965178,2970.0
0.960053,2970.25
0.952365,2970.5
0.942114,2970.75
0.936989,2971.0
0.933145,2971.25
0.925457,2971.5
0.921613,2971.75
0.920332,2972.0
0.9088,2972.25
0.916488,2972.5
0.931864,2972.75
0.931864,2973.0
0.922894,2973.25
0.9088,2973.5
0.904956,2973.75
0.897268,2974.0
0.890861,2974.25
0.887017,2974.5
0.884454,2974.75
0.88061,2975.0
0.878048,2975.25
0.876766,2975.5
0.875485,2975.75
0.871641,2976.0
0.869078,2976.25
0.867797,2976.5
0.865234,2976.75
0.862672,2977.0
0.860109,2977.25
0.860109,2977.5
0.858828,2977.75
0.86139,2978.0
0.858828,2978.25
0.857546,2978.5
0.854984,2978.75
0.853702,2979.0
0.853702,2979.25
0.85114,2979.5
0.844733,2979.75
0.844733,2980.0
0.843452,2980.25
0.843452,2980.5
0.840889,2980.75
0.839608,2981.0
0.839608,2981.25
0.837045,2981.5
0.835764,2981.75
0.837045,2982.0
0.833201,2982.25
0.83192,2982.5
0.830638,2982.75
0.829357,2983.0
0.828076,2983.25
0.826795,2983.5
0.824232,2983.75
0.821669,2984.0
0.820388,2984.25
0.817825,2984.5
0.817825,2984.75
0.816544,2985.0
0.817825,2985.25
0.813981,2985.5
0.813981,2985.75
0.811419,2986.0
0.810137,2986.25
0.807575,2986.5
0.807575,2986.75
0.805012,2987.0
0.803731,2987.25
0.803731,2987.5
0.802449,2987.75
0.799887,2988.0
0.799887,2988.25
0.797324,2988.5
0.797324,2988.75
0.794761,2989.0
0.794761,2989.25
0.792199,2989.5
0.792199,2989.75
0.789636,2990.0
0.788355,2990.25
0.787073,2990.5
0.787073,2990.75
0.784511,2991.0
0.784511,2991.25
0.783229,2991.5
0.781948,2991.75
0.781948,2992.0
0.779385,2992.25
0.778104,2992.5
0.776823,2992.75
0.775541,2993.0
0.77426,2993.25
0.772979,2993.5
0.770416,2993.75
0.771697,2994.0
0.770416,2994.25
0.767853,2994.5
0.767853,2994.75
0.766572,2995.0
0.765291,2995.25
0.764009,2995.5
0.764009,2995.75
0.762728,2996.0
0.760165,2996.25
0.758884,2996.5
0.758884,2996.75
0.75504,2997.0
0.753759,2997.25
0.752477,2997.5
0.751196,2997.75
0.749915,2998.0
0.747352,2998.25
0.746071,2998.5
0.744789,2998.75
0.742227,2999.0
0.740945,2999.25
0.739664,2999.5
0.738383,2999.75
0.73582,3000.0
0.73582,3000.25
0.731976,3000.5
0.734539,3000.75
0.731976,3001.0
0.729413,3001.25
0.729413,3001.5
0.726851,3001.75
0.724288,3002.0
0.724288,3002.25
0.721725,3002.5
0.721725,3002.75
0.719163,3003.0
0.7166,3003.25
0.717881,3003.5
0.714037,3003.75
0.714037,3004.0
0.712756,3004.25
0.711475,3004.5
0.710193,3004.75
0.710193,3005.0
0.707631,3005.25
0.706349,3005.5
0.706349,3005.75
0.705068,3006.0
0.702505,3006.25
0.701224,3006.5
0.699943,3006.75
0.701224,3007.0
0.698661,3007.25
0.696099,3007.5
0.696099,3007.75
0.692255,3008.0
0.692255,3008.25
0.690973,3008.5
0.688411,3008.75
0.685848,3009.0
0.684567,3009.25
0.683285,3009.5
0.684567,3009.75
0.682004,3010.0
0.680723,3010.25
0.679441,3010.5
0.675597,3010.75
0.676879,3011.0
0.675597,3011.25
0.674316,3011.5
0.674316,3011.75
0.671753,3012.0
0.671753,3012.25
0.670472,3012.5
0.666628,3012.75
0.665347,3013.0
0.666628,3013.25
0.665347,3013.5
0.664065,3013.75
0.660221,3014.0
0.660221,3014.25
0.662784,3014.5
0.65894,3014.75
0.657659,3015.0
0.65894,3015.25
0.657659,3015.5
0.657659,3015.75
0.655096,3016.0
0.652533,3016.25
0.649971,3016.5
0.649971,3016.75
0.647408,3017.0
0.649971,3017.25
0.646127,3017.5
0.646127,3017.75
0.644845,3018.0
0.641002,3018.25
0.641002,3018.5
0.641002,3018.75
0.63972,3019.0
0.63972,3019.25
0.63972,3019.5
0.637157,3019.75
0.638439,3020.0
0.635876,3020.25
0.637157,3020.5
0.634595,3020.75
0.633314,3021.0
0.630751,3021.25
0.630751,3021.5
0.62947,3021.75
0.62947,3022.0
0.628188,3022.25
0.626907,3022.5
0.626907,3022.75
0.625626,3023.0
0.625626,3023.25
0.626907,3023.5
0.626907,3023.75
0.625626,3024.0
0.626907,3024.25
0.624344,3024.5
0.621782,3024.75
0.6205,3025.0
0.619219,3025.25
0.619219,3025.5
0.619219,3025.75
0.617938,3026.0
0.616656,3026.25
0.614094,3026.5
0.611531,3026.75
0.61025,3027.0
0.61025,3027.25
0.61025,3027.5
0.607687,3027.75
0.607687,3028.0
0.607687,3028.25
0.603843,3028.5
0.606406,3028.75
0.603843,3029.0
0.599999,3029.25
0.599999,3029.5
0.598718,3029.75
0.596155,3030.0
0.596155,3030.25
0.594874,3030.5
0.593592,3030.75
0.594874,3031.0
0.592311,3031.25
0.592311,3031.5
0.59103,3031.75
0.588467,3032.0
0.588467,3032.25
0.589748,3032.5
0.583342,3032.75
0.584623,3033.0
0.584623,3033.25
0.583342,3033.5
0.587186,3033.75
0.584623,3034.0
0.585904,3034.25
0.584623,3034.5
0.583342,3034.75
0.583342,3035.0
0.58206,3035.25
0.579498,3035.5
0.580779,3035.75
0.578216,3036.0
0.576935,3036.25
0.578216,3036.5
0.576935,3036.75
0.574372,3037.0
0.575654,3037.25
0.573091,3037.5
0.570528,3037.75
0.57181,3038.0
0.569247,3038.25
0.569247,3038.5
0.567966,3038.75
0.567966,3039.0
0.567966,3039.25
0.565403,3039.5
0.565403,3039.75
0.565403,3040.0
0.564122,3040.25
0.56284,3040.5
0.560278,3040.75
0.558996,3041.0
0.557715,3041.25
0.557715,3041.5
0.556434,3041.75
0.558996,3042.0
0.556434,3042.25
0.556434,3042.5
0.556434,3042.75
0.55259,3043.0
0.55259,3043.25
0.551308,3043.5
0.547464,3043.75
0.548746,3044.0
0.547464,3044.25
0.546183,3044.5
0.546183,3044.75
0.542339,3045.0
0.54362,3045.25
0.542339,3045.5
0.541058,3045.75
0.539776,3046.0
0.542339,3046.25
0.539776,3046.5
0.538495,3046.75
0.537214,3047.0
0.537214,3047.25
0.535932,3047.5
0.534651,3047.75
0.535932,3048.0
0.535932,3048.25
0.535932,3048.5
0.53337,3048.75
0.532088,3049.0
0.532088,3049.25
0.532088,3049.5
0.529526,3049.75
0.528244,3050.0
0.530807,3050.25
0.528244,3050.5
0.526963,3050.75
0.528244,3051.0
0.526963,3051.25
0.5244,3051.5
0.5244,3051.75
0.521838,3052.0
0.521838,3052.25
0.521838,3052.5
0.520556,3052.75
0.521838,3053.0
0.519275,3053.25
0.519275,3053.5
0.517994,3053.75
0.51415,3054.0
0.515431,3054.25
0.516712,3054.5
0.515431,3054.75
0.511587,3055.0
0.50518,3055.25
0.502618,3055.5
0.502618,3055.75
0.501336,3056.0
0.502618,3056.25
0.498774,3056.5
0.500055,3056.75
0.497492,3057.0
0.496211,3057.25
0.496211,3057.5
0.497492,3057.75
0.497492,3058.0
0.497492,3058.25
0.497492,3058.5
0.496211,3058.75
0.49493,3059.0
0.49493,3059.25
0.492367,3059.5
0.49493,3059.75
0.49493,3060.0
0.49493,3060.25
0.49493,3060.5
0.493648,3060.75
0.489804,3061.0
0.491086,3061.25
0.489804,3061.5
0.491086,3061.75
0.487242,3062.0
0.48596,3062.25
0.482116,3062.5
0.482116,3062.75
0.491086,3063.0
0.498774,3063.25
0.501336,3063.5
0.501336,3063.75
0.501336,3064.0
0.500055,3064.25
0.500055,3064.5
0.497492,3064.75
0.497492,3065.0
0.49493,3065.25
0.493648,3065.5
0.496211,3065.75
0.491086,3066.0
0.488523,3066.25
0.484679,3066.5
0.479554,3066.75
0.480835,3067.0
0.480835,3067.25
0.478272,3067.5
0.478272,3067.75
0.480835,3068.0
0.479554,3068.25
0.482116,3068.5
0.478272,3068.75
0.476991,3069.0
0.479554,3069.25
0.476991,3069.5
0.478272,3069.75
0.478272,3070.0
0.47571,3070.25
0.474428,3070.5
0.474428,3070.75
0.471866,3071.0
0.471866,3071.25
0.470584,3071.5
0.469303,3071.75
0.469303,3072.0
0.468022,3072.25
0.534582,3072.5
0.534582,3072.75
0.534582,3073.0
0.534582,3073.25
0.533301,3073.5
0.533301,3073.75
0.532019,3074.0
0.532019,3074.25
0.530738,3074.5
0.530738,3074.75
0.529457,3075.0
0.528175,3075.25
0.526894,3075.5
0.528175,3075.75
0.525613,3076.0
0.525613,3076.25
0.524331,3076.5
0.52305,3076.75
0.524331,3077.0
0.52305,3077.25
0.521769,3077.5
0.52305,3077.75
0.520487,3078.0
0.520487,3078.25
0.520487,3078.5
0.519206,3078.75
0.519206,3079.0
0.517925,3079.25
0.517925,3079.5
0.510237,3079.75
0.517925,3080.0
0.508955,3080.25
0.560209,3080.5
0.583273,3080.75
0.532019,3081.0
0.512799,3081.25
0.499986,3081.5
0.557646,3081.75
0.557646,3082.0
0.562771,3082.25
0.565334,3082.5
0.567897,3082.75
0.571741,3083.0
0.574303,3083.25
0.573022,3083.5
0.574303,3083.75
0.578147,3084.0
0.585835,3084.25
0.594804,3084.5
0.61018,3084.75
0.626838,3085.0
0.639651,3085.25
0.652464,3085.5
0.65759,3085.75
0.660152,3086.0
0.663996,3086.25
0.662715,3086.5
0.656308,3086.75
0.649902,3087.0
0.643495,3087.25
0.63837,3087.5
0.633244,3087.75
0.6294,3088.0
0.625556,3088.25
0.625556,3088.5
0.621712,3088.75
0.617868,3089.0
0.615306,3089.25
0.611462,3089.5
0.608899,3089.75
0.606336,3090.0
0.602492,3090.25
0.601211,3090.5
0.598648,3090.75
0.598648,3091.0
0.596086,3091.25
0.596086,3091.5
0.593523,3091.75
0.593523,3092.0
0.590961,3092.25
0.589679,3092.5
0.588398,3092.75
0.588398,3093.0
0.588398,3093.25
0.588398,3093.5
0.585835,3093.75
0.585835,3094.0
0.584554,3094.25
0.584554,3094.5
0.583273,3094.75
0.583273,3095.0
0.581991,3095.25
0.581991,3095.5
0.581991,3095.75
0.579428,3096.0
0.579428,3096.25
0.579428,3096.5
0.579428,3096.75
0.581991,3097.0
0.578147,3097.25
0.576866,3097.5
0.576866,3097.75
0.573022,3098.0
0.570459,3098.25
0.570459,3098.5
0.569178,3098.75
0.567897,3099.0
0.566615,3099.25
0.564053,3099.5
0.564053,3099.75
0.562771,3100.0
0.562771,3100.25
0.562771,3100.5
0.56149,3100.75
0.560209,3101.0
0.56149,3101.25
0.560209,3101.5
0.560209,3101.75
0.558927,3102.0
0.557646,3102.25
0.556365,3102.5
0.556365,3102.75
0.555083,3103.0
0.555083,3103.25
0.555083,3103.5
0.556365,3103.75
0.556365,3104.0
0.556365,3104.25
0.557646,3104.5
0.557646,3104.75
0.557646,3105.0
0.557646,3105.25
0.556365,3105.5
0.562771,3105.75
0.564053,3106.0
0.564053,3106.25
0.557646,3106.5
0.555083,3106.75
0.552521,3107.0
0.552521,3107.25
0.549958,3107.5
0.548677,3107.75
0.548677,3108.0
0.546114,3108.25
0.544833,3108.5
0.544833,3108.75
0.543551,3109.0
0.54227,3109.25
0.54227,3109.5
0.540989,3109.75
0.540989,3110.0
0.540989,3110.25
0.540989,3110.5
0.539707,3110.75
0.539707,3111.0
0.539707,3111.25
0.538426,3111.5
0.537145,3111.75
0.537145,3112.0
0.539707,3112.25
0.538426,3112.5
0.535863,3112.75
0.533301,3113.0
0.532019,3113.25
0.532019,3113.5
0.530738,3113.75
0.530738,3114.0
0.532019,3114.25
0.533301,3114.5
0.530738,3114.75
0.529457,3115.0
0.528175,3115.25
0.528175,3115.5
0.528175,3115.75
0.528175,3116.0
0.528175,3116.25
0.528175,3116.5
0.532019,3116.75
0.528175,3117.0
0.525613,3117.25
0.525613,3117.5
0.525613,3117.75
0.525613,3118.0
0.524331,3118.25
0.52305,3118.5
0.524331,3118.75
0.524331,3119.0
0.521769,3119.25
0.524331,3119.5
0.524331,3119.75
0.521769,3120.0
0.520487,3120.25
0.52305,3120.5
0.521769,3120.75
0.521769,3121.0
0.520487,3121.25
0.520487,3121.5
0.520487,3121.75
0.516643,3122.0
0.517925,3122.25
0.517925,3122.5
0.516643,3122.75
0.514081,3123.0
0.514081,3123.25
0.512799,3123.5
0.512799,3123.75
0.511518,3124.0
0.511518,3124.25
0.510237,3124.5
0.508955,3124.75
0.508955,3125.0
0.508955,3125.25
0.507674,3125.5
0.507674,3125.75
0.506393,3126.0
0.505111,3126.25
0.502549,3126.5
0.502549,3126.75
0.492298,3127.0
0.515362,3127.25
0.433357,3127.5
0.483329,3127.75
0.480766,3128.0
0.480766,3128.25
0.48461,3128.5
0.488454,3128.75
0.425669,3129.0
0.389792,3129.25
0.526894,3129.5
0.571741,3129.75
0.576866,3130.0
0.562771,3130.25
0.526894,3130.5
0.537145,3130.75
0.52305,3131.0
0.511518,3131.25
0.502549,3131.5
0.501267,3131.75
0.52305,3132.0
0.543551,3132.25
0.558927,3132.5
0.498705,3132.75
0.587116,3133.0
0.594804,3133.25
0.594804,3133.5
0.589679,3133.75
0.581991,3134.0
0.58071,3134.25
0.583273,3134.5
0.578147,3134.75
0.529457,3135.0
0.506393,3135.25
0.497423,3135.5
0.491017,3135.75
0.487173,3136.0
0.482047,3136.25
0.482047,3136.5
0.483329,3136.75
0.485891,3137.0
0.483329,3137.25
0.474359,3137.5
0.475641,3137.75
0.471797,3138.0
0.469234,3138.25
0.462827,3138.5
0.460265,3138.75
0.462827,3139.0
0.473078,3139.25
0.471797,3139.5
0.478203,3139.75
0.466671,3140.0
0.469234,3140.25
0.485891,3140.5
0.476922,3140.75
0.461546,3141.0
0.453858,3141.25
0.450014,3141.5
0.491017,3141.75
0.528175,3142.0
0.543551,3142.25
0.553802,3142.5
0.556365,3142.75
0.560209,3143.0
0.56149,3143.25
0.573022,3143.5
0.58071,3143.75
0.578147,3144.0
0.574303,3144.25
0.573022,3144.5
0.573022,3144.75
0.578147,3145.0
0.579428,3145.25
0.58071,3145.5
0.581991,3145.75
0.581991,3146.0
0.583273,3146.25
0.589679,3146.5
0.570459,3146.75
0.553802,3147.0
0.566615,3147.25
0.575585,3147.5
0.579428,3147.75
0.581991,3148.0
0.581991,3148.25
0.581991,3148.5
0.587116,3148.75
0.587116,3149.0
0.558927,3149.25
0.497423,3149.5
0.458983,3149.75
0.46539,3150.0
0.461546,3150.25
0.512799,3150.5
0.52305,3150.75
0.524331,3151.0
0.529457,3151.25
0.539707,3151.5
0.547395,3151.75
0.56149,3152.0
0.560209,3152.25
0.58071,3152.5
0.608899,3152.75
0.601211,3153.0
0.602492,3153.25
0.594804,3153.5
0.587116,3153.75
0.58071,3154.0
0.574303,3154.25
0.570459,3154.5
0.567897,3154.75
0.564053,3155.0
0.560209,3155.25
0.560209,3155.5
0.557646,3155.75
0.556365,3156.0
0.555083,3156.25
0.553802,3156.5
0.555083,3156.75
0.556365,3157.0
0.557646,3157.25
0.560209,3157.5
0.558927,3157.75
0.560209,3158.0
0.558927,3158.25
0.557646,3158.5
0.555083,3158.75
0.555083,3159.0
0.553802,3159.25
0.551239,3159.5
0.548677,3159.75
0.547395,3160.0
0.546114,3160.25
0.546114,3160.5
0.544833,3160.75
0.543551,3161.0
0.543551,3161.25
0.540989,3161.5
0.54227,3161.75
0.540989,3162.0
0.538426,3162.25
0.538426,3162.5
0.537145,3162.75
0.534582,3163.0
0.532019,3163.25
0.534582,3163.5
0.534582,3163.75
0.533301,3164.0
0.534582,3164.25
0.529457,3164.5
0.525613,3164.75
0.526894,3165.0
0.526894,3165.25
0.526894,3165.5
0.528175,3165.75
0.525613,3166.0
0.525613,3166.25
0.525613,3166.5
0.524331,3166.75
0.52305,3167.0
0.524331,3167.25
0.52305,3167.5
0.520487,3167.75
0.521769,3168.0
0.521769,3168.25
0.521769,3168.5
0.520487,3168.75
0.521769,3169.0
0.52305,3169.25
0.521769,3169.5
0.519206,3169.75
0.520487,3170.0
0.520487,3170.25
0.521769,3170.5
0.52305,3170.75
0.521769,3171.0
0.52305,3171.25
0.519206,3171.5
0.521769,3171.75
0.524331,3172.0
0.524331,3172.25
0.526894,3172.5
0.529457,3172.75
0.529457,3173.0
0.532019,3173.25
0.532019,3173.5
0.528175,3173.75
0.525613,3174.0
0.529457,3174.25
0.528175,3174.5
0.528175,3174.75
0.528175,3175.0
0.528175,3175.25
0.526894,3175.5
0.524331,3175.75
0.52305,3176.0
0.52305,3176.25
0.520487,3176.5
0.520487,3176.75
0.517925,3177.0
0.519206,3177.25
0.517925,3177.5
0.517925,3177.75
0.517925,3178.0
0.515362,3178.25
0.515362,3178.5
0.515362,3178.75
0.514081,3179.0
0.514081,3179.25
0.515362,3179.5
0.515362,3179.75
0.517925,3180.0
0.519206,3180.25
0.521769,3180.5
0.520487,3180.75
0.520487,3181.0
0.519206,3181.25
0.519206,3181.5
0.519206,3181.75
0.517925,3182.0
0.516643,3182.25
0.515362,3182.5
0.515362,3182.75
0.514081,3183.0
0.511518,3183.25
0.512799,3183.5
0.512799,3183.75
0.510237,3184.0
0.508955,3184.25
0.507674,3184.5
0.508955,3184.75
0.508955,3185.0
0.507674,3185.25
0.507674,3185.5
0.507674,3185.75
0.506393,3186.0
0.506393,3186.25
0.506393,3186.5
0.505111,3186.75
0.505111,3187.0
0.505111,3187.25
0.50383,3187.5
0.50383,3187.75
0.502549,3188.0
0.50383,3188.25
0.502549,3188.5
0.50383,3188.75
0.501267,3189.0
0.499986,3189.25
0.501267,3189.5
0.499986,3189.75
0.498705,3190.0
0.498705,3190.25
0.497423,3190.5
0.497423,3190.75
0.497423,3191.0
0.497423,3191.25
0.496142,3191.5
0.494861,3191.75
0.496142,3192.0
0.494861,3192.25
0.496142,3192.5
0.496142,3192.75
0.494861,3193.0
0.498705,3193.25
0.498705,3193.5
0.498705,3193.75
0.497423,3194.0
0.497423,3194.25
0.497423,3194.5
0.498705,3194.75
0.497423,3195.0
0.497423,3195.25
0.497423,3195.5
0.497423,3195.75
0.497423,3196.0
0.496142,3196.25
0.497423,3196.5
0.497423,3196.75
0.496142,3197.0
0.493579,3197.25
0.494861,3197.5
0.494861,3197.75
0.492298,3198.0
0.492298,3198.25
0.492298,3198.5
0.492298,3198.75
0.491017,3199.0
0.491017,3199.25
0.488454,3199.5
0.489735,3199.75
0.487173,3200.0
0.488454,3200.25
0.488454,3200.5
0.488454,3200.75
0.488454,3201.0
0.487173,3201.25
0.48461,3201.5
0.485891,3201.75
0.487173,3202.0
0.488454,3202.25
0.483329,3202.5
0.478203,3202.75
0.475641,3203.0
0.475641,3203.25
0.475641,3203.5
0.474359,3203.75
0.475641,3204.0
0.482047,3204.25
0.485891,3204.5
0.480766,3204.75
0.482047,3205.0
0.480766,3205.25
0.479485,3205.5
0.479485,3205.75
0.475641,3206.0
0.474359,3206.25
0.470515,3206.5
0.470515,3206.75
0.467953,3207.0
0.469234,3207.25
0.467953,3207.5
0.467953,3207.75
0.46539,3208.0
0.464109,3208.25
0.462827,3208.5
0.462827,3208.75
0.461546,3209.0
0.460265,3209.25
0.460265,3209.5
0.458983,3209.75
0.458983,3210.0
0.458983,3210.25
0.458983,3210.5
0.458983,3210.75
0.457702,3211.0
0.457702,3211.25
0.455139,3211.5
0.455139,3211.75
0.453858,3212.0
0.453858,3212.25
0.455139,3212.5
0.452577,3212.75
0.453858,3213.0
0.453858,3213.25
0.452577,3213.5
0.452577,3213.75
0.453858,3214.0
0.453858,3214.25
0.457702,3214.5
0.455139,3214.75
0.452577,3215.0
0.452577,3215.25
0.455139,3215.5
0.455139,3215.75
0.452577,3216.0
0.451295,3216.25
0.451295,3216.5
0.451295,3216.75
0.450014,3217.0
0.448733,3217.25
0.450014,3217.5
0.448733,3217.75
0.448733,3218.0
0.450014,3218.25
0.451295,3218.5
0.452577,3218.75
0.452577,3219.0
0.452577,3219.25
0.453858,3219.5
0.455139,3219.75
0.453858,3220.0
0.453858,3220.25
0.452577,3220.5
0.451295,3220.75
0.450014,3221.0
0.448733,3221.25
0.448733,3221.5
0.450014,3221.75
0.447451,3222.0
0.447451,3222.25
0.444889,3222.5
0.44617,3222.75
0.444889,3223.0
0.44617,3223.25
0.443607,3223.5
0.443607,3223.75
0.444889,3224.0
0.443607,3224.25
0.444889,3224.5
0.444889,3224.75
0.443607,3225.0
0.443607,3225.25
0.442326,3225.5
0.442326,3225.75
0.442326,3226.0
0.441045,3226.25
0.439763,3226.5
0.439763,3226.75
0.439763,3227.0
0.438482,3227.25
0.438482,3227.5
0.438482,3227.75
0.438482,3228.0
0.438482,3228.25
0.437201,3228.5
0.437201,3228.75
0.437201,3229.0
0.434638,3229.25
0.437201,3229.5
0.435919,3229.75
0.434638,3230.0
0.433357,3230.25
0.433357,3230.5
0.434638,3230.75
0.430794,3231.0
0.424387,3231.25
0.42695,3231.5
0.430794,3231.75
0.438482,3232.0
0.444889,3232.25
0.450014,3232.5
0.451295,3232.75
0.455139,3233.0
0.451295,3233.25
0.452577,3233.5
0.457702,3233.75
0.447451,3234.0
0.438482,3234.25
0.432075,3234.5
0.452577,3234.75
0.458983,3235.0
0.471797,3235.25
0.46539,3235.5
0.394917,3235.75
0.391073,3236.0
0.424387,3236.25
0.429513,3236.5
0.425669,3236.75
0.421825,3237.0
0.420543,3237.25
0.417981,3237.5
0.387229,3237.75
0.360321,3238.0
0.357758,3238.25
0.346226,3238.5
0.348789,3238.75
0.347508,3239.0
0.344945,3239.25
0.346226,3239.5
0.347508,3239.75
0.348789,3240.0
0.342382,3240.25
0.348789,3240.5
0.346226,3240.75
0.344945,3241.0
0.344945,3241.25
0.352633,3241.5
0.347508,3241.75
0.352633,3242.0
0.35007,3242.25
0.352633,3242.5
0.361602,3242.75
0.351352,3243.0
0.347508,3243.25
0.348789,3243.5
0.347508,3243.75
0.351352,3244.0
0.355196,3244.25
0.356477,3244.5
0.353914,3244.75
0.352633,3245.0
0.351352,3245.25
0.351352,3245.5
0.347508,3245.75
0.347508,3246.0
0.348789,3246.25
0.348789,3246.5
0.347508,3246.75
0.346226,3247.0
0.343664,3247.25
0.342382,3247.5
0.341101,3247.75
0.33982,3248.0
0.342382,3248.25
0.338538,3248.5
0.33982,3248.75
0.341101,3249.0
0.33982,3249.25
0.33982,3249.5
0.33982,3249.75
0.337257,3250.0
0.335976,3250.25
0.335976,3250.5
0.335976,3250.75
0.335976,3251.0
0.335976,3251.25
0.337257,3251.5
0.335976,3251.75
0.334694,3252.0
0.334694,3252.25
0.334694,3252.5
0.333413,3252.75
0.333413,3253.0
0.333413,3253.25
0.334694,3253.5
0.334694,3253.75
0.334694,3254.0
0.334694,3254.25
0.334694,3254.5
0.334694,3254.75
0.334694,3255.0
0.333413,3255.25
0.333413,3255.5
0.332132,3255.75
0.332132,3256.0
0.332132,3256.25
0.333413,3256.5
0.332132,3256.75
0.332132,3257.0
0.33085,3257.25
0.328288,3257.5
0.329569,3257.75
0.328288,3258.0
0.328288,3258.25
0.328288,3258.5
0.329569,3258.75
0.327006,3259.0
0.329569,3259.25
0.327006,3259.5
0.327006,3259.75
0.328288,3260.0
0.325725,3260.25
0.327006,3260.5
0.328288,3260.75
0.325725,3261.0
0.327006,3261.25
0.325725,3261.5
0.327006,3261.75
0.324444,3262.0
0.324444,3262.25
0.327006,3262.5
0.323162,3262.75
0.334694,3263.0
0.337257,3263.25
0.337257,3263.5
0.335976,3263.75
0.335976,3264.0
0.333413,3264.25
0.333413,3264.5
0.333413,3264.75
0.332132,3265.0
0.335976,3265.25
0.337257,3265.5
0.334694,3265.75
0.335976,3266.0
0.337257,3266.25
0.334694,3266.5
0.333413,3266.75
0.33085,3267.0
0.325725,3267.25
0.306505,3267.5
0.307786,3267.75
0.310349,3268.0
0.314193,3268.25
0.318037,3268.5
0.3206,3268.75
0.324444,3269.0
0.316756,3269.25
0.319318,3269.5
0.3206,3269.75
0.3206,3270.0
0.319318,3270.25
0.319318,3270.5
0.3206,3270.75
0.319318,3271.0
0.319318,3271.25
0.316756,3271.5
0.316756,3271.75
0.315474,3272.0
0.314193,3272.25
0.314193,3272.5
0.312912,3272.75
0.315474,3273.0
0.312912,3273.25
0.312912,3273.5
0.312912,3273.75
0.310349,3274.0
0.309068,3274.25
0.31163,3274.5
0.309068,3274.75
0.318037,3275.0
0.324444,3275.25
0.327006,3275.5
0.328288,3275.75
0.329569,3276.0
0.328288,3276.25
0.318037,3276.5
0.316756,3276.75
0.314193,3277.0
0.31163,3277.25
0.310349,3277.5
0.307786,3277.75
0.306505,3278.0
0.303942,3278.25
0.303942,3278.5
0.30138,3278.75
0.298817,3279.0
0.300098,3279.25
0.298817,3279.5
0.298817,3279.75
0.297536,3280.0
0.291129,3280.25
0.283441,3280.5
0.283441,3280.75
0.271909,3281.0
0.271909,3281.25
0.278316,3281.5
0.28216,3281.75
0.280878,3282.0
0.28216,3282.25
0.280878,3282.5
0.280878,3282.75
0.277034,3283.0
0.274472,3283.25
0.275753,3283.5
0.274472,3283.75
0.277034,3284.0
0.278316,3284.25
0.286004,3284.5
0.291129,3284.75
0.29241,3285.0
0.291129,3285.25
0.289848,3285.5
0.291129,3285.75
0.289848,3286.0
0.289848,3286.25
0.291129,3286.5
0.293692,3286.75
0.291129,3287.0
0.291129,3287.25
0.291129,3287.5
0.29241,3287.75
0.291129,3288.0
0.291129,3288.25
0.291129,3288.5
0.288566,3288.75
0.293692,3289.0
0.279597,3289.25
0.28216,3289.5
0.279597,3289.75
0.27319,3290.0
0.269346,3290.25
0.265502,3290.5
0.261658,3290.75
0.260377,3291.0
0.256533,3291.25
0.25397,3291.5
0.25397,3291.75
0.252689,3292.0
0.26294,3292.25
0.266784,3292.5
0.266784,3292.75
0.265502,3293.0
0.264221,3293.25
0.264221,3293.5
0.264221,3293.75
0.261658,3294.0
0.261658,3294.25
0.26294,3294.5
0.261658,3294.75
0.264221,3295.0
0.26294,3295.25
0.264221,3295.5
0.265502,3295.75
0.265502,3296.0
0.264221,3296.25
0.265502,3296.5
0.264221,3296.75
0.264221,3297.0
0.261658,3297.25
0.261658,3297.5
0.26294,3297.75
0.261658,3298.0
0.260377,3298.25
0.260377,3298.5
0.257814,3298.75
0.259096,3299.0
0.260377,3299.25
0.259096,3299.5
0.257814,3299.75
0.256533,3300.0
0.257814,3300.25
0.256533,3300.5
0.256533,3300.75
0.255252,3301.0
0.255252,3301.25
0.25397,3301.5
0.25397,3301.75
0.255252,3302.0
0.25397,3302.25
0.251408,3302.5
0.251408,3302.75
0.251408,3303.0
0.252689,3303.25
0.250126,3303.5
0.248845,3303.75
0.248845,3304.0
0.248845,3304.25
0.246282,3304.5
0.247564,3304.75
0.247564,3305.0
0.227062,3305.25
0.2245,3305.5
0.220656,3305.75
0.232188,3306.0
0.245001,3306.25
0.241157,3306.5
0.239876,3306.75
0.238594,3307.0
0.238594,3307.25
0.239876,3307.5
0.238594,3307.75
0.23475,3308.0
0.23475,3308.25
0.236032,3308.5
0.236032,3308.75
0.23475,3309.0
0.236032,3309.25
0.237313,3309.5
0.23475,3309.75
0.236032,3310.0
0.236032,3310.25
0.233469,3310.5
0.236032,3310.75
0.236032,3311.0
0.236032,3311.25
0.23475,3311.5
0.233469,3311.75
0.233469,3312.0
0.233469,3312.25
0.233469,3312.5
0.230906,3312.75
0.239876,3313.0
0.239876,3313.25
0.232188,3313.5
0.232188,3313.75
0.232188,3314.0
0.232188,3314.25
0.230906,3314.5
0.232188,3314.75
0.233469,3315.0
0.232188,3315.25
0.230906,3315.5
0.232188,3315.75
0.230906,3316.0
0.230906,3316.25
0.230906,3316.5
0.229625,3316.75
0.229625,3317.0
0.228344,3317.25
0.228344,3317.5
0.227062,3317.75
0.227062,3318.0
0.225781,3318.25
0.227062,3318.5
0.225781,3318.75
0.223218,3319.0
0.221937,3319.25
0.219374,3319.5
0.219374,3319.75
0.218093,3320.0
0.216812,3320.25
0.21553,3320.5
0.214249,3320.75
0.216812,3321.0
0.227062,3321.25
0.193748,3321.5
0.206561,3321.75
0.191185,3322.0
0.187341,3322.25
0.248845,3322.5
0.250126,3322.75
0.24372,3323.0
0.241157,3323.25
0.229625,3323.5
0.211686,3323.75
0.264221,3324.0
0.275753,3324.25
0.283441,3324.5
0.286004,3324.75
0.29241,3325.0
0.302661,3325.25
0.310349,3325.5
0.319318,3325.75
0.321881,3326.0
0.303942,3326.25
0.278316,3326.5
0.284722,3326.75
0.280878,3327.0
0.283441,3327.25
0.289848,3327.5
0.293692,3327.75
0.287285,3328.0
0.28216,3328.25
0.278316,3328.5
0.269346,3328.75
0.268065,3329.0
0.266784,3329.25
0.266784,3329.5
0.266784,3329.75
0.265502,3330.0
0.264221,3330.25
0.264221,3330.5
0.266784,3330.75
0.265502,3331.0
0.266784,3331.25
0.266784,3331.5
0.268065,3331.75
0.268065,3332.0
0.269346,3332.25
0.269346,3332.5
0.270628,3332.75
0.271909,3333.0
0.271909,3333.25
0.274472,3333.5
0.269346,3333.75
0.269346,3334.0
0.270628,3334.25
0.274472,3334.5
0.275753,3334.75
0.280878,3335.0
0.283441,3335.25
0.29241,3335.5
0.294973,3335.75
0.30138,3336.0
0.302661,3336.25
0.309068,3336.5
0.319318,3336.75
0.329569,3337.0
0.323162,3337.25
0.329569,3337.5
0.310349,3337.75
0.315474,3338.0
0.283441,3338.25
0.305224,3338.5
0.31163,3338.75
0.334694,3339.0
0.360321,3339.25
0.347508,3339.5
0.338538,3339.75
0.365446,3340.0
0.373134,3340.25
0.385948,3340.5
0.40773,3340.75
0.403886,3341.0
0.401323,3341.25
0.402605,3341.5
0.398761,3341.75
0.344945,3342.0
0.327006,3342.25
0.323162,3342.5
0.306505,3342.75
0.315474,3343.0
0.315474,3343.25
0.328288,3343.5
0.343664,3343.75
0.391073,3344.0
0.391073,3344.25
0.360321,3344.5
0.316756,3344.75
0.355196,3345.0
0.423106,3345.25
0.382104,3345.5
0.375697,3345.75
0.421825,3346.0
0.39748,3346.25
0.329569,3346.5
0.312912,3346.75
0.333413,3347.0
0.323162,3347.25
0.298817,3347.5
0.347508,3347.75
0.391073,3348.0
0.39748,3348.25
0.409011,3348.5
0.435919,3348.75
0.455139,3349.0
0.401323,3349.25
0.379541,3349.5
0.401323,3349.75
0.411574,3350.0
0.392354,3350.25
0.398761,3350.5
0.453858,3350.75
0.461546,3351.0
0.48461,3351.25
0.452577,3351.5
0.39748,3351.75
0.39748,3352.0
0.391073,3352.25
0.402605,3352.5
0.428231,3352.75
0.417981,3353.0
0.411574,3353.25
0.423106,3353.5
0.42695,3353.75
0.442326,3354.0
0.450014,3354.25
0.453858,3354.5
0.451295,3354.75
0.444889,3355.0
0.435919,3355.25
0.430794,3355.5
0.424387,3355.75
0.417981,3356.0
0.415418,3356.25
0.414137,3356.5
0.410293,3356.75
0.410293,3357.0
0.410293,3357.25
0.411574,3357.5
0.411574,3357.75
0.411574,3358.0
0.411574,3358.25
0.410293,3358.5
0.410293,3358.75
0.416699,3359.0
0.428231,3359.25
0.442326,3359.5
0.46539,3359.75
0.473078,3360.0
0.466671,3360.25
0.443607,3360.5
0.438482,3360.75
0.44617,3361.0
0.475641,3361.25
0.464109,3361.5
0.471797,3361.75
0.476922,3362.0
0.491017,3362.25
0.497423,3362.5
0.506393,3362.75
0.508955,3363.0
0.511518,3363.25
0.530738,3363.5
0.526894,3363.75
0.52305,3364.0
0.507674,3364.25
0.517925,3364.5
0.517925,3364.75
0.520487,3365.0
0.524331,3365.25
0.524331,3365.5
0.534582,3365.75
0.537145,3366.0
0.535863,3366.25
0.538426,3366.5
0.535863,3366.75
0.534582,3367.0
0.524331,3367.25
0.519206,3367.5
0.516643,3367.75
0.515362,3368.0
0.519206,3368.25
0.517925,3368.5
0.516643,3368.75
0.515362,3369.0
0.516643,3369.25
0.511518,3369.5
0.514081,3369.75
0.520487,3370.0
0.52305,3370.25
0.533301,3370.5
0.517925,3370.75
0.470515,3371.0
0.489735,3371.25
0.496142,3371.5
0.476922,3371.75
0.429513,3372.0
0.494861,3372.25
0.535863,3372.5
0.544833,3372.75
0.515362,3373.0
0.506393,3373.25
0.514081,3373.5
0.520487,3373.75
0.528175,3374.0
0.532019,3374.25
0.520487,3374.5
0.520487,3374.75
0.505111,3375.0
0.514081,3375.25
0.514081,3375.5
0.512799,3375.75
0.517925,3376.0
0.517925,3376.25
0.512799,3376.5
0.515362,3376.75
0.516643,3377.0
0.517925,3377.25
0.491017,3377.5
0.505111,3377.75
0.530738,3378.0
0.533301,3378.25
0.535863,3378.5
0.537145,3378.75
0.526894,3379.0
0.530738,3379.25
0.530738,3379.5
0.529457,3379.75
0.528175,3380.0
0.524331,3380.25
0.528175,3380.5
0.532019,3380.75
0.529457,3381.0
0.529457,3381.25
0.528175,3381.5
0.532019,3381.75
0.533301,3382.0
0.530738,3382.25
0.532019,3382.5
0.534582,3382.75
0.533301,3383.0
0.533301,3383.25
0.535863,3383.5
0.539707,3383.75
0.54227,3384.0
0.548677,3384.25
0.555083,3384.5
0.558927,3384.75
0.56149,3385.0
0.56149,3385.25
0.560209,3385.5
0.56149,3385.75
0.56149,3386.0
0.557646,3386.25
0.557646,3386.5
0.555083,3386.75
0.552521,3387.0
0.552521,3387.25
0.551239,3387.5
0.551239,3387.75
0.548677,3388.0
0.547395,3388.25
0.549958,3388.5
0.548677,3388.75
0.547395,3389.0
0.547395,3389.25
0.544833,3389.5
0.544833,3389.75
0.544833,3390.0
0.544833,3390.25
0.544833,3390.5
0.544833,3390.75
0.546114,3391.0
0.546114,3391.25
0.546114,3391.5
0.544833,3391.75
0.544833,3392.0
0.543551,3392.25
0.543551,3392.5
0.543551,3392.75
0.543551,3393.0
0.544833,3393.25
0.543551,3393.5
0.543551,3393.75
0.54227,3394.0
0.54227,3394.25
0.54227,3394.5
0.54227,3394.75
0.539707,3395.0
0.538426,3395.25
0.537145,3395.5
0.534582,3395.75
0.534582,3396.0
0.534582,3396.25
0.532019,3396.5
0.534582,3396.75
0.530738,3397.0
0.532019,3397.25
0.530738,3397.5
0.529457,3397.75
0.529457,3398.0
0.529457,3398.25
0.528175,3398.5
0.528175,3398.75
0.526894,3399.0
0.525613,3399.25
0.524331,3399.5
0.521769,3399.75
0.52305,3400.0
0.520487,3400.25
0.519206,3400.5
0.520487,3400.75
0.519206,3401.0
0.519206,3401.25
0.517925,3401.5
0.519206,3401.75
0.519206,3402.0
0.521769,3402.25
0.526894,3402.5
0.530738,3402.75
0.533301,3403.0
0.533301,3403.25
0.533301,3403.5
0.533301,3403.75
0.530738,3404.0
0.529457,3404.25
0.528175,3404.5
0.524331,3404.75
0.52305,3405.0
0.521769,3405.25
0.520487,3405.5
0.517925,3405.75
0.517925,3406.0
0.516643,3406.25
0.516643,3406.5
0.514081,3406.75
0.512799,3407.0
0.512799,3407.25
0.511518,3407.5
0.510237,3407.75
0.510237,3408.0
0.508955,3408.25
0.508955,3408.5
0.507674,3408.75
0.507674,3409.0
0.507674,3409.25
0.505111,3409.5
0.506393,3409.75
0.50383,3410.0
0.50383,3410.25
0.502549,3410.5
0.499986,3410.75
0.497423,3411.0
0.491017,3411.25
0.498705,3411.5
0.489735,3411.75
0.474359,3412.0
0.483329,3412.25
0.483329,3412.5
0.480766,3412.75
0.474359,3413.0
0.473078,3413.25
0.466671,3413.5
0.473078,3413.75
0.470515,3414.0
0.499986,3414.25
0.544833,3414.5
0.570459,3414.75
0.511518,3415.0
0.479485,3415.25
0.480766,3415.5
0.466671,3415.75
0.450014,3416.0
0.382104,3416.25
0.410293,3416.5
0.485891,3416.75
0.402605,3417.0
0.323162,3417.25
0.537145,3417.5
0.573022,3417.75
0.579428,3418.0
0.553802,3418.25
0.562771,3418.5
0.573022,3418.75
0.556365,3419.0
0.547395,3419.25
0.571741,3419.5
0.583273,3419.75
0.594804,3420.0
0.598648,3420.25
0.593523,3420.5
0.589679,3420.75
0.583273,3421.0
0.576866,3421.25
0.569178,3421.5
0.56149,3421.75
0.555083,3422.0
0.551239,3422.25
0.544833,3422.5
0.538426,3422.75
0.534582,3423.0
0.525613,3423.25
0.489735,3423.5
0.50383,3423.75
0.505111,3424.0
0.521769,3424.25
0.466671,3424.5
0.521769,3424.75
0.521769,3425.0
0.488454,3425.25
0.520487,3425.5
0.502549,3425.75
0.612743,3426.0
0.630682,3426.25
0.562771,3426.5
0.535863,3426.75
0.540989,3427.0
0.539707,3427.25
0.539707,3427.5
0.530738,3427.75
0.538426,3428.0
0.525613,3428.25
0.547395,3428.5
0.616587,3428.75
0.625556,3429.0
0.631963,3429.25
0.635807,3429.5
0.63837,3429.75
0.639651,3430.0
0.642214,3430.25
0.642214,3430.5
0.644776,3430.75
0.644776,3431.0
0.651183,3431.25
0.653746,3431.5
0.660152,3431.75
0.666559,3432.0
0.671684,3432.25
0.675528,3432.5
0.678091,3432.75
0.681935,3433.0
0.683216,3433.25
0.685779,3433.5
0.684498,3433.75
0.684498,3434.0
0.683216,3434.25
0.683216,3434.5
0.681935,3434.75
0.680654,3435.0
0.680654,3435.25
0.680654,3435.5
0.681935,3435.75
0.683216,3436.0
0.685779,3436.25
0.684498,3436.5
0.684498,3436.75
0.685779,3437.0
0.683216,3437.25
0.681935,3437.5
0.680654,3437.75
0.680654,3438.0
0.679372,3438.25
0.678091,3438.5
0.678091,3438.75
0.67681,3439.0
0.675528,3439.25
0.675528,3439.5
0.672966,3439.75
0.672966,3440.0
0.679372,3440.25
0.680654,3440.5
0.683216,3440.75
0.683216,3441.0
0.681935,3441.25
0.680654,3441.5
0.680654,3441.75
0.67681,3442.0
0.679372,3442.25
0.678091,3442.5
0.675528,3442.75
0.67681,3443.0
0.675528,3443.25
0.67681,3443.5
0.675528,3443.75
0.675528,3444.0
0.675528,3444.25
0.675528,3444.5
0.675528,3444.75
0.674247,3445.0
0.672966,3445.25
0.672966,3445.5
0.672966,3445.75
0.670403,3446.0
0.671684,3446.25
0.669122,3446.5
0.669122,3446.75
0.66784,3447.0
0.666559,3447.25
0.666559,3447.5
0.665278,3447.75
0.658871,3448.0
0.594804,3448.25
0.423106,3448.5
0.474359,3448.75
0.501267,3449.0
0.488454,3449.25
0.485891,3449.5
0.460265,3449.75
0.493579,3450.0
0.578147,3450.25
0.644776,3450.5
0.617868,3450.75
0.50383,3451.0
0.497423,3451.25
0.516643,3451.5
0.528175,3451.75
0.488454,3452.0
0.501267,3452.25
0.485891,3452.5
0.478203,3452.75
0.470515,3453.0
0.58071,3453.25
0.551239,3453.5
0.575585,3453.75
0.534582,3454.0
0.553802,3454.25
0.549958,3454.5
0.501267,3454.75
0.578147,3455.0
0.646058,3455.25
0.658871,3455.5
0.658871,3455.75
0.649902,3456.0
0.622994,3456.25
0.61915,3456.5
0.616587,3456.75
0.61018,3457.0
0.605055,3457.25
0.602492,3457.5
0.556365,3457.75
0.567897,3458.0
0.628119,3458.25
0.574303,3458.5
0.337257,3458.75
0.218093,3459.0
0.598648,3459.25
0.575585,3459.5
0.546114,3459.75
0.560209,3460.0
0.579428,3460.25
0.598648,3460.5
0.588398,3460.75
0.602492,3461.0
0.608899,3461.25
0.587116,3461.5
0.530738,3461.75
0.497423,3462.0
0.525613,3462.25
0.567897,3462.5
0.598648,3462.75
0.525613,3463.0
0.36929,3463.25
0.647339,3463.5
0.699874,3463.75
0.66784,3464.0
0.6294,3464.25
0.634526,3464.5
0.658871,3464.75
0.626838,3465.0
0.558927,3465.25
0.524331,3465.5
0.634526,3465.75
0.6294,3466.0
0.634526,3466.25
0.628119,3466.5
0.656308,3466.75
0.681935,3467.0
0.661434,3467.25
0.670403,3467.5
0.66784,3467.75
0.642214,3468.0
0.622994,3468.25
0.635807,3468.5
0.628119,3468.75
0.6294,3469.0
0.634526,3469.25
0.646058,3469.5
0.660152,3469.75
0.671684,3470.0
0.679372,3470.25
0.683216,3470.5
0.68706,3470.75
0.694748,3471.0
0.719094,3471.25
0.716531,3471.5
0.70628,3471.75
0.703718,3472.0
0.701155,3472.25
0.69603,3472.5
0.704999,3472.75
0.704999,3473.0
0.703718,3473.25
0.70628,3473.5
0.710124,3473.75
0.707562,3474.0
0.713968,3474.25
0.71525,3474.5
0.713968,3474.75
0.716531,3475.0
0.716531,3475.25
0.713968,3475.5
0.707562,3475.75
0.70628,3476.0
0.703718,3476.25
0.703718,3476.5
0.699874,3476.75
0.698592,3477.0
0.697311,3477.25
0.694748,3477.5
0.693467,3477.75
0.693467,3478.0
0.690904,3478.25
0.692186,3478.5
0.693467,3478.75
0.690904,3479.0
0.692186,3479.25
0.675528,3479.5
0.69603,3479.75
0.689623,3480.0
0.685779,3480.25
0.688342,3480.5
0.694748,3480.75
0.69603,3481.0
0.626838,3481.25
0.620431,3481.5
0.61018,3481.75
0.658871,3482.0
0.663996,3482.25
0.662715,3482.5
0.662715,3482.75
0.663996,3483.0
0.669122,3483.25
0.678091,3483.5
0.679372,3483.75
0.681935,3484.0
0.683216,3484.25
0.685779,3484.5
0.68706,3484.75
0.685779,3485.0
0.690904,3485.25
0.689623,3485.5
0.684498,3485.75
0.681935,3486.0
0.681935,3486.25
0.675528,3486.5
0.678091,3486.75
0.675528,3487.0
0.674247,3487.25
0.672966,3487.5
0.670403,3487.75
0.66784,3488.0
0.692186,3488.25
0.703718,3488.5
0.790848,3488.75
1.17781,3489.0
0.765291,3489.25
0.635876,3489.5
0.637157,3489.75
0.616656,3490.0
0.507743,3490.25
0.479554,3490.5
0.464178,3490.75
0.519206,3491.0
0.533301,3491.25
0.535863,3491.5
0.608899,3491.75
0.607618,3492.0
0.593523,3492.25
0.581991,3492.5
0.525613,3492.75
0.505111,3493.0
0.502549,3493.25
0.502549,3493.5
0.497423,3493.75
0.499986,3494.0
0.496142,3494.25
0.485891,3494.5
0.479485,3494.75
0.475641,3495.0
0.475641,3495.25
0.474359,3495.5
0.471797,3495.75
0.470515,3496.0
0.469234,3496.25
0.466671,3496.5
0.46539,3496.75
0.461546,3497.0
0.462827,3497.25
0.460265,3497.5
0.471797,3497.75
0.573022,3498.0
0.607618,3498.25
0.601211,3498.5
0.597367,3498.75
0.592242,3499.0
0.592242,3499.25
0.587116,3499.5
0.620431,3499.75
0.71525,3500.0
0.675528,3500.25
0.678091,3500.5
0.616587,3500.75
0.578147,3501.0
0.633244,3501.25
0.644776,3501.5
0.644776,3501.75
0.644776,3502.0
0.634526,3502.25
0.620431,3502.5
0.61018,3502.75
0.605055,3503.0
0.602492,3503.25
0.601211,3503.5
0.598648,3503.75
0.597367,3504.0
0.593523,3504.25
0.592242,3504.5
0.588398,3504.75
0.583273,3505.0
0.579428,3505.25
0.578147,3505.5
0.576866,3505.75
0.573022,3506.0
0.569178,3506.25
0.569178,3506.5
0.567897,3506.75
0.565334,3507.0
0.564053,3507.25
0.562771,3507.5
0.56149,3507.75
0.557646,3508.0
0.566615,3508.25
0.564053,3508.5
0.562771,3508.75
0.56149,3509.0
0.56149,3509.25
0.56149,3509.5
0.560209,3509.75
0.558927,3510.0
0.557646,3510.25
0.557646,3510.5
0.553802,3510.75
0.553802,3511.0
0.552521,3511.25
0.552521,3511.5
0.551239,3511.75
0.520487,3512.0
0.529457,3512.25
0.555083,3512.5
0.558927,3512.75
0.525613,3513.0
0.530738,3513.25
0.530738,3513.5
0.529457,3513.75
0.515362,3514.0
0.510237,3514.25
0.506393,3514.5
0.506393,3514.75
0.512799,3515.0
0.488454,3515.25
0.487173,3515.5
0.482047,3515.75
0.476922,3516.0
0.475641,3516.25
0.474359,3516.5
0.473078,3516.75
0.473078,3517.0
0.471797,3517.25
0.471797,3517.5
0.470515,3517.75
0.470515,3518.0
0.467953,3518.25
0.469234,3518.5
0.466671,3518.75
0.464109,3519.0
0.464109,3519.25
0.462827,3519.5
0.457702,3519.75
0.457702,3520.0
0.457702,3520.25
0.456421,3520.5
0.455139,3520.75
0.455139,3521.0
0.453858,3521.25
0.453858,3521.5
0.452577,3521.75
0.452577,3522.0
0.451295,3522.25
0.451295,3522.5
0.451295,3522.75
0.451295,3523.0
0.451295,3523.25
0.450014,3523.5
0.448733,3523.75
0.448733,3524.0
0.447451,3524.25
0.447451,3524.5
0.44617,3524.75
0.447451,3525.0
0.451295,3525.25
0.448733,3525.5
0.447451,3525.75
0.448733,3526.0
0.451295,3526.25
0.450014,3526.5
0.451295,3526.75
0.448733,3527.0
0.444889,3527.25
0.444889,3527.5
0.447451,3527.75
0.447451,3528.0
0.447451,3528.25
0.448733,3528.5
0.447451,3528.75
0.44617,3529.0
0.447451,3529.25
0.447451,3529.5
0.447451,3529.75
0.44617,3530.0
0.44617,3530.25
0.44617,3530.5
0.443607,3530.75
0.443607,3531.0
0.442326,3531.25
0.442326,3531.5
0.442326,3531.75
0.437201,3532.0
0.435919,3532.25
0.439763,3532.5
0.432075,3532.75
0.417981,3533.0
0.412855,3533.25
0.410293,3533.5
0.40773,3533.75
0.406449,3534.0
0.416699,3534.25
0.40773,3534.5
0.406449,3534.75
0.401323,3535.0
0.401323,3535.25
0.406449,3535.5
0.410293,3535.75
0.410293,3536.0
0.405167,3536.25
0.410293,3536.5
0.406449,3536.75
0.412855,3537.0
0.425669,3537.25
0.421825,3537.5
0.416699,3537.75
0.416699,3538.0
0.423106,3538.25
0.425669,3538.5
0.410293,3538.75
0.412855,3539.0
0.414137,3539.25
0.410293,3539.5
0.416699,3539.75
0.417981,3540.0
0.417981,3540.25
0.414137,3540.5
0.409011,3540.75
0.410293,3541.0
0.410293,3541.25
0.409011,3541.5
0.419262,3541.75
0.420543,3542.0
0.420543,3542.25
0.419262,3542.5
0.423106,3542.75
0.420543,3543.0
0.419262,3543.25
0.420543,3543.5
0.419262,3543.75
0.417981,3544.0
0.423106,3544.25
0.42695,3544.5
0.423106,3544.75
0.425669,3545.0
0.416699,3545.25
0.416699,3545.5
0.411574,3545.75
0.403886,3546.0
0.398761,3546.25
0.398761,3546.5
0.409011,3546.75
0.410293,3547.0
0.409011,3547.25
0.411574,3547.5
0.414137,3547.75
0.412855,3548.0
0.411574,3548.25
0.411574,3548.5
0.410293,3548.75
0.410293,3549.0
0.406449,3549.25
0.403886,3549.5
0.405167,3549.75
0.406449,3550.0
0.40773,3550.25
0.40773,3550.5
0.405167,3550.75
0.406449,3551.0
0.40773,3551.25
0.406449,3551.5
0.410293,3551.75
0.409011,3552.0
0.40773,3552.25
0.410293,3552.5
0.410293,3552.75
0.411574,3553.0
0.410293,3553.25
0.409011,3553.5
0.409011,3553.75
0.409011,3554.0
0.40773,3554.25
0.410293,3554.5
0.409011,3554.75
0.406449,3555.0
0.405167,3555.25
0.403886,3555.5
0.400042,3555.75
0.409011,3556.0
0.409011,3556.25
0.409011,3556.5
0.416699,3556.75
0.423106,3557.0
0.429513,3557.25
0.435919,3557.5
0.438482,3557.75
0.433357,3558.0
0.451295,3558.25
0.451295,3558.5
0.447451,3558.75
0.442326,3559.0
0.444889,3559.25
0.444889,3559.5
0.469234,3559.75
0.474359,3560.0
0.475641,3560.25
0.475641,3560.5
0.479485,3560.75
0.48461,3561.0
0.480766,3561.25
0.473078,3561.5
0.471797,3561.75
0.470515,3562.0
0.467953,3562.25
0.464109,3562.5
0.466671,3562.75
0.466671,3563.0
0.464109,3563.25
0.462827,3563.5
0.462827,3563.75
0.461546,3564.0
0.461546,3564.25
0.461546,3564.5
0.460265,3564.75
0.461546,3565.0
0.458983,3565.25
0.456421,3565.5
0.456421,3565.75
0.453858,3566.0
0.451295,3566.25
0.448733,3566.5
0.443607,3566.75
0.44617,3567.0
0.44617,3567.25
0.44617,3567.5
0.444889,3567.75
0.442326,3568.0
0.444889,3568.25
0.44617,3568.5
0.443607,3568.75
0.443607,3569.0
0.444889,3569.25
0.442326,3569.5
0.444889,3569.75
0.444889,3570.0
0.44617,3570.25
0.44617,3570.5
0.442326,3570.75
0.443607,3571.0
0.442326,3571.25
0.441045,3571.5
0.439763,3571.75
0.439763,3572.0
0.437201,3572.25
0.437201,3572.5
0.437201,3572.75
0.434638,3573.0
0.433357,3573.25
0.432075,3573.5
0.429513,3573.75
0.42695,3574.0
0.42695,3574.25
0.425669,3574.5
0.425669,3574.75
0.424387,3575.0
0.423106,3575.25
0.421825,3575.5
0.423106,3575.75
0.421825,3576.0
0.420543,3576.25
0.420543,3576.5
0.419262,3576.75
0.419262,3577.0
0.419262,3577.25
0.423106,3577.5
0.423106,3577.75
0.423106,3578.0
0.423106,3578.25
0.423106,3578.5
0.423106,3578.75
0.416699,3579.0
0.419262,3579.25
0.423106,3579.5
0.423106,3579.75
0.421825,3580.0
0.421825,3580.25
0.419262,3580.5
0.420543,3580.75
0.419262,3581.0
0.415418,3581.25
0.416699,3581.5
0.414137,3581.75
0.414137,3582.0
0.412855,3582.25
0.409011,3582.5
0.409011,3582.75
0.409011,3583.0
0.406449,3583.25
0.406449,3583.5
0.405167,3583.75
0.405167,3584.0
0.402605,3584.25
0.401323,3584.5
0.402605,3584.75
0.400042,3585.0
0.400042,3585.25
0.400042,3585.5
0.398761,3585.75
0.39748,3586.0
0.396198,3586.25
0.394917,3586.5
0.393636,3586.75
0.394917,3587.0
0.392354,3587.25
0.392354,3587.5
0.391073,3587.75
0.389792,3588.0
0.389792,3588.25
0.38851,3588.5
0.387229,3588.75
0.38851,3589.0
0.38851,3589.25
0.384666,3589.5
0.387229,3589.75
0.383385,3590.0
0.383385,3590.25
0.383385,3590.5
0.385948,3590.75
0.385948,3591.0
0.385948,3591.25
0.387229,3591.5
0.385948,3591.75
0.384666,3592.0
0.384666,3592.25
0.384666,3592.5
0.383385,3592.75
0.383385,3593.0
0.383385,3593.25
0.382104,3593.5
0.382104,3593.75
0.382104,3594.0
0.379541,3594.25
0.37826,3594.5
0.375697,3594.75
0.373134,3595.0
0.375697,3595.25
0.374416,3595.5
0.375697,3595.75
0.374416,3596.0
0.373134,3596.25
0.370572,3596.5
0.368009,3596.75
0.365446,3597.0
0.365446,3597.25
0.365446,3597.5
0.366728,3597.75
0.366728,3598.0
0.366728,3598.25
0.368009,3598.5
0.368009,3598.75
0.368009,3599.0
0.366728,3599.25
0.366728,3599.5
0.366728,3599.75
0.364165,3600.0
0.362884,3600.25
0.362884,3600.5
0.361602,3600.75
0.360321,3601.0
0.362884,3601.25
0.360321,3601.5
0.360321,3601.75
0.35904,3602.0
0.361602,3602.25
0.35904,3602.5
0.35904,3602.75
0.357758,3603.0
0.356477,3603.25
0.356477,3603.5
0.351352,3603.75
0.351352,3604.0
0.352633,3604.25
0.343664,3604.5
0.342382,3604.75
0.347508,3605.0
0.356477,3605.25
0.356477,3605.5
0.352633,3605.75
0.352633,3606.0
0.352633,3606.25
0.352633,3606.5
0.36929,3606.75
0.380822,3607.0
0.385948,3607.25
0.396198,3607.5
0.402605,3607.75
0.402605,3608.0
0.405167,3608.25
0.412855,3608.5
0.415418,3608.75
0.417981,3609.0
0.417981,3609.25
0.421825,3609.5
0.420543,3609.75
0.420543,3610.0
0.423106,3610.25
0.423106,3610.5
0.423106,3610.75
0.425669,3611.0
0.424387,3611.25
0.424387,3611.5
0.424387,3611.75
0.423106,3612.0
0.421825,3612.25
0.419262,3612.5
0.423106,3612.75
0.424387,3613.0
0.428231,3613.25
0.428231,3613.5
0.42695,3613.75
0.428231,3614.0
0.428231,3614.25
0.432075,3614.5
0.432075,3614.75
0.435919,3615.0
0.437201,3615.25
0.437201,3615.5
0.437201,3615.75
0.437201,3616.0
0.437201,3616.25
0.437201,3616.5
0.435919,3616.75
0.434638,3617.0
0.434638,3617.25
0.432075,3617.5
0.432075,3617.75
0.39748,3618.0
0.38851,3618.25
0.391073,3618.5
0.389792,3618.75
0.392354,3619.0
0.392354,3619.25
0.392354,3619.5
0.391073,3619.75
0.391073,3620.0
0.389792,3620.25
0.389792,3620.5
0.389792,3620.75
0.389792,3621.0
0.38851,3621.25
0.38851,3621.5
0.38851,3621.75
0.38851,3622.0
0.38851,3622.25
0.385948,3622.5
0.387229,3622.75
0.385948,3623.0
0.387229,3623.25
0.387229,3623.5
0.384666,3623.75
0.383385,3624.0
0.384666,3624.25
0.383385,3624.5
0.380822,3624.75
0.382104,3625.0
0.382104,3625.25
0.383385,3625.5
0.380822,3625.75
0.380822,3626.0
0.380822,3626.25
0.379541,3626.5
0.379541,3626.75
0.379541,3627.0
0.374416,3627.25
0.35007,3627.5
0.357758,3627.75
0.385948,3628.0
0.379541,3628.25
0.36929,3628.5
0.365446,3628.75
0.362884,3629.0
0.356477,3629.25
0.356477,3629.5
0.376978,3629.75
0.375697,3630.0
0.375697,3630.25
0.361602,3630.5
0.382104,3630.75
0.379541,3631.0
0.387229,3631.25
0.373134,3631.5
0.355196,3631.75
0.352633,3632.0
0.362884,3632.25
0.528175,3632.5
0.507674,3632.75
0.466671,3633.0
0.435919,3633.25
0.414137,3633.5
0.39748,3633.75
0.385948,3634.0
0.380822,3634.25
0.375697,3634.5
0.370572,3634.75
0.365446,3635.0
0.362884,3635.25
0.35904,3635.5
0.357758,3635.75
0.355196,3636.0
0.351352,3636.25
0.35007,3636.5
0.347508,3636.75
0.346226,3637.0
0.343664,3637.25
0.343664,3637.5
0.341101,3637.75
0.342382,3638.0
0.341101,3638.25
0.338538,3638.5
0.338538,3638.75
0.337257,3639.0
0.335976,3639.25
0.334694,3639.5
0.333413,3639.75
0.332132,3640.0
0.33085,3640.25
0.329569,3640.5
0.329569,3640.75
0.328288,3641.0
0.325725,3641.25
0.323162,3641.5
0.325725,3641.75
0.325725,3642.0
0.323162,3642.25
0.321881,3642.5
0.319318,3642.75
0.319318,3643.0
0.318037,3643.25
0.315474,3643.5
0.312912,3643.75
0.314193,3644.0
0.312912,3644.25
0.31163,3644.5
0.31163,3644.75
0.310349,3645.0
0.307786,3645.25
0.309068,3645.5
0.306505,3645.75
0.307786,3646.0
0.306505,3646.25
0.305224,3646.5
0.305224,3646.75
0.305224,3647.0
0.303942,3647.25
0.303942,3647.5
0.302661,3647.75
0.302661,3648.0
0.302661,3648.25
0.302661,3648.5
0.30138,3648.75
0.300098,3649.0
0.300098,3649.25
0.297536,3649.5
0.297536,3649.75
0.300098,3650.0
0.297536,3650.25
0.296254,3650.5
0.297536,3650.75
0.296254,3651.0
0.293692,3651.25
0.293692,3651.5
0.296254,3651.75
0.294973,3652.0
0.296254,3652.25
0.293692,3652.5
0.293692,3652.75
0.294973,3653.0
0.291129,3653.25
0.29241,3653.5
0.29241,3653.75
0.289848,3654.0
0.288566,3654.25
0.289848,3654.5
0.289848,3654.75
0.289848,3655.0
0.289848,3655.25
0.287285,3655.5
0.29241,3655.75
0.284722,3656.0
0.288566,3656.25
0.284722,3656.5
0.28216,3656.75
0.280878,3657.0
0.278316,3657.25
0.279597,3657.5
0.278316,3657.75
0.278316,3658.0
0.279597,3658.25
0.28216,3658.5
0.275753,3658.75
0.275753,3659.0
0.274472,3659.25
0.274472,3659.5
0.277034,3659.75
0.277034,3660.0
0.277034,3660.25
0.279597,3660.5
0.278316,3660.75
0.277034,3661.0
0.274472,3661.25
0.274472,3661.5
0.275753,3661.75
0.275753,3662.0
0.275753,3662.25
0.277034,3662.5
0.278316,3662.75
0.277034,3663.0
0.278316,3663.25
0.287285,3663.5
0.29241,3663.75
0.294973,3664.0
0.29241,3664.25
0.293692,3664.5
0.29241,3664.75
0.294973,3665.0
0.294973,3665.25
0.297536,3665.5
0.298817,3665.75
0.298817,3666.0
0.30138,3666.25
0.30138,3666.5
0.302661,3666.75
0.30138,3667.0
0.302661,3667.25
0.30138,3667.5
0.30138,3667.75
0.302661,3668.0
0.302661,3668.25
0.30138,3668.5
0.30138,3668.75
0.30138,3669.0
0.302661,3669.25
0.303942,3669.5
0.30138,3669.75
0.303942,3670.0
0.303942,3670.25
0.302661,3670.5
0.302661,3670.75
0.303942,3671.0
0.302661,3671.25
0.302661,3671.5
0.30138,3671.75
0.298817,3672.0
0.300098,3672.25
0.298817,3672.5
0.296254,3672.75
0.298817,3673.0
0.297536,3673.25
0.294973,3673.5
0.297536,3673.75
0.297536,3674.0
0.297536,3674.25
0.298817,3674.5
0.300098,3674.75
0.300098,3675.0
0.300098,3675.25
0.303942,3675.5
0.30138,3675.75
0.30138,3676.0
0.30138,3676.25
0.30138,3676.5
0.30138,3676.75
0.297536,3677.0
0.297536,3677.25
0.296254,3677.5
0.294973,3677.75
0.294973,3678.0
0.293692,3678.25
0.29241,3678.5
0.293692,3678.75
0.293692,3679.0
0.294973,3679.25
0.294973,3679.5
0.294973,3679.75
0.294973,3680.0
0.293692,3680.25
0.296254,3680.5
0.293692,3680.75
0.293692,3681.0
0.291129,3681.25
0.291129,3681.5
0.29241,3681.75
0.293692,3682.0
0.293692,3682.25
0.293692,3682.5
0.294973,3682.75
0.293692,3683.0
0.294973,3683.25
0.294973,3683.5
0.294973,3683.75
0.293692,3684.0
0.29241,3684.25
0.29241,3684.5
0.291129,3684.75
0.291129,3685.0
0.293692,3685.25
0.29241,3685.5
0.293692,3685.75
0.293692,3686.0
0.293692,3686.25
0.293692,3686.5
0.29241,3686.75
0.29241,3687.0
0.29241,3687.25
0.291129,3687.5
0.29241,3687.75
0.293692,3688.0
0.29241,3688.25
0.293692,3688.5
0.293692,3688.75
0.29241,3689.0
0.29241,3689.25
0.291129,3689.5
0.291129,3689.75
0.289848,3690.0
0.289848,3690.25
0.288566,3690.5
0.289848,3690.75
0.291129,3691.0
0.291129,3691.25
0.289848,3691.5
0.288566,3691.75
0.288566,3692.0
0.288566,3692.25
0.287285,3692.5
0.287285,3692.75
0.288566,3693.0
0.288566,3693.25
0.288566,3693.5
0.287285,3693.75
0.286004,3694.0
0.288566,3694.25
0.288566,3694.5
0.287285,3694.75
0.287285,3695.0
0.287285,3695.25
0.286004,3695.5
0.286004,3695.75
0.284722,3696.0
0.284722,3696.25
0.286004,3696.5
0.284722,3696.75
0.287285,3697.0
0.286004,3697.25
0.284722,3697.5
0.284722,3697.75
0.284722,3698.0
0.284722,3698.25
0.284722,3698.5
0.283441,3698.75
0.28216,3699.0
0.283441,3699.25
0.284722,3699.5
0.284722,3699.75
0.286004,3700.0
0.289848,3700.25
0.289848,3700.5
0.29241,3700.75
0.294973,3701.0
0.327006,3701.25
0.319318,3701.5
0.319318,3701.75
0.312912,3702.0
0.310349,3702.25
0.31163,3702.5
0.309068,3702.75
0.307786,3703.0
0.307786,3703.25
0.305224,3703.5
0.300098,3703.75
0.298817,3704.0
0.297536,3704.25
0.296254,3704.5
0.296254,3704.75
0.294973,3705.0
0.294973,3705.25
0.294973,3705.5
0.293692,3705.75
0.297536,3706.0
0.319318,3706.25
0.319318,3706.5
0.321881,3706.75
0.323162,3707.0
0.323162,3707.25
0.323162,3707.5
0.324444,3707.75
0.324444,3708.0
0.323162,3708.25
0.323162,3708.5
0.321881,3708.75
0.3206,3709.0
0.323162,3709.25
0.323162,3709.5
0.321881,3709.75
0.323162,3710.0
0.321881,3710.25
0.3206,3710.5
0.323162,3710.75
0.315474,3711.0
0.297536,3711.25
0.296254,3711.5
0.287285,3711.75
0.288566,3712.0
0.287285,3712.25
0.286004,3712.5
0.286004,3712.75
0.287285,3713.0
0.286004,3713.25
0.287285,3713.5
0.287285,3713.75
0.286004,3714.0
0.286004,3714.25
0.287285,3714.5
0.286004,3714.75
0.284722,3715.0
0.284722,3715.25
0.284722,3715.5
0.284722,3715.75
0.284722,3716.0
0.286004,3716.25
0.28216,3716.5
0.284722,3716.75
0.283441,3717.0
0.28216,3717.25
0.28216,3717.5
0.283441,3717.75
0.28216,3718.0
0.280878,3718.25
0.279597,3718.5
0.280878,3718.75
0.283441,3719.0
0.280878,3719.25
0.280878,3719.5
0.280878,3719.75
0.279597,3720.0
0.279597,3720.25
0.280878,3720.5
0.278316,3720.75
0.279597,3721.0
0.279597,3721.25
0.278316,3721.5
0.279597,3721.75
0.279597,3722.0
0.278316,3722.25
0.277034,3722.5
0.275753,3722.75
0.277034,3723.0
0.277034,3723.25
0.275753,3723.5
0.277034,3723.75
0.274472,3724.0
0.277034,3724.25
0.275753,3724.5
0.274472,3724.75
0.277034,3725.0
0.274472,3725.25
0.274472,3725.5
0.27319,3725.75
0.274472,3726.0
0.274472,3726.25
0.274472,3726.5
0.27319,3726.75
0.271909,3727.0
0.275753,3727.25
0.27319,3727.5
0.275753,3727.75
0.271909,3728.0
0.270628,3728.25
0.270628,3728.5
0.270628,3728.75
0.270628,3729.0
0.269346,3729.25
0.269346,3729.5
0.270628,3729.75
0.271909,3730.0
0.269346,3730.25
0.270628,3730.5
0.270628,3730.75
0.268065,3731.0
0.266784,3731.25
0.269346,3731.5
0.269346,3731.75
0.266784,3732.0
0.268065,3732.25
0.268065,3732.5
0.268065,3732.75
0.268065,3733.0
0.269346,3733.25
0.268065,3733.5
0.265502,3733.75
0.269346,3734.0
0.266784,3734.25
0.266784,3734.5
0.265502,3734.75
0.265502,3735.0
0.265502,3735.25
0.268065,3735.5
0.264221,3735.75
0.265502,3736.0
0.265502,3736.25
0.265502,3736.5
0.264221,3736.75
0.264221,3737.0
0.264221,3737.25
0.26294,3737.5
0.264221,3737.75
0.26294,3738.0
0.264221,3738.25
0.264221,3738.5
0.26294,3738.75
0.26294,3739.0
0.264221,3739.25
0.261658,3739.5
0.261658,3739.75
0.261658,3740.0
0.260377,3740.25
0.259096,3740.5
0.260377,3740.75
0.261658,3741.0
0.259096,3741.25
0.260377,3741.5
0.260377,3741.75
0.259096,3742.0
0.259096,3742.25
0.260377,3742.5
0.257814,3742.75
0.257814,3743.0
0.257814,3743.25
0.257814,3743.5
0.259096,3743.75
0.255252,3744.0
0.259096,3744.25
0.257814,3744.5
0.257814,3744.75
0.255252,3745.0
0.256533,3745.25
0.256533,3745.5
0.255252,3745.75
0.255252,3746.0
0.255252,3746.25
0.255252,3746.5
0.25397,3746.75
0.255252,3747.0
0.25397,3747.25
0.25397,3747.5
0.255252,3747.75
0.255252,3748.0
0.255252,3748.25
0.25397,3748.5
0.252689,3748.75
0.255252,3749.0
0.255252,3749.25
0.25397,3749.5
0.255252,3749.75
0.25397,3750.0
0.252689,3750.25
0.25397,3750.5
0.251408,3750.75
0.250126,3751.0
0.251408,3751.25
0.250126,3751.5
0.250126,3751.75
0.250126,3752.0
0.248845,3752.25
0.252689,3752.5
0.250126,3752.75
0.250126,3753.0
0.248845,3753.25
0.248845,3753.5
0.248845,3753.75
0.248845,3754.0
0.250126,3754.25
0.247564,3754.5
0.250126,3754.75
0.248845,3755.0
0.248845,3755.25
0.248845,3755.5
0.248845,3755.75
0.248845,3756.0
0.247564,3756.25
0.248845,3756.5
0.247564,3756.75
0.246282,3757.0
0.245001,3757.25
0.247564,3757.5
0.246282,3757.75
0.246282,3758.0
0.245001,3758.25
0.246282,3758.5
0.24372,3758.75
0.245001,3759.0
0.24372,3759.25
0.24372,3759.5
0.246282,3759.75
0.245001,3760.0
0.246282,3760.25
0.245001,3760.5
0.245001,3760.75
0.24372,3761.0
0.245001,3761.25
0.242438,3761.5
0.242438,3761.75
0.24372,3762.0
0.242438,3762.25
0.24372,3762.5
0.241157,3762.75
0.24372,3763.0
0.241157,3763.25
0.239876,3763.5
0.241157,3763.75
0.239876,3764.0
0.241157,3764.25
0.241157,3764.5
0.241157,3764.75
0.241157,3765.0
0.239876,3765.25
0.241157,3765.5
0.241157,3765.75
0.241157,3766.0
0.241157,3766.25
0.239876,3766.5
0.239876,3766.75
0.239876,3767.0
0.239876,3767.25
0.239876,3767.5
0.238594,3767.75
0.239876,3768.0
0.238594,3768.25
0.238594,3768.5
0.237313,3768.75
0.237313,3769.0
0.237313,3769.25
0.237313,3769.5
0.237313,3769.75
0.238594,3770.0
0.238594,3770.25
0.238594,3770.5
0.23475,3770.75
0.236032,3771.0
0.238594,3771.25
0.237313,3771.5
0.236032,3771.75
0.23475,3772.0
0.23475,3772.25
0.23475,3772.5
0.23475,3772.75
0.23475,3773.0
0.23475,3773.25
0.236032,3773.5
0.23475,3773.75
0.2245,3774.0
0.223218,3774.25
0.227062,3774.5
0.230906,3774.75
0.229625,3775.0
0.230906,3775.25
0.229625,3775.5
0.229625,3775.75
0.229625,3776.0
0.229625,3776.25
0.229625,3776.5
0.233469,3776.75
0.229625,3777.0
0.230906,3777.25
0.230906,3777.5
0.229625,3777.75
0.229625,3778.0
0.229625,3778.25
0.229625,3778.5
0.228344,3778.75
0.229625,3779.0
0.228344,3779.25
0.229625,3779.5
0.229625,3779.75
0.229625,3780.0
0.230906,3780.25
0.228344,3780.5
0.228344,3780.75
0.229625,3781.0
0.229625,3781.25
0.228344,3781.5
0.228344,3781.75
0.229625,3782.0
0.229625,3782.25
0.228344,3782.5
0.230906,3782.75
0.227062,3783.0
0.228344,3783.25
0.228344,3783.5
0.228344,3783.75
0.228344,3784.0
0.225781,3784.25
0.227062,3784.5
0.225781,3784.75
0.225781,3785.0
0.2245,3785.25
0.225781,3785.5
0.225781,3785.75
0.225781,3786.0
0.225781,3786.25
0.225781,3786.5
0.2245,3786.75
0.225781,3787.0
0.227062,3787.25
0.2245,3787.5
0.227062,3787.75
0.225781,3788.0
0.225781,3788.25
0.2245,3788.5
0.2245,3788.75
0.2245,3789.0
0.2245,3789.25
0.223218,3789.5
0.223218,3789.75
0.223218,3790.0
0.223218,3790.25
0.223218,3790.5
0.221937,3790.75
0.223218,3791.0
0.223218,3791.25
0.223218,3791.5
0.221937,3791.75
0.223218,3792.0
0.220656,3792.25
0.223218,3792.5
0.220656,3792.75
0.219374,3793.0
0.2245,3793.25
0.220656,3793.5
0.220656,3793.75
0.221937,3794.0
0.220656,3794.25
0.221937,3794.5
0.221937,3794.75
0.219374,3795.0
0.221937,3795.25
0.221937,3795.5
0.220656,3795.75
0.221937,3796.0
0.221937,3796.25
0.220656,3796.5
0.221937,3796.75
0.219374,3797.0
0.220656,3797.25
0.220656,3797.5
0.219374,3797.75
0.220656,3798.0
0.220656,3798.25
0.220656,3798.5
0.221937,3798.75
0.219374,3799.0
0.220656,3799.25
0.219374,3799.5
0.219374,3799.75
0.219374,3800.0
0.219374,3800.25
0.219374,3800.5
0.219374,3800.75
0.219374,3801.0
0.219374,3801.25
0.218093,3801.5
0.219374,3801.75
0.218093,3802.0
0.219374,3802.25
0.218093,3802.5
0.218093,3802.75
0.216812,3803.0
0.218093,3803.25
0.218093,3803.5
0.218093,3803.75
0.216812,3804.0
0.218093,3804.25
0.216812,3804.5
0.218093,3804.75
0.216812,3805.0
0.218093,3805.25
0.216812,3805.5
0.21553,3805.75
0.21553,3806.0
0.21553,3806.25
0.21553,3806.5
0.214249,3806.75
0.216812,3807.0
0.214249,3807.25
0.214249,3807.5
0.214249,3807.75
0.212968,3808.0
0.212968,3808.25
0.212968,3808.5
0.212968,3808.75
0.211686,3809.0
0.212968,3809.25
0.212968,3809.5
0.212968,3809.75
0.212968,3810.0
0.211686,3810.25
0.214249,3810.5
0.214249,3810.75
0.214249,3811.0
0.211686,3811.25
0.212968,3811.5
0.212968,3811.75
0.211686,3812.0
0.211686,3812.25
0.214249,3812.5
0.212968,3812.75
0.212968,3813.0
0.212968,3813.25
0.211686,3813.5
0.211686,3813.75
0.210405,3814.0
0.211686,3814.25
0.211686,3814.5
0.211686,3814.75
0.210405,3815.0
0.211686,3815.25
0.210405,3815.5
0.210405,3815.75
0.210405,3816.0
0.209124,3816.25
0.210405,3816.5
0.209124,3816.75
0.209124,3817.0
0.207842,3817.25
0.207842,3817.5
0.207842,3817.75
0.209124,3818.0
0.209124,3818.25
0.209124,3818.5
0.207842,3818.75
0.209124,3819.0
0.209124,3819.25
0.210405,3819.5
0.210405,3819.75
0.207842,3820.0
0.206561,3820.25
0.207842,3820.5
0.209124,3820.75
0.207842,3821.0
0.207842,3821.25
0.207842,3821.5
0.206561,3821.75
0.207842,3822.0
0.206561,3822.25
0.20528,3822.5
0.206561,3822.75
0.206561,3823.0
0.206561,3823.25
0.20528,3823.5
0.20528,3823.75
0.20528,3824.0
0.206561,3824.25
0.20528,3824.5
0.20528,3824.75
0.20528,3825.0
0.203999,3825.25
0.203999,3825.5
0.202717,3825.75
0.203999,3826.0
0.202717,3826.25
0.202717,3826.5
0.20528,3826.75
0.203999,3827.0
0.203999,3827.25
0.202717,3827.5
0.202717,3827.75
0.203999,3828.0
0.203999,3828.25
0.203999,3828.5
0.202717,3828.75
0.203999,3829.0
0.202717,3829.25
0.201436,3829.5
0.202717,3829.75
0.201436,3830.0
0.200155,3830.25
0.201436,3830.5
0.200155,3830.75
0.200155,3831.0
0.198873,3831.25
0.198873,3831.5
0.200155,3831.75
0.198873,3832.0
0.201436,3832.25
0.198873,3832.5
0.198873,3832.75
0.198873,3833.0
0.198873,3833.25
0.198873,3833.5
0.198873,3833.75
0.198873,3834.0
0.198873,3834.25
0.198873,3834.5
0.197592,3834.75
0.196311,3835.0
0.197592,3835.25
0.198873,3835.5
0.197592,3835.75
0.198873,3836.0
0.197592,3836.25
0.197592,3836.5
0.196311,3836.75
0.196311,3837.0
0.195029,3837.25
0.201436,3837.5
0.221937,3837.75
0.228344,3838.0
0.218093,3838.25
0.197592,3838.5
0.189904,3838.75
0.187341,3839.0
0.195029,3839.25
0.192467,3839.5
0.189904,3839.75
0.196311,3840.0
0.201436,3840.25
0.210405,3840.5
0.209124,3840.75
0.210405,3841.0
0.198873,3841.25
0.198873,3841.5
0.202717,3841.75
0.211686,3842.0
0.218093,3842.25
0.212968,3842.5
0.210405,3842.75
0.214249,3843.0
0.214249,3843.25
0.212968,3843.5
0.214249,3843.75
0.21553,3844.0
0.23475,3844.25
0.319318,3844.5
0.270628,3844.75
0.245001,3845.0
0.23475,3845.25
0.225781,3845.5
0.220656,3845.75
0.221937,3846.0
0.221937,3846.25
0.2245,3846.5
0.220656,3846.75
0.221937,3847.0
0.219374,3847.25
0.209124,3847.5
0.20528,3847.75
0.211686,3848.0
0.216812,3848.25
0.197592,3848.5
0.195029,3848.75
0.207842,3849.0
0.195029,3849.25
0.198873,3849.5
0.20528,3849.75
0.206561,3850.0
0.197592,3850.25
0.189904,3850.5
0.20528,3850.75
0.223218,3851.0
0.221937,3851.25
0.223218,3851.5
0.225781,3851.75
0.216812,3852.0
0.207842,3852.25
0.209124,3852.5
0.21553,3852.75
0.216812,3853.0
0.219374,3853.25
0.227062,3853.5
0.2245,3853.75
0.225781,3854.0
0.227062,3854.25
0.225781,3854.5
0.2245,3854.75
0.218093,3855.0
0.218093,3855.25
0.21553,3855.5
0.214249,3855.75
0.214249,3856.0
0.21553,3856.25
0.21553,3856.5
0.216812,3856.75
0.220656,3857.0
0.220656,3857.25
0.223218,3857.5
0.223218,3857.75
0.227062,3858.0
0.2245,3858.25
0.225781,3858.5
0.212968,3858.75
0.210405,3859.0
0.214249,3859.25
0.214249,3859.5
0.216812,3859.75
0.218093,3860.0
0.214249,3860.25
0.214249,3860.5
0.214249,3860.75
0.214249,3861.0
0.219374,3861.25
0.223218,3861.5
0.220656,3861.75
0.223218,3862.0
0.221937,3862.25
0.221937,3862.5
0.221937,3862.75
0.219374,3863.0
0.219374,3863.25
0.221937,3863.5
0.221937,3863.75
0.220656,3864.0
0.228344,3864.25
0.237313,3864.5
0.219374,3864.75
0.196311,3865.0
0.202717,3865.25
0.212968,3865.5
0.2245,3865.75
0.220656,3866.0
0.20528,3866.25
0.210405,3866.5
0.211686,3866.75
0.193748,3867.0
0.195029,3867.25
0.203999,3867.5
0.196311,3867.75
0.197592,3868.0
0.20528,3868.25
0.206561,3868.5
0.20528,3868.75
0.202717,3869.0
0.202717,3869.25
0.201436,3869.5
0.203999,3869.75
0.198873,3870.0
0.201436,3870.25
0.202717,3870.5
0.212968,3870.75
0.220656,3871.0
0.221937,3871.25
0.2245,3871.5
0.227062,3871.75
0.227062,3872.0
0.227062,3872.25
0.2245,3872.5
0.221937,3872.75
0.2245,3873.0
0.225781,3873.25
0.228344,3873.5
0.229625,3873.75
0.228344,3874.0
0.229625,3874.25
0.230906,3874.5
0.229625,3874.75
0.230906,3875.0
0.229625,3875.25
0.230906,3875.5
0.232188,3875.75
0.230906,3876.0
0.232188,3876.25
0.229625,3876.5
0.229625,3876.75
0.228344,3877.0
0.229625,3877.25
0.229625,3877.5
0.228344,3877.75
0.230906,3878.0
0.228344,3878.25
0.229625,3878.5
0.228344,3878.75
0.227062,3879.0
0.228344,3879.25
0.228344,3879.5
0.2245,3879.75
0.223218,3880.0
0.223218,3880.25
0.221937,3880.5
0.229625,3880.75
0.229625,3881.0
0.233469,3881.25
0.238594,3881.5
0.246282,3881.75
0.25397,3882.0
0.264221,3882.25
0.264221,3882.5
0.260377,3882.75
0.247564,3883.0
0.223218,3883.25
0.218093,3883.5
0.2245,3883.75
0.225781,3884.0
0.221937,3884.25
0.225781,3884.5
0.2245,3884.75
0.216812,3885.0
0.214249,3885.25
0.21553,3885.5
0.21553,3885.75
0.216812,3886.0
0.21553,3886.25
0.21553,3886.5
0.216812,3886.75
0.21553,3887.0
0.216812,3887.25
0.21553,3887.5
0.214249,3887.75
0.209124,3888.0
0.216812,3888.25
0.221937,3888.5
0.225781,3888.75
0.221937,3889.0
0.212968,3889.25
0.207842,3889.5
0.207842,3889.75
0.210405,3890.0
0.210405,3890.25
0.206561,3890.5
0.206561,3890.75
0.207842,3891.0
0.203999,3891.25
0.209124,3891.5
0.207842,3891.75
0.206561,3892.0
0.210405,3892.25
0.206561,3892.5
0.209124,3892.75
0.210405,3893.0
0.211686,3893.25
0.210405,3893.5
0.211686,3893.75
0.212968,3894.0
0.214249,3894.25
0.214249,3894.5
0.212968,3894.75
0.214249,3895.0
0.212968,3895.25
0.211686,3895.5
0.211686,3895.75
0.212968,3896.0
0.210405,3896.25
0.211686,3896.5
0.211686,3896.75
0.209124,3897.0
0.210405,3897.25
0.212968,3897.5
0.212968,3897.75
0.212968,3898.0
0.203999,3898.25
0.20528,3898.5
0.192467,3898.75
0.195029,3899.0
0.206561,3899.25
0.209124,3899.5
0.206561,3899.75
0.209124,3900.0
0.212968,3900.25
0.202717,3900.5
0.20528,3900.75
0.198873,3901.0
0.20528,3901.25
0.200155,3901.5
0.198873,3901.75
0.207842,3902.0
0.210405,3902.25
0.200155,3902.5
0.20528,3902.75
0.211686,3903.0
0.192467,3903.25
0.203999,3903.5
0.203999,3903.75
0.20528,3904.0
0.20528,3904.25
0.20528,3904.5
0.20528,3904.75
0.206561,3905.0
0.201436,3905.25
0.200155,3905.5
0.197592,3905.75
0.191185,3906.0
0.188623,3906.25
0.189904,3906.5
0.193748,3906.75
0.192467,3907.0
0.202717,3907.25
0.209124,3907.5
0.206561,3907.75
0.203999,3908.0
0.20528,3908.25
0.209124,3908.5
0.221937,3908.75
0.206561,3909.0
0.197592,3909.25
0.191185,3909.5
0.177091,3909.75
0.168121,3910.0
0.171965,3910.25
0.162996,3910.5
0.173247,3910.75
0.161715,3911.0
0.170684,3911.25
0.189904,3911.5
0.189904,3911.75
0.192467,3912.0
0.189904,3912.25
0.183497,3912.5
0.18606,3912.75
0.184779,3913.0
0.180935,3913.25
0.179653,3913.5
0.188623,3913.75
0.196311,3914.0
0.195029,3914.25
0.197592,3914.5
0.198873,3914.75
0.196311,3915.0
0.195029,3915.25
0.195029,3915.5
0.193748,3915.75
0.192467,3916.0
0.196311,3916.25
0.200155,3916.5
0.209124,3916.75
0.20528,3917.0
0.209124,3917.25
0.197592,3917.5
0.192467,3917.75
0.188623,3918.0
0.182216,3918.25
0.203999,3918.5
0.211686,3918.75
0.21553,3919.0
0.216812,3919.25
0.219374,3919.5
0.223218,3919.75
0.221937,3920.0
0.225781,3920.25
0.227062,3920.5
0.225781,3920.75
0.229625,3921.0
0.229625,3921.25
0.229625,3921.5
0.230906,3921.75
0.233469,3922.0
0.230906,3922.25
0.233469,3922.5
0.23475,3922.75
0.214249,3923.0
0.21553,3923.25
0.21553,3923.5
0.21553,3923.75
0.216812,3924.0
0.218093,3924.25
0.219374,3924.5
0.218093,3924.75
0.209124,3925.0
0.219374,3925.25
0.220656,3925.5
0.219374,3925.75
0.219374,3926.0
0.220656,3926.25
0.220656,3926.5
0.220656,3926.75
0.220656,3927.0
0.221937,3927.25
0.223218,3927.5
0.223218,3927.75
0.223218,3928.0
0.220656,3928.25
0.223218,3928.5
0.221937,3928.75
0.221937,3929.0
0.221937,3929.25
0.221937,3929.5
0.221937,3929.75
0.221937,3930.0
0.223218,3930.25
0.221937,3930.5
0.225781,3930.75
0.221937,3931.0
0.223218,3931.25
0.223218,3931.5
0.223218,3931.75
0.221937,3932.0
0.223218,3932.25
0.223218,3932.5
0.221937,3932.75
0.223218,3933.0
0.221937,3933.25
0.2245,3933.5
0.223218,3933.75
0.223218,3934.0
0.223218,3934.25
0.221937,3934.5
0.221937,3934.75
0.223218,3935.0
0.220656,3935.25
0.220656,3935.5
0.220656,3935.75
0.220656,3936.0
0.223218,3936.25
0.219374,3936.5
0.220656,3936.75
0.220656,3937.0
0.221937,3937.25
0.220656,3937.5
0.221937,3937.75
0.223218,3938.0
0.221937,3938.25
0.221937,3938.5
0.221937,3938.75
0.221937,3939.0
0.220656,3939.25
0.2245,3939.5
0.223218,3939.75
0.220656,3940.0
0.223218,3940.25
0.221937,3940.5
0.220656,3940.75
0.220656,3941.0
0.219374,3941.25
0.219374,3941.5
0.221937,3941.75
0.219374,3942.0
0.219374,3942.25
0.219374,3942.5
0.219374,3942.75
0.218093,3943.0
0.219374,3943.25
0.218093,3943.5
0.218093,3943.75
0.219374,3944.0
0.218093,3944.25
0.221937,3944.5
0.218093,3944.75
0.218093,3945.0
0.218093,3945.25
0.219374,3945.5
0.216812,3945.75
0.218093,3946.0
0.216812,3946.25
0.216812,3946.5
0.218093,3946.75
0.216812,3947.0
0.216812,3947.25
0.216812,3947.5
0.219374,3947.75
0.218093,3948.0
0.218093,3948.25
0.218093,3948.5
0.218093,3948.75
0.21553,3949.0
0.218093,3949.25
0.21553,3949.5
0.216812,3949.75
0.219374,3950.0
0.21553,3950.25
0.218093,3950.5
0.21553,3950.75
0.214249,3951.0
0.214249,3951.25
0.216812,3951.5
0.211686,3951.75
0.198873,3952.0
0.200155,3952.25
0.198873,3952.5
0.200155,3952.75
0.201436,3953.0
0.200155,3953.25
0.198873,3953.5
0.198873,3953.75
0.197592,3954.0
0.197592,3954.25
0.197592,3954.5
0.196311,3954.75
0.195029,3955.0
0.196311,3955.25
0.197592,3955.5
0.196311,3955.75
0.197592,3956.0
0.195029,3956.25
0.198873,3956.5
0.195029,3956.75
0.196311,3957.0
0.196311,3957.25
0.193748,3957.5
0.183497,3957.75
0.174528,3958.0
0.175809,3958.25
0.177091,3958.5
0.175809,3958.75
0.177091,3959.0
0.179653,3959.25
0.182216,3959.5
0.180935,3959.75
0.183497,3960.0
0.183497,3960.25
0.184779,3960.5
0.184779,3960.75
0.183497,3961.0
0.183497,3961.25
0.18606,3961.5
0.191185,3961.75
0.193748,3962.0
0.193748,3962.25
0.193748,3962.5
0.193748,3962.75
0.192467,3963.0
0.192467,3963.25
0.192467,3963.5
0.193748,3963.75
0.193748,3964.0
0.195029,3964.25
0.193748,3964.5
0.193748,3964.75
0.193748,3965.0
0.193748,3965.25
0.195029,3965.5
0.193748,3965.75
0.195029,3966.0
0.195029,3966.25
0.193748,3966.5
0.193748,3966.75
0.193748,3967.0
0.193748,3967.25
0.193748,3967.5
0.193748,3967.75
0.193748,3968.0
0.193748,3968.25
0.195029,3968.5
0.192467,3968.75
0.192467,3969.0
0.193748,3969.25
0.193748,3969.5
0.193748,3969.75
0.195029,3970.0
0.192467,3970.25
0.192467,3970.5
0.192467,3970.75
0.192467,3971.0
0.191185,3971.25
0.192467,3971.5
0.193748,3971.75
0.193748,3972.0
0.192467,3972.25
0.192467,3972.5
0.192467,3972.75
0.192467,3973.0
0.188623,3973.25
0.191185,3973.5
0.191185,3973.75
0.188623,3974.0
0.189904,3974.25
0.192467,3974.5
0.192467,3974.75
0.192467,3975.0
0.195029,3975.25
0.193748,3975.5
0.196311,3975.75
0.195029,3976.0
0.195029,3976.25
0.196311,3976.5
0.196311,3976.75
0.196311,3977.0
0.197592,3977.25
0.198873,3977.5
0.198873,3977.75
0.198873,3978.0
0.198873,3978.25
0.197592,3978.5
0.198873,3978.75
0.198873,3979.0
0.200155,3979.25
0.200155,3979.5
0.198873,3979.75
0.198873,3980.0
0.200155,3980.25
0.198873,3980.5
0.198873,3980.75
0.198873,3981.0
0.198873,3981.25
0.198873,3981.5
0.198873,3981.75
0.198873,3982.0
0.198873,3982.25
0.198873,3982.5
0.201436,3982.75
0.201436,3983.0
0.198873,3983.25
0.198873,3983.5
0.198873,3983.75
0.197592,3984.0
0.198873,3984.25
0.198873,3984.5
0.197592,3984.75
0.197592,3985.0
0.197592,3985.25
0.197592,3985.5
0.200155,3985.75
0.198873,3986.0
0.198873,3986.25
0.198873,3986.5
0.198873,3986.75
0.197592,3987.0
0.197592,3987.25
0.197592,3987.5
0.195029,3987.75
0.196311,3988.0
0.196311,3988.25
0.197592,3988.5
0.196311,3988.75
0.197592,3989.0
0.196311,3989.25
0.196311,3989.5
0.195029,3989.75
0.195029,3990.0
0.196311,3990.25
0.196311,3990.5
0.196311,3990.75
0.196311,3991.0
0.197592,3991.25
0.196311,3991.5
0.196311,3991.75
0.195029,3992.0
0.196311,3992.25
0.195029,3992.5
0.195029,3992.75
0.195029,3993.0
0.195029,3993.25
0.195029,3993.5
0.195029,3993.75
0.195029,3994.0
0.193748,3994.25
0.193748,3994.5
0.193748,3994.75
0.192467,3995.0
0.193748,3995.25
0.191185,3995.5
0.193748,3995.75
0.193748,3996.0
0.193748,3996.25
0.192467,3996.5
0.191185,3996.75
0.192467,3997.0
0.192467,3997.25
0.192467,3997.5
0.193748,3997.75
0.191185,3998.0
0.189904,3998.25
0.189904,3998.5
0.189904,3998.75
0.191185,3999.0
0.188623,3999.25
0.191185,3999.5
0.191185,3999.75
0.188623,4000.0
0.188623,4000.25
0.189904,4000.5
0.188623,4000.75
0.189904,4001.0
0.188623,4001.25
0.188623,4001.5
0.189904,4001.75
0.189904,4002.0
0.188623,4002.25
0.188623,4002.5
0.187341,4002.75
0.188623,4003.0
0.188623,4003.25
0.187341,4003.5
0.188623,4003.75
0.188623,4004.0
0.188623,4004.25
0.188623,4004.5
0.187341,4004.75
0.188623,4005.0
0.188623,4005.25
0.187341,4005.5
0.188623,4005.75
0.188623,4006.0
0.184779,4006.25
0.187341,4006.5
0.18606,4006.75
0.187341,4007.0
0.187341,4007.25
0.187341,4007.5
0.187341,4007.75
0.187341,4008.0
0.18606,4008.25
0.184779,4008.5
0.18606,4008.75
0.183497,4009.0
0.182216,4009.25
0.174528,4009.5
0.18606,4009.75
0.18606,4010.0
0.180935,4010.25
0.177091,4010.5
0.180935,4010.75
0.182216,4011.0
0.184779,4011.25
0.18606,4011.5
0.189904,4011.75
0.191185,4012.0
0.174528,4012.25
0.175809,4012.5
0.174528,4012.75
0.171965,4013.0
0.170684,4013.25
0.170684,4013.5
0.171965,4013.75
0.169403,4014.0
0.178372,4014.25
0.169403,4014.5
0.171965,4014.75
0.171965,4015.0
0.175809,4015.25
0.177091,4015.5
0.168121,4015.75
0.170684,4016.0
0.165559,4016.25
0.165559,4016.5
0.170684,4016.75
0.168121,4017.0
0.168121,4017.25
0.16684,4017.5
0.162996,4017.75
0.162996,4018.0
0.165559,4018.25
0.171965,4018.5
0.174528,4018.75
0.187341,4019.0
0.195029,4019.25
0.198873,4019.5
0.229625,4019.75
0.227062,4020.0
0.232188,4020.25
0.236032,4020.5
0.236032,4020.75
0.238594,4021.0
0.245001,4021.25
0.239876,4021.5
0.218093,4021.75
0.212968,4022.0
0.209124,4022.25
0.191185,4022.5
0.187341,4022.75
0.216812,4023.0
0.300098,4023.25
0.168121,4023.5
0.095085,4023.75
0.168121,4024.0
0.187341,4024.25
0.187341,4024.5
0.184779,4024.75
0.197592,4025.0
0.211686,4025.25
0.187341,4025.5
0.170684,4025.75
0.159152,4026.0
0.157871,4026.25
0.159152,4026.5
0.154027,4026.75
0.159152,4027.0
0.151464,4027.25
0.137369,4027.5
0.124556,4027.75
0.121993,4028.0
0.119431,4028.25
0.114305,4028.5
0.106617,4028.75
0.120712,4029.0
0.130963,4029.25
0.113024,4029.5
0.096367,4029.75
0.110461,4030.0
0.115587,4030.25
0.116868,4030.5
0.119431,4030.75
0.123275,4031.0
0.125837,4031.25
0.124556,4031.5
0.125837,4031.75
0.123275,4032.0
0.123275,4032.25
0.123275,4032.5
0.118149,4032.75
0.119431,4033.0
0.115587,4033.25
0.115587,4033.5
0.115587,4033.75
0.114305,4034.0
0.113024,4034.25
0.111743,4034.5
0.114305,4034.75
0.113024,4035.0
0.111743,4035.25
0.113024,4035.5
0.113024,4035.75
0.111743,4036.0
0.110461,4036.25
0.10918,4036.5
0.110461,4036.75
0.111743,4037.0
0.10918,4037.25
0.10918,4037.5
0.110461,4037.75
0.10918,4038.0
0.10918,4038.25
0.110461,4038.5
0.107899,4038.75
0.10918,4039.0
0.107899,4039.25
0.107899,4039.5
0.107899,4039.75
0.127119,4040.0
0.137369,4040.25
0.139932,4040.5
0.137369,4040.75
0.177091,4041.0
0.187341,4041.25
0.124556,4041.5
0.143776,4041.75
0.168121,4042.0
0.154027,4042.25
0.136088,4042.5
0.121993,4042.75
0.133525,4043.0
0.174528,4043.25
0.168121,4043.5
0.189904,4043.75
0.137369,4044.0
0.124556,4044.25
0.096367,4044.5
0.179653,4044.75
0.133525,4045.0
0.107899,4045.25
0.105336,4045.5
0.119431,4045.75
0.175809,4046.0
0.162996,4046.25
0.16684,4046.5
0.136088,4046.75
0.113024,4047.0
0.1284,4047.25
0.197592,4047.5
0.18606,4047.75
0.169403,4048.0
0.159152,4048.25
0.179653,4048.5
0.188623,4048.75
0.150183,4049.0
0.210405,4049.25
0.201436,4049.5
0.195029,4049.75
0.214249,4050.0
0.187341,4050.25
0.174528,4050.5
0.219374,4050.75
0.20528,4051.0
0.207842,4051.25
0.207842,4051.5
0.214249,4051.75
0.236032,4052.0
0.216812,4052.25
0.177091,4052.5
0.174528,4052.75
0.180935,4053.0
0.195029,4053.25
0.233469,4053.5
0.251408,4053.75
0.223218,4054.0
0.220656,4054.25
0.206561,4054.5
0.210405,4054.75
0.221937,4055.0
0.228344,4055.25
0.232188,4055.5
0.237313,4055.75
0.23475,4056.0
0.207842,4056.25
0.201436,4056.5
0.203999,4056.75
0.20528,4057.0
0.20528,4057.25
0.202717,4057.5
0.202717,4057.75
0.200155,4058.0
0.201436,4058.25
0.20528,4058.5
0.206561,4058.75
0.2245,4059.0
0.2245,4059.25
0.212968,4059.5
0.206561,4059.75
0.216812,4060.0
0.221937,4060.25
0.203999,4060.5
0.261658,4060.75
0.248845,4061.0
0.236032,4061.25
0.2245,4061.5
0.227062,4061.75
0.229625,4062.0
0.228344,4062.25
0.229625,4062.5
0.229625,4062.75
0.233469,4063.0
0.202717,4063.25
0.191185,4063.5
0.233469,4063.75
0.259096,4064.0
0.270628,4064.25
0.268065,4064.5
0.270628,4064.75
0.277034,4065.0
0.269346,4065.25
0.268065,4065.5
0.264221,4065.75
0.259096,4066.0
0.260377,4066.25
0.266784,4066.5
0.269346,4066.75
0.27319,4067.0
0.274472,4067.25
0.275753,4067.5
0.277034,4067.75
0.279597,4068.0
0.283441,4068.25
0.269346,4068.5
0.269346,4068.75
0.265502,4069.0
0.261658,4069.25
0.260377,4069.5
0.260377,4069.75
0.260377,4070.0
0.257814,4070.25
0.256533,4070.5
0.255252,4070.75
0.25397,4071.0
0.250126,4071.25
0.248845,4071.5
0.248845,4071.75
0.245001,4072.0
0.248845,4072.25
0.246282,4072.5
0.24372,4072.75
0.242438,4073.0
0.239876,4073.25
0.239876,4073.5
0.239876,4073.75
0.238594,4074.0
0.237313,4074.25
0.239876,4074.5
0.238594,4074.75
0.237313,4075.0
0.236032,4075.25
0.237313,4075.5
0.237313,4075.75
0.236032,4076.0
0.23475,4076.25
0.236032,4076.5
0.237313,4076.75
0.245001,4077.0
0.245001,4077.25
0.248845,4077.5
0.251408,4077.75
0.257814,4078.0
0.259096,4078.25
0.261658,4078.5
0.314193,4078.75
0.798536,4079.0
1.17781,4079.25
1.165066,4079.5
0.771697,4079.75
0.427019,4080.0
0.374416,4080.25
0.307786,4080.5
0.31163,4080.75
0.315474,4081.0
0.268065,4081.25
0.286004,4081.5
0.287285,4081.75
0.294973,4082.0
0.294973,4082.25
0.300098,4082.5
0.302661,4082.75
0.307786,4083.0
0.31163,4083.25
0.319318,4083.5
0.319318,4083.75
0.314193,4084.0
0.307786,4084.25
0.307786,4084.5
0.309068,4084.75
0.309068,4085.0
0.31163,4085.25
0.310349,4085.5
0.31163,4085.75
0.310349,4086.0
0.310349,4086.25
0.31163,4086.5
0.312912,4086.75
0.315474,4087.0
0.316756,4087.25
0.319318,4087.5
0.319318,4087.75
0.3206,4088.0
0.3206,4088.25
0.324444,4088.5
0.323162,4088.75
0.324444,4089.0
0.323162,4089.25
0.324444,4089.5
0.324444,4089.75
0.323162,4090.0
0.324444,4090.25
0.321881,4090.5
0.321881,4090.75
0.3206,4091.0
0.321881,4091.25
0.3206,4091.5
0.319318,4091.75
0.319318,4092.0
0.319318,4092.25
0.319318,4092.5
0.318037,4092.75
0.318037,4093.0
0.319318,4093.25
0.319318,4093.5
0.319318,4093.75
0.319318,4094.0
0.319318,4094.25
0.319318,4094.5
0.318037,4094.75
0.318037,4095.0
0.319318,4095.25
0.316756,4095.5
0.316756,4095.75
0.312912,4096.0
0.31163,4096.25
0.312912,4096.5
0.310349,4096.75
0.310349,4097.0
0.312912,4097.25
0.314193,4097.5
0.314193,4097.75
0.312912,4098.0
0.312912,4098.25
0.31163,4098.5
0.312912,4098.75
0.31163,4099.0
0.310349,4099.25
0.310349,4099.5
0.310349,4099.75
0.309068,4100.0
0.310349,4100.25
0.310349,4100.5
0.310349,4100.75
0.309068,4101.0
0.309068,4101.25
0.307786,4101.5
0.307786,4101.75
0.307786,4102.0
0.306505,4102.25
0.307786,4102.5
0.306505,4102.75
0.307786,4103.0
0.306505,4103.25
0.307786,4103.5
0.306505,4103.75
0.307786,4104.0
0.305224,4104.25
0.306505,4104.5
0.306505,4104.75
0.305224,4105.0
0.305224,4105.25
0.305224,4105.5
0.305224,4105.75
0.305224,4106.0
0.306505,4106.25
0.305224,4106.5
0.305224,4106.75
0.305224,4107.0
0.305224,4107.25
0.303942,4107.5
0.307786,4107.75
0.31163,4108.0
0.315474,4108.25
0.321881,4108.5
0.323162,4108.75
0.325725,4109.0
0.325725,4109.25
0.325725,4109.5
0.323162,4109.75
0.323162,4110.0
0.321881,4110.25
0.3206,4110.5
0.319318,4110.75
0.318037,4111.0
0.318037,4111.25
0.315474,4111.5
0.315474,4111.75
0.314193,4112.0
0.316756,4112.25
0.315474,4112.5
0.315474,4112.75
0.312912,4113.0
0.314193,4113.25
0.312912,4113.5
0.310349,4113.75
0.310349,4114.0
0.309068,4114.25
0.309068,4114.5
0.307786,4114.75
0.306505,4115.0
0.306505,4115.25
0.305224,4115.5
0.306505,4115.75
0.306505,4116.0
0.305224,4116.25
0.303942,4116.5
0.303942,4116.75
0.302661,4117.0
0.302661,4117.25
0.302661,4117.5
0.302661,4117.75
0.302661,4118.0
0.302661,4118.25
0.302661,4118.5
0.30138,4118.75
0.30138,4119.0
0.30138,4119.25
0.300098,4119.5
0.300098,4119.75
0.30138,4120.0
0.298817,4120.25
0.300098,4120.5
0.300098,4120.75
0.300098,4121.0
0.298817,4121.25
0.297536,4121.5
0.296254,4121.75
0.296254,4122.0
0.296254,4122.25
0.296254,4122.5
0.296254,4122.75
0.294973,4123.0
0.294973,4123.25
0.296254,4123.5
0.293692,4123.75
0.293692,4124.0
0.293692,4124.25
0.29241,4124.5
0.29241,4124.75
0.293692,4125.0
0.29241,4125.25
0.29241,4125.5
0.291129,4125.75
0.291129,4126.0
0.291129,4126.25
0.289848,4126.5
0.289848,4126.75
0.289848,4127.0
0.289848,4127.25
0.289848,4127.5
0.289848,4127.75
0.289848,4128.0
0.291129,4128.25
0.288566,4128.5
0.288566,4128.75
0.288566,4129.0
0.289848,4129.25
0.287285,4129.5
0.287285,4129.75
0.286004,4130.0
0.286004,4130.25
0.286004,4130.5
0.284722,4130.75
0.284722,4131.0
0.284722,4131.25
0.286004,4131.5
0.286004,4131.75
0.283441,4132.0
0.28216,4132.25
0.284722,4132.5
0.28216,4132.75
0.28216,4133.0
0.283441,4133.25
0.28216,4133.5
0.283441,4133.75
0.28216,4134.0
0.283441,4134.25
0.28216,4134.5
0.28216,4134.75
0.280878,4135.0
0.283441,4135.25
0.280878,4135.5
0.280878,4135.75
0.280878,4136.0
0.279597,4136.25
0.28216,4136.5
0.279597,4136.75
0.280878,4137.0
0.280878,4137.25
0.28216,4137.5
0.279597,4137.75
0.279597,4138.0
0.278316,4138.25
0.279597,4138.5
0.277034,4138.75
0.278316,4139.0
0.278316,4139.25
0.277034,4139.5
0.277034,4139.75
0.277034,4140.0
0.275753,4140.25
0.275753,4140.5
0.275753,4140.75
0.275753,4141.0
0.274472,4141.25
0.274472,4141.5
0.27319,4141.75
0.274472,4142.0
0.27319,4142.25
0.27319,4142.5
0.274472,4142.75
0.270628,4143.0
0.271909,4143.25
0.27319,4143.5
0.271909,4143.75
0.270628,4144.0
0.270628,4144.25
0.270628,4144.5
0.270628,4144.75
0.270628,4145.0
0.270628,4145.25
0.269346,4145.5
0.270628,4145.75
0.269346,4146.0
0.269346,4146.25
0.266784,4146.5
0.266784,4146.75
0.266784,4147.0
0.265502,4147.25
0.268065,4147.5
0.268065,4147.75
0.269346,4148.0
0.268065,4148.25
0.266784,4148.5
0.266784,4148.75
0.266784,4149.0
0.266784,4149.25
0.266784,4149.5
0.265502,4149.75
0.265502,4150.0
0.265502,4150.25
0.264221,4150.5
0.265502,4150.75
0.264221,4151.0
0.264221,4151.25
0.264221,4151.5
0.265502,4151.75
0.261658,4152.0
0.26294,4152.25
0.260377,4152.5
0.261658,4152.75
0.264221,4153.0
0.264221,4153.25
0.266784,4153.5
0.266784,4153.75
0.269346,4154.0
0.265502,4154.25
0.268065,4154.5
0.264221,4154.75
0.265502,4155.0
0.264221,4155.25
0.265502,4155.5
0.264221,4155.75
0.26294,4156.0
0.264221,4156.25
0.264221,4156.5
0.26294,4156.75
0.26294,4157.0
0.26294,4157.25
0.261658,4157.5
0.260377,4157.75
0.261658,4158.0
0.260377,4158.25
0.261658,4158.5
0.260377,4158.75
0.259096,4159.0
0.260377,4159.25
0.257814,4159.5
0.259096,4159.75
0.260377,4160.0
0.259096,4160.25
0.257814,4160.5
0.259096,4160.75
0.257814,4161.0
0.257814,4161.25
0.259096,4161.5
0.259096,4161.75
0.257814,4162.0
0.259096,4162.25
0.256533,4162.5
0.257814,4162.75
0.255252,4163.0
0.256533,4163.25
0.255252,4163.5
0.25397,4163.75
0.255252,4164.0
0.255252,4164.25
0.255252,4164.5
0.255252,4164.75
0.25397,4165.0
0.252689,4165.25
0.252689,4165.5
0.252689,4165.75
0.252689,4166.0
0.252689,4166.25
0.25397,4166.5
0.251408,4166.75
0.251408,4167.0
0.25397,4167.25
0.25397,4167.5
0.252689,4167.75
0.252689,4168.0
0.251408,4168.25
0.250126,4168.5
0.251408,4168.75
0.251408,4169.0
0.250126,4169.25
0.252689,4169.5
0.250126,4169.75
0.251408,4170.0
0.251408,4170.25
0.251408,4170.5
0.248845,4170.75
0.250126,4171.0
0.248845,4171.25
0.250126,4171.5
0.247564,4171.75
0.247564,4172.0
0.247564,4172.25
0.247564,4172.5
0.248845,4172.75
0.247564,4173.0
0.245001,4173.25
0.24372,4173.5
0.246282,4173.75
0.245001,4174.0
0.245001,4174.25
0.24372,4174.5
0.245001,4174.75
0.246282,4175.0
0.24372,4175.25
0.246282,4175.5
0.245001,4175.75
0.245001,4176.0
0.242438,4176.25
0.245001,4176.5
0.24372,4176.75
0.24372,4177.0
0.24372,4177.25
0.242438,4177.5
0.241157,4177.75
0.242438,4178.0
0.24372,4178.25
0.242438,4178.5
0.24372,4178.75
0.241157,4179.0
0.241157,4179.25
0.239876,4179.5
0.241157,4179.75
0.238594,4180.0
0.241157,4180.25
0.241157,4180.5
0.238594,4180.75
0.241157,4181.0
0.238594,4181.25
0.239876,4181.5
0.239876,4181.75
0.239876,4182.0
0.238594,4182.25
0.238594,4182.5
0.238594,4182.75
0.237313,4183.0
0.237313,4183.25
0.238594,4183.5
0.238594,4183.75
0.239876,4184.0
0.241157,4184.25
0.238594,4184.5
0.238594,4184.75
0.236032,4185.0
0.237313,4185.25
0.237313,4185.5
0.237313,4185.75
0.236032,4186.0
0.236032,4186.25
0.238594,4186.5
0.23475,4186.75
0.237313,4187.0
0.236032,4187.25
0.23475,4187.5
0.236032,4187.75
0.236032,4188.0
0.23475,4188.25
0.23475,4188.5
0.233469,4188.75
0.233469,4189.0
0.236032,4189.25
0.232188,4189.5
0.233469,4189.75
0.233469,4190.0
0.232188,4190.25
0.233469,4190.5
0.233469,4190.75
0.232188,4191.0
0.232188,4191.25
0.232188,4191.5
0.230906,4191.75
0.233469,4192.0
0.232188,4192.25
0.232188,4192.5
0.232188,4192.75
0.232188,4193.0
0.230906,4193.25
0.232188,4193.5
0.229625,4193.75
0.230906,4194.0
0.230906,4194.25
0.230906,4194.5
0.229625,4194.75
0.229625,4195.0
0.232188,4195.25
0.229625,4195.5
0.228344,4195.75
0.228344,4196.0
0.229625,4196.25
0.229625,4196.5
0.229625,4196.75
0.228344,4197.0
0.228344,4197.25
0.229625,4197.5
0.228344,4197.75
0.228344,4198.0
0.227062,4198.25
0.227062,4198.5
0.227062,4198.75
0.228344,4199.0
0.225781,4199.25
0.225781,4199.5
0.225781,4199.75
0.225781,4200.0
0.227062,4200.25
0.225781,4200.5
0.225781,4200.75
0.225781,4201.0
0.2245,4201.25
0.2245,4201.5
0.225781,4201.75
0.225781,4202.0
0.223218,4202.25
0.223218,4202.5
0.223218,4202.75
0.2245,4203.0
0.2245,4203.25
0.227062,4203.5
0.2245,4203.75
0.223218,4204.0
0.2245,4204.25
0.223218,4204.5
0.221937,4204.75
0.221937,4205.0
0.220656,4205.25
0.221937,4205.5
0.223218,4205.75
0.220656,4206.0
0.221937,4206.25
0.220656,4206.5
0.220656,4206.75
0.220656,4207.0
0.220656,4207.25
0.220656,4207.5
0.220656,4207.75
0.220656,4208.0
0.220656,4208.25
0.219374,4208.5
0.220656,4208.75
0.220656,4209.0
0.219374,4209.25
0.219374,4209.5
0.218093,4209.75
0.219374,4210.0
0.219374,4210.25
0.218093,4210.5
0.218093,4210.75
0.220656,4211.0
0.219374,4211.25
0.218093,4211.5
0.220656,4211.75
0.218093,4212.0
0.218093,4212.25
0.218093,4212.5
0.218093,4212.75
0.216812,4213.0
0.218093,4213.25
0.216812,4213.5
0.216812,4213.75
0.218093,4214.0
0.21553,4214.25
0.21553,4214.5
0.21553,4214.75
0.21553,4215.0
0.21553,4215.25
0.21553,4215.5
0.214249,4215.75
0.214249,4216.0
0.21553,4216.25
0.212968,4216.5
0.21553,4216.75
0.21553,4217.0
0.21553,4217.25
0.214249,4217.5
0.21553,4217.75
0.212968,4218.0
0.214249,4218.25
0.21553,4218.5
0.212968,4218.75
0.212968,4219.0
0.214249,4219.25
0.21553,4219.5
0.212968,4219.75
0.214249,4220.0
0.212968,4220.25
0.211686,4220.5
0.212968,4220.75
0.214249,4221.0
0.212968,4221.25
0.212968,4221.5
0.210405,4221.75
0.211686,4222.0
0.211686,4222.25
0.211686,4222.5
0.211686,4222.75
0.211686,4223.0
0.210405,4223.25
0.209124,4223.5
0.211686,4223.75
0.209124,4224.0
0.209124,4224.25
0.209124,4224.5
0.210405,4224.75
0.211686,4225.0
0.210405,4225.25
0.211686,4225.5
0.209124,4225.75
0.209124,4226.0
0.210405,4226.25
0.210405,4226.5
0.210405,4226.75
0.207842,4227.0
0.209124,4227.25
0.209124,4227.5
0.210405,4227.75
0.207842,4228.0
0.211686,4228.25
0.209124,4228.5
0.207842,4228.75
0.207842,4229.0
0.209124,4229.25
0.207842,4229.5
0.206561,4229.75
0.207842,4230.0
0.207842,4230.25
0.207842,4230.5
0.206561,4230.75
0.207842,4231.0
0.209124,4231.25
0.207842,4231.5
0.207842,4231.75
0.207842,4232.0
0.206561,4232.25
0.206561,4232.5
0.207842,4232.75
0.206561,4233.0
0.207842,4233.25
0.206561,4233.5
0.206561,4233.75
0.206561,4234.0
0.206561,4234.25
0.20528,4234.5
0.206561,4234.75
0.203999,4235.0
0.206561,4235.25
0.206561,4235.5
0.20528,4235.75
0.206561,4236.0
0.206561,4236.25
0.209124,4236.5
0.20528,4236.75
0.207842,4237.0
0.206561,4237.25
0.206561,4237.5
0.206561,4237.75
0.206561,4238.0
0.206561,4238.25
0.206561,4238.5
0.207842,4238.75
0.206561,4239.0
0.206561,4239.25
0.203999,4239.5
0.20528,4239.75
0.206561,4240.0
0.20528,4240.25
0.20528,4240.5
0.203999,4240.75
0.203999,4241.0
0.20528,4241.25
0.20528,4241.5
0.202717,4241.75
0.203999,4242.0
0.202717,4242.25
0.202717,4242.5
0.202717,4242.75
0.203999,4243.0
0.203999,4243.25
0.203999,4243.5
0.203999,4243.75
0.203999,4244.0
0.203999,4244.25
0.202717,4244.5
0.20528,4244.75
0.202717,4245.0
0.202717,4245.25
0.202717,4245.5
0.202717,4245.75
0.201436,4246.0
0.202717,4246.25
0.201436,4246.5
0.202717,4246.75
0.201436,4247.0
0.202717,4247.25
0.202717,4247.5
0.200155,4247.75
0.203999,4248.0
0.202717,4248.25
0.200155,4248.5
0.201436,4248.75
0.201436,4249.0
0.200155,4249.25
0.201436,4249.5
0.201436,4249.75
0.201436,4250.0
0.202717,4250.25
0.200155,4250.5
0.201436,4250.75
0.200155,4251.0
0.200155,4251.25
0.200155,4251.5
0.198873,4251.75
0.198873,4252.0
0.198873,4252.25
0.200155,4252.5
0.198873,4252.75
0.198873,4253.0
0.197592,4253.25
0.198873,4253.5
0.198873,4253.75
0.197592,4254.0
0.197592,4254.25
0.197592,4254.5
0.197592,4254.75
0.197592,4255.0
0.197592,4255.25
0.198873,4255.5
0.198873,4255.75
0.197592,4256.0
0.197592,4256.25
0.196311,4256.5
0.197592,4256.75
0.196311,4257.0
0.196311,4257.25
0.198873,4257.5
0.195029,4257.75
0.197592,4258.0
0.196311,4258.25
0.196311,4258.5
0.196311,4258.75
0.196311,4259.0
0.195029,4259.25
0.197592,4259.5
0.196311,4259.75
0.195029,4260.0
0.195029,4260.25
0.195029,4260.5
0.196311,4260.75
0.192467,4261.0
0.196311,4261.25
0.193748,4261.5
0.192467,4261.75
0.195029,4262.0
0.196311,4262.25
0.193748,4262.5
0.195029,4262.75
0.195029,4263.0
0.193748,4263.25
0.195029,4263.5
0.193748,4263.75
0.193748,4264.0
0.195029,4264.25
0.193748,4264.5
0.192467,4264.75
0.195029,4265.0
0.192467,4265.25
0.192467,4265.5
0.193748,4265.75
0.193748,4266.0
0.195029,4266.25
0.195029,4266.5
0.193748,4266.75
0.193748,4267.0
0.193748,4267.25
0.193748,4267.5
0.193748,4267.75
0.192467,4268.0
0.192467,4268.25
0.191185,4268.5
0.193748,4268.75
0.193748,4269.0
0.191185,4269.25
0.195029,4269.5
0.191185,4269.75
0.189904,4270.0
0.191185,4270.25
0.192467,4270.5
0.192467,4270.75
0.192467,4271.0
0.191185,4271.25
0.192467,4271.5
0.192467,4271.75
0.188623,4272.0
0.192467,4272.25
0.192467,4272.5
0.188623,4272.75
0.188623,4273.0
0.188623,4273.25
0.189904,4273.5
0.189904,4273.75
0.188623,4274.0
0.189904,4274.25
0.191185,4274.5
0.191185,4274.75
0.189904,4275.0
0.189904,4275.25
0.189904,4275.5
0.189904,4275.75
0.188623,4276.0
0.189904,4276.25
0.188623,4276.5
0.189904,4276.75
0.189904,4277.0
0.189904,4277.25
0.188623,4277.5
0.191185,4277.75
0.188623,4278.0
0.189904,4278.25
0.188623,4278.5
0.188623,4278.75
0.189904,4279.0
0.189904,4279.25
0.188623,4279.5
0.188623,4279.75
0.188623,4280.0
0.188623,4280.25
0.188623,4280.5
0.188623,4280.75
0.188623,4281.0
0.187341,4281.25
0.187341,4281.5
0.18606,4281.75
0.187341,4282.0
0.18606,4282.25
0.188623,4282.5
0.188623,4282.75
0.187341,4283.0
0.187341,4283.25
0.187341,4283.5
0.188623,4283.75
0.18606,4284.0
0.187341,4284.25
0.18606,4284.5
0.18606,4284.75
0.18606,4285.0
0.18606,4285.25
0.187341,4285.5
0.184779,4285.75
0.187341,4286.0
0.184779,4286.25
0.183497,4286.5
0.183497,4286.75
0.184779,4287.0
0.18606,4287.25
0.184779,4287.5
0.183497,4287.75
0.18606,4288.0
0.187341,4288.25
0.183497,4288.5
0.184779,4288.75
0.183497,4289.0
0.183497,4289.25
0.183497,4289.5
0.183497,4289.75
0.183497,4290.0
0.183497,4290.25
0.182216,4290.5
0.183497,4290.75
0.184779,4291.0
0.183497,4291.25
0.182216,4291.5
0.183497,4291.75
0.183497,4292.0
0.182216,4292.25
0.182216,4292.5
0.182216,4292.75
0.183497,4293.0
0.182216,4293.25
0.182216,4293.5
0.182216,4293.75
0.182216,4294.0
0.184779,4294.25
0.180935,4294.5
0.180935,4294.75
0.180935,4295.0
0.180935,4295.25
0.182216,4295.5
0.180935,4295.75
0.182216,4296.0
0.180935,4296.25
0.182216,4296.5
0.179653,4296.75
0.180935,4297.0
0.179653,4297.25
0.180935,4297.5
0.182216,4297.75
0.180935,4298.0
0.180935,4298.25
0.179653,4298.5
0.180935,4298.75
0.180935,4299.0
0.182216,4299.25
0.179653,4299.5
0.179653,4299.75
0.178372,4300.0
0.179653,4300.25
0.178372,4300.5
0.178372,4300.75
0.179653,4301.0
0.178372,4301.25
0.177091,4301.5
0.177091,4301.75
0.178372,4302.0
0.178372,4302.25
0.179653,4302.5
0.178372,4302.75
0.178372,4303.0
0.178372,4303.25
0.178372,4303.5
0.178372,4303.75
0.178372,4304.0
0.178372,4304.25
0.178372,4304.5
0.178372,4304.75
0.177091,4305.0
0.177091,4305.25
0.177091,4305.5
0.177091,4305.75
0.178372,4306.0
0.177091,4306.25
0.177091,4306.5
0.178372,4306.75
0.178372,4307.0
0.177091,4307.25
0.178372,4307.5
0.177091,4307.75
0.175809,4308.0
0.177091,4308.25
0.178372,4308.5
0.177091,4308.75
0.177091,4309.0
0.177091,4309.25
0.175809,4309.5
0.174528,4309.75
0.177091,4310.0
0.177091,4310.25
0.175809,4310.5
0.177091,4310.75
0.175809,4311.0
0.177091,4311.25
0.174528,4311.5
0.177091,4311.75
0.177091,4312.0
0.175809,4312.25
0.175809,4312.5
0.175809,4312.75
0.175809,4313.0
0.174528,4313.25
0.175809,4313.5
0.174528,4313.75
0.175809,4314.0
0.175809,4314.25
0.174528,4314.5
0.175809,4314.75
0.174528,4315.0
0.174528,4315.25
0.173247,4315.5
0.173247,4315.75
0.175809,4316.0
0.174528,4316.25
0.174528,4316.5
0.175809,4316.75
0.175809,4317.0
0.174528,4317.25
0.174528,4317.5
0.174528,4317.75
0.173247,4318.0
0.173247,4318.25
0.174528,4318.5
0.174528,4318.75
0.175809,4319.0
0.173247,4319.25
0.173247,4319.5
0.174528,4319.75
0.173247,4320.0
0.173247,4320.25
0.173247,4320.5
0.173247,4320.75
0.171965,4321.0
0.174528,4321.25
0.173247,4321.5
0.171965,4321.75
0.171965,4322.0
0.174528,4322.25
0.173247,4322.5
0.173247,4322.75
0.173247,4323.0
0.174528,4323.25
0.173247,4323.5
0.173247,4323.75
0.174528,4324.0
0.173247,4324.25
0.171965,4324.5
0.171965,4324.75
0.174528,4325.0
0.171965,4325.25
0.171965,4325.5
0.169403,4325.75
0.170684,4326.0
0.171965,4326.25
0.170684,4326.5
0.174528,4326.75
0.173247,4327.0
0.173247,4327.25
0.171965,4327.5
0.171965,4327.75
0.170684,4328.0
0.170684,4328.25
0.170684,4328.5
0.170684,4328.75
0.171965,4329.0
0.171965,4329.25
0.171965,4329.5
0.171965,4329.75
0.170684,4330.0
0.170684,4330.25
0.173247,4330.5
0.170684,4330.75
0.170684,4331.0
0.169403,4331.25
0.169403,4331.5
0.170684,4331.75
0.169403,4332.0
0.171965,4332.25
0.171965,4332.5
0.169403,4332.75
0.170684,4333.0
0.173247,4333.25
0.170684,4333.5
0.169403,4333.75
0.170684,4334.0
0.169403,4334.25
0.170684,4334.5
0.170684,4334.75
0.171965,4335.0
0.169403,4335.25
0.173247,4335.5
0.169403,4335.75
0.168121,4336.0
0.170684,4336.25
0.169403,4336.5
0.169403,4336.75
0.170684,4337.0
0.168121,4337.25
0.168121,4337.5
0.169403,4337.75
0.168121,4338.0
0.169403,4338.25
0.169403,4338.5
0.169403,4338.75
0.168121,4339.0
0.168121,4339.25
0.169403,4339.5
0.168121,4339.75
0.169403,4340.0
0.168121,4340.25
0.171965,4340.5
0.169403,4340.75
0.168121,4341.0
0.16684,4341.25
0.16684,4341.5
0.165559,4341.75
0.168121,4342.0
0.168121,4342.25
0.165559,4342.5
0.16684,4342.75
0.16684,4343.0
0.168121,4343.25
0.168121,4343.5
0.170684,4343.75
0.168121,4344.0
0.16684,4344.25
0.16684,4344.5
0.168121,4344.75
0.16684,4345.0
0.168121,4345.25
0.168121,4345.5
0.168121,4345.75
0.170684,4346.0
0.16684,4346.25
0.168121,4346.5
0.16684,4346.75
0.16684,4347.0
0.16684,4347.25
0.16684,4347.5
0.16684,4347.75
0.16684,4348.0
0.168121,4348.25
0.16684,4348.5
0.169403,4348.75
0.168121,4349.0
0.16684,4349.25
0.16684,4349.5
0.168121,4349.75
0.16684,4350.0
0.16684,4350.25
0.16684,4350.5
0.165559,4350.75
0.165559,4351.0
0.168121,4351.25
0.168121,4351.5
0.165559,4351.75
0.170684,4352.0
0.16684,4352.25
0.165559,4352.5
0.168121,4352.75
0.165559,4353.0
0.16684,4353.25
0.168121,4353.5
0.165559,4353.75
0.165559,4354.0
0.168121,4354.25
0.165559,4354.5
0.165559,4354.75
0.16684,4355.0
0.165559,4355.25
0.165559,4355.5
0.165559,4355.75
0.164277,4356.0
0.164277,4356.25
0.162996,4356.5
0.165559,4356.75
0.16684,4357.0
0.165559,4357.25
0.164277,4357.5
0.164277,4357.75
0.16684,4358.0
0.165559,4358.25
0.165559,4358.5
0.16684,4358.75
0.164277,4359.0
0.165559,4359.25
0.164277,4359.5
0.16684,4359.75
0.165559,4360.0
0.165559,4360.25
0.164277,4360.5
0.165559,4360.75
0.162996,4361.0
0.164277,4361.25
0.164277,4361.5
0.164277,4361.75
0.164277,4362.0
0.164277,4362.25
0.162996,4362.5
0.162996,4362.75
0.162996,4363.0
0.164277,4363.25
0.165559,4363.5
0.165559,4363.75
0.16684,4364.0
0.165559,4364.25
0.165559,4364.5
0.164277,4364.75
0.164277,4365.0
0.165559,4365.25
0.165559,4365.5
0.164277,4365.75
0.164277,4366.0
0.164277,4366.25
0.164277,4366.5
0.164277,4366.75
0.164277,4367.0
0.164277,4367.25
0.162996,4367.5
0.162996,4367.75
0.165559,4368.0
0.164277,4368.25
0.164277,4368.5
0.164277,4368.75
0.164277,4369.0
0.164277,4369.25
0.164277,4369.5
0.162996,4369.75
0.164277,4370.0
0.162996,4370.25
0.162996,4370.5
0.162996,4370.75
0.162996,4371.0
0.161715,4371.25
0.164277,4371.5
0.162996,4371.75
0.162996,4372.0
0.162996,4372.25
0.160433,4372.5
0.161715,4372.75
0.161715,4373.0
0.162996,4373.25
0.164277,4373.5
0.162996,4373.75
0.162996,4374.0
0.162996,4374.25
0.161715,4374.5
0.162996,4374.75
0.162996,4375.0
0.161715,4375.25
0.161715,4375.5
0.161715,4375.75
0.160433,4376.0
0.161715,4376.25
0.161715,4376.5
0.162996,4376.75
0.161715,4377.0
0.161715,4377.25
0.160433,4377.5
0.161715,4377.75
0.161715,4378.0
0.160433,4378.25
0.160433,4378.5
0.161715,4378.75
0.161715,4379.0
0.161715,4379.25
0.161715,4379.5
0.159152,4379.75
0.160433,4380.0
0.157871,4380.25
0.160433,4380.5
0.159152,4380.75
0.160433,4381.0
0.161715,4381.25
0.160433,4381.5
0.160433,4381.75
0.160433,4382.0
0.160433,4382.25
0.159152,4382.5
0.160433,4382.75
0.160433,4383.0
0.160433,4383.25
0.157871,4383.5
0.157871,4383.75
0.157871,4384.0
0.160433,4384.25
0.160433,4384.5
0.160433,4384.75
0.161715,4385.0
0.159152,4385.25
0.159152,4385.5
0.160433,4385.75
0.160433,4386.0
0.159152,4386.25
0.157871,4386.5
0.159152,4386.75
0.159152,4387.0
0.159152,4387.25
0.157871,4387.5
0.157871,4387.75
0.159152,4388.0
0.157871,4388.25
0.156589,4388.5
0.159152,4388.75
0.159152,4389.0
0.157871,4389.25
0.159152,4389.5
0.159152,4389.75
0.159152,4390.0
0.157871,4390.25
0.159152,4390.5
0.157871,4390.75
0.157871,4391.0
0.157871,4391.25
0.157871,4391.5
0.157871,4391.75
0.157871,4392.0
0.157871,4392.25
0.157871,4392.5
0.159152,4392.75
0.156589,4393.0
0.157871,4393.25
0.156589,4393.5
0.157871,4393.75
0.157871,4394.0
0.157871,4394.25
0.156589,4394.5
0.156589,4394.75
0.157871,4395.0
0.157871,4395.25
0.157871,4395.5
0.157871,4395.75
0.156589,4396.0
0.157871,4396.25
0.157871,4396.5
0.156589,4396.75
0.157871,4397.0
0.156589,4397.25
0.155308,4397.5
0.157871,4397.75
0.156589,4398.0
0.157871,4398.25
0.157871,4398.5
0.155308,4398.75
0.155308,4399.0
0.156589,4399.25
0.156589,4399.5
0.156589,4399.75
0.156589,4400.0
0.156589,4400.25
0.157871,4400.5
0.155308,4400.75
0.156589,4401.0
0.156589,4401.25
0.154027,4401.5
0.155308,4401.75
0.155308,4402.0
0.155308,4402.25
0.155308,4402.5
0.155308,4402.75
0.154027,4403.0
0.156589,4403.25
0.155308,4403.5
0.155308,4403.75
0.156589,4404.0
0.155308,4404.25
0.155308,4404.5
0.155308,4404.75
0.155308,4405.0
0.155308,4405.25
0.154027,4405.5
0.155308,4405.75
0.154027,4406.0
0.154027,4406.25
0.156589,4406.5
0.156589,4406.75
0.154027,4407.0
0.155308,4407.25
0.155308,4407.5
0.154027,4407.75
0.154027,4408.0
0.155308,4408.25
0.154027,4408.5
0.155308,4408.75
0.154027,4409.0
0.155308,4409.25
0.154027,4409.5
0.154027,4409.75
0.154027,4410.0
0.155308,4410.25
0.154027,4410.5
0.152745,4410.75
0.155308,4411.0
0.154027,4411.25
0.154027,4411.5
0.152745,4411.75
0.154027,4412.0
0.155308,4412.25
0.152745,4412.5
0.154027,4412.75
0.155308,4413.0
0.155308,4413.25
0.152745,4413.5
0.154027,4413.75
0.154027,4414.0
0.154027,4414.25
0.152745,4414.5
0.152745,4414.75
0.154027,4415.0
0.152745,4415.25
0.151464,4415.5
0.154027,4415.75
0.152745,4416.0
0.151464,4416.25
0.152745,4416.5
0.152745,4416.75
0.152745,4417.0
0.151464,4417.25
0.152745,4417.5
0.151464,4417.75
0.152745,4418.0
0.151464,4418.25
0.152745,4418.5
0.151464,4418.75
0.150183,4419.0
0.151464,4419.25
0.150183,4419.5
0.152745,4419.75
0.151464,4420.0
0.152745,4420.25
0.151464,4420.5
0.151464,4420.75
0.151464,4421.0
0.150183,4421.25
0.151464,4421.5
0.152745,4421.75
0.150183,4422.0
0.150183,4422.25
0.150183,4422.5
0.150183,4422.75
0.152745,4423.0
0.150183,4423.25
0.151464,4423.5
0.150183,4423.75
0.151464,4424.0
0.151464,4424.25
0.150183,4424.5
0.152745,4424.75
0.148901,4425.0
0.150183,4425.25
0.150183,4425.5
0.151464,4425.75
0.151464,4426.0
0.151464,4426.25
0.151464,4426.5
0.151464,4426.75
0.150183,4427.0
0.150183,4427.25
0.148901,4427.5
0.150183,4427.75
0.148901,4428.0
0.148901,4428.25
0.151464,4428.5
0.148901,4428.75
0.150183,4429.0
0.150183,4429.25
0.150183,4429.5
0.150183,4429.75
0.150183,4430.0
0.148901,4430.25
0.150183,4430.5
0.150183,4430.75
0.148901,4431.0
0.150183,4431.25
0.148901,4431.5
0.14762,4431.75
0.148901,4432.0
0.148901,4432.25
0.148901,4432.5
0.148901,4432.75
0.14762,4433.0
0.150183,4433.25
0.148901,4433.5
0.14762,4433.75
0.14762,4434.0
0.14762,4434.25
0.150183,4434.5
0.148901,4434.75
0.14762,4435.0
0.14762,4435.25
0.148901,4435.5
0.14762,4435.75
0.148901,4436.0
0.14762,4436.25
0.14762,4436.5
0.148901,4436.75
0.150183,4437.0
0.150183,4437.25
0.14762,4437.5
0.150183,4437.75
0.148901,4438.0
0.148901,4438.25
0.148901,4438.5
0.14762,4438.75
0.151464,4439.0
0.150183,4439.25
0.148901,4439.5
0.150183,4439.75
0.148901,4440.0
0.14762,4440.25
0.148901,4440.5
0.148901,4440.75
0.148901,4441.0
0.14762,4441.25
0.14762,4441.5
0.150183,4441.75
0.14762,4442.0
0.14762,4442.25
0.148901,4442.5
0.148901,4442.75
0.14762,4443.0
0.14762,4443.25
0.14762,4443.5
0.148901,4443.75
0.14762,4444.0
0.14762,4444.25
0.148901,4444.5
0.14762,4444.75
0.146339,4445.0
0.14762,4445.25
0.14762,4445.5
0.14762,4445.75
0.14762,4446.0
0.146339,4446.25
0.14762,4446.5
0.146339,4446.75
0.146339,4447.0
0.14762,4447.25
0.14762,4447.5
0.14762,4447.75
0.14762,4448.0
0.145057,4448.25
0.146339,4448.5
0.14762,4448.75
0.146339,4449.0
0.146339,4449.25
0.146339,4449.5
0.146339,4449.75
0.14762,4450.0
0.146339,4450.25
0.14762,4450.5
0.14762,4450.75
0.14762,4451.0
0.145057,4451.25
0.146339,4451.5
0.142495,4451.75
0.143776,4452.0
0.145057,4452.25
0.146339,4452.5
0.146339,4452.75
0.145057,4453.0
0.145057,4453.25
0.145057,4453.5
0.14762,4453.75
0.146339,4454.0
0.14762,4454.25
0.145057,4454.5
0.145057,4454.75
0.145057,4455.0
0.146339,4455.25
0.14762,4455.5
0.146339,4455.75
0.146339,4456.0
0.14762,4456.25
0.146339,4456.5
0.146339,4456.75
0.146339,4457.0
0.145057,4457.25
0.145057,4457.5
0.143776,4457.75
0.143776,4458.0
0.146339,4458.25
0.145057,4458.5
0.146339,4458.75
0.146339,4459.0
0.146339,4459.25
0.145057,4459.5
0.146339,4459.75
0.145057,4460.0
0.145057,4460.25
0.145057,4460.5
0.146339,4460.75
0.146339,4461.0
0.145057,4461.25
0.145057,4461.5
0.145057,4461.75
0.143776,4462.0
0.146339,4462.25
0.14762,4462.5
0.146339,4462.75
0.145057,4463.0
0.146339,4463.25
0.146339,4463.5
0.14762,4463.75
0.146339,4464.0
0.146339,4464.25
0.146339,4464.5
0.145057,4464.75
0.145057,4465.0
0.146339,4465.25
0.145057,4465.5
0.145057,4465.75
0.145057,4466.0
0.145057,4466.25
0.145057,4466.5
0.145057,4466.75
0.146339,4467.0
0.145057,4467.25
0.146339,4467.5
0.145057,4467.75
0.146339,4468.0
0.146339,4468.25
0.145057,4468.5
0.145057,4468.75
0.145057,4469.0
0.145057,4469.25
0.145057,4469.5
0.145057,4469.75
0.146339,4470.0
0.143776,4470.25
0.145057,4470.5
0.146339,4470.75
0.143776,4471.0
0.145057,4471.25
0.145057,4471.5
0.146339,4471.75
0.14762,4472.0
0.145057,4472.25
0.145057,4472.5
0.146339,4472.75
0.142495,4473.0
0.145057,4473.25
0.145057,4473.5
0.145057,4473.75
0.145057,4474.0
0.145057,4474.25
0.145057,4474.5
0.146339,4474.75
0.145057,4475.0
0.145057,4475.25
0.146339,4475.5
0.146339,4475.75
0.145057,4476.0
0.145057,4476.25
0.143776,4476.5
0.143776,4476.75
0.145057,4477.0
0.143776,4477.25
0.146339,4477.5
0.145057,4477.75
0.146339,4478.0
0.146339,4478.25
0.143776,4478.5
0.142495,4478.75
0.145057,4479.0
0.145057,4479.25
0.145057,4479.5
0.145057,4479.75
0.143776,4480.0
0.145057,4480.25
0.143776,4480.5
0.145057,4480.75
0.145057,4481.0
0.143776,4481.25
0.143776,4481.5
0.143776,4481.75
0.143776,4482.0
0.143776,4482.25
0.143776,4482.5
0.145057,4482.75
0.143776,4483.0
0.145057,4483.25
0.143776,4483.5
0.143776,4483.75
0.145057,4484.0
0.143776,4484.25
0.145057,4484.5
0.143776,4484.75
0.145057,4485.0
0.143776,4485.25
0.143776,4485.5
0.143776,4485.75
0.142495,4486.0
0.143776,4486.25
0.145057,4486.5
0.142495,4486.75
0.145057,4487.0
0.145057,4487.25
0.143776,4487.5
0.142495,4487.75
0.143776,4488.0
0.142495,4488.25
0.142495,4488.5
0.143776,4488.75
0.145057,4489.0
0.143776,4489.25
0.143776,4489.5
0.143776,4489.75
0.143776,4490.0
0.143776,4490.25
0.145057,4490.5
0.142495,4490.75
0.145057,4491.0
0.143776,4491.25
0.143776,4491.5
0.143776,4491.75
0.145057,4492.0
0.146339,4492.25
0.142495,4492.5
0.143776,4492.75
0.142495,4493.0
0.142495,4493.25
0.142495,4493.5
0.143776,4493.75
0.145057,4494.0
0.143776,4494.25
0.146339,4494.5
0.145057,4494.75
0.143776,4495.0
0.143776,4495.25
0.143776,4495.5
0.142495,4495.75
0.145057,4496.0
0.142495,4496.25
0.142495,4496.5
0.145057,4496.75
0.142495,4497.0
0.146339,4497.25
0.143776,4497.5
0.145057,4497.75
0.143776,4498.0
0.143776,4498.25
0.142495,4498.5
0.145057,4498.75
0.142495,4499.0
0.143776,4499.25
0.143776,4499.5
0.145057,4499.75
0.145057,4500.0
0.145057,4500.25
0.145057,4500.5
0.142495,4500.75
0.142495,4501.0
0.143776,4501.25
0.145057,4501.5
0.143776,4501.75
0.142495,4502.0
0.142495,4502.25
0.142495,4502.5
0.145057,4502.75
0.143776,4503.0
0.143776,4503.25
0.143776,4503.5
0.142495,4503.75
0.143776,4504.0
0.143776,4504.25
0.142495,4504.5
0.143776,4504.75
0.143776,4505.0
0.145057,4505.25
0.14762,4505.5
0.146339,4505.75
0.146339,4506.0
0.146339,4506.25
0.145057,4506.5
0.145057,4506.75
0.146339,4507.0
0.145057,4507.25
0.145057,4507.5
0.146339,4507.75
0.146339,4508.0
0.148901,4508.25
0.146339,4508.5
0.14762,4508.75
0.143776,4509.0
0.150183,4509.25
0.148901,4509.5
0.142495,4509.75
0.151464,4510.0
0.148901,4510.25
0.155308,4510.5
0.14762,4510.75
0.14762,4511.0
0.164277,4511.25
0.141213,4511.5
0.148901,4511.75
0.151464,4512.0
0.136088,4512.25
0.133525,4512.5
0.127119,4512.75
0.110461,4513.0
0.124556,4513.25
0.143776,4513.5
0.1284,4513.75
0.106617,4514.0
0.102773,4514.25
0.127119,4514.5
0.137369,4514.75
0.146339,4515.0
0.143776,4515.25
0.134807,4515.5
0.129681,4515.75
0.120712,4516.0
0.116868,4516.25
0.119431,4516.5
0.116868,4516.75
0.119431,4517.0
0.116868,4517.25
0.116868,4517.5
0.118149,4517.75
0.116868,4518.0
0.118149,4518.25
0.119431,4518.5
0.120712,4518.75
0.110461,4519.0
0.125837,4519.25
0.130963,4519.5
0.130963,4519.75
0.107899,4520.0
0.116868,4520.25
0.127119,4520.5
0.125837,4520.75
0.134807,4521.0
0.133525,4521.25
0.123275,4521.5
0.118149,4521.75
0.113024,4522.0
0.107899,4522.25
0.111743,4522.5
0.102773,4522.75
0.106617,4523.0
0.111743,4523.25
0.116868,4523.5
0.115587,4523.75
0.114305,4524.0
0.116868,4524.25
0.098929,4524.5
0.110461,4524.75
0.105336,4525.0
0.096367,4525.25
0.105336,4525.5
0.100211,4525.75
0.106617,4526.0
0.10918,4526.25
0.110461,4526.5
0.111743,4526.75
0.113024,4527.0
0.105336,4527.25
0.101492,4527.5
0.107899,4527.75
0.118149,4528.0
0.113024,4528.25
0.101492,4528.5
0.105336,4528.75
0.107899,4529.0
0.106617,4529.25
0.104055,4529.5
0.107899,4529.75
0.106617,4530.0
0.10918,4530.25
0.106617,4530.5
0.10918,4530.75
0.107899,4531.0
0.113024,4531.25
0.110461,4531.5
0.105336,4531.75
0.119431,4532.0
0.142495,4532.25
0.148901,4532.5
0.142495,4532.75
0.134807,4533.0
0.134807,4533.25
0.132244,4533.5
0.114305,4533.75
0.107899,4534.0
0.113024,4534.25
0.10918,4534.5
0.107899,4534.75
0.115587,4535.0
0.102773,4535.25
0.106617,4535.5
0.104055,4535.75
0.095085,4536.0
0.100211,4536.25
0.091241,4536.5
0.098929,4536.75
0.095085,4537.0
0.105336,4537.25
0.101492,4537.5
0.107899,4537.75
0.107899,4538.0
0.105336,4538.25
0.123275,4538.5
0.104055,4538.75
0.107899,4539.0
0.114305,4539.25
0.111743,4539.5
0.113024,4539.75
0.115587,4540.0
0.121993,4540.25
0.127119,4540.5
0.127119,4540.75
0.130963,4541.0
0.143776,4541.25
0.136088,4541.5
0.129681,4541.75
0.123275,4542.0
0.118149,4542.25
0.116868,4542.5
0.118149,4542.75
0.118149,4543.0
0.115587,4543.25
0.114305,4543.5
0.114305,4543.75
0.115587,4544.0
0.113024,4544.25
0.111743,4544.5
0.114305,4544.75
0.113024,4545.0
0.114305,4545.25
0.113024,4545.5
0.113024,4545.75
0.111743,4546.0
0.111743,4546.25
0.113024,4546.5
0.113024,4546.75
0.113024,4547.0
0.114305,4547.25
0.114305,4547.5
0.114305,4547.75
0.114305,4548.0
0.114305,4548.25
0.114305,4548.5
0.113024,4548.75
0.115587,4549.0
0.114305,4549.25
0.114305,4549.5
0.115587,4549.75
0.116868,4550.0
0.114305,4550.25
0.114305,4550.5
0.113024,4550.75
0.114305,4551.0
0.113024,4551.25
0.111743,4551.5
0.111743,4551.75
0.111743,4552.0
0.114305,4552.25
0.111743,4552.5
0.111743,4552.75
0.110461,4553.0
0.113024,4553.25
0.110461,4553.5
0.111743,4553.75
0.10918,4554.0
0.110461,4554.25
0.10918,4554.5
0.10918,4554.75
0.110461,4555.0
0.107899,4555.25
0.107899,4555.5
0.107899,4555.75
0.110461,4556.0
0.10918,4556.25
0.110461,4556.5
0.111743,4556.75
0.111743,4557.0
0.113024,4557.25
0.114305,4557.5
0.114305,4557.75
0.113024,4558.0
0.111743,4558.25
0.10918,4558.5
0.111743,4558.75
0.10918,4559.0
0.10918,4559.25
0.110461,4559.5
0.107899,4559.75
0.10918,4560.0
0.107899,4560.25
0.10918,4560.5
0.10918,4560.75
0.106617,4561.0
0.104055,4561.25
0.105336,4561.5
0.105336,4561.75
0.105336,4562.0
0.105336,4562.25
0.102773,4562.5
0.104055,4562.75
0.101492,4563.0
0.102773,4563.25
0.100211,4563.5
0.098929,4563.75
0.098929,4564.0
0.101492,4564.25
0.100211,4564.5
0.098929,4564.75
0.098929,4565.0
0.097648,4565.25
0.098929,4565.5
0.096367,4565.75
0.097648,4566.0
0.098929,4566.25
0.098929,4566.5
0.101492,4566.75
0.101492,4567.0
0.101492,4567.25
0.106617,4567.5
0.106617,4567.75
0.10918,4568.0
0.114305,4568.25
0.111743,4568.5
0.115587,4568.75
0.118149,4569.0
0.113024,4569.25
0.107899,4569.5
0.101492,4569.75
0.097648,4570.0
0.096367,4570.25
0.093804,4570.5
0.093804,4570.75
0.096367,4571.0
0.093804,4571.25
0.095085,4571.5
0.098929,4571.75
0.096367,4572.0
0.096367,4572.25
0.097648,4572.5
0.095085,4572.75
0.093804,4573.0
0.106617,4573.25
0.10918,4573.5
0.110461,4573.75
0.113024,4574.0
0.114305,4574.25
0.115587,4574.5
0.102773,4574.75
0.095085,4575.0
0.095085,4575.25
0.096367,4575.5
0.095085,4575.75
0.096367,4576.0
0.096367,4576.25
0.095085,4576.5
0.095085,4576.75
0.096367,4577.0
0.093804,4577.25
0.095085,4577.5
0.095085,4577.75
0.095085,4578.0
0.096367,4578.25
0.095085,4578.5
0.095085,4578.75
0.093804,4579.0
0.08996,4579.25
0.088679,4579.5
0.091241,4579.75
0.08996,4580.0
0.08996,4580.25
0.087397,4580.5
0.08996,4580.75
0.091241,4581.0
0.091241,4581.25
0.08996,4581.5
0.08996,4581.75
0.091241,4582.0
0.091241,4582.25
0.092523,4582.5
0.093804,4582.75
0.092523,4583.0
0.092523,4583.25
0.092523,4583.5
0.093804,4583.75
0.093804,4584.0
0.096367,4584.25
0.08996,4584.5
0.093804,4584.75
0.093804,4585.0
0.093804,4585.25
0.092523,4585.5
0.091241,4585.75
0.093804,4586.0
0.095085,4586.25
0.093804,4586.5
0.095085,4586.75
0.095085,4587.0
0.093804,4587.25
0.092523,4587.5
0.092523,4587.75
0.092523,4588.0
0.091241,4588.25
0.084835,4588.5
0.079709,4588.75
0.072021,4589.0
0.060489,4589.25
0.060489,4589.5
0.074584,4589.75
0.078428,4590.0
0.091241,4590.25
0.091241,4590.5
0.091241,4590.75
0.092523,4591.0
0.092523,4591.25
0.091241,4591.5
0.088679,4591.75
0.086116,4592.0
0.084835,4592.25
0.084835,4592.5
0.084835,4592.75
0.084835,4593.0
0.083553,4593.25
0.086116,4593.5
0.087397,4593.75
0.091241,4594.0
0.093804,4594.25
0.100211,4594.5
0.104055,4594.75
0.132244,4595.0
0.119431,4595.25
0.10918,4595.5
0.119431,4595.75
0.106617,4596.0
0.102773,4596.25
0.095085,4596.5
0.092523,4596.75
0.092523,4597.0
0.087397,4597.25
0.080991,4597.5
0.088679,4597.75
0.092523,4598.0
0.08996,4598.25
0.086116,4598.5
0.08996,4598.75
0.088679,4599.0
0.08996,4599.25
0.088679,4599.5
0.084835,4599.75
0.087397,4600.0
0.088679,4600.25
0.087397,4600.5
0.087397,4600.75
0.087397,4601.0
0.098929,4601.25
0.119431,4601.5
0.113024,4601.75
0.073303,4602.0
0.082272,4602.25
0.086116,4602.5
0.086116,4602.75
0.075865,4603.0
0.066896,4603.25
0.066896,4603.5
0.066896,4603.75
0.07074,4604.0
0.096367,4604.25
0.102773,4604.5
0.100211,4604.75
0.096367,4605.0
0.087397,4605.25
0.095085,4605.5
0.102773,4605.75
0.116868,4606.0
0.073303,4606.25
0.07074,4606.5
0.084835,4606.75
0.095085,4607.0
0.086116,4607.25
0.075865,4607.5
0.069459,4607.75
0.063052,4608.0
0.063052,4608.25
0.054083,4608.5
0.05152,4608.75
0.096367,4609.0
0.087397,4609.25
0.084835,4609.5
0.100211,4609.75
0.101492,4610.0
0.096367,4610.25
0.092523,4610.5
0.106617,4610.75
0.104055,4611.0
0.101492,4611.25
0.083553,4611.5
0.074584,4611.75
0.069459,4612.0
0.073303,4612.25
0.078428,4612.5
0.082272,4612.75
0.084835,4613.0
0.102773,4613.25
0.075865,4613.5
0.082272,4613.75
0.102773,4614.0
0.106617,4614.25
0.091241,4614.5
0.077147,4614.75
0.074584,4615.0
0.069459,4615.25
0.069459,4615.5
0.073303,4615.75
0.084835,4616.0
0.102773,4616.25
0.105336,4616.5
0.093804,4616.75
0.084835,4617.0
0.057927,4617.25
0.086116,4617.5
0.097648,4617.75
0.097648,4618.0
0.084835,4618.25
0.092523,4618.5
0.080991,4618.75
0.105336,4619.0
0.082272,4619.25
0.077147,4619.5
0.074584,4619.75
0.065615,4620.0
0.068177,4620.25
0.082272,4620.5
0.082272,4620.75
0.096367,4621.0
0.107899,4621.25
0.107899,4621.5
0.118149,4621.75
0.125837,4622.0
0.124556,4622.25
0.124556,4622.5
0.124556,4622.75
0.121993,4623.0
0.121993,4623.25
0.120712,4623.5
0.123275,4623.75
0.130963,4624.0
0.130963,4624.25
0.124556,4624.5
0.124556,4624.75
0.124556,4625.0
0.123275,4625.25
0.124556,4625.5
0.124556,4625.75
0.120712,4626.0
0.124556,4626.25
0.124556,4626.5
0.125837,4626.75
0.124556,4627.0
0.124556,4627.25
0.137369,4627.5
0.130963,4627.75
0.134807,4628.0
0.133525,4628.25
0.133525,4628.5
0.134807,4628.75
0.132244,4629.0
0.134807,4629.25
0.136088,4629.5
0.133525,4629.75
0.136088,4630.0
0.136088,4630.25
0.136088,4630.5
0.134807,4630.75
0.134807,4631.0
0.134807,4631.25
0.136088,4631.5
0.134807,4631.75
0.136088,4632.0
0.134807,4632.25
0.136088,4632.5
0.133525,4632.75
0.134807,4633.0
0.134807,4633.25
0.134807,4633.5
0.134807,4633.75
0.133525,4634.0
0.136088,4634.25
0.136088,4634.5
0.137369,4634.75
0.138651,4635.0
0.137369,4635.25
0.136088,4635.5
0.136088,4635.75
0.134807,4636.0
0.137369,4636.25
0.136088,4636.5
0.137369,4636.75
0.136088,4637.0
0.134807,4637.25
0.137369,4637.5
0.136088,4637.75
0.134807,4638.0
0.136088,4638.25
0.136088,4638.5
0.133525,4638.75
0.134807,4639.0
0.134807,4639.25
0.134807,4639.5
0.134807,4639.75
0.134807,4640.0
0.136088,4640.25
0.136088,4640.5
0.136088,4640.75
0.133525,4641.0
0.136088,4641.25
0.136088,4641.5
0.134807,4641.75
0.134807,4642.0
0.133525,4642.25
0.136088,4642.5
0.134807,4642.75
0.136088,4643.0
0.136088,4643.25
0.133525,4643.5
0.133525,4643.75
0.134807,4644.0
0.133525,4644.25
0.134807,4644.5
0.132244,4644.75
0.133525,4645.0
0.133525,4645.25
0.133525,4645.5
0.134807,4645.75
0.134807,4646.0
0.132244,4646.25
0.132244,4646.5
0.132244,4646.75
0.130963,4647.0
0.134807,4647.25
0.134807,4647.5
0.134807,4647.75
0.136088,4648.0
0.134807,4648.25
0.134807,4648.5
0.134807,4648.75
0.134807,4649.0
0.133525,4649.25
0.134807,4649.5
0.133525,4649.75
0.132244,4650.0
0.133525,4650.25
0.132244,4650.5
0.133525,4650.75
0.133525,4651.0
0.132244,4651.25
0.133525,4651.5
0.132244,4651.75
0.130963,4652.0
0.133525,4652.25
0.132244,4652.5
0.132244,4652.75
0.132244,4653.0
0.132244,4653.25
0.132244,4653.5
0.132244,4653.75
0.132244,4654.0
0.133525,4654.25
0.132244,4654.5
0.132244,4654.75
0.133525,4655.0
0.130963,4655.25
0.132244,4655.5
0.132244,4655.75
0.132244,4656.0
0.130963,4656.25
0.130963,4656.5
0.130963,4656.75
0.130963,4657.0
0.133525,4657.25
0.130963,4657.5
0.130963,4657.75
0.132244,4658.0
0.132244,4658.25
0.132244,4658.5
0.132244,4658.75
0.130963,4659.0
0.130963,4659.25
0.133525,4659.5
0.130963,4659.75
0.130963,4660.0
0.130963,4660.25
0.129681,4660.5
0.130963,4660.75
0.132244,4661.0
0.130963,4661.25
0.132244,4661.5
0.132244,4661.75
0.132244,4662.0
0.133525,4662.25
0.130963,4662.5
0.133525,4662.75
0.132244,4663.0
0.130963,4663.25
0.132244,4663.5
0.130963,4663.75
0.130963,4664.0
0.130963,4664.25
0.129681,4664.5
0.129681,4664.75
0.130963,4665.0
0.129681,4665.25
0.132244,4665.5
0.129681,4665.75
0.1284,4666.0
0.129681,4666.25
0.1284,4666.5
0.130963,4666.75
0.129681,4667.0
0.1284,4667.25
0.129681,4667.5
0.130963,4667.75
0.129681,4668.0
0.1284,4668.25
0.129681,4668.5
0.129681,4668.75
0.1284,4669.0
0.1284,4669.25
0.1284,4669.5
0.1284,4669.75
0.1284,4670.0
0.129681,4670.25
0.129681,4670.5
0.127119,4670.75
0.130963,4671.0
0.127119,4671.25
0.127119,4671.5
0.129681,4671.75
0.129681,4672.0
0.1284,4672.25
0.129681,4672.5
0.129681,4672.75
0.127119,4673.0
0.1284,4673.25
0.129681,4673.5
0.130963,4673.75
0.129681,4674.0
0.1284,4674.25
0.1284,4674.5
0.129681,4674.75
0.1284,4675.0
0.1284,4675.25
0.129681,4675.5
0.1284,4675.75
0.1284,4676.0
0.1284,4676.25
0.1284,4676.5
0.127119,4676.75
0.129681,4677.0
0.127119,4677.25
0.1284,4677.5
0.1284,4677.75
0.129681,4678.0
0.130963,4678.25
0.1284,4678.5
0.130963,4678.75
0.129681,4679.0
0.129681,4679.25
0.130963,4679.5
0.130963,4679.75
0.1284,4680.0
0.129681,4680.25
0.129681,4680.5
0.1284,4680.75
0.1284,4681.0
0.127119,4681.25
0.130963,4681.5
0.130963,4681.75
0.130963,4682.0
0.129681,4682.25
0.129681,4682.5
0.127119,4682.75
0.136088,4683.0
0.123275,4683.25
0.119431,4683.5
0.121993,4683.75
0.101492,4684.0
0.100211,4684.25
0.102773,4684.5
0.100211,4684.75
0.1284,4685.0
0.130963,4685.25
0.139932,4685.5
0.137369,4685.75
0.133525,4686.0
0.132244,4686.25
0.132244,4686.5
0.130963,4686.75
0.132244,4687.0
0.132244,4687.25
0.132244,4687.5
0.132244,4687.75
0.132244,4688.0
0.130963,4688.25
0.130963,4688.5
0.124556,4688.75
0.119431,4689.0
0.120712,4689.25
0.096367,4689.5
0.091241,4689.75
0.124556,4690.0
0.130963,4690.25
0.134807,4690.5
0.134807,4690.75
0.132244,4691.0
0.132244,4691.25
0.132244,4691.5
0.132244,4691.75
0.132244,4692.0
0.130963,4692.25
0.132244,4692.5
0.130963,4692.75
0.1284,4693.0
0.129681,4693.25
0.132244,4693.5
0.130963,4693.75
0.129681,4694.0
0.129681,4694.25
0.1284,4694.5
0.1284,4694.75
0.1284,4695.0
0.130963,4695.25
0.129681,4695.5
0.1284,4695.75
0.1284,4696.0
0.1284,4696.25
0.127119,4696.5
0.127119,4696.75
0.127119,4697.0
0.1284,4697.25
0.129681,4697.5
0.1284,4697.75
0.1284,4698.0
0.129681,4698.25
0.129681,4698.5
0.1284,4698.75
0.1284,4699.0
0.127119,4699.25
0.127119,4699.5
0.1284,4699.75
0.1284,4700.0
0.1284,4700.25
0.127119,4700.5
0.129681,4700.75
0.127119,4701.0
0.125837,4701.25
0.125837,4701.5
0.127119,4701.75
0.121993,4702.0
0.154027,4702.25
0.143776,4702.5
0.134807,4702.75
0.132244,4703.0
0.1284,4703.25
0.127119,4703.5
0.1284,4703.75
0.127119,4704.0
0.124556,4704.25
0.124556,4704.5
0.124556,4704.75
0.123275,4705.0
0.123275,4705.25
0.124556,4705.5
0.124556,4705.75
0.124556,4706.0
0.125837,4706.25
0.125837,4706.5
0.123275,4706.75
0.123275,4707.0
0.125837,4707.25
0.121993,4707.5
0.123275,4707.75
0.123275,4708.0
0.123275,4708.25
0.121993,4708.5
0.121993,4708.75
0.123275,4709.0
0.123275,4709.25
0.120712,4709.5
0.121993,4709.75
0.124556,4710.0
0.123275,4710.25
0.121993,4710.5
0.121993,4710.75
0.123275,4711.0
0.123275,4711.25
0.121993,4711.5
0.123275,4711.75
0.123275,4712.0
0.120712,4712.25
0.121993,4712.5
0.123275,4712.75
0.120712,4713.0
0.120712,4713.25
0.119431,4713.5
0.120712,4713.75
0.125837,4714.0
0.127119,4714.25
0.127119,4714.5
0.125837,4714.75
0.125837,4715.0
0.123275,4715.25
0.124556,4715.5
0.123275,4715.75
0.123275,4716.0
0.125837,4716.25
0.124556,4716.5
0.124556,4716.75
0.123275,4717.0
0.125837,4717.25
0.124556,4717.5
0.124556,4717.75
0.124556,4718.0
0.123275,4718.25
0.123275,4718.5
0.123275,4718.75
0.121993,4719.0
0.121993,4719.25
0.124556,4719.5
0.123275,4719.75
0.124556,4720.0
0.115587,4720.25
0.095085,4720.5
0.104055,4720.75
0.104055,4721.0
0.100211,4721.25
0.096367,4721.5
0.08996,4721.75
0.087397,4722.0
0.093804,4722.25
0.084835,4722.5
0.072021,4722.75
0.072021,4723.0
0.073303,4723.25
0.080991,4723.5
0.084835,4723.75
0.074584,4724.0
0.138651,4724.25
0.191185,4724.5
0.184779,4724.75
0.113024,4725.0
0.101492,4725.25
0.097648,4725.5
0.093804,4725.75
0.092523,4726.0
0.08996,4726.25
0.102773,4726.5
0.091241,4726.75
0.098929,4727.0
0.116868,4727.25
0.120712,4727.5
0.127119,4727.75
0.123275,4728.0
0.123275,4728.25
0.123275,4728.5
0.10918,4728.75
0.087397,4729.0
0.060489,4729.25
0.066896,4729.5
0.078428,4729.75
0.095085,4730.0
0.096367,4730.25
0.091241,4730.5
0.092523,4730.75
0.106617,4731.0
0.124556,4731.25
0.124556,4731.5
0.121993,4731.75
0.121993,4732.0
0.123275,4732.25
0.125837,4732.5
0.125837,4732.75
0.125837,4733.0
0.125837,4733.25
0.127119,4733.5
0.127119,4733.75
0.127119,4734.0
0.125837,4734.25
0.127119,4734.5
0.129681,4734.75
0.127119,4735.0
0.1284,4735.25
0.130963,4735.5
0.127119,4735.75
0.125837,4736.0
0.120712,4736.25
0.121993,4736.5
0.123275,4736.75
0.123275,4737.0
0.110461,4737.25
0.129681,4737.5
0.169403,4737.75
0.173247,4738.0
0.173247,4738.25
0.174528,4738.5
0.171965,4738.75
0.16684,4739.0
0.165559,4739.25
0.164277,4739.5
0.161715,4739.75
0.157871,4740.0
0.159152,4740.25
0.156589,4740.5
0.156589,4740.75
0.157871,4741.0
0.154027,4741.25
0.152745,4741.5
0.148901,4741.75
0.151464,4742.0
0.150183,4742.25
0.148901,4742.5
0.150183,4742.75
0.150183,4743.0
0.148901,4743.25
0.150183,4743.5
0.151464,4743.75
0.150183,4744.0
0.151464,4744.25
0.151464,4744.5
0.150183,4744.75
0.150183,4745.0
0.150183,4745.25
0.150183,4745.5
0.151464,4745.75
0.148901,4746.0
0.134807,4746.25
0.121993,4746.5
0.093804,4746.75
0.092523,4747.0
0.098929,4747.25
0.113024,4747.5
0.120712,4747.75
0.127119,4748.0
0.125837,4748.25
0.127119,4748.5
0.127119,4748.75
0.107899,4749.0
0.105336,4749.25
0.104055,4749.5
0.110461,4749.75
0.119431,4750.0
0.133525,4750.25
0.116868,4750.5
0.119431,4750.75
0.124556,4751.0
0.142495,4751.25
0.139932,4751.5
0.133525,4751.75
0.136088,4752.0
0.141213,4752.25
0.14762,4752.5
0.171965,4752.75
0.182216,4753.0
0.183497,4753.25
0.168121,4753.5
0.169403,4753.75
0.169403,4754.0
0.16684,4754.25
0.161715,4754.5
0.155308,4754.75
0.154027,4755.0
0.157871,4755.25
0.164277,4755.5
0.168121,4755.75
0.161715,4756.0
0.159152,4756.25
0.159152,4756.5
0.164277,4756.75
0.154027,4757.0
0.154027,4757.25
0.162996,4757.5
0.180935,4757.75
0.179653,4758.0
0.183497,4758.25
0.193748,4758.5
0.203999,4758.75
0.211686,4759.0
0.219374,4759.25
0.227062,4759.5
0.238594,4759.75
0.248845,4760.0
0.252689,4760.25
0.260377,4760.5
0.256533,4760.75
0.251408,4761.0
0.247564,4761.25
0.246282,4761.5
0.238594,4761.75
0.236032,4762.0
0.23475,4762.25
0.230906,4762.5
0.230906,4762.75
0.225781,4763.0
0.2245,4763.25
0.214249,4763.5
0.209124,4763.75
0.202717,4764.0
0.198873,4764.25
0.198873,4764.5
0.201436,4764.75
0.203999,4765.0
0.198873,4765.25
0.195029,4765.5
0.189904,4765.75
0.191185,4766.0
0.197592,4766.25
0.191185,4766.5
0.183497,4766.75
0.183497,4767.0
0.182216,4767.25
0.182216,4767.5
0.184779,4767.75
0.183497,4768.0
0.179653,4768.25
0.182216,4768.5
0.182216,4768.75
0.175809,4769.0
0.183497,4769.25
0.183497,4769.5
0.173247,4769.75
0.171965,4770.0
0.170684,4770.25
0.169403,4770.5
0.170684,4770.75
0.16684,4771.0
0.16684,4771.25
0.165559,4771.5
0.162996,4771.75
0.162996,4772.0
0.164277,4772.25
0.164277,4772.5
0.165559,4772.75
0.16684,4773.0
0.171965,4773.25
0.171965,4773.5
0.169403,4773.75
0.173247,4774.0
0.170684,4774.25
0.168121,4774.5
0.160433,4774.75
0.161715,4775.0
0.162996,4775.25
0.164277,4775.5
0.162996,4775.75
0.164277,4776.0
0.162996,4776.25
0.164277,4776.5
0.16684,4776.75
0.169403,4777.0
0.175809,4777.25
0.177091,4777.5
0.183497,4777.75
0.184779,4778.0
0.184779,4778.25
0.184779,4778.5
0.18606,4778.75
0.180935,4779.0
0.182216,4779.25
0.180935,4779.5
0.177091,4779.75
0.175809,4780.0
0.175809,4780.25
0.177091,4780.5
0.177091,4780.75
0.178372,4781.0
0.174528,4781.25
0.174528,4781.5
0.171965,4781.75
0.179653,4782.0
0.184779,4782.25
0.184779,4782.5
0.193748,4782.75
0.189904,4783.0
0.188623,4783.25
0.189904,4783.5
0.189904,4783.75
0.189904,4784.0
0.192467,4784.25
0.192467,4784.5
0.192467,4784.75
0.193748,4785.0
0.195029,4785.25
0.198873,4785.5
0.200155,4785.75
0.206561,4786.0
0.21553,4786.25
0.216812,4786.5
0.219374,4786.75
0.220656,4787.0
0.2245,4787.25
0.2245,4787.5
0.223218,4787.75
0.221937,4788.0
0.220656,4788.25
0.220656,4788.5
0.220656,4788.75
0.219374,4789.0
0.220656,4789.25
0.218093,4789.5
0.216812,4789.75
0.21553,4790.0
0.21553,4790.25
0.21553,4790.5
0.21553,4790.75
0.21553,4791.0
0.216812,4791.25
0.219374,4791.5
0.220656,4791.75
0.220656,4792.0
0.221937,4792.25
0.220656,4792.5
0.219374,4792.75
0.219374,4793.0
0.219374,4793.25
0.218093,4793.5
0.220656,4793.75
0.218093,4794.0
0.21553,4794.25
0.21553,4794.5
0.21553,4794.75
0.212968,4795.0
0.212968,4795.25
0.212968,4795.5
0.210405,4795.75
0.211686,4796.0
0.210405,4796.25
0.212968,4796.5
0.211686,4796.75
0.210405,4797.0
0.212968,4797.25
0.212968,4797.5
0.210405,4797.75
0.211686,4798.0
0.210405,4798.25
0.209124,4798.5
0.209124,4798.75
0.210405,4799.0
0.209124,4799.25
0.210405,4799.5
0.212968,4799.75
0.214249,4800.0
0.216812,4800.25
0.2245,4800.5
0.230906,4800.75
0.233469,4801.0
0.236032,4801.25
0.23475,4801.5
0.232188,4801.75
0.232188,4802.0
0.229625,4802.25
0.227062,4802.5
0.225781,4802.75
0.223218,4803.0
0.221937,4803.25
0.223218,4803.5
0.220656,4803.75
0.221937,4804.0
0.220656,4804.25
0.220656,4804.5
0.220656,4804.75
0.219374,4805.0
0.218093,4805.25
0.219374,4805.5
0.218093,4805.75
0.21553,4806.0
0.218093,4806.25
0.218093,4806.5
0.214249,4806.75
0.214249,4807.0
0.211686,4807.25
0.210405,4807.5
0.214249,4807.75
0.219374,4808.0
0.223218,4808.25
0.2245,4808.5
0.228344,4808.75
0.227062,4809.0
0.2245,4809.25
0.229625,4809.5
0.232188,4809.75
0.233469,4810.0
0.23475,4810.25
0.232188,4810.5
0.232188,4810.75
0.232188,4811.0
0.229625,4811.25
0.228344,4811.5
0.228344,4811.75
0.228344,4812.0
0.225781,4812.25
0.225781,4812.5
0.225781,4812.75
0.2245,4813.0
0.2245,4813.25
0.221937,4813.5
0.223218,4813.75
0.223218,4814.0
0.220656,4814.25
0.221937,4814.5
0.220656,4814.75
0.218093,4815.0
0.218093,4815.25
0.218093,4815.5
0.216812,4815.75
0.21553,4816.0
0.216812,4816.25
0.212968,4816.5
0.21553,4816.75
0.214249,4817.0
0.214249,4817.25
0.214249,4817.5
0.214249,4817.75
0.212968,4818.0
0.212968,4818.25
0.212968,4818.5
0.210405,4818.75
0.212968,4819.0
0.210405,4819.25
0.210405,4819.5
0.210405,4819.75
0.209124,4820.0
0.207842,4820.25
0.207842,4820.5
0.207842,4820.75
0.207842,4821.0
0.20528,4821.25
0.206561,4821.5
0.206561,4821.75
0.203999,4822.0
0.206561,4822.25
0.206561,4822.5
0.203999,4822.75
0.20528,4823.0
0.20528,4823.25
0.202717,4823.5
0.20528,4823.75
0.203999,4824.0
0.20528,4824.25
0.206561,4824.5
0.20528,4824.75
0.206561,4825.0
0.20528,4825.25
0.203999,4825.5
0.201436,4825.75
0.202717,4826.0
0.201436,4826.25
0.201436,4826.5
0.202717,4826.75
0.201436,4827.0
0.202717,4827.25
0.200155,4827.5
0.200155,4827.75
0.198873,4828.0
0.197592,4828.25
0.197592,4828.5
0.198873,4828.75
0.198873,4829.0
0.197592,4829.25
0.196311,4829.5
0.197592,4829.75
0.198873,4830.0
0.197592,4830.25
0.197592,4830.5
0.197592,4830.75
0.195029,4831.0
0.195029,4831.25
0.196311,4831.5
0.193748,4831.75
0.195029,4832.0
0.193748,4832.25
0.193748,4832.5
0.195029,4832.75
0.192467,4833.0
0.191185,4833.25
0.195029,4833.5
0.195029,4833.75
0.198873,4834.0
0.201436,4834.25
0.203999,4834.5
0.20528,4834.75
0.207842,4835.0
0.20528,4835.25
0.20528,4835.5
0.20528,4835.75
0.203999,4836.0
0.202717,4836.25
0.200155,4836.5
0.200155,4836.75
0.200155,4837.0
0.198873,4837.25
0.198873,4837.5
0.195029,4837.75
0.195029,4838.0
0.195029,4838.25
0.192467,4838.5
0.195029,4838.75
0.193748,4839.0
0.192467,4839.25
0.193748,4839.5
0.193748,4839.75
0.188623,4840.0
0.189904,4840.25
0.189904,4840.5
0.193748,4840.75
0.195029,4841.0
0.191185,4841.25
0.191185,4841.5
0.188623,4841.75
0.189904,4842.0
0.189904,4842.25
0.187341,4842.5
0.187341,4842.75
0.183497,4843.0
0.183497,4843.25
0.184779,4843.5
0.191185,4843.75
0.192467,4844.0
0.195029,4844.25
0.193748,4844.5
0.195029,4844.75
0.195029,4845.0
0.196311,4845.25
0.196311,4845.5
0.192467,4845.75
0.191185,4846.0
0.192467,4846.25
0.188623,4846.5
0.187341,4846.75
0.191185,4847.0
0.188623,4847.25
0.187341,4847.5
0.188623,4847.75
0.189904,4848.0
0.188623,4848.25
0.188623,4848.5
0.18606,4848.75
0.18606,4849.0
0.189904,4849.25
0.187341,4849.5
0.189904,4849.75
0.188623,4850.0
0.188623,4850.25
0.188623,4850.5
0.188623,4850.75
0.188623,4851.0
0.188623,4851.25
0.188623,4851.5
0.188623,4851.75
0.191185,4852.0
0.189904,4852.25
0.188623,4852.5
0.188623,4852.75
0.188623,4853.0
0.187341,4853.25
0.188623,4853.5
0.188623,4853.75
0.18606,4854.0
0.184779,4854.25
0.182216,4854.5
0.173247,4854.75
0.173247,4855.0
0.188623,4855.25
0.195029,4855.5
0.197592,4855.75
0.203999,4856.0
0.210405,4856.25
0.211686,4856.5
0.21553,4856.75
0.214249,4857.0
0.214249,4857.25
0.214249,4857.5
0.212968,4857.75
0.209124,4858.0
0.195029,4858.25
0.191185,4858.5
0.191185,4858.75
0.192467,4859.0
0.188623,4859.25
0.188623,4859.5
0.192467,4859.75
0.189904,4860.0
0.193748,4860.25
0.195029,4860.5
0.187341,4860.75
0.20528,4861.0
0.209124,4861.25
0.20528,4861.5
0.206561,4861.75
0.21553,4862.0
0.227062,4862.25
0.218093,4862.5
0.212968,4862.75
0.21553,4863.0
0.207842,4863.25
0.197592,4863.5
0.193748,4863.75
0.193748,4864.0
0.197592,4864.25
0.206561,4864.5
0.210405,4864.75
0.21553,4865.0
0.219374,4865.25
0.2245,4865.5
0.236032,4865.75
0.239876,4866.0
0.242438,4866.25
0.241157,4866.5
0.230906,4866.75
0.229625,4867.0
0.227062,4867.25
0.21553,4867.5
0.2245,4867.75
0.221937,4868.0
0.218093,4868.25
0.211686,4868.5
0.207842,4868.75
0.210405,4869.0
0.209124,4869.25
0.212968,4869.5
0.206561,4869.75
0.207842,4870.0
0.207842,4870.25
0.20528,4870.5
0.20528,4870.75
0.20528,4871.0
0.206561,4871.25
0.203999,4871.5
0.20528,4871.75
0.203999,4872.0
0.20528,4872.25
0.206561,4872.5
0.20528,4872.75
0.203999,4873.0
0.203999,4873.25
0.202717,4873.5
0.203999,4873.75
0.20528,4874.0
0.203999,4874.25
0.203999,4874.5
0.20528,4874.75
0.202717,4875.0
0.206561,4875.25
0.206561,4875.5
0.209124,4875.75
0.211686,4876.0
0.211686,4876.25
0.212968,4876.5
0.21553,4876.75
0.212968,4877.0
0.211686,4877.25
0.211686,4877.5
0.214249,4877.75
0.212968,4878.0
0.211686,4878.25
0.207842,4878.5
0.206561,4878.75
0.20528,4879.0
0.20528,4879.25
0.207842,4879.5
0.203999,4879.75
0.206561,4880.0
0.203999,4880.25
0.203999,4880.5
0.203999,4880.75
0.203999,4881.0
0.203999,4881.25
0.201436,4881.5
0.203999,4881.75
0.201436,4882.0
0.201436,4882.25
0.198873,4882.5
0.197592,4882.75
0.197592,4883.0
0.197592,4883.25
0.196311,4883.5
0.195029,4883.75
0.193748,4884.0
0.195029,4884.25
0.195029,4884.5
0.195029,4884.75
0.196311,4885.0
0.196311,4885.25
0.195029,4885.5
0.196311,4885.75
0.196311,4886.0
0.195029,4886.25
0.195029,4886.5
0.196311,4886.75
0.193748,4887.0
0.193748,4887.25
0.193748,4887.5
0.196311,4887.75
0.193748,4888.0
0.195029,4888.25
0.193748,4888.5
0.193748,4888.75
0.193748,4889.0
0.193748,4889.25
0.195029,4889.5
0.195029,4889.75
0.193748,4890.0
0.193748,4890.25
0.192467,4890.5
0.193748,4890.75
0.193748,4891.0
0.195029,4891.25
0.196311,4891.5
0.196311,4891.75
0.195029,4892.0
0.196311,4892.25
0.196311,4892.5
0.195029,4892.75
0.193748,4893.0
0.196311,4893.25
0.196311,4893.5
0.196311,4893.75
0.196311,4894.0
0.193748,4894.25
0.195029,4894.5
0.195029,4894.75
0.195029,4895.0
0.195029,4895.25
0.192467,4895.5
0.193748,4895.75
0.193748,4896.0
0.192467,4896.25
0.195029,4896.5
0.191185,4896.75
0.189904,4897.0
0.193748,4897.25
0.191185,4897.5
0.191185,4897.75
0.192467,4898.0
0.189904,4898.25
0.188623,4898.5
0.193748,4898.75
0.191185,4899.0
0.192467,4899.25
0.192467,4899.5
0.188623,4899.75
0.192467,4900.0
0.192467,4900.25
0.195029,4900.5
0.195029,4900.75
0.200155,4901.0
0.201436,4901.25
0.202717,4901.5
0.200155,4901.75
0.200155,4902.0
0.202717,4902.25
0.203999,4902.5
0.203999,4902.75
0.20528,4903.0
0.20528,4903.25
0.203999,4903.5
0.20528,4903.75
0.206561,4904.0
0.212968,4904.25
0.218093,4904.5
0.229625,4904.75
0.237313,4905.0
0.241157,4905.25
0.242438,4905.5
0.245001,4905.75
0.242438,4906.0
0.238594,4906.25
0.23475,4906.5
0.229625,4906.75
0.229625,4907.0
0.223218,4907.25
0.2245,4907.5
0.223218,4907.75
0.220656,4908.0
0.221937,4908.25
0.220656,4908.5
0.220656,4908.75
0.219374,4909.0
0.219374,4909.25
0.218093,4909.5
0.219374,4909.75
0.218093,4910.0
0.218093,4910.25
0.21553,4910.5
0.216812,4910.75
0.214249,4911.0
0.21553,4911.25
0.21553,4911.5
0.214249,4911.75
0.211686,4912.0
0.212968,4912.25
0.214249,4912.5
0.212968,4912.75
0.214249,4913.0
0.211686,4913.25
0.210405,4913.5
0.211686,4913.75
0.209124,4914.0
0.207842,4914.25
0.209124,4914.5
0.207842,4914.75
0.206561,4915.0
0.207842,4915.25
0.206561,4915.5
0.20528,4915.75
0.206561,4916.0
0.206561,4916.25
0.206561,4916.5
0.203999,4916.75
0.206561,4917.0
0.206561,4917.25
0.206561,4917.5
0.206561,4917.75
0.206561,4918.0
0.20528,4918.25
0.203999,4918.5
0.203999,4918.75
0.203999,4919.0
0.202717,4919.25
0.203999,4919.5
0.203999,4919.75
0.201436,4920.0
0.201436,4920.25
0.202717,4920.5
0.202717,4920.75
0.200155,4921.0
0.202717,4921.25
0.201436,4921.5
0.200155,4921.75
0.197592,4922.0
0.198873,4922.25
0.198873,4922.5
0.197592,4922.75
0.198873,4923.0
0.195029,4923.25
0.193748,4923.5
0.193748,4923.75
0.195029,4924.0
0.195029,4924.25
0.193748,4924.5
0.193748,4924.75
0.197592,4925.0
0.196311,4925.25
0.195029,4925.5
0.196311,4925.75
0.198873,4926.0
0.196311,4926.25
0.192467,4926.5
0.198873,4926.75
0.196311,4927.0
0.197592,4927.25
0.195029,4927.5
0.193748,4927.75
0.191185,4928.0
0.191185,4928.25
0.191185,4928.5
0.188623,4928.75
0.191185,4929.0
0.189904,4929.25
0.191185,4929.5
0.188623,4929.75
0.188623,4930.0
0.18606,4930.25
0.18606,4930.5
0.18606,4930.75
0.18606,4931.0
0.187341,4931.25
0.18606,4931.5
0.184779,4931.75
0.184779,4932.0
0.183497,4932.25
0.184779,4932.5
0.184779,4932.75
0.184779,4933.0
0.187341,4933.25
0.18606,4933.5
0.187341,4933.75
0.184779,4934.0
0.184779,4934.25
0.18606,4934.5
0.18606,4934.75
0.184779,4935.0
0.184779,4935.25
0.18606,4935.5
0.184779,4935.75
0.184779,4936.0
0.183497,4936.25
0.184779,4936.5
0.183497,4936.75
0.182216,4937.0
0.184779,4937.25
0.184779,4937.5
0.184779,4937.75
0.183497,4938.0
0.183497,4938.25
0.183497,4938.5
0.183497,4938.75
0.183497,4939.0
0.180935,4939.25
0.180935,4939.5
0.180935,4939.75
0.180935,4940.0
0.179653,4940.25
0.179653,4940.5
0.179653,4940.75
0.180935,4941.0
0.180935,4941.25
0.180935,4941.5
0.178372,4941.75
0.179653,4942.0
0.179653,4942.25
0.178372,4942.5
0.179653,4942.75
0.179653,4943.0
0.178372,4943.25
0.178372,4943.5
0.175809,4943.75
0.178372,4944.0
0.174528,4944.25
0.174528,4944.5
0.174528,4944.75
0.174528,4945.0
0.174528,4945.25
0.171965,4945.5
0.173247,4945.75
0.174528,4946.0
0.174528,4946.25
0.177091,4946.5
0.180935,4946.75
0.182216,4947.0
0.18606,4947.25
0.188623,4947.5
0.189904,4947.75
0.192467,4948.0
0.195029,4948.25
0.192467,4948.5
0.188623,4948.75
0.189904,4949.0
0.191185,4949.25
0.188623,4949.5
0.188623,4949.75
0.188623,4950.0
0.188623,4950.25
0.189904,4950.5
0.193748,4950.75
0.197592,4951.0
0.200155,4951.25
0.203999,4951.5
0.202717,4951.75
0.191185,4952.0
0.184779,4952.25
0.183497,4952.5
0.183497,4952.75
0.182216,4953.0
0.20528,4953.25
0.182216,4953.5
0.182216,4953.75
0.180935,4954.0
0.184779,4954.25
0.183497,4954.5
0.182216,4954.75
0.182216,4955.0
0.182216,4955.25
0.179653,4955.5
0.178372,4955.75
0.179653,4956.0
0.178372,4956.25
0.179653,4956.5
0.178372,4956.75
0.178372,4957.0
0.179653,4957.25
0.180935,4957.5
0.178372,4957.75
0.179653,4958.0
0.178372,4958.25
0.178372,4958.5
0.179653,4958.75
0.175809,4959.0
0.174528,4959.25
0.177091,4959.5
0.175809,4959.75
0.175809,4960.0
0.177091,4960.25
0.174528,4960.5
0.174528,4960.75
0.173247,4961.0
0.173247,4961.25
0.174528,4961.5
0.174528,4961.75
0.173247,4962.0
0.171965,4962.25
0.173247,4962.5
0.171965,4962.75
0.173247,4963.0
0.173247,4963.25
0.171965,4963.5
0.171965,4963.75
0.170684,4964.0
0.173247,4964.25
0.171965,4964.5
0.171965,4964.75
0.173247,4965.0
0.171965,4965.25
0.171965,4965.5
0.171965,4965.75
0.171965,4966.0
0.169403,4966.25
0.170684,4966.5
0.170684,4966.75
0.170684,4967.0
0.169403,4967.25
0.170684,4967.5
0.169403,4967.75
0.168121,4968.0
0.169403,4968.25
0.169403,4968.5
0.168121,4968.75
0.168121,4969.0
0.168121,4969.25
0.168121,4969.5
0.169403,4969.75
0.16684,4970.0
0.168121,4970.25
0.168121,4970.5
0.168121,4970.75
0.165559,4971.0
0.165559,4971.25
0.16684,4971.5
0.165559,4971.75
0.165559,4972.0
0.165559,4972.25
0.165559,4972.5
0.165559,4972.75
0.16684,4973.0
0.165559,4973.25
0.164277,4973.5
0.164277,4973.75
0.165559,4974.0
0.164277,4974.25
0.164277,4974.5
0.164277,4974.75
0.164277,4975.0
0.164277,4975.25
0.162996,4975.5
0.164277,4975.75
0.162996,4976.0
0.164277,4976.25
0.162996,4976.5
0.162996,4976.75
0.161715,4977.0
0.162996,4977.25
0.161715,4977.5
0.160433,4977.75
0.160433,4978.0
0.162996,4978.25
0.160433,4978.5
0.157871,4978.75
0.161715,4979.0
0.160433,4979.25
0.159152,4979.5
0.161715,4979.75
0.161715,4980.0
0.157871,4980.25
0.160433,4980.5
0.157871,4980.75
0.157871,4981.0
0.159152,4981.25
0.156589,4981.5
0.159152,4981.75
0.159152,4982.0
0.157871,4982.25
0.156589,4982.5
0.156589,4982.75
0.155308,4983.0
0.155308,4983.25
0.157871,4983.5
0.157871,4983.75
0.156589,4984.0
0.155308,4984.25
0.155308,4984.5
0.156589,4984.75
0.155308,4985.0
0.154027,4985.25
0.155308,4985.5
0.156589,4985.75
0.155308,4986.0
0.152745,4986.25
0.154027,4986.5
0.156589,4986.75
0.154027,4987.0
0.155308,4987.25
0.154027,4987.5
0.152745,4987.75
0.154027,4988.0
0.154027,4988.25
0.152745,4988.5
0.152745,4988.75
0.151464,4989.0
0.151464,4989.25
0.152745,4989.5
0.150183,4989.75
0.151464,4990.0
0.151464,4990.25
0.151464,4990.5
0.151464,4990.75
0.151464,4991.0
0.151464,4991.25
0.148901,4991.5
0.151464,4991.75
0.150183,4992.0
0.151464,4992.25
0.148901,4992.5
0.150183,4992.75
0.150183,4993.0
0.148901,4993.25
0.14762,4993.5
0.150183,4993.75
0.150183,4994.0
0.14762,4994.25
0.14762,4994.5
0.148901,4994.75
0.150183,4995.0
0.146339,4995.25
0.148901,4995.5
0.148901,4995.75
0.14762,4996.0
0.146339,4996.25
0.146339,4996.5
0.14762,4996.75
0.14762,4997.0
0.14762,4997.25
0.146339,4997.5
0.145057,4997.75
0.145057,4998.0
0.145057,4998.25
0.145057,4998.5
0.146339,4998.75
0.14762,4999.0
0.146339,4999.25
0.145057,4999.5
0.145057,4999.75
0.145057,5000.0
0.143776,5000.25
0.143776,5000.5
0.145057,5000.75
0.143776,5001.0
0.143776,5001.25
0.145057,5001.5
0.143776,5001.75
0.143776,5002.0
0.143776,5002.25
0.143776,5002.5
0.142495,5002.75
0.143776,5003.0
0.143776,5003.25
0.142495,5003.5
0.142495,5003.75
0.143776,5004.0
0.141213,5004.25
0.141213,5004.5
0.142495,5004.75
0.142495,5005.0
0.141213,5005.25
0.142495,5005.5
0.141213,5005.75
0.142495,5006.0
0.139932,5006.25
0.141213,5006.5
0.141213,5006.75
0.139932,5007.0
0.139932,5007.25
0.139932,5007.5
0.138651,5007.75
0.139932,5008.0
0.139932,5008.25
0.139932,5008.5
0.139932,5008.75
0.138651,5009.0
0.137369,5009.25
0.138651,5009.5
0.138651,5009.75
0.139932,5010.0
0.139932,5010.25
0.138651,5010.5
0.138651,5010.75
0.139932,5011.0
0.138651,5011.25
0.138651,5011.5
0.137369,5011.75
0.138651,5012.0
0.137369,5012.25
0.137369,5012.5
0.136088,5012.75
0.136088,5013.0
0.136088,5013.25
0.136088,5013.5
0.136088,5013.75
0.136088,5014.0
0.136088,5014.25
0.134807,5014.5
0.134807,5014.75
0.134807,5015.0
0.134807,5015.25
0.134807,5015.5
0.134807,5015.75
0.133525,5016.0
0.133525,5016.25
0.134807,5016.5
0.133525,5016.75
0.134807,5017.0
0.132244,5017.25
0.133525,5017.5
0.132244,5017.75
0.130963,5018.0
0.130963,5018.25
0.130963,5018.5
0.129681,5018.75
0.130963,5019.0
0.130963,5019.25
0.14762,5019.5
0.138651,5019.75
0.145057,5020.0
0.148901,5020.25
0.142495,5020.5
0.14762,5020.75
0.148901,5021.0
0.150183,5021.25
0.157871,5021.5
0.165559,5021.75
0.161715,5022.0
0.165559,5022.25
0.159152,5022.5
0.16684,5022.75
0.16684,5023.0
0.18606,5023.25
0.210405,5023.5
0.221937,5023.75
0.241157,5024.0
0.257814,5024.25
0.252689,5024.5
0.274472,5024.75
0.289848,5025.0
0.296254,5025.25
0.3206,5025.5
0.332132,5025.75
0.333413,5026.0
0.35904,5026.25
0.361602,5026.5
0.361602,5026.75
0.361602,5027.0
0.360321,5027.25
0.355196,5027.5
0.35007,5027.75
0.342382,5028.0
0.335976,5028.25
0.332132,5028.5
0.325725,5028.75
0.3206,5029.0
0.316756,5029.25
0.31163,5029.5
0.309068,5029.75
0.302661,5030.0
0.300098,5030.25
0.294973,5030.5
0.294973,5030.75
0.289848,5031.0
0.288566,5031.25
0.286004,5031.5
0.284722,5031.75
0.28216,5032.0
0.28216,5032.25
0.279597,5032.5
0.278316,5032.75
0.275753,5033.0
0.271909,5033.25
0.271909,5033.5
0.269346,5033.75
0.268065,5034.0
0.265502,5034.25
0.265502,5034.5
0.26294,5034.75
0.261658,5035.0
0.260377,5035.25
0.259096,5035.5
0.257814,5035.75
0.256533,5036.0
0.255252,5036.25
0.256533,5036.5
0.255252,5036.75
0.255252,5037.0
0.255252,5037.25
0.25397,5037.5
0.252689,5037.75
0.25397,5038.0
0.252689,5038.25
0.252689,5038.5
0.251408,5038.75
0.252689,5039.0
0.251408,5039.25
0.250126,5039.5
0.248845,5039.75
0.248845,5040.0
0.247564,5040.25
0.247564,5040.5
0.247564,5040.75
0.246282,5041.0
0.246282,5041.25
0.246282,5041.5
0.246282,5041.75
0.247564,5042.0
0.246282,5042.25
0.246282,5042.5
0.246282,5042.75
0.245001,5043.0
0.24372,5043.25
0.24372,5043.5
0.241157,5043.75
0.24372,5044.0
0.242438,5044.25
0.24372,5044.5
0.24372,5044.75
0.24372,5045.0
0.241157,5045.25
0.239876,5045.5
0.239876,5045.75
0.239876,5046.0
0.239876,5046.25
0.239876,5046.5
0.238594,5046.75
0.237313,5047.0
0.237313,5047.25
0.237313,5047.5
0.23475,5047.75
0.236032,5048.0
0.236032,5048.25
0.23475,5048.5
0.23475,5048.75
0.23475,5049.0
0.233469,5049.25
0.233469,5049.5
0.23475,5049.75
0.23475,5050.0
0.23475,5050.25
0.232188,5050.5
0.232188,5050.75
0.233469,5051.0
0.230906,5051.25
0.230906,5051.5
0.229625,5051.75
0.230906,5052.0
0.233469,5052.25
0.23475,5052.5
0.237313,5052.75
0.238594,5053.0
0.238594,5053.25
0.239876,5053.5
0.241157,5053.75
0.238594,5054.0
0.238594,5054.25
0.238594,5054.5
0.237313,5054.75
0.237313,5055.0
0.237313,5055.25
0.236032,5055.5
0.23475,5055.75
0.23475,5056.0
0.233469,5056.25
0.232188,5056.5
0.233469,5056.75
0.230906,5057.0
0.232188,5057.25
0.232188,5057.5
0.232188,5057.75
0.230906,5058.0
0.233469,5058.25
0.230906,5058.5
0.230906,5058.75
0.230906,5059.0
0.229625,5059.25
0.232188,5059.5
0.230906,5059.75
0.230906,5060.0
0.230906,5060.25
0.230906,5060.5
0.232188,5060.75
0.230906,5061.0
0.230906,5061.25
0.232188,5061.5
0.232188,5061.75
0.232188,5062.0
0.230906,5062.25
0.232188,5062.5
0.230906,5062.75
0.229625,5063.0
0.230906,5063.25
0.227062,5063.5
0.232188,5063.75
0.229625,5064.0
0.233469,5064.25
0.232188,5064.5
0.229625,5064.75
0.229625,5065.0
0.229625,5065.25
0.233469,5065.5
0.24372,5065.75
0.247564,5066.0
0.252689,5066.25
0.259096,5066.5
0.261658,5066.75
0.264221,5067.0
0.265502,5067.25
0.265502,5067.5
0.269346,5067.75
0.270628,5068.0
0.270628,5068.25
0.270628,5068.5
0.269346,5068.75
0.266784,5069.0
0.265502,5069.25
0.264221,5069.5
0.264221,5069.75
0.261658,5070.0
0.260377,5070.25
0.260377,5070.5
0.257814,5070.75
0.256533,5071.0
0.256533,5071.25
0.252689,5071.5
0.252689,5071.75
0.255252,5072.0
0.252689,5072.25
0.251408,5072.5
0.250126,5072.75
0.248845,5073.0
0.247564,5073.25
0.248845,5073.5
0.248845,5073.75
0.247564,5074.0
0.248845,5074.25
0.247564,5074.5
0.250126,5074.75
0.248845,5075.0
0.247564,5075.25
0.247564,5075.5
0.247564,5075.75
0.248845,5076.0
0.246282,5076.25
0.250126,5076.5
0.247564,5076.75
0.247564,5077.0
0.247564,5077.25
0.246282,5077.5
0.225781,5077.75
0.2245,5078.0
0.229625,5078.25
0.229625,5078.5
0.233469,5078.75
0.238594,5079.0
0.239876,5079.25
0.239876,5079.5
0.241157,5079.75
0.241157,5080.0
0.24372,5080.25
0.246282,5080.5
0.246282,5080.75
0.250126,5081.0
0.256533,5081.25
0.260377,5081.5
0.26294,5081.75
0.261658,5082.0
0.261658,5082.25
0.264221,5082.5
0.260377,5082.75
0.261658,5083.0
0.260377,5083.25
0.259096,5083.5
0.259096,5083.75
0.259096,5084.0
0.259096,5084.25
0.259096,5084.5
0.256533,5084.75
0.256533,5085.0
0.256533,5085.25
0.255252,5085.5
0.255252,5085.75
0.255252,5086.0
0.25397,5086.25
0.252689,5086.5
0.251408,5086.75
0.252689,5087.0
0.251408,5087.25
0.251408,5087.5
0.25397,5087.75
0.255252,5088.0
0.255252,5088.25
0.255252,5088.5
0.255252,5088.75
0.252689,5089.0
0.251408,5089.25
0.250126,5089.5
0.250126,5089.75
0.248845,5090.0
0.247564,5090.25
0.246282,5090.5
0.247564,5090.75
0.246282,5091.0
0.246282,5091.25
0.246282,5091.5
0.24372,5091.75
0.245001,5092.0
0.24372,5092.25
0.24372,5092.5
0.24372,5092.75
0.241157,5093.0
0.24372,5093.25
0.242438,5093.5
0.239876,5093.75
0.245001,5094.0
0.24372,5094.25
0.245001,5094.5
0.239876,5094.75
0.225781,5095.0
0.228344,5095.25
0.228344,5095.5
0.229625,5095.75
0.230906,5096.0
0.237313,5096.25
0.24372,5096.5
0.255252,5096.75
0.268065,5097.0
0.279597,5097.25
0.287285,5097.5
0.289848,5097.75
0.291129,5098.0
0.294973,5098.25
0.297536,5098.5
0.294973,5098.75
0.297536,5099.0
0.29241,5099.25
0.289848,5099.5
0.286004,5099.75
0.28216,5100.0
0.279597,5100.25
0.278316,5100.5
0.274472,5100.75
0.271909,5101.0
0.269346,5101.25
0.268065,5101.5
0.269346,5101.75
0.266784,5102.0
0.265502,5102.25
0.265502,5102.5
0.264221,5102.75
0.264221,5103.0
0.265502,5103.25
0.265502,5103.5
0.269346,5103.75
0.270628,5104.0
0.274472,5104.25
0.275753,5104.5
0.274472,5104.75
0.27319,5105.0
0.271909,5105.25
0.268065,5105.5
0.266784,5105.75
0.266784,5106.0
0.26294,5106.25
0.261658,5106.5
0.259096,5106.75
0.259096,5107.0
0.259096,5107.25
0.255252,5107.5
0.256533,5107.75
0.256533,5108.0
0.25397,5108.25
0.25397,5108.5
0.25397,5108.75
0.252689,5109.0
0.251408,5109.25
0.251408,5109.5
0.250126,5109.75
0.248845,5110.0
0.247564,5110.25
0.247564,5110.5
0.247564,5110.75
0.247564,5111.0
0.245001,5111.25
0.246282,5111.5
0.242438,5111.75
0.242438,5112.0
0.241157,5112.25
0.239876,5112.5
0.241157,5112.75
0.239876,5113.0
0.238594,5113.25
0.238594,5113.5
0.237313,5113.75
0.236032,5114.0
0.237313,5114.25
0.236032,5114.5
0.236032,5114.75
0.23475,5115.0
0.232188,5115.25
0.233469,5115.5
0.232188,5115.75
0.23475,5116.0
0.233469,5116.25
0.233469,5116.5
0.230906,5116.75
0.232188,5117.0
0.232188,5117.25
0.229625,5117.5
0.228344,5117.75
0.229625,5118.0
0.229625,5118.25
0.228344,5118.5
0.228344,5118.75
0.229625,5119.0
0.228344,5119.25
0.225781,5119.5
0.227062,5119.75
0.2245,5120.0
0.2245,5120.25
0.2245,5120.5
0.223218,5120.75
0.225781,5121.0
0.223218,5121.25
0.223218,5121.5
0.223218,5121.75
0.220656,5122.0
0.220656,5122.25
0.220656,5122.5
0.220656,5122.75
0.219374,5123.0
0.219374,5123.25
0.219374,5123.5
0.219374,5123.75
0.219374,5124.0
0.219374,5124.25
0.219374,5124.5
0.21553,5124.75
0.216812,5125.0
0.216812,5125.25
0.216812,5125.5
0.214249,5125.75
0.214249,5126.0
0.214249,5126.25
0.214249,5126.5
0.211686,5126.75
0.211686,5127.0
0.212968,5127.25
0.212968,5127.5
0.211686,5127.75
0.210405,5128.0
0.209124,5128.25
0.209124,5128.5
0.210405,5128.75
0.210405,5129.0
0.211686,5129.25
0.210405,5129.5
0.209124,5129.75
0.210405,5130.0
0.207842,5130.25
0.209124,5130.5
0.209124,5130.75
0.207842,5131.0
0.207842,5131.25
0.20528,5131.5
0.20528,5131.75
0.20528,5132.0
0.20528,5132.25
0.20528,5132.5
0.203999,5132.75
0.202717,5133.0
0.202717,5133.25
0.203999,5133.5
0.20528,5133.75
0.203999,5134.0
0.202717,5134.25
0.202717,5134.5
0.202717,5134.75
0.201436,5135.0
0.202717,5135.25
0.198873,5135.5
0.206561,5135.75
0.210405,5136.0
0.2245,5136.25
0.18606,5136.5
0.143776,5136.75
0.141213,5137.0
0.151464,5137.25
0.155308,5137.5
0.20528,5137.75
0.214249,5138.0
0.216812,5138.25
0.230906,5138.5
0.247564,5138.75
0.247564,5139.0
0.230906,5139.25
0.2245,5139.5
0.219374,5139.75
0.21553,5140.0
0.225781,5140.25
0.209124,5140.5
0.20528,5140.75
0.218093,5141.0
0.229625,5141.25
0.219374,5141.5
0.188623,5141.75
0.210405,5142.0
0.238594,5142.25
0.203999,5142.5
0.189904,5142.75
0.193748,5143.0
0.193748,5143.25
0.207842,5143.5
0.21553,5143.75
0.228344,5144.0
0.232188,5144.25
0.233469,5144.5
0.230906,5144.75
0.233469,5145.0
0.232188,5145.25
0.236032,5145.5
0.228344,5145.75
0.223218,5146.0
0.237313,5146.25
0.237313,5146.5
0.237313,5146.75
0.236032,5147.0
0.237313,5147.25
0.188623,5147.5
0.179653,5147.75
0.184779,5148.0
0.187341,5148.25
0.196311,5148.5
0.162996,5148.75
0.196311,5149.0
0.225781,5149.25
0.228344,5149.5
0.212968,5149.75
0.225781,5150.0
0.228344,5150.25
0.219374,5150.5
0.209124,5150.75
0.202717,5151.0
0.214249,5151.25
0.209124,5151.5
0.200155,5151.75
0.182216,5152.0
0.178372,5152.25
0.175809,5152.5
0.173247,5152.75
0.191185,5153.0
0.192467,5153.25
0.196311,5153.5
0.21553,5153.75
0.21553,5154.0
0.192467,5154.25
0.201436,5154.5
0.209124,5154.75
0.212968,5155.0
0.219374,5155.25
0.237313,5155.5
0.24372,5155.75
0.266784,5156.0
0.261658,5156.25
0.261658,5156.5
0.25397,5156.75
0.257814,5157.0
0.259096,5157.25
0.257814,5157.5
0.257814,5157.75
0.232188,5158.0
0.189904,5158.25
0.195029,5158.5
0.198873,5158.75
0.197592,5159.0
0.18606,5159.25
0.182216,5159.5
0.179653,5159.75
0.179653,5160.0
0.177091,5160.25
0.177091,5160.5
0.182216,5160.75
0.173247,5161.0
0.187341,5161.25
0.18606,5161.5
0.180935,5161.75
0.177091,5162.0
0.191185,5162.25
0.214249,5162.5
0.211686,5162.75
0.196311,5163.0
0.184779,5163.25
0.18606,5163.5
0.193748,5163.75
0.200155,5164.0
0.200155,5164.25
0.201436,5164.5
0.202717,5164.75
0.20528,5165.0
0.219374,5165.25
0.202717,5165.5
0.202717,5165.75
0.202717,5166.0
0.198873,5166.25
0.198873,5166.5
0.197592,5166.75
0.196311,5167.0
0.195029,5167.25
0.196311,5167.5
0.195029,5167.75
0.193748,5168.0
0.193748,5168.25
0.192467,5168.5
0.191185,5168.75
0.189904,5169.0
0.188623,5169.25
0.188623,5169.5
0.187341,5169.75
0.187341,5170.0
0.18606,5170.25
0.18606,5170.5
0.18606,5170.75
0.18606,5171.0
0.184779,5171.25
0.184779,5171.5
0.182216,5171.75
0.183497,5172.0
0.182216,5172.25
0.182216,5172.5
0.180935,5172.75
0.180935,5173.0
0.179653,5173.25
0.179653,5173.5
0.179653,5173.75
0.179653,5174.0
0.178372,5174.25
0.179653,5174.5
0.178372,5174.75
0.178372,5175.0
0.178372,5175.25
0.177091,5175.5
0.174528,5175.75
0.173247,5176.0
0.173247,5176.25
0.174528,5176.5
0.173247,5176.75
0.173247,5177.0
0.171965,5177.25
0.171965,5177.5
0.170684,5177.75
0.170684,5178.0
0.169403,5178.25
0.168121,5178.5
0.169403,5178.75
0.169403,5179.0
0.169403,5179.25
0.16684,5179.5
0.168121,5179.75
0.169403,5180.0
0.16684,5180.25
0.165559,5180.5
0.16684,5180.75
0.16684,5181.0
0.165559,5181.25
0.16684,5181.5
0.164277,5181.75
0.165559,5182.0
0.162996,5182.25
0.164277,5182.5
0.162996,5182.75
0.164277,5183.0
0.162996,5183.25
0.164277,5183.5
0.161715,5183.75
0.161715,5184.0
0.160433,5184.25
0.160433,5184.5
0.161715,5184.75
0.160433,5185.0
0.161715,5185.25
0.160433,5185.5
0.159152,5185.75
0.159152,5186.0
0.159152,5186.25
0.159152,5186.5
0.159152,5186.75
0.159152,5187.0
0.161715,5187.25
0.161715,5187.5
0.161715,5187.75
0.171965,5188.0
0.168121,5188.25
0.170684,5188.5
0.169403,5188.75
0.164277,5189.0
0.161715,5189.25
0.161715,5189.5
0.161715,5189.75
0.16684,5190.0
0.165559,5190.25
0.161715,5190.5
0.160433,5190.75
0.162996,5191.0
0.170684,5191.25
0.169403,5191.5
0.169403,5191.75
0.169403,5192.0
0.169403,5192.25
0.173247,5192.5
0.160433,5192.75
0.159152,5193.0
0.157871,5193.25
0.159152,5193.5
0.157871,5193.75
0.157871,5194.0
0.157871,5194.25
0.161715,5194.5
0.161715,5194.75
0.160433,5195.0
0.157871,5195.25
0.157871,5195.5
0.151464,5195.75
0.154027,5196.0
0.151464,5196.25
0.148901,5196.5
0.146339,5196.75
0.14762,5197.0
0.146339,5197.25
0.146339,5197.5
0.145057,5197.75
0.146339,5198.0
0.145057,5198.25
0.145057,5198.5
0.146339,5198.75
0.14762,5199.0
0.174528,5199.25
0.182216,5199.5
0.178372,5199.75
0.177091,5200.0
0.175809,5200.25
0.175809,5200.5
0.192467,5200.75
0.174528,5201.0
0.170684,5201.25
0.168121,5201.5
0.160433,5201.75
0.160433,5202.0
0.16684,5202.25
0.170684,5202.5
0.173247,5202.75
0.178372,5203.0
0.175809,5203.25
0.16684,5203.5
0.156589,5203.75
0.165559,5204.0
0.164277,5204.25
0.164277,5204.5
0.170684,5204.75
0.18606,5205.0
0.156589,5205.25
0.148901,5205.5
0.156589,5205.75
0.161715,5206.0
0.165559,5206.25
0.161715,5206.5
0.160433,5206.75
0.160433,5207.0
0.161715,5207.25
0.170684,5207.5
0.169403,5207.75
0.177091,5208.0
0.182216,5208.25
0.178372,5208.5
0.178372,5208.75
0.178372,5209.0
0.177091,5209.25
0.177091,5209.5
0.177091,5209.75
0.175809,5210.0
0.180935,5210.25
0.187341,5210.5
0.207842,5210.75
0.209124,5211.0
0.20528,5211.25
0.206561,5211.5
0.206561,5211.75
0.203999,5212.0
0.219374,5212.25
0.196311,5212.5
0.191185,5212.75
0.209124,5213.0
0.20528,5213.25
0.202717,5213.5
0.218093,5213.75
0.188623,5214.0
0.210405,5214.25
0.191185,5214.5
0.188623,5214.75
0.195029,5215.0
0.189904,5215.25
0.18606,5215.5
0.182216,5215.75
0.180935,5216.0
0.178372,5216.25
0.178372,5216.5
0.177091,5216.75
0.177091,5217.0
0.178372,5217.25
0.177091,5217.5
0.178372,5217.75
0.179653,5218.0
0.178372,5218.25
0.174528,5218.5
0.177091,5218.75
0.174528,5219.0
0.168121,5219.25
0.173247,5219.5
0.177091,5219.75
0.175809,5220.0
0.174528,5220.25
0.178372,5220.5
0.173247,5220.75
0.169403,5221.0
0.180935,5221.25
0.164277,5221.5
0.154027,5221.75
0.148901,5222.0
0.175809,5222.25
0.177091,5222.5
0.175809,5222.75
0.206561,5223.0
0.193748,5223.25
0.173247,5223.5
0.178372,5223.75
0.189904,5224.0
0.171965,5224.25
0.170684,5224.5
0.171965,5224.75
0.196311,5225.0
0.192467,5225.25
0.188623,5225.5
0.184779,5225.75
0.184779,5226.0
0.183497,5226.25
0.179653,5226.5
0.174528,5226.75
0.173247,5227.0
0.187341,5227.25
0.173247,5227.5
0.169403,5227.75
0.120712,5228.0
0.056645,5228.25
0.209124,5228.5
0.179653,5228.75
0.093804,5229.0
0.138651,5229.25
0.148901,5229.5
0.152745,5229.75
0.180935,5230.0
0.188623,5230.25
0.216812,5230.5
0.197592,5230.75
0.196311,5231.0
0.202717,5231.25
0.198873,5231.5
0.187341,5231.75
0.187341,5232.0
0.18606,5232.25
0.192467,5232.5
0.192467,5232.75
0.188623,5233.0
0.174528,5233.25
0.178372,5233.5
0.165559,5233.75
0.162996,5234.0
0.156589,5234.25
0.162996,5234.5
0.230906,5234.75
0.238594,5235.0
0.189904,5235.25
0.284722,5235.5
0.241157,5235.75
0.216812,5236.0
0.265502,5236.25
0.260377,5236.5
0.279597,5236.75
0.27319,5237.0
0.247564,5237.25
0.24372,5237.5
0.260377,5237.75
0.268065,5238.0
0.233469,5238.25
0.232188,5238.5
0.228344,5238.75
0.207842,5239.0
0.152745,5239.25
0.127119,5239.5
0.134807,5239.75
0.155308,5240.0
0.188623,5240.25
0.210405,5240.5
0.2245,5240.75
0.225781,5241.0
0.214249,5241.25
0.21553,5241.5
0.212968,5241.75
0.212968,5242.0
0.236032,5242.25
0.223218,5242.5
0.219374,5242.75
0.279597,5243.0
0.297536,5243.25
0.300098,5243.5
0.29241,5243.75
0.270628,5244.0
0.232188,5244.25
0.277034,5244.5
1.17781,5244.75
1.613532,5245.0
1.017812,5245.25
0.783328,5245.5
0.305293,5245.75
0.260377,5246.0
0.284722,5246.25
0.289848,5246.5
0.294973,5246.75
0.321881,5247.0
0.33085,5247.25
0.329569,5247.5
0.332132,5247.75
0.334694,5248.0
0.305224,5248.25
0.29241,5248.5
0.271909,5248.75
0.251408,5249.0
0.239876,5249.25
0.223218,5249.5
0.209124,5249.75
0.206561,5250.0
0.212968,5250.25
0.223218,5250.5
0.2245,5250.75
0.225781,5251.0
0.227062,5251.25
0.223218,5251.5
0.207842,5251.75
0.202717,5252.0
0.196311,5252.25
0.257814,5252.5
0.324444,5252.75
0.410293,5253.0
0.362884,5253.25
0.366728,5253.5
0.293692,5253.75
0.294973,5254.0
0.300098,5254.25
0.302661,5254.5
0.302661,5254.75
0.300098,5255.0
0.300098,5255.25
0.302661,5255.5
0.319318,5255.75
0.335976,5256.0
0.376978,5256.25
0.362884,5256.5
0.335976,5256.75
0.334694,5257.0
0.335976,5257.25
0.357758,5257.5
0.346226,5257.75
0.344945,5258.0
0.342382,5258.25
0.327006,5258.5
0.328288,5258.75
0.344945,5259.0
0.355196,5259.25
0.353914,5259.5
0.35007,5259.75
0.368009,5260.0
0.35904,5260.25
0.360321,5260.5
0.364165,5260.75
0.36929,5261.0
0.384666,5261.25
0.403886,5261.5
0.410293,5261.75
0.411574,5262.0
0.409011,5262.25
0.402605,5262.5
0.39748,5262.75
0.398761,5263.0
0.392354,5263.25
0.371853,5263.5
0.35904,5263.75
0.347508,5264.0
0.342382,5264.25
0.351352,5264.5
0.357758,5264.75
0.353914,5265.0
0.342382,5265.25
0.33982,5265.5
0.344945,5265.75
0.348789,5266.0
0.347508,5266.25
0.344945,5266.5
0.343664,5266.75
0.352633,5267.0
0.351352,5267.25
0.343664,5267.5
0.342382,5267.75
0.338538,5268.0
0.342382,5268.25
0.342382,5268.5
0.337257,5268.75
0.346226,5269.0
0.35007,5269.25
0.344945,5269.5
0.338538,5269.75
0.342382,5270.0
0.357758,5270.25
0.337257,5270.5
0.333413,5270.75
0.337257,5271.0
0.338538,5271.25
0.33085,5271.5
0.334694,5271.75
0.343664,5272.0
0.343664,5272.25
0.337257,5272.5
0.334694,5272.75
0.334694,5273.0
0.333413,5273.25
0.335976,5273.5
0.338538,5273.75
0.335976,5274.0
0.314193,5274.25
0.312912,5274.5
0.318037,5274.75
0.318037,5275.0
0.321881,5275.25
0.321881,5275.5
0.296254,5275.75
0.309068,5276.0
0.3206,5276.25
0.323162,5276.5
0.310349,5276.75
0.300098,5277.0
0.312912,5277.25
0.316756,5277.5
0.312912,5277.75
0.291129,5278.0
0.300098,5278.25
0.310349,5278.5
0.31163,5278.75
0.298817,5279.0
0.291129,5279.25
0.305224,5279.5
0.306505,5279.75
0.293692,5280.0
0.289848,5280.25
0.302661,5280.5
0.306505,5280.75
0.30138,5281.0
0.298817,5281.25
0.302661,5281.5
0.302661,5281.75
0.302661,5282.0
0.300098,5282.25
0.302661,5282.5
0.302661,5282.75
0.30138,5283.0
0.288566,5283.25
0.303942,5283.5
0.312912,5283.75
0.312912,5284.0
0.310349,5284.25
0.316756,5284.5
0.321881,5284.75
0.307786,5285.0
0.306505,5285.25
0.31163,5285.5
0.305224,5285.75
0.31163,5286.0
0.314193,5286.25
0.303942,5286.5
0.30138,5286.75
0.307786,5287.0
0.310349,5287.25
0.315474,5287.5
0.315474,5287.75
0.312912,5288.0
0.316756,5288.25
0.319318,5288.5
0.321881,5288.75
0.319318,5289.0
0.3206,5289.25
0.324444,5289.5
0.288566,5289.75
0.279597,5290.0
0.289848,5290.25
0.29241,5290.5
0.291129,5290.75
0.300098,5291.0
0.30138,5291.25
0.303942,5291.5
0.302661,5291.75
0.30138,5292.0
0.303942,5292.25
0.305224,5292.5
0.303942,5292.75
0.29241,5293.0
0.266784,5293.25
0.274472,5293.5
0.283441,5293.75
0.261658,5294.0
0.264221,5294.25
0.264221,5294.5
0.259096,5294.75
0.270628,5295.0
0.280878,5295.25
0.287285,5295.5
0.284722,5295.75
0.284722,5296.0
0.279597,5296.25
0.280878,5296.5
0.286004,5296.75
0.287285,5297.0
0.287285,5297.25
0.289848,5297.5
0.291129,5297.75
0.291129,5298.0
0.289848,5298.25
0.287285,5298.5
0.289848,5298.75
0.29241,5299.0
0.293692,5299.25
0.293692,5299.5
0.283441,5299.75
0.265502,5300.0
0.265502,5300.25
0.268065,5300.5
0.277034,5300.75
0.28216,5301.0
0.283441,5301.25
0.280878,5301.5
0.279597,5301.75
0.28216,5302.0
0.278316,5302.25
0.260377,5302.5
0.260377,5302.75
0.265502,5303.0
0.265502,5303.25
0.268065,5303.5
0.27319,5303.75
0.278316,5304.0
0.277034,5304.25
0.277034,5304.5
0.277034,5304.75
0.274472,5305.0
0.27319,5305.25
0.277034,5305.5
0.277034,5305.75
0.274472,5306.0
0.277034,5306.25
0.277034,5306.5
0.277034,5306.75
0.277034,5307.0
0.277034,5307.25
0.271909,5307.5
0.265502,5307.75
0.248845,5308.0
0.248845,5308.25
0.255252,5308.5
0.255252,5308.75
0.256533,5309.0
0.255252,5309.25
0.255252,5309.5
0.25397,5309.75
0.260377,5310.0
0.265502,5310.25
0.260377,5310.5
0.248845,5310.75
0.264221,5311.0
0.27319,5311.25
0.277034,5311.5
0.277034,5311.75
0.265502,5312.0
0.270628,5312.25
0.27319,5312.5
0.27319,5312.75
0.275753,5313.0
0.274472,5313.25
0.274472,5313.5
0.271909,5313.75
0.264221,5314.0
0.252689,5314.25
0.25397,5314.5
0.257814,5314.75
0.264221,5315.0
0.265502,5315.25
0.26294,5315.5
0.26294,5315.75
0.26294,5316.0
0.266784,5316.25
0.26294,5316.5
0.264221,5316.75
0.265502,5317.0
0.266784,5317.25
0.265502,5317.5
0.266784,5317.75
0.266784,5318.0
0.268065,5318.25
0.257814,5318.5
0.264221,5318.75
0.265502,5319.0
0.26294,5319.25
0.261658,5319.5
0.26294,5319.75
0.260377,5320.0
0.260377,5320.25
0.261658,5320.5
0.260377,5320.75
0.260377,5321.0
0.259096,5321.25
0.260377,5321.5
0.259096,5321.75
0.259096,5322.0
0.260377,5322.25
0.26294,5322.5
0.260377,5322.75
0.256533,5323.0
0.255252,5323.25
0.250126,5323.5
0.225781,5323.75
0.220656,5324.0
0.223218,5324.25
0.227062,5324.5
0.24372,5324.75
0.248845,5325.0
0.250126,5325.25
0.248845,5325.5
0.250126,5325.75
0.251408,5326.0
0.250126,5326.25
0.248845,5326.5
0.250126,5326.75
0.248845,5327.0
0.251408,5327.25
0.251408,5327.5
0.252689,5327.75
0.251408,5328.0
0.250126,5328.25
0.250126,5328.5
0.250126,5328.75
0.251408,5329.0
0.251408,5329.25
0.250126,5329.5
0.252689,5329.75
0.250126,5330.0
0.248845,5330.25
0.250126,5330.5
0.250126,5330.75
0.252689,5331.0
0.260377,5331.25
0.269346,5331.5
0.270628,5331.75
0.27319,5332.0
0.266784,5332.25
0.26294,5332.5
0.257814,5332.75
0.25397,5333.0
0.255252,5333.25
0.260377,5333.5
0.260377,5333.75
0.260377,5334.0
0.26294,5334.25
0.260377,5334.5
0.26294,5334.75
0.266784,5335.0
0.265502,5335.25
0.265502,5335.5
0.265502,5335.75
0.266784,5336.0
0.266784,5336.25
0.264221,5336.5
0.26294,5336.75
0.24372,5337.0
0.242438,5337.25
0.248845,5337.5
0.256533,5337.75
0.259096,5338.0
0.26294,5338.25
0.261658,5338.5
0.26294,5338.75
0.260377,5339.0
0.238594,5339.25
0.233469,5339.5
0.233469,5339.75
0.237313,5340.0
0.248845,5340.25
0.25397,5340.5
0.260377,5340.75
0.26294,5341.0
0.256533,5341.25
0.251408,5341.5
0.255252,5341.75
0.261658,5342.0
0.264221,5342.25
0.270628,5342.5
0.270628,5342.75
0.270628,5343.0
0.270628,5343.25
0.271909,5343.5
0.270628,5343.75
0.270628,5344.0
0.259096,5344.25
0.25397,5344.5
0.248845,5344.75
0.247564,5345.0
0.247564,5345.25
0.247564,5345.5
0.245001,5345.75
0.248845,5346.0
0.257814,5346.25
0.279597,5346.5
0.291129,5346.75
0.302661,5347.0
0.309068,5347.25
0.310349,5347.5
0.314193,5347.75
0.327006,5348.0
0.328288,5348.25
0.309068,5348.5
0.306505,5348.75
0.305224,5349.0
0.328288,5349.25
0.319318,5349.5
0.303942,5349.75
0.30138,5350.0
0.289848,5350.25
0.278316,5350.5
0.277034,5350.75
0.255252,5351.0
0.319318,5351.25
0.309068,5351.5
0.286004,5351.75
0.255252,5352.0
0.275753,5352.25
0.275753,5352.5
0.257814,5352.75
0.252689,5353.0
0.287285,5353.25
0.291129,5353.5
0.296254,5353.75
0.300098,5354.0
0.300098,5354.25
0.300098,5354.5
0.30138,5354.75
0.300098,5355.0
0.298817,5355.25
0.300098,5355.5
0.297536,5355.75
0.297536,5356.0
0.296254,5356.25
0.294973,5356.5
0.293692,5356.75
0.293692,5357.0
0.293692,5357.25
0.293692,5357.5
0.29241,5357.75
0.29241,5358.0
0.291129,5358.25
0.291129,5358.5
0.289848,5358.75
0.289848,5359.0
0.288566,5359.25
0.287285,5359.5
0.287285,5359.75
0.286004,5360.0
0.286004,5360.25
0.286004,5360.5
0.286004,5360.75
0.286004,5361.0
0.287285,5361.25
0.284722,5361.5
0.284722,5361.75
0.284722,5362.0
0.283441,5362.25
0.284722,5362.5
0.284722,5362.75
0.284722,5363.0
0.283441,5363.25
0.284722,5363.5
0.284722,5363.75
0.28216,5364.0
0.28216,5364.25
0.280878,5364.5
0.280878,5364.75
0.280878,5365.0
0.280878,5365.25
0.279597,5365.5
0.279597,5365.75
0.278316,5366.0
0.279597,5366.25
0.278316,5366.5
0.279597,5366.75
0.278316,5367.0
0.278316,5367.25
0.278316,5367.5
0.277034,5367.75
0.277034,5368.0
0.275753,5368.25
0.275753,5368.5
0.274472,5368.75
0.280878,5369.0
0.28216,5369.25
0.280878,5369.5
0.280878,5369.75
0.280878,5370.0
0.280878,5370.25
0.280878,5370.5
0.280878,5370.75
0.280878,5371.0
0.280878,5371.25
0.279597,5371.5
0.280878,5371.75
0.279597,5372.0
0.278316,5372.25
0.277034,5372.5
0.277034,5372.75
0.278316,5373.0
0.277034,5373.25
0.277034,5373.5
0.277034,5373.75
0.278316,5374.0
0.277034,5374.25
0.277034,5374.5
0.277034,5374.75
0.275753,5375.0
0.275753,5375.25
0.274472,5375.5
0.274472,5375.75
0.27319,5376.0
0.271909,5376.25
0.27319,5376.5
0.271909,5376.75
0.27319,5377.0
0.274472,5377.25
0.27319,5377.5
0.271909,5377.75
0.271909,5378.0
0.27319,5378.25
0.270628,5378.5
0.270628,5378.75
0.270628,5379.0
0.270628,5379.25
0.271909,5379.5
0.270628,5379.75
0.270628,5380.0
0.269346,5380.25
0.268065,5380.5
0.269346,5380.75
0.269346,5381.0
0.269346,5381.25
0.268065,5381.5
0.268065,5381.75
0.268065,5382.0
0.269346,5382.25
0.268065,5382.5
0.268065,5382.75
0.268065,5383.0
0.268065,5383.25
0.265502,5383.5
0.268065,5383.75
0.265502,5384.0
0.266784,5384.25
0.265502,5384.5
0.266784,5384.75
0.266784,5385.0
0.265502,5385.25
0.265502,5385.5
0.264221,5385.75
0.264221,5386.0
0.261658,5386.25
0.264221,5386.5
0.264221,5386.75
0.26294,5387.0
0.26294,5387.25
0.261658,5387.5
0.26294,5387.75
0.260377,5388.0
0.260377,5388.25
0.260377,5388.5
0.260377,5388.75
0.260377,5389.0
0.261658,5389.25
0.260377,5389.5
0.257814,5389.75
0.260377,5390.0
0.259096,5390.25
0.259096,5390.5
0.256533,5390.75
0.259096,5391.0
0.259096,5391.25
0.259096,5391.5
0.259096,5391.75
0.259096,5392.0
0.256533,5392.25
0.257814,5392.5
0.255252,5392.75
0.255252,5393.0
0.256533,5393.25
0.255252,5393.5
0.256533,5393.75
0.255252,5394.0
0.25397,5394.25
0.252689,5394.5
0.255252,5394.75
0.252689,5395.0
0.25397,5395.25
0.25397,5395.5
0.252689,5395.75
0.25397,5396.0
0.252689,5396.25
0.252689,5396.5
0.252689,5396.75
0.252689,5397.0
0.250126,5397.25
0.25397,5397.5
0.252689,5397.75
0.250126,5398.0
0.248845,5398.25
0.250126,5398.5
0.252689,5398.75
0.250126,5399.0
0.252689,5399.25
0.25397,5399.5
0.25397,5399.75
0.250126,5400.0
0.252689,5400.25
0.250126,5400.5
0.251408,5400.75
0.250126,5401.0
0.251408,5401.25
0.252689,5401.5
0.250126,5401.75
0.250126,5402.0
0.251408,5402.25
0.248845,5402.5
0.250126,5402.75
0.248845,5403.0
0.248845,5403.25
0.246282,5403.5
0.248845,5403.75
0.250126,5404.0
0.252689,5404.25
0.252689,5404.5
0.252689,5404.75
0.252689,5405.0
0.250126,5405.25
0.251408,5405.5
0.252689,5405.75
0.250126,5406.0
0.250126,5406.25
0.248845,5406.5
0.250126,5406.75
0.248845,5407.0
0.248845,5407.25
0.248845,5407.5
0.248845,5407.75
0.247564,5408.0
0.246282,5408.25
0.248845,5408.5
0.247564,5408.75
0.246282,5409.0
0.246282,5409.25
0.245001,5409.5
0.245001,5409.75
0.245001,5410.0
0.245001,5410.25
0.245001,5410.5
0.242438,5410.75
0.242438,5411.0
0.24372,5411.25
0.242438,5411.5
0.242438,5411.75
0.242438,5412.0
0.242438,5412.25
0.242438,5412.5
0.239876,5412.75
0.242438,5413.0
0.241157,5413.25
0.241157,5413.5
0.241157,5413.75
0.241157,5414.0
0.239876,5414.25
0.239876,5414.5
0.241157,5414.75
0.239876,5415.0
0.241157,5415.25
0.239876,5415.5
0.238594,5415.75
0.241157,5416.0
0.242438,5416.25
0.239876,5416.5
0.241157,5416.75
0.239876,5417.0
0.239876,5417.25
0.238594,5417.5
0.239876,5417.75
0.239876,5418.0
0.238594,5418.25
0.238594,5418.5
0.238594,5418.75
0.236032,5419.0
0.237313,5419.25
0.238594,5419.5
0.236032,5419.75
0.237313,5420.0
0.238594,5420.25
0.237313,5420.5
0.238594,5420.75
0.237313,5421.0
0.238594,5421.25
0.238594,5421.5
0.237313,5421.75
0.236032,5422.0
0.237313,5422.25
0.236032,5422.5
0.23475,5422.75
0.23475,5423.0
0.23475,5423.25
0.237313,5423.5
0.236032,5423.75
0.237313,5424.0
0.237313,5424.25
0.238594,5424.5
0.238594,5424.75
0.237313,5425.0
0.236032,5425.25
0.237313,5425.5
0.236032,5425.75
0.236032,5426.0
0.236032,5426.25
0.23475,5426.5
0.233469,5426.75
0.23475,5427.0
0.23475,5427.25
0.233469,5427.5
0.23475,5427.75
0.233469,5428.0
0.233469,5428.25
0.233469,5428.5
0.233469,5428.75
0.233469,5429.0
0.232188,5429.25
0.232188,5429.5
0.233469,5429.75
0.232188,5430.0
0.232188,5430.25
0.232188,5430.5
0.230906,5430.75
0.229625,5431.0
0.229625,5431.25
0.229625,5431.5
0.230906,5431.75
0.229625,5432.0
0.229625,5432.25
0.229625,5432.5
0.228344,5432.75
0.227062,5433.0
0.229625,5433.25
0.228344,5433.5
0.228344,5433.75
0.228344,5434.0
0.227062,5434.25
0.228344,5434.5
0.228344,5434.75
0.227062,5435.0
0.227062,5435.25
0.227062,5435.5
0.225781,5435.75
0.228344,5436.0
0.225781,5436.25
0.227062,5436.5
0.225781,5436.75
0.216812,5437.0
0.216812,5437.25
0.214249,5437.5
0.212968,5437.75
0.211686,5438.0
0.206561,5438.25
0.209124,5438.5
0.212968,5438.75
0.218093,5439.0
0.21553,5439.25
0.221937,5439.5
0.2245,5439.75
0.2245,5440.0
0.216812,5440.25
0.216812,5440.5
0.219374,5440.75
0.219374,5441.0
0.218093,5441.25
0.220656,5441.5
0.219374,5441.75
0.219374,5442.0
0.219374,5442.25
0.219374,5442.5
0.218093,5442.75
0.218093,5443.0
0.216812,5443.25
0.219374,5443.5
0.216812,5443.75
0.218093,5444.0
0.219374,5444.25
0.216812,5444.5
0.216812,5444.75
0.216812,5445.0
0.216812,5445.25
0.216812,5445.5
0.216812,5445.75
0.214249,5446.0
0.21553,5446.25
0.212968,5446.5
0.212968,5446.75
0.21553,5447.0
0.214249,5447.25
0.211686,5447.5
0.211686,5447.75
0.211686,5448.0
0.212968,5448.25
0.211686,5448.5
0.211686,5448.75
0.211686,5449.0
0.211686,5449.25
0.210405,5449.5
0.211686,5449.75
0.209124,5450.0
0.209124,5450.25
0.209124,5450.5
0.210405,5450.75
0.210405,5451.0
0.210405,5451.25
0.211686,5451.5
0.211686,5451.75
0.210405,5452.0
0.210405,5452.25
0.211686,5452.5
0.209124,5452.75
0.209124,5453.0
0.209124,5453.25
0.209124,5453.5
0.210405,5453.75
0.209124,5454.0
0.207842,5454.25
0.207842,5454.5
0.206561,5454.75
0.16684,5455.0
0.157871,5455.25
0.154027,5455.5
0.154027,5455.75
0.169403,5456.0
0.157871,5456.25
0.178372,5456.5
0.156589,5456.75
0.178372,5457.0
0.18606,5457.25
0.198873,5457.5
0.202717,5457.75
0.21553,5458.0
0.216812,5458.25
0.216812,5458.5
0.228344,5458.75
0.228344,5459.0
0.219374,5459.25
0.245001,5459.5
0.241157,5459.75
0.223218,5460.0
0.184779,5460.25
0.173247,5460.5
0.168121,5460.75
0.171965,5461.0
0.182216,5461.25
0.188623,5461.5
0.193748,5461.75
0.193748,5462.0
0.18606,5462.25
0.180935,5462.5
0.195029,5462.75
0.220656,5463.0
0.225781,5463.25
0.225781,5463.5
0.219374,5463.75
0.221937,5464.0
0.214249,5464.25
0.210405,5464.5
0.21553,5464.75
0.223218,5465.0
0.238594,5465.25
0.247564,5465.5
0.257814,5465.75
0.260377,5466.0
0.261658,5466.25
0.260377,5466.5
0.257814,5466.75
0.25397,5467.0
0.250126,5467.25
0.250126,5467.5
0.248845,5467.75
0.247564,5468.0
0.245001,5468.25
0.242438,5468.5
0.242438,5468.75
0.241157,5469.0
0.238594,5469.25
0.237313,5469.5
0.233469,5469.75
0.232188,5470.0
0.232188,5470.25
0.229625,5470.5
0.232188,5470.75
0.229625,5471.0
0.228344,5471.25
0.228344,5471.5
0.227062,5471.75
0.2245,5472.0
0.239876,5472.25
0.250126,5472.5
0.25397,5472.75
0.264221,5473.0
0.255252,5473.25
0.26294,5473.5
0.269346,5473.75
0.277034,5474.0
0.270628,5474.25
0.255252,5474.5
0.268065,5474.75
0.264221,5475.0
0.257814,5475.25
0.264221,5475.5
0.236032,5475.75
0.280878,5476.0
0.319318,5476.25
0.324444,5476.5
0.328288,5476.75
0.324444,5477.0
0.323162,5477.25
0.323162,5477.5
0.321881,5477.75
0.328288,5478.0
0.403886,5478.25
0.799817,5478.5
1.063772,5478.75
0.719163,5479.0
0.383454,5479.25
0.400042,5479.5
0.376978,5479.75
0.319318,5480.0
0.270628,5480.25
0.265502,5480.5
0.261658,5480.75
0.255252,5481.0
0.265502,5481.25
0.275753,5481.5
0.288566,5481.75
0.298817,5482.0
0.306505,5482.25
0.307786,5482.5
0.309068,5482.75
0.31163,5483.0
0.312912,5483.25
0.314193,5483.5
0.316756,5483.75
0.321881,5484.0
0.324444,5484.25
0.324444,5484.5
0.327006,5484.75
0.325725,5485.0
0.325725,5485.25
0.328288,5485.5
0.328288,5485.75
0.328288,5486.0
0.329569,5486.25
0.33085,5486.5
0.33085,5486.75
0.329569,5487.0
0.332132,5487.25
0.332132,5487.5
0.333413,5487.75
0.334694,5488.0
0.334694,5488.25
0.333413,5488.5
0.334694,5488.75
0.334694,5489.0
0.335976,5489.25
0.338538,5489.5
0.337257,5489.75
0.338538,5490.0
0.335976,5490.25
0.335976,5490.5
0.337257,5490.75
0.335976,5491.0
0.334694,5491.25
0.334694,5491.5
0.333413,5491.75
0.333413,5492.0
0.333413,5492.25
0.334694,5492.5
0.337257,5492.75
0.338538,5493.0
0.33982,5493.25
0.341101,5493.5
0.342382,5493.75
0.35007,5494.0
0.351352,5494.25
0.352633,5494.5
0.35904,5494.75
0.362884,5495.0
0.364165,5495.25
0.360321,5495.5
0.356477,5495.75
0.35904,5496.0
0.362884,5496.25
0.364165,5496.5
0.366728,5496.75
0.365446,5497.0
0.364165,5497.25
0.366728,5497.5
0.361602,5497.75
0.35904,5498.0
0.357758,5498.25
0.356477,5498.5
0.356477,5498.75
0.352633,5499.0
0.351352,5499.25
0.351352,5499.5
0.35007,5499.75
0.35007,5500.0
0.348789,5500.25
0.346226,5500.5
0.346226,5500.75
0.346226,5501.0
0.344945,5501.25
0.343664,5501.5
0.343664,5501.75
0.343664,5502.0
0.343664,5502.25
0.343664,5502.5
0.342382,5502.75
0.343664,5503.0
0.344945,5503.25
0.35007,5503.5
0.355196,5503.75
0.355196,5504.0
0.356477,5504.25
0.356477,5504.5
0.355196,5504.75
0.355196,5505.0
0.351352,5505.25
0.35007,5505.5
0.35007,5505.75
0.347508,5506.0
0.346226,5506.25
0.344945,5506.5
0.342382,5506.75
0.342382,5507.0
0.341101,5507.25
0.341101,5507.5
0.33982,5507.75
0.341101,5508.0
0.33982,5508.25
0.33982,5508.5
0.33982,5508.75
0.338538,5509.0
0.338538,5509.25
0.337257,5509.5
0.335976,5509.75
0.335976,5510.0
0.334694,5510.25
0.334694,5510.5
0.333413,5510.75
0.333413,5511.0
0.332132,5511.25
0.332132,5511.5
0.335976,5511.75
0.337257,5512.0
0.337257,5512.25
0.337257,5512.5
0.337257,5512.75
0.337257,5513.0
0.334694,5513.25
0.332132,5513.5
0.329569,5513.75
0.329569,5514.0
0.328288,5514.25
0.327006,5514.5
0.327006,5514.75
0.325725,5515.0
0.327006,5515.25
0.325725,5515.5
0.324444,5515.75
0.323162,5516.0
0.323162,5516.25
0.321881,5516.5
0.334694,5516.75
0.327006,5517.0
0.324444,5517.25
0.334694,5517.5
0.329569,5517.75
0.324444,5518.0
0.324444,5518.25
0.324444,5518.5
0.324444,5518.75
0.324444,5519.0
0.329569,5519.25
0.333413,5519.5
0.33982,5519.75
0.338538,5520.0
0.338538,5520.25
0.337257,5520.5
0.335976,5520.75
0.329569,5521.0
0.329569,5521.25
0.33085,5521.5
0.335976,5521.75
0.343664,5522.0
0.343664,5522.25
0.343664,5522.5
0.33982,5522.75
0.335976,5523.0
0.334694,5523.25
0.334694,5523.5
0.332132,5523.75
0.33982,5524.0
0.343664,5524.25
0.343664,5524.5
0.341101,5524.75
0.334694,5525.0
0.332132,5525.25
0.332132,5525.5
0.338538,5525.75
0.337257,5526.0
0.333413,5526.25
0.329569,5526.5
0.327006,5526.75
0.325725,5527.0
0.325725,5527.25
0.325725,5527.5
0.324444,5527.75
0.325725,5528.0
0.325725,5528.25
0.324444,5528.5
0.323162,5528.75
0.321881,5529.0
0.319318,5529.25
0.3206,5529.5
0.3206,5529.75
0.321881,5530.0
0.3206,5530.25
0.319318,5530.5
0.319318,5530.75
0.318037,5531.0
0.318037,5531.25
0.316756,5531.5
0.318037,5531.75
0.315474,5532.0
0.315474,5532.25
0.314193,5532.5
0.312912,5532.75
0.312912,5533.0
0.312912,5533.25
0.312912,5533.5
0.312912,5533.75
0.312912,5534.0
0.31163,5534.25
0.31163,5534.5
0.309068,5534.75
0.31163,5535.0
0.309068,5535.25
0.309068,5535.5
0.307786,5535.75
0.309068,5536.0
0.307786,5536.25
0.306505,5536.5
0.306505,5536.75
0.305224,5537.0
0.305224,5537.25
0.305224,5537.5
0.303942,5537.75
0.302661,5538.0
0.302661,5538.25
0.302661,5538.5
0.303942,5538.75
0.302661,5539.0
0.30138,5539.25
0.302661,5539.5
0.300098,5539.75
0.30138,5540.0
0.298817,5540.25
0.298817,5540.5
0.300098,5540.75
0.298817,5541.0
0.297536,5541.25
0.298817,5541.5
0.297536,5541.75
0.298817,5542.0
0.297536,5542.25
0.297536,5542.5
0.297536,5542.75
0.297536,5543.0
0.296254,5543.25
0.296254,5543.5
0.294973,5543.75
0.294973,5544.0
0.294973,5544.25
0.294973,5544.5
0.293692,5544.75
0.293692,5545.0
0.29241,5545.25
0.29241,5545.5
0.29241,5545.75
0.29241,5546.0
0.289848,5546.25
0.289848,5546.5
0.288566,5546.75
0.289848,5547.0
0.288566,5547.25
0.288566,5547.5
0.288566,5547.75
0.287285,5548.0
0.288566,5548.25
0.287285,5548.5
0.287285,5548.75
0.286004,5549.0
0.286004,5549.25
0.286004,5549.5
0.286004,5549.75
0.284722,5550.0
0.286004,5550.25
0.284722,5550.5
0.283441,5550.75
0.283441,5551.0
0.284722,5551.25
0.28216,5551.5
0.283441,5551.75
0.28216,5552.0
0.280878,5552.25
0.28216,5552.5
0.28216,5552.75
0.28216,5553.0
0.28216,5553.25
0.28216,5553.5
0.279597,5553.75
0.279597,5554.0
0.279597,5554.25
0.279597,5554.5
0.279597,5554.75
0.279597,5555.0
0.278316,5555.25
0.278316,5555.5
0.277034,5555.75
0.278316,5556.0
0.278316,5556.25
0.277034,5556.5
0.277034,5556.75
0.278316,5557.0
0.275753,5557.25
0.275753,5557.5
0.274472,5557.75
0.27319,5558.0
0.275753,5558.25
0.27319,5558.5
0.274472,5558.75
0.27319,5559.0
0.274472,5559.25
0.27319,5559.5
0.27319,5559.75
0.271909,5560.0
0.27319,5560.25
0.270628,5560.5
0.271909,5560.75
0.270628,5561.0
0.270628,5561.25
0.269346,5561.5
0.268065,5561.75
0.268065,5562.0
0.269346,5562.25
0.270628,5562.5
0.269346,5562.75
0.266784,5563.0
0.268065,5563.25
0.268065,5563.5
0.268065,5563.75
0.266784,5564.0
0.268065,5564.25
0.268065,5564.5
0.266784,5564.75
0.265502,5565.0
0.268065,5565.25
0.266784,5565.5
0.265502,5565.75
0.264221,5566.0
0.264221,5566.25
0.265502,5566.5
0.264221,5566.75
0.266784,5567.0
0.266784,5567.25
0.266784,5567.5
0.264221,5567.75
0.264221,5568.0
0.26294,5568.25
0.264221,5568.5
0.26294,5568.75
0.26294,5569.0
0.26294,5569.25
0.261658,5569.5
0.261658,5569.75
0.260377,5570.0
0.26294,5570.25
0.261658,5570.5
0.261658,5570.75
0.261658,5571.0
0.261658,5571.25
0.260377,5571.5
0.259096,5571.75
0.260377,5572.0
0.257814,5572.25
0.261658,5572.5
0.261658,5572.75
0.260377,5573.0
0.259096,5573.25
0.259096,5573.5
0.259096,5573.75
0.259096,5574.0
0.259096,5574.25
0.257814,5574.5
0.257814,5574.75
0.257814,5575.0
0.259096,5575.25
0.259096,5575.5
0.257814,5575.75
0.256533,5576.0
0.256533,5576.25
0.256533,5576.5
0.257814,5576.75
0.257814,5577.0
0.256533,5577.25
0.257814,5577.5
0.256533,5577.75
0.256533,5578.0
0.257814,5578.25
0.256533,5578.5
0.256533,5578.75
0.257814,5579.0
0.256533,5579.25
0.256533,5579.5
0.255252,5579.75
0.255252,5580.0
0.257814,5580.25
0.255252,5580.5
0.255252,5580.75
0.255252,5581.0
0.255252,5581.25
0.25397,5581.5
0.255252,5581.75
0.25397,5582.0
0.255252,5582.25
0.252689,5582.5
0.25397,5582.75
0.25397,5583.0
0.25397,5583.25
0.255252,5583.5
0.25397,5583.75
0.252689,5584.0
0.251408,5584.25
0.25397,5584.5
0.252689,5584.75
0.251408,5585.0
0.251408,5585.25
0.250126,5585.5
0.251408,5585.75
0.251408,5586.0
0.251408,5586.25
0.252689,5586.5
0.251408,5586.75
0.252689,5587.0
0.251408,5587.25
0.251408,5587.5
0.250126,5587.75
0.250126,5588.0
0.248845,5588.25
0.251408,5588.5
0.248845,5588.75
0.250126,5589.0
0.247564,5589.25
0.246282,5589.5
0.247564,5589.75
0.250126,5590.0
0.248845,5590.25
0.246282,5590.5
0.247564,5590.75
0.246282,5591.0
0.247564,5591.25
0.248845,5591.5
0.248845,5591.75
0.248845,5592.0
0.247564,5592.25
0.246282,5592.5
0.248845,5592.75
0.246282,5593.0
0.247564,5593.25
0.246282,5593.5
0.246282,5593.75
0.247564,5594.0
0.246282,5594.25
0.246282,5594.5
0.246282,5594.75
0.245001,5595.0
0.245001,5595.25
0.245001,5595.5
0.245001,5595.75
0.24372,5596.0
0.242438,5596.25
0.242438,5596.5
0.24372,5596.75
0.24372,5597.0
0.24372,5597.25
0.245001,5597.5
0.245001,5597.75
0.24372,5598.0
0.24372,5598.25
0.24372,5598.5
0.242438,5598.75
0.242438,5599.0
0.241157,5599.25
0.242438,5599.5
0.241157,5599.75
0.241157,5600.0
0.242438,5600.25
0.241157,5600.5
0.241157,5600.75
0.242438,5601.0
0.241157,5601.25
0.241157,5601.5
0.239876,5601.75
0.241157,5602.0
0.242438,5602.25
0.241157,5602.5
0.241157,5602.75
0.241157,5603.0
0.239876,5603.25
0.238594,5603.5
0.238594,5603.75
0.239876,5604.0
0.238594,5604.25
0.238594,5604.5
0.238594,5604.75
0.238594,5605.0
0.237313,5605.25
0.238594,5605.5
0.238594,5605.75
0.238594,5606.0
0.238594,5606.25
0.239876,5606.5
0.238594,5606.75
0.238594,5607.0
0.237313,5607.25
0.236032,5607.5
0.237313,5607.75
0.237313,5608.0
0.238594,5608.25
0.238594,5608.5
0.237313,5608.75
0.236032,5609.0
0.236032,5609.25
0.236032,5609.5
0.23475,5609.75
0.236032,5610.0
0.236032,5610.25
0.236032,5610.5
0.236032,5610.75
0.236032,5611.0
0.23475,5611.25
0.232188,5611.5
0.23475,5611.75
0.23475,5612.0
0.23475,5612.25
0.23475,5612.5
0.230906,5612.75
0.232188,5613.0
0.233469,5613.25
0.233469,5613.5
0.232188,5613.75
0.232188,5614.0
0.23475,5614.25
0.232188,5614.5
0.233469,5614.75
0.232188,5615.0
0.233469,5615.25
0.233469,5615.5
0.230906,5615.75
0.232188,5616.0
0.230906,5616.25
0.232188,5616.5
0.230906,5616.75
0.229625,5617.0
0.229625,5617.25
0.229625,5617.5
0.230906,5617.75
0.230906,5618.0
0.229625,5618.25
0.229625,5618.5
0.229625,5618.75
0.229625,5619.0
0.230906,5619.25
0.228344,5619.5
0.228344,5619.75
0.228344,5620.0
0.228344,5620.25
0.228344,5620.5
0.229625,5620.75
0.229625,5621.0
0.229625,5621.25
0.227062,5621.5
0.227062,5621.75
0.227062,5622.0
0.228344,5622.25
0.229625,5622.5
0.225781,5622.75
0.227062,5623.0
0.228344,5623.25
0.227062,5623.5
0.227062,5623.75
0.227062,5624.0
0.227062,5624.25
0.227062,5624.5
0.227062,5624.75
0.225781,5625.0
0.225781,5625.25
0.227062,5625.5
0.225781,5625.75
0.225781,5626.0
0.227062,5626.25
0.227062,5626.5
0.225781,5626.75
0.225781,5627.0
0.227062,5627.25
0.227062,5627.5
0.2245,5627.75
0.223218,5628.0
0.2245,5628.25
0.2245,5628.5
0.225781,5628.75
0.225781,5629.0
0.2245,5629.25
0.2245,5629.5
0.2245,5629.75
0.223218,5630.0
0.223218,5630.25
0.2245,5630.5
0.225781,5630.75
0.2245,5631.0
0.223218,5631.25
0.2245,5631.5
0.221937,5631.75
0.223218,5632.0
0.223218,5632.25
0.223218,5632.5
0.223218,5632.75
0.221937,5633.0
0.223218,5633.25
0.221937,5633.5
0.221937,5633.75
0.221937,5634.0
0.221937,5634.25
0.221937,5634.5
0.221937,5634.75
0.221937,5635.0
0.221937,5635.25
0.221937,5635.5
0.221937,5635.75
0.223218,5636.0
0.221937,5636.25
0.220656,5636.5
0.221937,5636.75
0.221937,5637.0
0.220656,5637.25
0.220656,5637.5
0.220656,5637.75
0.221937,5638.0
0.220656,5638.25
0.220656,5638.5
0.220656,5638.75
0.221937,5639.0
0.219374,5639.25
0.220656,5639.5
0.220656,5639.75
0.218093,5640.0
0.219374,5640.25
0.218093,5640.5
0.219374,5640.75
0.219374,5641.0
0.219374,5641.25
0.219374,5641.5
0.219374,5641.75
0.218093,5642.0
0.219374,5642.25
0.219374,5642.5
0.219374,5642.75
0.218093,5643.0
0.216812,5643.25
0.218093,5643.5
0.216812,5643.75
0.219374,5644.0
0.216812,5644.25
0.218093,5644.5
0.218093,5644.75
0.218093,5645.0
0.218093,5645.25
0.216812,5645.5
0.216812,5645.75
0.216812,5646.0
0.218093,5646.25
0.216812,5646.5
0.218093,5646.75
0.218093,5647.0
0.219374,5647.25
0.216812,5647.5
0.218093,5647.75
0.216812,5648.0
0.21553,5648.25
0.216812,5648.5
0.214249,5648.75
0.216812,5649.0
0.21553,5649.25
0.218093,5649.5
0.216812,5649.75
0.216812,5650.0
0.21553,5650.25
0.216812,5650.5
0.214249,5650.75
0.214249,5651.0
0.214249,5651.25
0.214249,5651.5
0.214249,5651.75
0.212968,5652.0
0.214249,5652.25
0.214249,5652.5
0.212968,5652.75
0.212968,5653.0
0.21553,5653.25
0.211686,5653.5
0.211686,5653.75
0.210405,5654.0
0.212968,5654.25
0.214249,5654.5
0.212968,5654.75
0.212968,5655.0
0.212968,5655.25
0.214249,5655.5
0.211686,5655.75
0.212968,5656.0
0.212968,5656.25
0.210405,5656.5
0.210405,5656.75
0.211686,5657.0
0.212968,5657.25
0.211686,5657.5
0.211686,5657.75
0.211686,5658.0
0.210405,5658.25
0.209124,5658.5
0.211686,5658.75
0.211686,5659.0
0.210405,5659.25
0.209124,5659.5
0.210405,5659.75
0.210405,5660.0
0.209124,5660.25
0.210405,5660.5
0.211686,5660.75
0.209124,5661.0
0.209124,5661.25
0.210405,5661.5
0.209124,5661.75
0.209124,5662.0
0.207842,5662.25
0.207842,5662.5
0.211686,5662.75
0.209124,5663.0
0.209124,5663.25
0.209124,5663.5
0.207842,5663.75
0.209124,5664.0
0.209124,5664.25
0.207842,5664.5
0.209124,5664.75
0.206561,5665.0
0.206561,5665.25
0.207842,5665.5
0.206561,5665.75
0.207842,5666.0
0.209124,5666.25
0.206561,5666.5
0.207842,5666.75
0.206561,5667.0
0.206561,5667.25
0.206561,5667.5
0.207842,5667.75
0.207842,5668.0
0.210405,5668.25
0.206561,5668.5
0.209124,5668.75
0.207842,5669.0
0.207842,5669.25
0.209124,5669.5
0.209124,5669.75
0.207842,5670.0
0.207842,5670.25
0.206561,5670.5
0.206561,5670.75
0.207842,5671.0
0.206561,5671.25
0.207842,5671.5
0.206561,5671.75
0.206561,5672.0
0.20528,5672.25
0.20528,5672.5
0.20528,5672.75
0.20528,5673.0
0.20528,5673.25
0.206561,5673.5
0.207842,5673.75
0.20528,5674.0
0.20528,5674.25
0.20528,5674.5
0.203999,5674.75
0.203999,5675.0
0.20528,5675.25
0.203999,5675.5
0.203999,5675.75
0.20528,5676.0
0.20528,5676.25
0.20528,5676.5
0.203999,5676.75
0.20528,5677.0
0.20528,5677.25
0.20528,5677.5
0.201436,5677.75
0.202717,5678.0
0.201436,5678.25
0.200155,5678.5
0.201436,5678.75
0.202717,5679.0
0.201436,5679.25
0.202717,5679.5
0.203999,5679.75
0.201436,5680.0
0.203999,5680.25
0.201436,5680.5
0.202717,5680.75
0.201436,5681.0
0.200155,5681.25
0.201436,5681.5
0.201436,5681.75
0.201436,5682.0
0.201436,5682.25
0.202717,5682.5
0.201436,5682.75
0.200155,5683.0
0.201436,5683.25
0.201436,5683.5
0.200155,5683.75
0.200155,5684.0
0.200155,5684.25
0.200155,5684.5
0.202717,5684.75
0.200155,5685.0
0.201436,5685.25
0.201436,5685.5
0.200155,5685.75
0.200155,5686.0
0.201436,5686.25
0.201436,5686.5
0.200155,5686.75
0.200155,5687.0
0.200155,5687.25
0.201436,5687.5
0.198873,5687.75
0.201436,5688.0
0.201436,5688.25
0.200155,5688.5
0.200155,5688.75
0.201436,5689.0
0.200155,5689.25
0.198873,5689.5
0.198873,5689.75
0.197592,5690.0
0.200155,5690.25
0.198873,5690.5
0.200155,5690.75
0.200155,5691.0
0.198873,5691.25
0.198873,5691.5
0.200155,5691.75
0.198873,5692.0
0.198873,5692.25
0.197592,5692.5
0.197592,5692.75
0.198873,5693.0
0.198873,5693.25
0.197592,5693.5
0.198873,5693.75
0.197592,5694.0
0.196311,5694.25
0.197592,5694.5
0.197592,5694.75
0.197592,5695.0
0.198873,5695.25
0.197592,5695.5
0.197592,5695.75
0.197592,5696.0
0.197592,5696.25
0.197592,5696.5
0.197592,5696.75
0.196311,5697.0
0.197592,5697.25
0.195029,5697.5
0.196311,5697.75
0.195029,5698.0
0.195029,5698.25
0.197592,5698.5
0.193748,5698.75
0.196311,5699.0
0.196311,5699.25
0.196311,5699.5
0.197592,5699.75
0.196311,5700.0
0.195029,5700.25
0.195029,5700.5
0.196311,5700.75
0.193748,5701.0
0.193748,5701.25
0.195029,5701.5
0.195029,5701.75
0.195029,5702.0
0.195029,5702.25
0.193748,5702.5
0.195029,5702.75
0.193748,5703.0
0.193748,5703.25
0.193748,5703.5
0.193748,5703.75
0.193748,5704.0
0.193748,5704.25
0.193748,5704.5
0.195029,5704.75
0.193748,5705.0
0.193748,5705.25
0.193748,5705.5
0.192467,5705.75
0.192467,5706.0
0.192467,5706.25
0.192467,5706.5
0.193748,5706.75
0.192467,5707.0
0.193748,5707.25
0.195029,5707.5
0.191185,5707.75
0.191185,5708.0
0.193748,5708.25
0.191185,5708.5
0.191185,5708.75
0.189904,5709.0
0.191185,5709.25
0.192467,5709.5
0.189904,5709.75
0.191185,5710.0
0.192467,5710.25
0.189904,5710.5
0.188623,5710.75
0.192467,5711.0
0.188623,5711.25
0.188623,5711.5
0.188623,5711.75
0.188623,5712.0
0.189904,5712.25
0.189904,5712.5
0.189904,5712.75
0.191185,5713.0
0.189904,5713.25
0.188623,5713.5
0.189904,5713.75
0.189904,5714.0
0.189904,5714.25
0.188623,5714.5
0.188623,5714.75
0.189904,5715.0
0.188623,5715.25
0.188623,5715.5
0.189904,5715.75
0.188623,5716.0
0.188623,5716.25
0.188623,5716.5
0.188623,5716.75
0.188623,5717.0
0.188623,5717.25
0.188623,5717.5
0.191185,5717.75
0.188623,5718.0
0.188623,5718.25
0.188623,5718.5
0.188623,5718.75
0.188623,5719.0
0.188623,5719.25
0.187341,5719.5
0.188623,5719.75
0.187341,5720.0
0.188623,5720.25
0.188623,5720.5
0.188623,5720.75
0.188623,5721.0
0.188623,5721.25
0.189904,5721.5
0.187341,5721.75
0.187341,5722.0
0.18606,5722.25
0.188623,5722.5
0.187341,5722.75
0.187341,5723.0
0.187341,5723.25
0.187341,5723.5
0.187341,5723.75
0.188623,5724.0
0.187341,5724.25
0.18606,5724.5
0.18606,5724.75
0.187341,5725.0
0.18606,5725.25
0.18606,5725.5
0.184779,5725.75
0.187341,5726.0
0.18606,5726.25
0.187341,5726.5
0.18606,5726.75
0.187341,5727.0
0.18606,5727.25
0.187341,5727.5
0.187341,5727.75
0.18606,5728.0
0.18606,5728.25
0.18606,5728.5
0.187341,5728.75
0.18606,5729.0
0.187341,5729.25
0.18606,5729.5
0.18606,5729.75
0.184779,5730.0
0.18606,5730.25
0.184779,5730.5
0.18606,5730.75
0.184779,5731.0
0.184779,5731.25
0.187341,5731.5
0.18606,5731.75
0.18606,5732.0
0.18606,5732.25
0.184779,5732.5
0.18606,5732.75
0.18606,5733.0
0.184779,5733.25
0.18606,5733.5
0.184779,5733.75
0.18606,5734.0
0.184779,5734.25
0.184779,5734.5
0.18606,5734.75
0.18606,5735.0
0.18606,5735.25
0.18606,5735.5
0.18606,5735.75
0.18606,5736.0
0.18606,5736.25
0.184779,5736.5
0.184779,5736.75
0.18606,5737.0
0.184779,5737.25
0.183497,5737.5
0.184779,5737.75
0.183497,5738.0
0.183497,5738.25
0.18606,5738.5
0.184779,5738.75
0.184779,5739.0
0.184779,5739.25
0.183497,5739.5
0.184779,5739.75
0.183497,5740.0
0.184779,5740.25
0.184779,5740.5
0.184779,5740.75
0.183497,5741.0
0.183497,5741.25
0.180935,5741.5
0.182216,5741.75
0.182216,5742.0
0.182216,5742.25
0.184779,5742.5
0.182216,5742.75
0.182216,5743.0
0.182216,5743.25
0.182216,5743.5
0.182216,5743.75
0.183497,5744.0
0.182216,5744.25
0.183497,5744.5
0.180935,5744.75
0.182216,5745.0
0.183497,5745.25
0.180935,5745.5
0.182216,5745.75
0.183497,5746.0
0.183497,5746.25
0.183497,5746.5
0.183497,5746.75
0.180935,5747.0
0.180935,5747.25
0.182216,5747.5
0.182216,5747.75
0.183497,5748.0
0.182216,5748.25
0.183497,5748.5
0.182216,5748.75
0.180935,5749.0
0.182216,5749.25
0.182216,5749.5
0.182216,5749.75
0.182216,5750.0
0.182216,5750.25
0.180935,5750.5
0.182216,5750.75
0.180935,5751.0
0.182216,5751.25
0.183497,5751.5
0.182216,5751.75
0.182216,5752.0
0.182216,5752.25
0.182216,5752.5
0.180935,5752.75
0.180935,5753.0
0.180935,5753.25
0.182216,5753.5
0.180935,5753.75
0.182216,5754.0
0.180935,5754.25
0.180935,5754.5
0.180935,5754.75
0.182216,5755.0
0.180935,5755.25
0.179653,5755.5
0.179653,5755.75
0.180935,5756.0
0.180935,5756.25
0.180935,5756.5
0.180935,5756.75
0.180935,5757.0
0.180935,5757.25
0.178372,5757.5
0.179653,5757.75
0.179653,5758.0
0.179653,5758.25
0.179653,5758.5
0.179653,5758.75
0.180935,5759.0
0.178372,5759.25
0.179653,5759.5
0.179653,5759.75
0.178372,5760.0
0.178372,5760.25
0.179653,5760.5
0.179653,5760.75
0.178372,5761.0
0.179653,5761.25
0.178372,5761.5
0.178372,5761.75
0.178372,5762.0
0.178372,5762.25
0.179653,5762.5
0.180935,5762.75
0.178372,5763.0
0.179653,5763.25
0.178372,5763.5
0.177091,5763.75
0.178372,5764.0
0.178372,5764.25
0.178372,5764.5
0.178372,5764.75
0.178372,5765.0
0.179653,5765.25
0.179653,5765.5
0.178372,5765.75
0.178372,5766.0
0.177091,5766.25
0.178372,5766.5
0.179653,5766.75
0.180935,5767.0
0.179653,5767.25
0.179653,5767.5
0.179653,5767.75
0.179653,5768.0
0.178372,5768.25
0.178372,5768.5
0.179653,5768.75
0.179653,5769.0
0.178372,5769.25
0.178372,5769.5
0.178372,5769.75
0.179653,5770.0
0.179653,5770.25
0.178372,5770.5
0.180935,5770.75
0.180935,5771.0
0.178372,5771.25
0.179653,5771.5
0.178372,5771.75
0.179653,5772.0
0.179653,5772.25
0.180935,5772.5
0.180935,5772.75
0.178372,5773.0
0.180935,5773.25
0.179653,5773.5
0.179653,5773.75
0.179653,5774.0
0.179653,5774.25
0.179653,5774.5
0.178372,5774.75
0.178372,5775.0
0.178372,5775.25
0.177091,5775.5
0.178372,5775.75
0.179653,5776.0
0.177091,5776.25
0.178372,5776.5
0.178372,5776.75
0.177091,5777.0
0.177091,5777.25
0.178372,5777.5
0.178372,5777.75
0.178372,5778.0
0.177091,5778.25
0.175809,5778.5
0.178372,5778.75
0.177091,5779.0
0.178372,5779.25
0.178372,5779.5
0.178372,5779.75
0.177091,5780.0
0.177091,5780.25
0.178372,5780.5
0.177091,5780.75
0.177091,5781.0
0.177091,5781.25
0.179653,5781.5
0.177091,5781.75
0.177091,5782.0
0.175809,5782.25
0.175809,5782.5
0.175809,5782.75
0.175809,5783.0
0.175809,5783.25
0.177091,5783.5
0.177091,5783.75
0.177091,5784.0
0.177091,5784.25
0.177091,5784.5
0.177091,5784.75
0.178372,5785.0
0.175809,5785.25
0.175809,5785.5
0.177091,5785.75
0.177091,5786.0
0.177091,5786.25
0.175809,5786.5
0.177091,5786.75
0.177091,5787.0
0.177091,5787.25
0.178372,5787.5
0.177091,5787.75
0.175809,5788.0
0.177091,5788.25
0.177091,5788.5
0.178372,5788.75
0.178372,5789.0
0.177091,5789.25
0.177091,5789.5
0.178372,5789.75
0.177091,5790.0
0.175809,5790.25
0.175809,5790.5
0.177091,5790.75
0.177091,5791.0
0.177091,5791.25
0.175809,5791.5
0.177091,5791.75
0.175809,5792.0
0.175809,5792.25
0.177091,5792.5
0.175809,5792.75
0.177091,5793.0
0.175809,5793.25
0.175809,5793.5
0.175809,5793.75
0.174528,5794.0
0.174528,5794.25
0.175809,5794.5
0.175809,5794.75
0.177091,5795.0
0.177091,5795.25
0.177091,5795.5
0.177091,5795.75
0.174528,5796.0
0.175809,5796.25
0.177091,5796.5
0.175809,5796.75
0.174528,5797.0
0.174528,5797.25
0.175809,5797.5
0.174528,5797.75
0.175809,5798.0
0.174528,5798.25
0.171965,5798.5
0.171965,5798.75
0.173247,5799.0
0.174528,5799.25
0.173247,5799.5
0.174528,5799.75
0.175809,5800.0
0.175809,5800.25
0.177091,5800.5
0.177091,5800.75
0.175809,5801.0
0.174528,5801.25
0.175809,5801.5
0.177091,5801.75
0.175809,5802.0
0.174528,5802.25
0.173247,5802.5
0.174528,5802.75
0.174528,5803.0
0.173247,5803.25
0.175809,5803.5
0.174528,5803.75
0.175809,5804.0
0.173247,5804.25
0.175809,5804.5
0.173247,5804.75
0.174528,5805.0
0.171965,5805.25
0.171965,5805.5
0.174528,5805.75
0.174528,5806.0
0.173247,5806.25
0.175809,5806.5
0.173247,5806.75
0.174528,5807.0
0.175809,5807.25
0.174528,5807.5
0.173247,5807.75
0.174528,5808.0
0.174528,5808.25
0.175809,5808.5
0.175809,5808.75
0.175809,5809.0
0.174528,5809.25
0.173247,5809.5
0.173247,5809.75
0.174528,5810.0
0.173247,5810.25
0.173247,5810.5
0.174528,5810.75
0.173247,5811.0
0.174528,5811.25
0.174528,5811.5
0.173247,5811.75
0.173247,5812.0
0.174528,5812.25
0.173247,5812.5
0.174528,5812.75
0.174528,5813.0
0.173247,5813.25
0.173247,5813.5
0.174528,5813.75
0.174528,5814.0
0.173247,5814.25
0.174528,5814.5
0.174528,5814.75
0.173247,5815.0
0.173247,5815.25
0.174528,5815.5
0.173247,5815.75
0.173247,5816.0
0.173247,5816.25
0.174528,5816.5
0.173247,5816.75
0.171965,5817.0
0.173247,5817.25
0.174528,5817.5
0.171965,5817.75
0.173247,5818.0
0.173247,5818.25
0.171965,5818.5
0.173247,5818.75
0.173247,5819.0
0.171965,5819.25
0.173247,5819.5
0.171965,5819.75
0.174528,5820.0
0.174528,5820.25
0.173247,5820.5
0.173247,5820.75
0.174528,5821.0
0.173247,5821.25
0.173247,5821.5
0.173247,5821.75
0.174528,5822.0
0.175809,5822.25
0.173247,5822.5
0.174528,5822.75
0.174528,5823.0
0.171965,5823.25
0.174528,5823.5
0.174528,5823.75
0.173247,5824.0
0.173247,5824.25
0.171965,5824.5
0.173247,5824.75
0.174528,5825.0
0.173247,5825.25
0.174528,5825.5
0.173247,5825.75
0.173247,5826.0
0.173247,5826.25
0.174528,5826.5
0.173247,5826.75
0.173247,5827.0
0.171965,5827.25
0.173247,5827.5
0.173247,5827.75
0.171965,5828.0
0.170684,5828.25
0.171965,5828.5
0.173247,5828.75
0.171965,5829.0
0.173247,5829.25
0.171965,5829.5
0.171965,5829.75
0.171965,5830.0
0.171965,5830.25
0.173247,5830.5
0.173247,5830.75
0.174528,5831.0
0.173247,5831.25
0.169403,5831.5
0.173247,5831.75
0.173247,5832.0
0.171965,5832.25
0.173247,5832.5
0.171965,5832.75
0.171965,5833.0
0.173247,5833.25
0.171965,5833.5
0.174528,5833.75
0.171965,5834.0
0.173247,5834.25
0.171965,5834.5
0.173247,5834.75
0.173247,5835.0
0.170684,5835.25
0.171965,5835.5
0.171965,5835.75
0.171965,5836.0
0.173247,5836.25
0.173247,5836.5
0.171965,5836.75
0.173247,5837.0
0.169403,5837.25
0.171965,5837.5
0.171965,5837.75
0.170684,5838.0
0.170684,5838.25
0.169403,5838.5
0.171965,5838.75
0.170684,5839.0
0.171965,5839.25
0.173247,5839.5
0.173247,5839.75
0.170684,5840.0
0.171965,5840.25
0.171965,5840.5
0.171965,5840.75
0.171965,5841.0
0.170684,5841.25
0.170684,5841.5
0.170684,5841.75
0.173247,5842.0
0.171965,5842.25
0.170684,5842.5
0.170684,5842.75
0.171965,5843.0
0.170684,5843.25
0.170684,5843.5
0.170684,5843.75
0.170684,5844.0
0.173247,5844.25
0.171965,5844.5
0.171965,5844.75
0.173247,5845.0
0.171965,5845.25
0.170684,5845.5
0.171965,5845.75
0.170684,5846.0
0.170684,5846.25
0.170684,5846.5
0.170684,5846.75
0.170684,5847.0
0.170684,5847.25
0.170684,5847.5
0.170684,5847.75
0.170684,5848.0
0.169403,5848.25
0.170684,5848.5
0.170684,5848.75
0.170684,5849.0
0.171965,5849.25
0.171965,5849.5
0.170684,5849.75
0.170684,5850.0
0.173247,5850.25
0.171965,5850.5
0.171965,5850.75
0.171965,5851.0
0.171965,5851.25
0.170684,5851.5
0.171965,5851.75
0.171965,5852.0
0.170684,5852.25
0.170684,5852.5
0.169403,5852.75
0.171965,5853.0
0.170684,5853.25
0.170684,5853.5
0.170684,5853.75
0.171965,5854.0
0.171965,5854.25
0.169403,5854.5
0.170684,5854.75
0.170684,5855.0
0.171965,5855.25
0.170684,5855.5
0.170684,5855.75
0.170684,5856.0
0.170684,5856.25
0.168121,5856.5
0.171965,5856.75
0.170684,5857.0
0.170684,5857.25
0.170684,5857.5
0.169403,5857.75
0.170684,5858.0
0.170684,5858.25
0.170684,5858.5
0.170684,5858.75
0.169403,5859.0
0.169403,5859.25
0.170684,5859.5
0.169403,5859.75
0.170684,5860.0
0.169403,5860.25
0.169403,5860.5
0.170684,5860.75
0.169403,5861.0
0.169403,5861.25
0.170684,5861.5
0.171965,5861.75
0.169403,5862.0
0.171965,5862.25
0.170684,5862.5
0.169403,5862.75
0.170684,5863.0
0.170684,5863.25
0.170684,5863.5
0.169403,5863.75
0.169403,5864.0
0.170684,5864.25
0.169403,5864.5
0.169403,5864.75
0.171965,5865.0
0.170684,5865.25
0.171965,5865.5
0.170684,5865.75
0.170684,5866.0
0.170684,5866.25
0.168121,5866.5
0.171965,5866.75
0.169403,5867.0
0.168121,5867.25
0.169403,5867.5
0.169403,5867.75
0.168121,5868.0
0.168121,5868.25
0.168121,5868.5
0.168121,5868.75
0.170684,5869.0
0.169403,5869.25
0.169403,5869.5
0.170684,5869.75
0.169403,5870.0
0.169403,5870.25
0.170684,5870.5
0.170684,5870.75
0.169403,5871.0
0.169403,5871.25
0.168121,5871.5
0.169403,5871.75
0.168121,5872.0
0.170684,5872.25
0.169403,5872.5
0.168121,5872.75
0.169403,5873.0
0.170684,5873.25
0.168121,5873.5
0.168121,5873.75
0.168121,5874.0
0.169403,5874.25
0.169403,5874.5
0.169403,5874.75
0.168121,5875.0
0.168121,5875.25
0.165559,5875.5
0.16684,5875.75
0.16684,5876.0
0.165559,5876.25
0.168121,5876.5
0.16684,5876.75
0.168121,5877.0
0.168121,5877.25
0.168121,5877.5
0.168121,5877.75
0.169403,5878.0
0.169403,5878.25
0.16684,5878.5
0.168121,5878.75
0.168121,5879.0
0.168121,5879.25
0.168121,5879.5
0.16684,5879.75
0.168121,5880.0
0.16684,5880.25
0.168121,5880.5
0.169403,5880.75
0.168121,5881.0
0.168121,5881.25
0.168121,5881.5
0.168121,5881.75
0.168121,5882.0
0.16684,5882.25
0.168121,5882.5
0.168121,5882.75
0.168121,5883.0
0.168121,5883.25
0.169403,5883.5
0.168121,5883.75
0.165559,5884.0
0.168121,5884.25
0.165559,5884.5
0.16684,5884.75
0.168121,5885.0
0.168121,5885.25
0.169403,5885.5
0.16684,5885.75
0.165559,5886.0
0.16684,5886.25
0.16684,5886.5
0.16684,5886.75
0.168121,5887.0
0.16684,5887.25
0.16684,5887.5
0.168121,5887.75
0.16684,5888.0
0.168121,5888.25
0.16684,5888.5
0.16684,5888.75
0.16684,5889.0
0.165559,5889.25
0.165559,5889.5
0.16684,5889.75
0.168121,5890.0
0.168121,5890.25
0.168121,5890.5
0.16684,5890.75
0.16684,5891.0
0.168121,5891.25
0.170684,5891.5
0.171965,5891.75
0.171965,5892.0
0.170684,5892.25
0.168121,5892.5
0.168121,5892.75
0.164277,5893.0
0.148901,5893.25
0.133525,5893.5
0.124556,5893.75
0.137369,5894.0
0.141213,5894.25
0.1284,5894.5
0.124556,5894.75
0.124556,5895.0
0.123275,5895.25
0.120712,5895.5
0.141213,5895.75
0.145057,5896.0
0.143776,5896.25
0.133525,5896.5
0.120712,5896.75
0.10918,5897.0
0.100211,5897.25
0.102773,5897.5
0.110461,5897.75
0.130963,5898.0
0.164277,5898.25
0.145057,5898.5
0.096367,5898.75
0.105336,5899.0
0.121993,5899.25
0.134807,5899.5
0.160433,5899.75
0.156589,5900.0
0.152745,5900.25
0.152745,5900.5
0.154027,5900.75
0.159152,5901.0
0.165559,5901.25
0.159152,5901.5
0.155308,5901.75
0.155308,5902.0
0.151464,5902.25
0.150183,5902.5
0.146339,5902.75
0.145057,5903.0
0.142495,5903.25
0.141213,5903.5
0.138651,5903.75
0.134807,5904.0
0.134807,5904.25
0.133525,5904.5
0.134807,5904.75
0.132244,5905.0
0.132244,5905.25
0.132244,5905.5
0.133525,5905.75
0.133525,5906.0
0.133525,5906.25
0.130963,5906.5
0.129681,5906.75
0.1284,5907.0
0.1284,5907.25
0.129681,5907.5
0.127119,5907.75
0.127119,5908.0
0.127119,5908.25
0.123275,5908.5
0.124556,5908.75
0.123275,5909.0
0.123275,5909.25
0.123275,5909.5
0.120712,5909.75
0.121993,5910.0
0.123275,5910.25
0.123275,5910.5
0.123275,5910.75
0.124556,5911.0
0.123275,5911.25
0.121993,5911.5
0.121993,5911.75
0.118149,5912.0
0.119431,5912.25
0.118149,5912.5
0.118149,5912.75
0.119431,5913.0
0.116868,5913.25
0.118149,5913.5
0.118149,5913.75
0.119431,5914.0
0.118149,5914.25
0.120712,5914.5
0.120712,5914.75
0.120712,5915.0
0.120712,5915.25
0.121993,5915.5
0.123275,5915.75
0.120712,5916.0
0.120712,5916.25
0.121993,5916.5
0.119431,5916.75
0.116868,5917.0
0.118149,5917.25
0.116868,5917.5
0.115587,5917.75
0.116868,5918.0
0.116868,5918.25
0.116868,5918.5
0.115587,5918.75
0.116868,5919.0
0.119431,5919.25
0.119431,5919.5
0.116868,5919.75
0.118149,5920.0
0.118149,5920.25
0.116868,5920.5
0.116868,5920.75
0.116868,5921.0
0.118149,5921.25
0.116868,5921.5
0.119431,5921.75
0.116868,5922.0
0.116868,5922.25
0.116868,5922.5
0.116868,5922.75
0.118149,5923.0
0.119431,5923.25
0.118149,5923.5
0.119431,5923.75
0.120712,5924.0
0.119431,5924.25
0.118149,5924.5
0.118149,5924.75
0.116868,5925.0
0.116868,5925.25
0.118149,5925.5
0.119431,5925.75
0.116868,5926.0
0.118149,5926.25
0.116868,5926.5
0.119431,5926.75
0.116868,5927.0
0.116868,5927.25
0.119431,5927.5
0.119431,5927.75
0.120712,5928.0
0.119431,5928.25
0.116868,5928.5
0.114305,5928.75
0.114305,5929.0
0.115587,5929.25
0.115587,5929.5
0.115587,5929.75
0.115587,5930.0
0.116868,5930.25
0.114305,5930.5
0.115587,5930.75
0.116868,5931.0
0.115587,5931.25
0.115587,5931.5
0.113024,5931.75
0.114305,5932.0
0.114305,5932.25
0.114305,5932.5
0.114305,5932.75
0.114305,5933.0
0.114305,5933.25
0.115587,5933.5
0.115587,5933.75
0.115587,5934.0
0.114305,5934.25
0.114305,5934.5
0.113024,5934.75
0.114305,5935.0
0.114305,5935.25
0.114305,5935.5
0.115587,5935.75
0.113024,5936.0
0.113024,5936.25
0.114305,5936.5
0.114305,5936.75
0.113024,5937.0
0.113024,5937.25
0.113024,5937.5
0.114305,5937.75
0.111743,5938.0
0.115587,5938.25
0.114305,5938.5
0.111743,5938.75
0.107899,5939.0
0.125837,5939.25
0.115587,5939.5
0.10918,5939.75
0.106617,5940.0
0.105336,5940.25
0.104055,5940.5
0.101492,5940.75
0.101492,5941.0
0.098929,5941.25
0.098929,5941.5
0.097648,5941.75
0.100211,5942.0
0.096367,5942.25
0.096367,5942.5
0.096367,5942.75
0.096367,5943.0
0.097648,5943.25
0.095085,5943.5
0.096367,5943.75
0.096367,5944.0
0.095085,5944.25
0.095085,5944.5
0.095085,5944.75
0.093804,5945.0
0.093804,5945.25
0.101492,5945.5
0.100211,5945.75
0.100211,5946.0
0.097648,5946.25
0.101492,5946.5
0.104055,5946.75
0.104055,5947.0
0.102773,5947.25
0.102773,5947.5
0.100211,5947.75
0.100211,5948.0
0.098929,5948.25
0.097648,5948.5
0.097648,5948.75
0.095085,5949.0
0.096367,5949.25
0.097648,5949.5
0.095085,5949.75
0.095085,5950.0
0.096367,5950.25
0.093804,5950.5
0.095085,5950.75
0.093804,5951.0
0.093804,5951.25
0.095085,5951.5
0.092523,5951.75
0.093804,5952.0
0.093804,5952.25
0.093804,5952.5
0.091241,5952.75
0.092523,5953.0
0.092523,5953.25
0.092523,5953.5
0.091241,5953.75
0.092523,5954.0
0.092523,5954.25
0.091241,5954.5
0.093804,5954.75
0.093804,5955.0
0.091241,5955.25
0.08996,5955.5
0.091241,5955.75
0.091241,5956.0
0.091241,5956.25
0.091241,5956.5
0.092523,5956.75
0.093804,5957.0
0.092523,5957.25
0.092523,5957.5
0.091241,5957.75
0.107899,5958.0
0.110461,5958.25
0.10918,5958.5
0.102773,5958.75
0.101492,5959.0
0.100211,5959.25
0.101492,5959.5
0.102773,5959.75
0.097648,5960.0
0.098929,5960.25
0.096367,5960.5
0.096367,5960.75
0.096367,5961.0
0.096367,5961.25
0.093804,5961.5
0.093804,5961.75
0.096367,5962.0
0.093804,5962.25
0.096367,5962.5
0.095085,5962.75
0.092523,5963.0
0.095085,5963.25
0.091241,5963.5
0.096367,5963.75
0.098929,5964.0
0.095085,5964.25
0.093804,5964.5
0.092523,5964.75
0.092523,5965.0
0.091241,5965.25
0.092523,5965.5
0.091241,5965.75
0.091241,5966.0
0.088679,5966.25
0.093804,5966.5
0.093804,5966.75
0.087397,5967.0
0.066896,5967.25
0.059208,5967.5
0.057927,5967.75
0.060489,5968.0
0.057927,5968.25
0.063052,5968.5
0.07074,5968.75
0.077147,5969.0
0.066896,5969.25
0.066896,5969.5
0.066896,5969.75
0.068177,5970.0
0.068177,5970.25
0.078428,5970.5
0.086116,5970.75
0.08996,5971.0
0.092523,5971.25
0.096367,5971.5
0.08996,5971.75
0.083553,5972.0
0.080991,5972.25
0.078428,5972.5
0.065615,5972.75
0.084835,5973.0
0.088679,5973.25
0.068177,5973.5
0.084835,5973.75
0.114305,5974.0
0.111743,5974.25
0.092523,5974.5
0.088679,5974.75
0.084835,5975.0
0.083553,5975.25
0.087397,5975.5
0.075865,5975.75
0.078428,5976.0
0.082272,5976.25
0.082272,5976.5
0.083553,5976.75
0.084835,5977.0
0.084835,5977.25
0.084835,5977.5
0.086116,5977.75
0.084835,5978.0
0.079709,5978.25
0.079709,5978.5
0.074584,5978.75
0.074584,5979.0
0.072021,5979.25
0.072021,5979.5
0.072021,5979.75
0.069459,5980.0
0.061771,5980.25
0.066896,5980.5
0.077147,5980.75
0.083553,5981.0
0.08996,5981.25
0.08996,5981.5
0.08996,5981.75
0.092523,5982.0
0.101492,5982.25
0.097648,5982.5
0.095085,5982.75
0.091241,5983.0
0.086116,5983.25
0.084835,5983.5
0.105336,5983.75
0.097648,5984.0
0.115587,5984.25
0.116868,5984.5
0.111743,5984.75
0.133525,5985.0
0.111743,5985.25
0.107899,5985.5
0.119431,5985.75
0.116868,5986.0
0.119431,5986.25
0.116868,5986.5
0.116868,5986.75
0.115587,5987.0
0.115587,5987.25
0.115587,5987.5
0.118149,5987.75
0.120712,5988.0
0.119431,5988.25
0.116868,5988.5
0.120712,5988.75
0.123275,5989.0
0.121993,5989.25
0.121993,5989.5
0.119431,5989.75
0.120712,5990.0
0.119431,5990.25
0.123275,5990.5
0.123275,5990.75
0.123275,5991.0
0.110461,5991.25
0.10918,5991.5
0.107899,5991.75
0.110461,5992.0
0.113024,5992.25
0.113024,5992.5
0.114305,5992.75
0.113024,5993.0
0.113024,5993.25
0.116868,5993.5
0.116868,5993.75
0.116868,5994.0
0.116868,5994.25
0.113024,5994.5
0.114305,5994.75
0.115587,5995.0
0.116868,5995.25
0.118149,5995.5
0.116868,5995.75
0.115587,5996.0
0.120712,5996.25
0.116868,5996.5
0.118149,5996.75
0.115587,5997.0
0.114305,5997.25
0.115587,5997.5
0.116868,5997.75
0.115587,5998.0
0.120712,5998.25
0.127119,5998.5
0.127119,5998.75
0.127119,5999.0
0.121993,5999.25
0.123275,5999.5
0.124556,5999.75
0.119431,6000.0
0.118149,6000.25
0.120712,6000.5
0.116868,6000.75
0.121993,6001.0
0.120712,6001.25
0.125837,6001.5
0.125837,6001.75
0.125837,6002.0
0.125837,6002.25
0.130963,6002.5
0.1284,6002.75
0.129681,6003.0
0.130963,6003.25
0.132244,6003.5
0.130963,6003.75
0.1284,6004.0
0.133525,6004.25
0.133525,6004.5
0.133525,6004.75
0.130963,6005.0
0.132244,6005.25
0.133525,6005.5
0.134807,6005.75
0.132244,6006.0
0.132244,6006.25
0.133525,6006.5
0.129681,6006.75
0.133525,6007.0
0.132244,6007.25
0.130963,6007.5
0.132244,6007.75
0.137369,6008.0
0.137369,6008.25
0.134807,6008.5
0.138651,6008.75
0.139932,6009.0
0.142495,6009.25
0.137369,6009.5
0.116868,6009.75
0.159152,6010.0
0.193748,6010.25
0.124556,6010.5
0.102773,6010.75
0.105336,6011.0
0.114305,6011.25
0.125837,6011.5
0.124556,6011.75
0.124556,6012.0
0.127119,6012.25
0.123275,6012.5
0.133525,6012.75
0.1284,6013.0
0.130963,6013.25
0.132244,6013.5
0.137369,6013.75
0.137369,6014.0
0.136088,6014.25
0.137369,6014.5
0.138651,6014.75
0.139932,6015.0
0.139932,6015.25
0.137369,6015.5
0.139932,6015.75
0.138651,6016.0
0.141213,6016.25
0.137369,6016.5
0.136088,6016.75
0.138651,6017.0
0.138651,6017.25
0.141213,6017.5
0.138651,6017.75
0.138651,6018.0
0.141213,6018.25
0.139932,6018.5
0.136088,6018.75
0.137369,6019.0
0.134807,6019.25
0.133525,6019.5
0.132244,6019.75
0.136088,6020.0
0.150183,6020.25
0.178372,6020.5
0.174528,6020.75
0.168121,6021.0
0.162996,6021.25
0.157871,6021.5
0.14762,6021.75
0.148901,6022.0
0.150183,6022.25
0.151464,6022.5
0.154027,6022.75
0.160433,6023.0
0.161715,6023.25
0.162996,6023.5
0.165559,6023.75
0.164277,6024.0
0.16684,6024.25
0.169403,6024.5
0.16684,6024.75
0.164277,6025.0
0.169403,6025.25
0.170684,6025.5
0.173247,6025.75
0.170684,6026.0
0.174528,6026.25
0.175809,6026.5
0.180935,6026.75
0.182216,6027.0
0.182216,6027.25
0.182216,6027.5
0.180935,6027.75
0.182216,6028.0
0.182216,6028.25
0.182216,6028.5
0.180935,6028.75
0.183497,6029.0
0.182216,6029.25
0.180935,6029.5
0.183497,6029.75
0.183497,6030.0
0.178372,6030.25
0.178372,6030.5
0.178372,6030.75
0.178372,6031.0
0.177091,6031.25
0.175809,6031.5
0.178372,6031.75
0.178372,6032.0
0.179653,6032.25
0.182216,6032.5
0.178372,6032.75
0.173247,6033.0
0.180935,6033.25
0.184779,6033.5
0.183497,6033.75
0.179653,6034.0
0.177091,6034.25
0.177091,6034.5
0.178372,6034.75
0.179653,6035.0
0.175809,6035.25
0.178372,6035.5
0.175809,6035.75
0.177091,6036.0
0.178372,6036.25
0.177091,6036.5
0.178372,6036.75
0.178372,6037.0
0.178372,6037.25
0.178372,6037.5
0.174528,6037.75
0.175809,6038.0
0.177091,6038.25
0.175809,6038.5
0.175809,6038.75
0.175809,6039.0
0.175809,6039.25
0.173247,6039.5
0.173247,6039.75
0.173247,6040.0
0.173247,6040.25
0.173247,6040.5
0.171965,6040.75
0.173247,6041.0
0.173247,6041.25
0.171965,6041.5
0.173247,6041.75
0.173247,6042.0
0.174528,6042.25
0.171965,6042.5
0.171965,6042.75
0.174528,6043.0
0.174528,6043.25
0.171965,6043.5
0.174528,6043.75
0.174528,6044.0
0.171965,6044.25
0.173247,6044.5
0.175809,6044.75
0.180935,6045.0
0.183497,6045.25
0.187341,6045.5
0.191185,6045.75
0.189904,6046.0
0.203999,6046.25
0.201436,6046.5
0.214249,6046.75
0.228344,6047.0
0.223218,6047.25
0.197592,6047.5
0.200155,6047.75
0.197592,6048.0
0.198873,6048.25
0.200155,6048.5
0.187341,6048.75
0.188623,6049.0
0.187341,6049.25
0.18606,6049.5
0.18606,6049.75
0.183497,6050.0
0.183497,6050.25
0.145057,6050.5
0.127119,6050.75
0.124556,6051.0
0.130963,6051.25
0.137369,6051.5
0.150183,6051.75
0.156589,6052.0
0.155308,6052.25
0.175809,6052.5
0.180935,6052.75
0.180935,6053.0
0.177091,6053.25
0.157871,6053.5
0.156589,6053.75
0.162996,6054.0
0.171965,6054.25
0.177091,6054.5
0.175809,6054.75
0.177091,6055.0
0.178372,6055.25
0.180935,6055.5
0.183497,6055.75
0.18606,6056.0
0.183497,6056.25
0.184779,6056.5
0.183497,6056.75
0.179653,6057.0
0.175809,6057.25
0.183497,6057.5
0.182216,6057.75
0.182216,6058.0
0.183497,6058.25
0.182216,6058.5
0.182216,6058.75
0.178372,6059.0
0.177091,6059.25
0.178372,6059.5
0.180935,6059.75
0.177091,6060.0
0.175809,6060.25
0.177091,6060.5
0.178372,6060.75
0.178372,6061.0
0.179653,6061.25
0.188623,6061.5
0.188623,6061.75
0.189904,6062.0
0.189904,6062.25
0.188623,6062.5
0.188623,6062.75
0.188623,6063.0
0.188623,6063.25
0.187341,6063.5
0.188623,6063.75
0.188623,6064.0
0.191185,6064.25
0.191185,6064.5
0.191185,6064.75
0.192467,6065.0
0.191185,6065.25
0.192467,6065.5
0.192467,6065.75
0.191185,6066.0
0.188623,6066.25
0.188623,6066.5
0.189904,6066.75
0.191185,6067.0
0.188623,6067.25
0.188623,6067.5
0.191185,6067.75
0.191185,6068.0
0.188623,6068.25
0.178372,6068.5
0.16684,6068.75
0.161715,6069.0
0.155308,6069.25
0.139932,6069.5
0.145057,6069.75
0.125837,6070.0
0.115587,6070.25
0.10918,6070.5
0.104055,6070.75
0.096367,6071.0
0.092523,6071.25
0.087397,6071.5
0.084835,6071.75
0.082272,6072.0
0.080991,6072.25
0.077147,6072.5
0.075865,6072.75
0.073303,6073.0
0.073303,6073.25
0.075865,6073.5
0.074584,6073.75
0.075865,6074.0
0.074584,6074.25
0.073303,6074.5
0.072021,6074.75
0.072021,6075.0
0.073303,6075.25
0.07074,6075.5
0.065615,6075.75
0.066896,6076.0
0.068177,6076.25
0.064333,6076.5
0.064333,6076.75
0.063052,6077.0
0.061771,6077.25
0.064333,6077.5
0.063052,6077.75
0.060489,6078.0
0.059208,6078.25
0.073303,6078.5
0.045113,6078.75
