EDA_Raw,Time_Seconds
2.248749,0.0
2.710001,0.25
2.554969,0.5
2.818907,0.75
2.630563,1.0
2.622875,1.25
2.628,1.5
2.680532,1.75
2.822751,2.0
2.982908,2.25
3.207529,2.5
3.417655,2.75
3.589343,3.0
3.69997,3.25
3.743533,3.5
3.716627,3.75
3.680752,4.0
3.596189,4.25
3.501376,4.5
3.409126,4.75
3.327126,5.0
3.252813,5.25
3.197719,5.5
3.154156,5.75
3.113156,6.0
3.081125,6.25
3.056781,6.5
3.031156,6.75
3.011937,7.0
2.996562,7.25
2.981187,7.5
2.969656,7.75
2.958124,8.0
2.946593,8.25
2.951718,8.5
2.968374,8.75
2.992718,9.0
3.010656,9.25
3.023468,9.5
3.020906,9.75
3.009375,10.0
2.987593,10.25
2.9735,10.5
2.955562,10.75
2.937624,11.0
2.937185,11.25
2.92181,11.5
2.908997,11.75
2.897466,12.0
3.31003,12.25
2.99356,12.5
2.919247,12.75
2.934622,13.0
2.919247,13.25
2.894903,13.5
2.87056,13.75
2.844934,14.0
2.818028,14.25
2.894903,14.5
2.964091,14.75
3.064029,15.0
3.139623,15.25
3.197279,15.5
3.215217,15.75
3.210092,16.0
3.187029,16.25
3.149873,16.5
3.113998,16.75
3.084529,17.0
3.057623,17.25
3.029435,17.5
3.015341,17.75
3.00381,18.0
2.98331,18.25
2.969216,18.5
2.970497,18.75
2.967935,19.0
2.967935,19.25
2.96281,19.5
2.960248,19.75
2.951279,20.0
2.944872,20.25
2.939747,20.5
2.939747,20.75
2.937185,21.0
2.93206,21.25
2.930779,21.5
2.926935,21.75
2.925653,22.0
2.928216,22.25
2.930779,22.5
2.933341,22.75
2.939747,23.0
2.939747,23.25
2.941029,23.5
2.938466,23.75
2.933341,24.0
2.926935,24.25
2.923091,24.5
2.919247,24.75
2.912841,25.0
2.910279,25.25
2.906435,25.5
2.902591,25.75
2.897466,26.0
2.892341,26.25
2.888497,26.5
2.885935,26.75
2.88081,27.0
2.876966,27.25
2.873122,27.5
2.87056,27.75
2.867997,28.0
2.864153,28.25
2.864153,28.5
2.86031,28.75
2.855185,29.0
2.85006,29.25
2.841091,29.5
2.837247,29.75
2.843653,30.0
2.85006,30.25
2.844934,30.5
2.843653,30.75
2.842372,31.0
2.839809,31.25
2.834685,31.5
2.833403,31.75
2.833403,32.0
2.832122,32.25
2.830841,32.5
2.826997,32.75
2.825716,33.0
2.823153,33.25
2.818028,33.5
2.816747,33.75
2.815466,34.0
2.811622,34.25
2.806497,34.5
2.807778,34.75
2.809059,35.0
2.810341,35.25
2.793684,35.5
2.834685,35.75
2.838528,36.0
3.026873,36.25
2.978185,36.5
3.019185,36.75
3.139623,37.0
2.990998,37.25
2.997404,37.5
2.951279,37.75
2.939747,38.0
2.947435,38.25
2.944872,38.5
3.052498,38.75
3.020466,39.0
3.029435,39.25
3.020466,39.5
2.997404,39.75
2.975622,40.0
2.958966,40.25
2.961529,40.5
2.951279,40.75
2.934622,41.0
2.920528,41.25
2.919247,41.5
2.898747,41.75
2.898747,42.0
2.885935,42.25
2.832122,42.5
2.824435,42.75
2.810341,43.0
2.797528,43.25
2.783434,43.5
2.757809,43.75
2.794966,44.0
2.785997,44.25
2.768059,44.5
2.751403,44.75
2.739872,45.0
2.72834,45.25
2.715528,45.5
2.71809,45.75
2.72834,46.0
2.715528,46.25
2.692465,46.5
2.709122,46.75
2.698872,47.0
2.696309,47.25
2.695028,47.5
2.688622,47.75
2.680934,48.0
2.674528,48.25
2.66684,48.5
2.664278,48.75
2.662997,49.0
2.668122,49.25
2.665559,49.5
2.65659,49.75
2.650184,50.0
2.642496,50.25
2.642496,50.5
2.647621,50.75
2.643778,51.0
2.639934,51.25
2.637371,51.5
2.630965,51.75
2.639934,52.0
2.637371,52.25
2.63609,52.5
2.637371,52.75
2.679653,53.0
2.675809,53.25
2.683496,53.5
2.673247,53.75
2.654028,54.0
2.652746,54.25
2.650184,54.5
2.647621,54.75
2.645059,55.0
2.63609,55.25
2.632246,55.5
2.630965,55.75
2.627121,56.0
2.623278,56.25
2.619434,56.5
2.606621,56.75
2.536152,57.0
2.498996,57.25
2.47209,57.5
2.487465,57.75
2.484902,58.0
2.604059,58.25
2.69759,58.5
2.793684,58.75
2.843653,59.0
2.88081,59.25
2.893622,59.5
2.896185,59.75
2.900028,60.0
2.906435,60.25
2.916685,60.5
2.919247,60.75
2.912841,61.0
2.906435,61.25
2.896185,61.5
2.897466,61.75
2.924372,62.0
3.002529,62.25
3.124248,62.5
3.234436,62.75
3.318999,63.0
3.370249,63.25
3.380499,63.5
3.366405,63.75
3.336936,64.0
3.313874,64.25
3.297217,64.5
3.280561,64.75
3.266467,65.0
3.262623,65.25
3.276717,65.5
3.295936,65.75
3.307467,66.0
3.311311,66.25
3.302342,66.5
3.288248,66.75
3.267748,67.0
3.244686,67.25
3.219061,67.5
3.195998,67.75
3.187029,68.0
3.174217,68.25
3.166529,68.5
3.157561,68.75
3.149873,69.0
3.146029,69.25
3.160123,69.5
3.221623,69.75
3.335655,70.0
3.475312,70.25
3.573126,70.5
3.642314,70.75
3.667939,71.0
3.671783,71.25
3.639751,71.5
3.585939,71.75
3.52572,72.0
3.475751,72.25
3.432188,72.5
3.401438,72.75
3.375813,73.0
3.354032,73.25
3.338657,73.5
3.322001,73.75
3.306626,74.0
3.295094,74.25
3.284844,74.5
3.274594,74.75
3.263063,75.0
3.254094,75.25
3.245125,75.5
3.236156,75.75
3.227188,76.0
3.220782,76.25
3.225906,76.5
3.243844,76.75
3.274594,77.0
3.304063,77.25
3.325844,77.5
3.337376,77.75
3.341219,78.0
3.334813,78.25
3.315594,78.5
3.300219,78.75
3.288688,79.0
3.275875,79.25
3.272032,79.5
3.268188,79.75
3.255375,80.0
3.25025,80.25
3.242563,80.5
3.238719,80.75
3.237438,81.0
3.231031,81.25
3.228469,81.5
3.228469,81.75
3.220782,82.0
3.215657,82.25
3.214375,82.5
3.227188,82.75
3.277157,83.0
3.368126,83.25
3.473188,83.5
3.598751,83.75
3.715345,84.0
3.797346,84.25
3.846033,84.5
3.858846,84.75
3.837065,85.0
3.789658,85.25
3.738408,85.5
3.688439,85.75
3.634626,86.0
3.593626,86.25
3.559032,86.5
3.532126,86.75
3.520595,87.0
3.552626,87.25
3.670502,87.5
3.876783,87.75
4.081784,88.0
4.266205,88.25
4.377674,88.5
4.423799,88.75
4.430205,89.0
4.408137,89.25
4.359449,89.5
4.26848,89.75
4.171104,90.0
4.092948,90.25
4.046823,90.5
4.022479,90.75
4.004542,91.0
3.989166,91.25
3.967385,91.5
3.936635,91.75
3.912579,92.0
3.876704,92.25
3.845953,92.5
3.825454,92.75
3.81136,93.0
3.797266,93.25
3.783172,93.5
3.767797,93.75
3.754985,94.0
3.742172,94.25
3.730641,94.5
3.720391,94.75
3.712703,95.0
3.724234,95.25
3.789578,95.5
3.945891,95.75
4.147048,96.0
4.289268,96.25
4.369987,96.5
4.443018,96.75
4.445293,97.0
4.403012,97.25
4.328699,97.5
4.251823,97.75
4.190323,98.0
4.137792,98.25
4.103198,98.5
4.07373,98.75
4.046823,99.0
4.022479,99.25
4.004542,99.5
3.991729,99.75
3.998135,100.0
4.067323,100.25
4.19673,100.5
4.349199,100.75
4.464512,101.0
4.523449,101.25
4.540106,101.5
4.538825,101.75
4.616981,102.0
4.78995,102.25
5.015451,102.5
5.103288,102.75
5.158382,103.0
5.090475,103.25
4.9111,103.5
4.765037,103.75
4.653568,104.0
4.547224,104.25
4.538255,104.5
4.724037,104.75
4.912381,105.0
5.192976,105.25
5.378757,105.5
5.48382,105.75
5.528334,106.0
5.425833,106.25
5.437365,106.5
5.609053,106.75
5.91271,107.0
5.752553,107.25
5.62699,107.5
5.674397,107.75
6.006241,108.0
6.174853,108.25
6.065947,108.5
6.092853,108.75
6.027509,109.0
5.759727,109.25
5.71104,109.5
5.71104,109.75
5.658508,110.0
5.540633,110.25
5.461195,110.5
5.290788,110.75
5.366896,111.0
5.543709,111.25
5.343833,111.5
5.05427,111.75
4.956894,112.0
4.9223,112.25
4.891881,112.5
4.797068,112.75
4.693286,113.0
4.535692,113.25
4.405005,113.5
4.323574,113.75
4.304355,114.0
4.315886,114.25
4.358168,114.5
4.397887,114.75
4.468356,115.0
4.570856,115.25
4.819419,115.5
4.837357,115.75
4.6977,116.0
4.627231,116.25
4.660543,116.5
4.752794,116.75
4.871951,117.0
5.083357,117.25
5.368507,117.5
5.513289,117.75
5.579584,118.0
5.523209,118.25
5.820459,118.5
6.085679,118.75
6.584855,119.0
6.853486,119.25
6.866299,119.5
6.790705,119.75
6.665142,120.0
6.472954,120.25
6.296141,120.5
6.165453,120.75
6.082171,121.0
5.992484,121.25
5.934827,121.5
5.894258,121.75
5.84429,122.0
5.791759,122.25
5.744352,122.5
5.704633,122.75
5.689258,123.0
5.71104,123.25
5.766133,123.5
5.80329,123.75
5.819946,124.0
5.807134,124.25
5.780227,124.5
5.746914,124.75
5.91604,125.0
6.320916,125.25
6.584855,125.5
6.977768,125.75
7.018182,126.0
6.989995,126.25
6.667119,126.5
6.30068,126.75
6.088578,127.0
5.911765,127.25
5.781508,127.5
5.703352,127.75
5.641852,128.0
5.562414,128.25
5.462476,128.5
5.36382,128.75
5.263114,129.0
5.017113,129.25
4.981238,129.5
5.040176,129.75
5.143957,130.0
5.324614,130.25
5.365614,130.5
5.220832,130.75
5.065801,131.0
5.138833,131.25
5.355364,131.5
5.703866,131.75
6.031866,132.0
6.423417,132.25
6.640798,132.5
6.621579,132.75
6.513954,133.0
6.379422,133.25
6.358922,133.5
6.531891,133.75
6.711267,134.0
6.800955,134.25
6.78558,134.5
6.729205,134.75
6.643361,135.0
6.515235,135.25
6.357641,135.5
6.198765,135.75
6.083453,136.0
6.169297,136.25
6.560079,136.5
6.831705,136.75
6.990581,137.0
7.068151,137.25
7.05662,137.5
6.970776,137.75
6.907994,138.0
6.970776,138.25
7.04637,138.5
7.057901,138.75
7.006651,139.0
6.936182,139.25
6.828557,139.5
6.628681,139.75
6.442899,140.0
6.309649,140.25
6.207734,140.5
6.127015,140.75
6.074484,141.0
6.034765,141.25
6.006577,141.5
5.982234,141.75
5.966858,142.0
5.970702,142.25
5.997609,142.5
6.006577,142.75
6.066796,143.0
6.246172,143.25
6.494735,143.5
6.675392,143.75
6.721517,144.0
6.717673,144.25
6.689486,144.5
6.629267,144.75
6.572892,145.0
6.481923,145.25
6.384547,145.5
6.360203,145.75
6.471673,146.0
6.651048,146.25
6.77533,146.5
6.815049,146.75
6.798392,147.0
6.743299,147.25
6.689486,147.5
6.584423,147.75
6.467829,148.0
6.394797,148.25
6.333297,148.5
6.36661,148.75
6.301266,149.0
6.346109,149.25
6.283328,149.5
6.202609,149.75
6.273078,150.0
6.351234,150.25
6.430672,150.5
6.402485,150.75
6.410172,151.0
6.396079,151.25
6.329453,151.5
6.301266,151.75
6.323047,152.0
6.389672,152.25
6.255141,152.5
6.168015,152.75
6.212859,153.0
6.18339,153.25
6.194921,153.5
6.209015,153.75
6.206453,154.0
6.166734,154.25
6.13214,154.5
6.138546,154.75
6.139828,155.0
6.135984,155.25
6.176984,155.5
6.260266,155.75
6.247453,156.0
6.176984,156.25
6.045015,156.5
5.874608,156.75
5.731539,157.0
5.652102,157.25
5.581633,157.5
5.529101,157.75
5.55857,158.0
5.679008,158.25
5.76229,158.5
5.819946,158.75
5.959603,159.0
6.009572,159.25
6.060822,159.5
6.160759,159.75
6.317072,160.0
6.343979,160.25
6.474667,160.5
6.566485,160.75
6.639517,161.0
6.565204,161.25
6.617735,161.5
6.642079,161.75
6.904737,162.0
7.063612,162.25
7.12837,162.5
7.274433,162.75
7.211651,163.0
7.082245,163.25
6.948994,163.5
6.8324,163.75
6.717087,164.0
6.618431,164.25
6.582556,164.5
6.758088,164.75
6.870838,165.0
6.988713,165.25
7.024588,165.5
6.914401,165.75
6.590243,166.0
6.394211,166.25
6.415298,166.5
6.312797,166.75
6.202609,167.0
6.211578,167.25
6.312797,167.5
6.287172,167.75
6.10139,168.0
5.971983,168.25
5.836171,168.5
5.766133,168.75
5.716165,169.0
5.691821,169.25
5.699508,169.5
5.775102,169.75
5.869915,170.0
5.949353,170.25
6.019822,170.5
6.104384,170.75
6.122322,171.0
6.114635,171.25
6.095416,171.5
6.072353,171.75
6.051853,172.0
6.037759,172.25
6.01854,172.5
5.999321,172.75
5.983946,173.0
5.983946,173.25
5.90579,173.5
5.913477,173.75
5.912196,174.0
5.892977,174.25
5.80329,174.5
5.784071,174.75
5.768696,175.0
5.743071,175.25
5.757164,175.5
5.832758,175.75
6.087728,176.0
6.21201,176.25
6.419573,176.5
6.378572,176.75
6.369604,177.0
6.219697,177.25
6.311947,177.5
6.29401,177.75
6.295291,178.0
6.306822,178.25
6.149228,178.5
6.077478,178.75
6.127447,179.0
6.288885,179.25
6.213291,179.5
6.203041,179.75
6.183822,180.0
6.089009,180.25
6.100541,180.5
6.165884,180.75
6.260697,181.0
6.333729,181.25
6.369604,181.5
6.370885,181.75
6.363198,182.0
6.332448,182.25
6.297853,182.5
6.270947,182.75
6.245322,183.0
6.235072,183.25
6.21201,183.5
6.235072,183.75
6.281198,184.0
6.440073,184.25
6.680517,184.5
6.854767,184.75
6.914986,185.0
6.891924,185.25
6.838111,185.5
6.794549,185.75
6.743299,186.0
6.683079,186.25
6.644642,186.5
6.61261,186.75
6.601079,187.0
6.661298,187.25
6.82658,187.5
7.007236,187.75
7.147589,188.0
7.136057,188.25
6.986151,188.5
6.970776,188.75
6.977182,189.0
6.988713,189.25
7.004088,189.5
6.997682,189.75
6.957963,190.0
6.899025,190.25
6.8324,190.5
6.755525,190.75
6.661994,191.0
6.541555,191.25
6.519774,191.5
6.567181,191.75
6.608181,192.0
6.619712,192.25
6.619712,192.5
6.594087,192.75
6.555649,193.0
6.531305,193.25
6.653025,193.5
6.846494,193.75
6.943869,194.0
6.922088,194.25
6.900307,194.5
6.875963,194.75
6.869556,195.0
6.743994,195.25
6.619712,195.5
6.523618,195.75
6.449305,196.0
6.421118,196.25
6.467829,196.5
6.565204,196.75
6.652329,197.0
6.690767,197.25
6.706142,197.5
6.718955,197.75
6.716392,198.0
6.554954,198.25
6.435797,198.5
6.378141,198.75
6.302547,199.0
6.271797,199.25
6.174422,199.5
6.084734,199.75
6.034765,200.0
5.924577,200.25
5.814821,200.5
5.795602,200.75
5.702071,201.0
5.67132,201.25
5.686696,201.5
5.730258,201.75
5.714883,202.0
5.698227,202.25
5.72129,202.5
5.704633,202.75
5.685414,203.0
5.768696,203.25
5.99804,203.5
6.196635,203.75
6.318354,204.0
6.358073,204.25
6.36576,204.5
6.346541,204.75
6.301697,205.0
6.27351,205.25
6.351666,205.5
6.506698,205.75
6.694611,206.0
6.676673,206.25
6.999549,206.5
7.141182,206.75
7.133495,207.0
6.957963,207.25
6.810619,207.5
6.7094,207.75
6.6479,208.0
6.555649,208.25
6.544118,208.5
6.497993,208.75
6.460836,209.0
6.451868,209.25
6.418555,209.5
6.317922,209.75
6.21414,210.0
6.176984,210.25
6.141109,210.5
6.128296,210.75
6.118046,211.0
6.129578,211.25
6.128296,211.5
6.128296,211.75
6.127015,212.0
6.129578,212.25
6.123171,212.5
6.120609,212.75
6.13214,213.0
6.168015,213.25
6.211578,213.5
6.262828,213.75
6.333297,214.0
6.419141,214.25
6.487048,214.5
6.525485,214.75
6.535735,215.0
6.521641,215.25
6.498579,215.5
6.461422,215.75
6.434516,216.0
6.435797,216.25
6.45886,216.5
6.476798,216.75
6.47936,217.0
6.467829,217.25
6.443485,217.5
6.410172,217.75
6.374297,218.0
6.342266,218.25
6.317922,218.5
6.302547,218.75
6.284609,219.0
6.264109,219.25
6.247453,219.5
6.246172,219.75
6.289734,220.0
6.358922,220.25
6.425547,220.5
6.463985,220.75
6.478079,221.0
6.478079,221.25
6.465266,221.5
6.426828,221.75
6.383266,222.0
6.429391,222.25
6.46911,222.5
6.51011,222.75
6.567767,223.0
6.690767,223.25
6.794549,223.5
6.873986,223.75
6.932924,224.0
6.966932,224.25
6.973338,224.5
6.957963,224.75
6.924651,225.0
6.879807,225.25
6.855463,225.5
6.942588,225.75
7.146307,226.0
7.344902,226.25
7.446121,226.5
7.499311,226.75
7.454467,227.0
7.391686,227.25
7.339155,227.5
7.245623,227.75
7.12006,228.0
7.032935,228.25
6.967591,228.5
6.916341,228.75
6.890057,229.0
6.882369,229.25
6.847775,229.5
6.782431,229.75
6.864431,230.0
6.931057,230.25
6.925932,230.5
6.922088,230.75
6.929776,231.0
6.948994,231.25
7.098901,231.5
7.378214,231.75
7.355152,232.0
7.48584,232.25
7.596687,232.5
7.623593,232.75
7.644093,233.0
7.619749,233.25
7.568499,233.5
7.496749,233.75
7.421155,234.0
7.350686,234.25
7.295592,234.5
7.240498,234.75
7.202061,235.0
7.182842,235.25
7.186686,235.5
7.284061,235.75
7.52878,236.0
7.76325,236.25
7.874719,236.5
7.901625,236.75
7.893938,237.0
7.850375,237.25
7.826031,237.5
8.016938,237.75
8.267826,238.0
8.288326,238.25
8.249888,238.5
8.234513,238.75
8.202482,239.0
8.144826,239.25
8.055138,239.5
7.960325,239.75
7.879606,240.0
7.818106,240.25
7.779668,240.5
7.756606,240.75
7.756606,241.0
7.757887,241.25
7.80145,241.5
7.824512,241.75
7.824512,242.0
7.805294,242.25
7.809137,242.5
7.812981,242.75
7.812981,243.0
7.816825,243.25
7.824512,243.5
7.84245,243.75
7.877044,244.0
7.910356,244.25
7.929575,244.5
7.946231,244.75
7.952638,245.0
7.976982,245.25
8.017982,245.5
8.055138,245.75
8.170451,246.0
8.311389,246.25
8.426702,246.5
8.541201,246.75
8.577076,247.0
8.564263,247.25
8.5207,247.5
8.450232,247.75
8.374638,248.0
8.320825,248.25
8.269575,248.5
8.236262,248.75
8.21448,249.0
8.20295,249.25
8.186294,249.5
8.177324,249.75
8.172199,250.0
8.165793,250.25
8.164512,250.5
8.168356,250.75
8.178606,251.0
8.2132,251.25
8.284949,251.5
8.381043,251.75
8.468169,252.0
8.518138,252.25
8.554013,252.5
8.551451,252.75
8.528388,253.0
8.501482,253.25
8.474575,253.5
8.442544,253.75
8.40795,254.0
8.386168,254.25
8.341325,254.5
8.250356,254.75
8.220887,255.0
8.217043,255.25
8.255481,255.5
8.322106,255.75
8.433576,256.0
8.515575,256.25
8.547606,256.5
8.562982,256.75
8.555294,257.0
8.525826,257.25
8.488669,257.5
8.441263,257.75
8.364388,258.0
8.310575,258.25
8.287512,258.5
8.206793,258.75
8.127356,259.0
8.095325,259.25
8.120949,259.5
8.085074,259.75
8.078668,260.0
8.164512,260.25
8.360544,260.5
8.570669,260.75
8.680858,261.0
8.725701,261.25
8.709044,261.5
8.665483,261.75
8.603982,262.0
8.530951,262.25
8.442544,262.5
8.357982,262.75
8.293919,263.0
8.240106,263.25
8.199106,263.5
8.169637,263.75
8.156824,264.0
8.155543,264.25
8.163231,264.5
8.182449,264.75
8.205512,265.0
8.199106,265.25
8.169637,265.5
8.065855,265.75
7.945417,266.0
7.928761,266.25
7.974419,266.5
7.997481,266.75
7.9962,267.0
8.033357,267.25
8.074357,267.5
8.073075,267.75
8.070513,268.0
8.19095,268.25
8.311389,268.5
8.338295,268.75
8.370326,269.0
8.379295,269.25
8.398514,269.5
8.125607,269.75
8.061544,270.0
8.106388,270.25
8.151232,270.5
8.166607,270.75
8.197357,271.0
8.208888,271.25
8.233232,271.5
8.235795,271.75
8.176857,272.0
8.111513,272.25
7.950075,272.5
8.010294,272.75
7.970575,273.0
8.128169,273.25
8.176857,273.5
8.137138,273.75
8.194795,274.0
8.32292,274.25
8.494608,274.5
8.372075,274.75
8.427169,275.0
8.3772,275.25
8.238825,275.5
8.124793,275.75
8.105575,276.0
8.106855,276.25
8.145293,276.5
8.156824,276.75
8.035106,277.0
7.799355,277.25
7.907794,277.5
8.174294,277.75
8.19095,278.0
8.21017,278.25
8.214013,278.5
8.307545,278.75
8.162764,279.0
8.108951,279.25
7.796325,279.5
7.845012,279.75
7.968013,280.0
7.825793,280.25
7.973138,280.5
7.704074,280.75
7.961607,281.0
7.861669,281.25
7.78095,281.5
7.929575,281.75
7.848856,282.0
7.878325,282.25
8.014138,282.5
8.193513,282.75
7.892419,283.0
7.902669,283.25
7.879606,283.5
7.900106,283.75
7.882169,284.0
7.8937,284.25
7.932137,284.5
7.950075,284.75
7.948794,285.0
7.933419,285.25
8.025669,285.5
8.140982,285.75
8.07692,286.0
7.929575,286.25
7.979544,286.5
7.615668,286.75
7.768137,287.0
7.871919,287.25
7.929575,287.5
7.828356,287.75
7.686137,288.0
7.707918,288.25
7.733543,288.5
7.737387,288.75
7.730981,289.0
7.732262,289.25
7.797606,289.5
7.853981,289.75
7.891138,290.0
7.9142,290.25
7.950075,290.5
7.984669,290.75
8.0782,291.0
8.26142,291.25
8.462577,291.5
8.670608,291.75
8.769263,292.0
8.792326,292.25
8.782076,292.5
8.750045,292.75
8.702639,293.0
8.638576,293.25
8.625763,293.5
8.629607,293.75
8.638576,294.0
8.648826,294.25
8.668045,294.5
8.752607,294.75
8.582201,295.0
8.237543,295.25
8.286231,295.5
8.350294,295.75
8.09148,296.0
7.94798,296.25
7.853167,296.5
7.887294,296.75
7.768137,297.0
7.853981,297.25
7.838606,297.5
7.778387,297.75
7.578512,298.0
7.538793,298.25
7.460636,298.5
7.420917,298.75
7.345561,299.0
7.353249,299.25
7.43653,299.5
7.469842,299.75
7.480093,300.0
7.483936,300.25
7.476249,300.5
7.509562,300.75
7.563374,301.0
7.642812,301.25
7.654343,301.5
7.619749,301.75
7.599249,302.0
7.574905,302.25
7.562093,302.5
7.540311,302.75
7.567218,303.0
7.578749,303.25
7.553124,303.5
7.852938,303.75
7.96825,304.0
7.861669,304.25
7.27101,304.5
7.878562,304.75
7.959281,305.0
8.019263,305.25
8.082045,305.5
8.335732,305.75
8.120481,306.0
8.044888,306.25
8.042325,306.5
8.120481,306.75
7.818106,307.0
7.8117,307.25
7.8732,307.5
7.983388,307.75
7.7297,308.0
7.579793,308.25
7.716887,308.5
7.773262,308.75
7.938544,309.0
8.025669,309.25
8.198638,309.5
7.409386,309.75
7.650499,310.0
7.496749,310.25
7.671,310.5
7.788875,310.75
7.632562,311.0
7.417311,311.25
7.273811,311.5
7.273811,311.75
7.289186,312.0
7.318655,312.25
7.348124,312.5
7.368624,312.75
7.389123,313.0
7.389123,313.25
7.39553,313.5
7.449343,313.75
7.490343,314.0
7.496749,314.25
7.378873,314.5
7.355811,314.75
7.430124,315.0
7.597968,315.25
7.437811,315.5
7.328905,315.75
7.296873,316.0
7.42628,316.25
7.294311,316.5
7.248186,316.75
7.310967,317.0
7.355811,317.25
7.398092,317.5
7.462155,317.75
7.738906,318.0
7.703031,318.25
7.485218,318.5
7.445499,318.75
7.383998,319.0
7.281498,319.25
7.207186,319.5
7.250748,319.75
7.391686,320.0
7.628718,320.25
7.829875,320.5
7.892656,320.75
7.941344,321.0
7.994919,321.25
8.016701,321.5
7.969294,321.75
7.847575,322.0
7.716887,322.25
7.538793,322.5
7.295354,322.75
7.478811,323.0
7.623593,323.25
7.590281,323.5
7.735062,323.75
7.656906,324.0
7.749156,324.25
7.727375,324.5
7.719687,324.75
7.527499,325.0
7.541593,325.25
7.654343,325.5
7.710718,325.75
7.663312,326.0
7.664593,326.25
7.660749,326.5
7.674843,326.75
7.656906,327.0
7.647937,327.25
7.641531,327.5
7.63128,327.75
7.622312,328.0
7.622312,328.25
7.614624,328.5
7.603093,328.75
7.599249,329.0
7.600531,329.25
7.603093,329.5
7.646656,329.75
7.599249,330.0
7.463436,330.25
7.427561,330.5
7.390405,330.75
7.459592,331.0
7.403217,331.25
7.460874,331.5
7.337873,331.75
7.231529,332.0
7.246904,332.25
7.235373,332.5
7.284061,332.75
7.400655,333.0
7.527499,333.25
7.317373,333.5
6.821528,333.75
6.773462,334.0
6.779869,334.25
6.878525,334.5
6.906713,334.75
6.892619,335.0
6.901588,335.25
6.907994,335.5
6.922088,335.75
6.961807,336.0
6.979744,336.25
7.006651,336.5
7.025869,336.75
7.063026,337.0
7.139901,337.25
7.248808,337.5
7.361558,337.75
7.439714,338.0
7.524937,338.25
7.545436,338.5
7.554405,338.75
7.547999,339.0
7.526218,339.25
7.489061,339.5
7.465999,339.75
7.455749,340.0
7.45703,340.25
7.524937,340.5
7.577468,340.75
7.348124,341.0
7.284061,341.25
7.216154,341.5
7.170029,341.75
7.139279,342.0
7.143123,342.25
7.404499,342.5
7.15081,342.75
7.211029,343.0
7.759406,343.25
7.692781,343.5
7.909313,343.75
7.924688,344.0
7.861669,344.25
7.655387,344.5
7.715606,344.75
7.868075,345.0
7.843731,345.25
7.8117,345.5
7.824512,345.75
7.437573,346.0
7.27101,346.25
6.885591,346.5
7.447402,346.75
7.465999,347.0
7.404499,347.25
7.501874,347.5
7.480093,347.75
7.465999,348.0
7.43653,348.25
7.390405,348.5
7.389123,348.75
7.26228,349.0
7.240498,349.25
6.916341,349.5
7.060463,349.75
6.957963,350.0
6.875963,350.25
6.890057,350.5
6.913119,350.75
6.937463,351.0
6.924651,351.25
6.933619,351.5
6.764494,351.75
6.691462,352.0
7.091214,352.25
7.096338,352.5
6.701712,352.75
6.553087,353.0
6.556931,353.25
6.587681,353.5
6.601775,353.75
6.528743,354.0
6.335274,354.25
6.352516,354.5
6.627985,354.75
6.771486,355.0
6.396079,355.25
6.133421,355.5
6.205172,355.75
6.289734,356.0
6.205172,356.25
6.178266,356.5
6.319203,356.75
6.535735,357.0
6.370453,357.25
6.554954,357.5
6.492173,357.75
6.221828,358.0
6.251297,358.25
6.371735,358.5
6.406329,358.75
6.374297,359.0
6.401204,359.25
6.46911,359.5
6.444766,359.75
6.93933,360.0
7.091214,360.25
7.16937,360.5
7.125807,360.75
7.109151,361.0
7.14887,361.25
7.001526,361.5
7.069432,361.75
7.084807,362.0
7.186026,362.25
6.913119,362.5
6.515931,362.75
6.374992,363.0
6.115484,363.25
6.097547,363.5
5.97839,363.75
6.502423,364.0
6.437078,364.25
6.39736,364.5
6.38711,364.75
6.378141,365.0
6.378141,365.25
6.367891,365.5
6.356359,365.75
6.356359,366.0
6.352516,366.25
6.351234,366.5
6.347391,366.75
6.343547,367.0
6.338422,367.25
6.332016,367.5
6.328172,367.75
6.329453,368.0
6.374297,368.25
6.480641,368.5
6.498579,368.75
6.467829,369.0
6.280766,369.25
6.194921,369.5
6.220547,369.75
6.206453,370.0
6.248734,370.25
6.274359,370.5
6.269234,370.75
6.269234,371.0
6.267953,371.25
6.267953,371.5
6.398641,371.75
6.339704,372.0
6.321766,372.25
6.338422,372.5
6.338422,372.75
6.361485,373.0
6.37686,373.25
6.424266,373.5
6.406329,373.75
6.212859,374.0
6.262828,374.25
6.394797,374.5
6.144953,374.75
6.01939,375.0
5.987359,375.25
6.048859,375.5
6.053984,375.75
6.100109,376.0
6.123171,376.25
6.128296,376.5
6.128296,376.75
6.124453,377.0
6.127015,377.25
6.127015,377.5
6.127015,377.75
6.12189,378.0
6.12189,378.25
6.118046,378.5
6.119328,378.75
6.12189,379.0
6.116765,379.25
6.118046,379.5
6.115484,379.75
6.110359,380.0
6.107796,380.25
6.10139,380.5
6.100109,380.75
6.103952,381.0
6.106515,381.25
6.106515,381.5
6.105234,381.75
6.106515,382.0
6.107796,382.25
6.107796,382.5
6.105234,382.75
6.105234,383.0
6.105234,383.25
6.103952,383.5
6.100109,383.75
6.097547,384.0
6.097547,384.25
6.098828,384.5
6.097547,384.75
6.096265,385.0
6.092422,385.25
6.092422,385.5
6.088578,385.75
6.086015,386.0
6.082171,386.25
6.078328,386.5
6.075765,386.75
6.071921,387.0
6.068078,387.25
6.065515,387.5
6.062953,387.75
6.061671,388.0
6.057827,388.25
6.052702,388.5
6.048859,388.75
6.042452,389.0
6.03989,389.25
6.036046,389.5
6.030921,389.75
6.02964,390.0
6.025796,390.25
6.021952,390.5
6.018109,390.75
6.014265,391.0
6.012984,391.25
6.004015,391.5
6.001452,391.75
5.996327,392.0
5.993765,392.25
5.987359,392.5
5.987359,392.75
5.980952,393.0
5.974546,393.25
5.971983,393.5
5.969421,393.75
5.960452,394.0
5.959171,394.25
5.955327,394.5
5.951483,394.75
5.950202,395.0
5.943796,395.25
5.939952,395.5
5.93739,395.75
5.933546,396.0
5.935259,396.25
5.930134,396.5
5.925009,396.75
5.922446,397.0
5.918602,397.25
5.912196,397.5
5.909634,397.75
5.904509,398.0
5.900665,398.25
5.894258,398.5
5.891696,398.75
5.88529,399.0
5.882728,399.25
5.878884,399.5
5.872478,399.75
5.869915,400.0
5.866071,400.25
5.862227,400.5
5.857102,400.75
5.855821,401.0
5.848134,401.25
5.84429,401.5
5.841727,401.75
5.835321,402.0
5.831477,402.25
5.826352,402.5
5.818665,402.75
5.814821,403.0
5.808414,403.25
5.798165,403.5
5.789196,403.75
5.780227,404.0
5.768696,404.25
5.761008,404.5
5.757164,404.75
5.748196,405.0
5.741789,405.25
5.734102,405.5
5.727695,405.75
5.727695,406.0
5.717446,406.25
5.712321,406.5
5.704633,406.75
5.698227,407.0
5.691821,407.25
5.685414,407.5
5.681571,407.75
5.672602,408.0
5.668758,408.25
5.662352,408.5
5.655945,408.75
5.649539,409.0
5.644414,409.25
5.638008,409.5
5.634164,409.75
5.626477,410.0
5.62007,410.25
5.614945,410.5
5.608539,410.75
5.604695,411.0
5.598289,411.25
5.593164,411.5
5.585476,411.75
5.580351,412.0
5.576508,412.25
5.56882,412.5
5.566257,412.75
5.559852,413.0
5.553445,413.25
5.549602,413.5
5.545758,413.75
5.539351,414.0
5.534226,414.25
5.52782,414.5
5.520133,414.75
5.516289,415.0
5.511164,415.25
5.502195,415.5
5.499632,415.75
5.494507,416.0
5.488101,416.25
5.480414,416.5
5.474008,416.75
5.470164,417.0
5.465039,417.25
5.462476,417.5
5.453507,417.75
5.448382,418.0
5.441976,418.25
5.438132,418.5
5.433007,418.75
5.434802,419.0
5.428396,419.25
5.421989,419.5
5.416864,419.75
5.411739,420.0
5.406614,420.25
5.402771,420.5
5.397645,420.75
5.39252,421.0
5.386114,421.25
5.38099,421.5
5.377146,421.75
5.374583,422.0
5.368177,422.25
5.368177,422.5
5.364333,422.75
5.356646,423.0
5.364333,423.25
5.370739,423.5
5.34127,423.75
5.357927,424.0
5.418146,424.25
5.415583,424.5
5.428396,424.75
5.465552,425.0
5.415583,425.25
5.348958,425.5
5.306676,425.75
5.319489,426.0
5.293864,426.25
5.191364,426.5
5.352802,426.75
5.365614,427.0
5.39252,427.25
5.404052,427.5
5.366896,427.75
5.420708,428.0
5.445052,428.25
5.475802,428.5
5.492458,428.75
5.39252,429.0
5.373302,429.25
5.314364,429.5
5.345114,429.75
5.364333,430.0
5.355364,430.25
5.339989,430.5
5.329739,430.75
5.322052,431.0
5.332302,431.25
5.388677,431.5
5.424552,431.75
5.346395,432.0
5.261833,432.25
5.150363,432.5
5.225957,432.75
5.18752,433.0
5.323333,433.25
5.282333,433.5
5.201614,433.75
5.196489,434.0
5.137551,434.25
5.192645,434.5
5.229801,434.75
5.220832,435.0
5.206739,435.25
5.193926,435.5
5.149082,435.75
5.088863,436.0
5.036332,436.25
4.954332,436.5
4.979957,436.75
5.020957,437.0
5.02352,437.25
5.006863,437.5
4.988925,437.75
4.969707,438.0
4.965863,438.25
4.987644,438.5
5.046582,438.75
5.119614,439.0
5.147801,439.25
5.020957,439.5
4.903081,439.75
4.899569,440.0
4.918787,440.25
4.8701,440.5
4.83935,440.75
4.812443,441.0
4.789381,441.25
4.774005,441.5
4.772724,441.75
4.716349,442.0
4.643318,442.25
4.630505,442.5
4.62538,442.75
4.599755,443.0
4.602317,443.25
4.611286,443.5
4.69713,443.75
4.703537,444.0
4.72788,444.25
4.720193,444.5
4.70738,444.75
4.734287,445.0
4.740693,445.25
4.762474,445.5
4.720193,445.75
4.721474,446.0
4.749662,446.25
4.781693,446.5
4.793224,446.75
4.808599,447.0
4.799631,447.25
4.800912,447.5
4.812443,447.75
4.838068,448.0
4.844474,448.25
4.857287,448.5
4.903412,448.75
4.90085,449.0
4.893162,449.25
4.903412,449.5
4.913662,449.75
4.922631,450.0
4.929037,450.25
4.909819,450.5
4.885475,450.75
4.877787,451.0
4.8701,451.25
4.868818,451.5
4.863693,451.75
4.862412,452.0
4.858568,452.25
4.856006,452.5
4.853443,452.75
4.853443,453.0
4.850881,453.25
4.848318,453.5
4.847037,453.75
4.845756,454.0
4.844474,454.25
4.838068,454.5
4.799631,454.75
4.797068,455.0
4.913662,455.25
4.871381,455.5
4.905975,455.75
4.914944,456.0
4.9111,456.25
4.893162,456.5
4.894444,456.75
4.927756,457.0
4.946975,457.25
4.830381,457.5
4.879068,457.75
4.877787,458.0
4.894444,458.25
4.894444,458.5
4.885475,458.75
4.881631,459.0
4.806037,459.25
4.856006,459.5
4.9521,459.75
4.763755,460.0
4.743256,460.25
4.77913,460.5
4.841912,460.75
4.857287,461.0
4.903412,461.25
4.8906,461.5
4.795787,461.75
4.722755,462.0
4.479317,462.25
4.711224,462.5
4.745818,462.75
4.61513,463.0
4.631786,463.25
4.662537,463.5
4.661255,463.75
4.670224,464.0
4.66638,464.25
4.638193,464.5
4.640755,464.75
4.648443,465.0
4.638193,465.25
4.63563,465.5
4.63563,465.75
4.652287,466.0
4.651005,466.25
4.642036,466.5
4.630505,466.75
4.622818,467.0
4.61513,467.25
4.608724,467.5
4.608724,467.75
4.606161,468.0
4.603599,468.25
4.598474,468.5
4.595912,468.75
4.592068,469.0
4.586943,469.25
4.577974,469.5
4.589505,469.75
4.639474,470.0
4.681755,470.25
4.679193,470.5
4.67663,470.75
4.699693,471.0
4.693286,471.25
4.675349,471.5
4.658693,471.75
4.634349,472.0
4.558755,472.25
4.472911,472.5
4.379379,472.75
4.528574,473.0
4.692575,473.25
4.76945,473.5
4.774575,473.75
4.616981,474.0
4.688731,474.25
4.695138,474.5
4.665668,474.75
4.597762,475.0
4.614419,475.25
4.5747,475.5
4.584949,475.75
4.590075,476.0
4.547793,476.25
4.524731,476.5
4.545231,476.75
4.540106,477.0
4.518324,477.25
4.510637,477.5
4.486293,477.75
4.467074,478.0
4.450418,478.25
4.444012,478.5
4.435043,478.75
4.427355,479.0
4.420949,479.25
4.413261,479.5
4.408137,479.75
4.400449,480.0
4.395324,480.25
4.386355,480.5
4.379949,480.75
4.374824,481.0
4.368418,481.25
4.363293,481.5
4.356886,481.75
4.351761,482.0
4.347918,482.25
4.344074,482.5
4.338949,482.75
4.335105,483.0
4.328699,483.25
4.328699,483.5
4.31973,483.75
4.313324,484.0
4.312043,484.25
4.30948,484.5
4.304355,484.75
4.303074,485.0
4.321012,485.25
4.353043,485.5
4.367136,485.75
4.364574,486.0
4.351761,486.25
4.355605,486.5
4.372262,486.75
4.365855,487.0
4.146761,487.25
3.981479,487.5
3.980198,487.75
4.044261,488.0
4.172386,488.25
4.214667,488.5
4.282574,488.75
4.292824,489.0
4.294105,489.25
4.287699,489.5
4.286417,489.75
4.282574,490.0
4.276167,490.25
4.271042,490.5
4.264636,490.75
4.262074,491.0
4.25823,491.25
4.24798,491.5
4.24798,491.75
4.242855,492.0
4.236449,492.25
4.232605,492.5
4.228761,492.75
4.222355,493.0
4.218511,493.25
4.213386,493.5
4.209542,493.75
4.205698,494.0
4.200573,494.25
4.198011,494.5
4.194167,494.75
4.187761,495.0
4.182636,495.25
4.177511,495.5
4.173667,495.75
4.169824,496.0
4.16598,496.25
4.160855,496.5
4.157011,496.75
4.154449,497.0
4.159574,497.25
4.09551,497.5
4.030167,497.75
4.01351,498.0
4.010948,498.25
4.007104,498.5
4.018635,498.75
4.022479,499.0
4.021198,499.25
4.019917,499.5
4.01351,499.75
4.01351,500.0
4.008386,500.25
4.003261,500.5
3.996854,500.75
3.996854,501.0
3.990448,501.25
3.987885,501.5
3.98276,501.75
3.977635,502.0
3.975073,502.25
3.968667,502.5
3.963542,502.75
3.960979,503.0
3.955854,503.25
3.950729,503.5
3.946885,503.75
3.943042,504.0
3.937917,504.25
3.947173,504.5
3.939485,504.75
3.936923,505.0
3.933079,505.25
3.929235,505.5
3.92411,505.75
3.920266,506.0
3.916423,506.25
3.916423,506.5
3.911298,506.75
3.904891,507.0
3.901047,507.25
3.898485,507.5
3.897204,507.75
3.898485,508.0
3.899766,508.25
3.899766,508.5
3.897204,508.75
3.894641,509.0
3.890797,509.25
3.885672,509.5
3.89336,509.75
3.911298,510.0
3.892079,510.25
3.879266,510.5
3.863891,510.75
3.854922,511.0
3.843391,511.25
3.83186,511.5
3.820328,511.75
3.813922,512.0
3.803672,512.25
3.79086,512.5
3.78061,512.75
3.769078,513.0
3.763953,513.25
3.752422,513.5
3.743453,513.75
3.735766,514.0
3.728078,514.25
3.720391,514.5
3.713984,514.75
3.705016,515.0
3.699891,515.25
3.692203,515.5
3.684515,515.75
3.67939,516.0
3.669141,516.25
3.665297,516.5
3.657609,516.75
3.64864,517.0
3.642234,517.25
3.637109,517.5
3.62814,517.75
3.623015,518.0
3.620453,518.25
3.612765,518.5
3.611484,518.75
3.606359,519.0
3.601234,519.25
3.593547,519.5
3.592265,519.75
3.585859,520.0
3.578171,520.25
3.574328,520.5
3.569203,520.75
3.564078,521.0
3.558953,521.25
3.555109,521.5
3.547421,521.75
3.542296,522.0
3.537171,522.25
3.532046,522.5
3.52564,522.75
3.521796,523.0
3.517952,523.25
3.512828,523.5
3.508984,523.75
3.503859,524.0
3.501296,524.25
3.493609,524.5
3.492327,524.75
3.485921,525.0
3.478234,525.25
3.47439,525.5
3.469265,525.75
3.461577,526.0
3.457734,526.25
3.452609,526.5
3.448765,526.75
3.444921,527.0
3.438515,527.25
3.447563,527.5
3.441157,527.75
3.436032,528.0
3.430907,528.25
3.429626,528.5
3.424501,528.75
3.419376,529.0
3.414251,529.25
3.410407,529.5
3.406563,529.75
3.400157,530.0
3.396313,530.25
3.392469,530.5
3.387345,530.75
3.383501,531.0
3.379657,531.25
3.373251,531.5
3.370688,531.75
3.366844,532.0
3.363001,532.25
3.359157,532.5
3.355313,532.75
3.354032,533.0
3.347625,533.25
3.341219,533.5
3.337376,533.75
3.333532,534.0
3.328407,534.25
3.325844,534.5
3.322001,534.75
3.319438,535.0
3.314313,535.25
3.307907,535.5
3.304063,535.75
3.302782,536.0
3.297657,536.25
3.295094,536.5
3.288688,536.75
3.284844,537.0
3.282282,537.25
3.277157,537.5
3.273313,537.75
3.272032,538.0
3.265625,538.25
3.261782,538.5
3.2605,538.75
3.255375,539.0
3.25025,539.25
3.247688,539.5
3.243844,539.75
3.238719,540.0
3.237438,540.25
3.232313,540.5
3.22975,540.75
3.224625,541.0
3.223344,541.25
3.216938,541.5
3.213094,541.75
3.210531,542.0
3.207969,542.25
3.201563,542.5
3.196438,542.75
3.193875,543.0
3.191313,543.25
3.184906,543.5
3.181063,543.75
3.177219,544.0
3.174656,544.25
3.169531,544.5
3.166969,544.75
3.163125,545.0
3.159281,545.25
3.155437,545.5
3.152875,545.75
3.149031,546.0
3.146469,546.25
3.141344,546.5
3.138781,546.75
3.134938,547.0
3.129812,547.25
3.125969,547.5
3.122125,547.75
3.118281,548.0
3.115719,548.25
3.113156,548.5
3.109312,548.75
3.105469,549.0
3.102906,549.25
3.101625,549.5
3.095219,549.75
3.091375,550.0
3.08625,550.25
3.079844,550.5
3.078562,550.75
3.077281,551.0
3.070875,551.25
3.068312,551.5
3.064468,551.75
3.060625,552.0
3.058062,552.25
3.0555,552.5
3.049093,552.75
3.046531,553.0
3.043968,553.25
3.037562,553.5
3.033718,553.75
3.033718,554.0
3.028593,554.25
3.028593,554.5
3.022187,554.75
3.018343,555.0
3.015781,555.25
3.013218,555.5
3.006812,555.75
3.005531,556.0
3.002968,556.25
2.996562,556.5
2.992718,556.75
2.990156,557.0
2.988874,557.25
2.983749,557.5
2.983749,557.75
2.978625,558.0
2.9735,558.25
2.978625,558.5
2.983749,558.75
2.985031,559.0
2.968374,559.25
2.960687,559.5
2.950437,559.75
2.963249,560.0
2.961968,560.25
2.969656,560.5
2.967093,560.75
3.001687,561.0
3.015781,561.25
2.972218,561.5
2.954281,561.75
2.945312,562.0
2.936343,562.25
2.941029,562.5
2.934622,562.75
2.929497,563.0
2.917966,563.25
2.907716,563.5
2.898747,563.75
2.893622,564.0
2.887216,564.25
2.88081,564.5
2.876966,564.75
2.873122,565.0
2.869278,565.25
2.865435,565.5
2.86031,565.75
2.856466,566.0
2.85006,566.25
2.843653,566.5
2.838528,566.75
2.832122,567.0
2.82956,567.25
2.825716,567.5
2.819309,567.75
2.815466,568.0
2.814184,568.25
2.806497,568.5
2.802653,568.75
2.797528,569.0
2.791122,569.25
2.787278,569.5
2.784716,569.75
2.780872,570.0
2.775747,570.25
2.771903,570.5
2.768059,570.75
2.765497,571.0
2.761653,571.25
2.756528,571.5
2.755247,571.75
2.748841,572.0
2.746278,572.25
2.743716,572.5
2.73859,572.75
2.734747,573.0
2.732184,573.25
2.727059,573.5
2.725778,573.75
2.720653,574.0
2.716809,574.25
2.711684,574.5
2.709122,574.75
2.705278,575.0
2.701434,575.25
2.69759,575.5
2.696309,575.75
2.692465,576.0
2.688622,576.25
2.684778,576.5
2.680934,576.75
2.675809,577.0
2.673247,577.25
2.669403,577.5
2.665559,577.75
2.661715,578.0
2.659153,578.25
2.655309,578.5
2.651465,578.75
2.645059,579.0
2.642496,579.25
2.638653,579.5
2.645059,579.75
2.650184,580.0
2.734747,580.25
2.803934,580.5
2.820591,580.75
2.816747,581.0
2.812903,581.25
2.807778,581.5
2.753966,581.75
2.711684,582.0
2.65659,582.25
2.688622,582.5
2.682215,582.75
2.679653,583.0
2.659153,583.25
2.651465,583.5
2.650184,583.75
2.648903,584.0
2.639934,584.25
2.634809,584.5
2.632246,584.75
2.628403,585.0
2.62584,585.25
2.623278,585.5
2.621996,585.75
2.618153,586.0
2.61559,586.25
2.613028,586.5
2.610465,586.75
2.609184,587.0
2.607903,587.25
2.604059,587.5
2.600215,587.75
2.597652,588.0
2.59509,588.25
2.593809,588.5
2.591246,588.75
2.587403,589.0
2.58484,589.25
2.582278,589.5
2.582278,589.75
2.578434,590.0
2.577152,590.25
2.578434,590.5
2.572027,590.75
2.569465,591.0
2.566902,591.25
2.563059,591.5
2.561777,591.75
2.557934,592.0
2.557934,592.25
2.552809,592.5
2.551528,592.75
2.550246,593.0
2.545121,593.25
2.54384,593.5
2.542559,593.75
2.537434,594.0
2.536152,594.25
2.534871,594.5
2.531027,594.75
2.528465,595.0
2.525902,595.25
2.524621,595.5
2.522058,595.75
2.518215,596.0
2.515652,596.25
2.51309,596.5
2.510527,596.75
2.507965,597.0
2.505402,597.25
2.501559,597.5
2.500277,597.75
2.496433,598.0
2.493871,598.25
2.49259,598.5
2.488746,598.75
2.487465,599.0
2.483621,599.25
2.479777,599.5
2.477215,599.75
2.478496,600.0
2.477215,600.25
2.469527,600.5
2.466965,600.75
2.463121,601.0
2.460558,601.25
2.456715,601.5
2.454152,601.75
2.450308,602.0
2.447746,602.25
2.465281,602.5
2.460156,602.75
2.458875,603.0
2.457593,603.25
2.45375,603.5
2.449906,603.75
2.448625,604.0
2.444781,604.25
2.442218,604.5
2.439656,604.75
2.435812,605.0
2.435812,605.25
2.43325,605.5
2.429406,605.75
2.428125,606.0
2.425562,606.25
2.423,606.5
2.420437,606.75
2.415312,607.0
2.415312,607.25
2.410187,607.5
2.408906,607.75
2.405062,608.0
2.403781,608.25
2.398656,608.5
2.396093,608.75
2.393531,609.0
2.390968,609.25
2.387125,609.5
2.385843,609.75
2.383281,610.0
2.383281,610.25
2.381999,610.5
2.378156,610.75
2.376874,611.0
2.375593,611.25
2.373031,611.5
2.370468,611.75
2.367906,612.0
2.365343,612.25
2.365343,612.5
2.361499,612.75
2.361499,613.0
2.358937,613.25
2.357656,613.5
2.361499,613.75
2.369187,614.0
2.369187,614.25
2.374312,614.5
2.394812,614.75
2.348687,615.0
2.370468,615.25
2.472969,615.5
2.485781,615.75
2.552406,616.0
2.553688,616.25
2.553688,616.5
2.455031,616.75
2.407624,617.0
2.41275,617.25
2.389687,617.5
2.376874,617.75
2.385843,618.0
2.361499,618.25
2.339718,618.5
2.347406,618.75
2.370468,619.0
2.370468,619.25
2.351249,619.5
2.335874,619.75
2.335874,620.0
2.338437,620.25
2.344843,620.5
2.358937,620.75
2.360218,621.0
2.347406,621.25
2.337156,621.5
2.328187,621.75
2.326905,622.0
2.328187,622.25
2.324343,622.5
2.323062,622.75
2.319218,623.0
2.315374,623.25
2.311531,623.5
2.310249,623.75
2.306406,624.0
2.303843,624.25
2.30128,624.5
2.297437,624.75
2.293593,625.0
2.292312,625.25
2.29103,625.5
2.288468,625.75
2.285905,626.0
2.287187,626.25
2.307687,626.5
2.317937,626.75
2.316656,627.0
2.308968,627.25
2.292312,627.5
2.283343,627.75
2.28078,628.0
2.28078,628.25
2.29103,628.5
2.314093,628.75
2.330749,629.0
2.333312,629.25
2.334593,629.5
2.330749,629.75
2.325624,630.0
2.323062,630.25
2.320499,630.5
2.317937,630.75
2.317937,631.0
2.316656,631.25
2.317937,631.5
2.316656,631.75
2.319218,632.0
2.317937,632.25
2.315374,632.5
2.311531,632.75
2.305124,633.0
2.302562,633.25
2.302562,633.5
2.30128,633.75
2.298718,634.0
2.298718,634.25
2.298718,634.5
2.298718,634.75
2.30128,635.0
2.299999,635.25
2.299999,635.5
2.298718,635.75
2.294874,636.0
2.293593,636.25
2.296155,636.5
2.297437,636.75
2.30128,637.0
2.30128,637.25
2.298718,637.5
2.293593,637.75
2.288468,638.0
2.285905,638.25
2.283343,638.5
2.279499,638.75
2.274374,639.0
2.275656,639.25
2.276937,639.5
2.276937,639.75
2.26028,640.0
2.262843,640.25
2.261562,640.5
2.264124,640.75
2.265405,641.0
2.261562,641.25
2.258999,641.5
2.253874,641.75
2.251312,642.0
2.256437,642.25
2.261562,642.5
2.261562,642.75
2.26028,643.0
2.256437,643.25
2.252593,643.5
2.255155,643.75
2.26028,644.0
2.26028,644.25
2.256437,644.5
2.244905,644.75
2.238499,645.0
2.238499,645.25
2.237218,645.5
2.235937,645.75
2.233374,646.0
2.230812,646.25
2.226968,646.5
2.225687,646.75
2.221843,647.0
2.217999,647.25
2.214155,647.5
2.215436,647.75
2.21928,648.0
2.217999,648.25
2.215436,648.5
2.212874,648.75
2.212874,649.0
2.20903,649.25
2.164186,649.5
2.312812,649.75
2.358937,650.0
2.375593,650.25
2.389687,650.5
2.396093,650.75
2.385843,651.0
2.383281,651.25
2.330749,651.5
2.279499,651.75
2.279499,652.0
2.289749,652.25
2.289749,652.5
2.267968,652.75
2.22953,653.0
2.21928,653.25
2.215436,653.5
2.211593,653.75
2.20903,654.0
2.205186,654.25
2.180843,654.5
2.17828,654.75
2.174436,655.0
2.171874,655.25
2.166749,655.5
2.162905,655.75
2.15778,656.0
2.150093,656.25
2.144968,656.5
2.139843,656.75
2.14753,657.0
2.144968,657.25
2.130874,657.5
2.12703,657.75
2.109092,658.0
2.097561,658.25
2.091155,658.5
2.082186,658.75
2.074498,659.0
2.064249,659.25
2.056561,659.5
2.057842,659.75
2.057842,660.0
2.052717,660.25
2.051436,660.5
2.047592,660.75
2.039905,661.0
2.037342,661.25
2.03478,661.5
2.030936,661.75
2.025811,662.0
2.023248,662.25
2.019405,662.5
2.019405,662.75
2.016842,663.0
2.015561,663.25
2.011717,663.5
2.011717,663.75
2.006592,664.0
2.005311,664.25
2.005311,664.5
2.002748,664.75
2.000186,665.0
1.997623,665.25
1.99378,665.5
1.99378,665.75
1.991217,666.0
1.989936,666.25
1.987373,666.5
1.987373,666.75
1.99378,667.0
2.07578,667.25
2.187249,667.5
2.042467,667.75
2.053998,668.0
2.089874,668.25
2.088592,668.5
2.08603,668.75
2.08603,669.0
2.088592,669.25
2.088592,669.5
2.08603,669.75
2.084749,670.0
2.087311,670.25
2.091155,670.5
2.091155,670.75
2.089874,671.0
2.087311,671.25
2.087311,671.5
2.08603,671.75
2.088592,672.0
2.089874,672.25
2.088592,672.5
2.089874,672.75
2.088592,673.0
2.087311,673.25
2.08603,673.5
2.08603,673.75
2.087311,674.0
2.084749,674.25
2.084749,674.5
2.083467,674.75
2.083467,675.0
2.084749,675.25
2.083467,675.5
2.084749,675.75
2.080905,676.0
2.082186,676.25
2.083467,676.5
2.080905,676.75
2.080905,677.0
2.080905,677.25
2.080905,677.5
2.080905,677.75
2.079623,678.0
2.080905,678.25
2.077061,678.5
2.07578,678.75
2.077061,679.0
2.07578,679.25
2.07578,679.5
2.077061,679.75
2.07578,680.0
2.074498,680.25
2.077061,680.5
2.078342,680.75
2.079623,681.0
2.082186,681.25
2.082186,681.5
2.080905,681.75
2.083467,682.0
2.082186,682.25
2.083467,682.5
2.083467,682.75
2.083467,683.0
2.083467,683.25
2.083467,683.5
2.082186,683.75
2.080905,684.0
2.080905,684.25
2.080905,684.5
2.079623,684.75
2.078342,685.0
2.077061,685.25
2.077061,685.5
2.07578,685.75
2.070655,686.0
2.061686,686.25
2.069374,686.5
2.060405,686.75
2.053998,687.0
2.079623,687.25
2.120624,687.5
2.13728,687.75
2.13728,688.0
2.143686,688.25
2.14753,688.5
2.148811,688.75
2.14753,689.0
2.153936,689.25
2.155218,689.5
2.15778,689.75
2.141124,690.0
2.14753,690.25
2.146249,690.5
2.139843,690.75
2.142405,691.0
2.135999,691.25
2.105249,691.5
2.066811,691.75
2.179561,692.0
2.129592,692.25
2.100124,692.5
2.059124,692.75
2.053998,693.0
2.051436,693.25
2.061686,693.5
2.060405,693.75
2.05528,694.0
2.050155,694.25
2.088592,694.5
2.080905,694.75
2.053998,695.0
2.048873,695.25
2.046311,695.5
2.046311,695.75
2.043748,696.0
2.04503,696.25
2.046311,696.5
2.043748,696.75
2.043748,697.0
2.038623,697.25
2.039905,697.5
2.037342,697.75
2.038623,698.0
2.03478,698.25
2.051436,698.5
2.050155,698.75
2.048873,699.0
2.046311,699.25
2.046311,699.5
2.04503,699.75
2.046311,700.0
2.046311,700.25
2.046311,700.5
2.051436,700.75
2.053998,701.0
2.070655,701.25
2.077061,701.5
2.079623,701.75
2.078342,702.0
2.07578,702.25
2.07578,702.5
2.07578,702.75
2.078342,703.0
2.074498,703.25
2.066811,703.5
2.068092,703.75
2.062967,704.0
2.080905,704.25
2.114218,704.5
2.118061,704.75
2.061686,705.0
2.05528,705.25
2.064249,705.5
2.061686,705.75
2.064249,706.0
2.069374,706.25
2.06553,706.5
2.069374,706.75
2.066811,707.0
2.06553,707.25
2.066811,707.5
2.066811,707.75
2.06553,708.0
2.064249,708.25
2.061686,708.5
2.061686,708.75
2.059124,709.0
2.060405,709.25
2.060405,709.5
2.059124,709.75
2.057842,710.0
2.062967,710.25
2.068092,710.5
2.071936,710.75
2.071936,711.0
2.070655,711.25
2.071936,711.5
2.068092,711.75
2.068092,712.0
2.068092,712.25
2.066811,712.5
2.06553,712.75
2.064249,713.0
2.062967,713.25
2.062967,713.5
2.061686,713.75
2.057842,714.0
2.056561,714.25
2.059124,714.5
2.056561,714.75
2.056561,715.0
2.05528,715.25
2.05528,715.5
2.053998,715.75
2.050155,716.0
2.050155,716.25
2.050155,716.5
2.042467,716.75
1.988654,717.0
2.025811,717.25
2.038623,717.5
2.039905,717.75
2.038623,718.0
2.038623,718.25
2.039905,718.5
2.038623,718.75
2.036061,719.0
2.037342,719.25
2.037342,719.5
2.037342,719.75
2.036061,720.0
2.03478,720.25
2.032217,720.5
2.03478,720.75
2.032217,721.0
2.032217,721.25
2.029655,721.5
2.030936,721.75
2.029655,722.0
2.028373,722.25
2.02453,722.5
2.025811,722.75
2.020686,723.0
2.020686,723.25
2.027092,723.5
2.042467,723.75
2.057842,724.0
2.047592,724.25
2.039905,724.5
2.037342,724.75
2.041186,725.0
2.04503,725.25
2.043748,725.5
2.041186,725.75
2.038623,726.0
2.03478,726.25
2.032217,726.5
2.030936,726.75
2.029655,727.0
2.028373,727.25
2.027092,727.5
2.027092,727.75
2.02453,728.0
2.023248,728.25
2.023248,728.5
2.021967,728.75
2.020686,729.0
2.020686,729.25
2.018123,729.5
2.015561,729.75
2.018123,730.0
2.015561,730.25
2.01428,730.5
2.012998,730.75
2.011717,731.0
2.009155,731.25
2.009155,731.5
2.006592,731.75
2.00403,732.0
2.005311,732.25
2.00403,732.5
2.002748,732.75
1.998905,733.0
2.000186,733.25
1.998905,733.5
1.99378,733.75
1.992498,734.0
1.989936,734.25
1.986092,734.5
1.984811,734.75
1.987373,735.0
1.984811,735.25
1.979686,735.5
1.961748,735.75
1.975842,736.0
1.968154,736.25
1.977123,736.5
1.977123,736.75
1.946373,737.0
1.925873,737.25
1.913546,737.5
1.871265,737.75
1.869984,738.0
1.873828,738.25
1.943015,738.5
1.959672,738.75
1.941734,739.0
1.852046,739.25
1.86614,739.5
1.86614,739.75
1.864859,740.0
1.864859,740.25
1.923796,740.5
1.89689,740.75
1.878953,741.0
1.85589,741.25
1.852046,741.5
1.849484,741.75
1.846921,742.0
1.843077,742.25
1.839234,742.5
1.834109,742.75
1.834109,743.0
1.871265,743.25
1.882796,743.5
1.880234,743.75
1.87639,744.0
1.872546,744.25
1.871265,744.5
1.868703,744.75
1.867421,745.0
1.864859,745.25
1.861015,745.5
1.859734,745.75
1.858453,746.0
1.85589,746.25
1.854609,746.5
1.852046,746.75
1.852046,747.0
1.850765,747.25
1.850765,747.5
1.853328,747.75
1.858453,748.0
1.867421,748.25
1.877671,748.5
1.881515,748.75
1.880234,749.0
1.882796,749.25
1.881515,749.5
1.878953,749.75
1.880234,750.0
1.87639,750.25
1.875109,750.5
1.875109,750.75
1.873828,751.0
1.871265,751.25
1.872546,751.5
1.868703,751.75
1.868703,752.0
1.869984,752.25
1.867421,752.5
1.864859,752.75
1.863577,753.0
1.862296,753.25
1.863577,753.5
1.86614,753.75
1.868703,754.0
1.867421,754.25
1.86614,754.5
1.867421,754.75
1.862296,755.0
1.844359,755.25
1.78414,755.5
1.762358,755.75
1.76364,756.0
1.762358,756.25
1.762358,756.5
1.76364,756.75
1.76364,757.0
1.754671,757.25
1.758515,757.5
1.762358,757.75
1.764921,758.0
1.766202,758.25
1.764921,758.5
1.76364,758.75
1.764921,759.0
1.76364,759.25
1.762358,759.5
1.761077,759.75
1.761077,760.0
1.759796,760.25
1.758515,760.5
1.758515,760.75
1.757234,761.0
1.754671,761.25
1.754671,761.5
1.75339,761.75
1.752108,762.0
1.748265,762.25
1.749546,762.5
1.746983,762.75
1.748265,763.0
1.745702,763.25
1.746983,763.5
1.745702,763.75
1.741858,764.0
1.741858,764.25
1.740577,764.5
1.738015,764.75
1.736733,765.0
1.736733,765.25
1.73289,765.5
1.73289,765.75
1.731608,766.0
1.730327,766.25
1.730327,766.5
1.725202,766.75
1.725202,767.0
1.725202,767.25
1.723921,767.5
1.72264,767.75
1.720077,768.0
1.717515,768.25
1.716233,768.5
1.716233,768.75
1.716233,769.0
1.713671,769.25
1.71239,769.5
1.709827,769.75
1.708546,770.0
1.708546,770.25
1.705983,770.5
1.703421,770.75
1.702139,771.0
1.703421,771.25
1.699577,771.5
1.700858,771.75
1.698296,772.0
1.698296,772.25
1.695733,772.5
1.695733,772.75
1.693171,773.0
1.690608,773.25
1.690608,773.5
1.688046,773.75
1.686764,774.0
1.684202,774.25
1.684202,774.5
1.682921,774.75
1.680358,775.0
1.679077,775.25
1.679077,775.5
1.676515,775.75
1.675233,776.0
1.675233,776.25
1.673952,776.5
1.675233,776.75
1.671389,777.0
1.670108,777.25
1.668827,777.5
1.666264,777.75
1.663702,778.0
1.662421,778.25
1.663702,778.5
1.661139,778.75
1.658577,779.0
1.657296,779.25
1.657296,779.5
1.656014,779.75
1.653452,780.0
1.653452,780.25
1.652171,780.5
1.650889,780.75
1.649608,781.0
1.648327,781.25
1.645764,781.5
1.644483,781.75
1.641921,782.0
1.643202,782.25
1.643202,782.5
1.640639,782.75
1.640639,783.0
1.638077,783.25
1.635514,783.5
1.635514,783.75
1.634233,784.0
1.631671,784.25
1.630389,784.5
1.629108,784.75
1.630389,785.0
1.625264,785.25
1.623983,785.5
1.625264,785.75
1.622702,786.0
1.621421,786.25
1.621421,786.5
1.618858,786.75
1.616296,787.0
1.615014,787.25
1.615014,787.5
1.615014,787.75
1.612452,788.0
1.611171,788.25
1.611171,788.5
1.608608,788.75
1.606045,789.0
1.606045,789.25
1.604764,789.5
1.602202,789.75
1.60092,790.0
1.598358,790.25
1.599639,790.5
1.595796,790.75
1.598358,791.0
1.593233,791.25
1.591952,791.5
1.591952,791.75
1.59067,792.0
1.586827,792.25
1.588108,792.5
1.585545,792.75
1.584264,793.0
1.584264,793.25
1.58042,793.5
1.581702,793.75
1.617577,794.0
1.635514,794.25
1.657296,794.5
1.634233,794.75
1.594514,795.0
1.654733,795.25
1.656014,795.5
1.643202,795.75
1.641921,796.0
1.641921,796.25
1.645764,796.5
1.641921,796.75
1.643202,797.0
1.641921,797.25
1.639358,797.5
1.638077,797.75
1.635514,798.0
1.632952,798.25
1.595796,798.5
1.60092,798.75
1.606045,799.0
1.615014,799.25
1.611171,799.5
1.599639,799.75
1.591952,800.0
1.595796,800.25
1.585545,800.5
1.571452,800.75
1.556077,801.0
1.540702,801.25
1.541983,801.5
1.534295,801.75
1.521483,802.0
1.480483,802.25
1.502264,802.5
1.544545,802.75
1.563764,803.0
1.511233,803.25
1.509951,803.5
1.507389,803.75
1.506108,804.0
1.548389,804.25
1.552233,804.5
1.556077,804.75
1.544545,805.0
1.535577,805.25
1.524045,805.5
1.506108,805.75
1.499701,806.0
1.502264,806.25
1.521483,806.5
1.526608,806.75
1.525326,807.0
1.516358,807.25
1.522764,807.5
1.472795,807.75
1.43692,808.0
1.421545,808.25
1.436721,808.5
1.435439,808.75
1.430314,809.0
1.429033,809.25
1.425189,809.5
1.426471,809.75
1.423908,810.0
1.426471,810.25
1.423908,810.5
1.422627,810.75
1.47644,811.0
1.47644,811.25
1.46619,811.5
1.454658,811.75
1.450814,812.0
1.448252,812.25
1.441846,812.5
1.440564,812.75
1.440564,813.0
1.439283,813.25
1.413658,813.5
1.409814,813.75
1.408533,814.0
1.408533,814.25
1.405971,814.5
1.403408,814.75
1.403408,815.0
1.400846,815.25
1.398283,815.5
1.399564,815.75
1.397002,816.0
1.395721,816.25
1.393158,816.5
1.391877,816.75
1.390596,817.0
1.390596,817.25
1.388033,817.5
1.385471,817.75
1.386752,818.0
1.385471,818.25
1.384189,818.5
1.381627,818.75
1.381627,819.0
1.380345,819.25
1.377783,819.5
1.376502,819.75
1.375221,820.0
1.373939,820.25
1.371377,820.5
1.370095,820.75
1.371377,821.0
1.371377,821.25
1.367533,821.5
1.366252,821.75
1.359845,822.0
1.361127,822.25
1.361127,822.5
1.358564,822.75
1.356002,823.0
1.356002,823.25
1.352158,823.5
1.352158,823.75
1.353439,824.0
1.349595,824.25
1.347033,824.5
1.345752,824.75
1.34447,825.0
1.340627,825.25
1.339345,825.5
1.339345,825.75
1.338064,826.0
1.368814,826.25
1.371377,826.5
1.368814,826.75
1.367533,827.0
1.367533,827.25
1.366252,827.5
1.36497,827.75
1.363689,828.0
1.363689,828.25
1.361127,828.5
1.359845,828.75
1.358564,829.0
1.358564,829.25
1.357283,829.5
1.35472,829.75
1.356002,830.0
1.353439,830.25
1.350877,830.5
1.348314,830.75
1.348314,831.0
1.345752,831.25
1.345752,831.5
1.34447,831.75
1.343189,832.0
1.341908,832.25
1.339345,832.5
1.339345,832.75
1.338064,833.0
1.335502,833.25
1.33422,833.5
1.33422,833.75
1.331658,834.0
1.331658,834.25
1.331658,834.5
1.326533,834.75
1.329095,835.0
1.326533,835.25
1.325252,835.5
1.32397,835.75
1.322689,836.0
1.321408,836.25
1.318845,836.5
1.318845,836.75
1.316283,837.0
1.315002,837.25
1.316283,837.5
1.31372,837.75
1.312439,838.0
1.312439,838.25
1.311158,838.5
1.307314,838.75
1.309877,839.0
1.307314,839.25
1.306033,839.5
1.30347,839.75
1.30347,840.0
1.300908,840.25
1.297064,840.5
1.295783,840.75
1.277845,841.0
1.30347,841.25
1.325252,841.5
1.336783,841.75
1.339345,842.0
1.327814,842.25
1.318845,842.5
1.317564,842.75
1.312439,843.0
1.318845,843.25
1.330377,843.5
1.321408,843.75
1.307314,844.0
1.300908,844.25
1.322689,844.5
1.341908,844.75
1.326533,845.0
1.27272,845.25
1.316283,845.5
1.317564,845.75
1.316283,846.0
1.31372,846.25
1.308595,846.5
1.307314,846.75
1.304752,847.0
1.30347,847.25
1.30347,847.5
1.299626,847.75
1.298345,848.0
1.295783,848.25
1.29322,848.5
1.289376,848.75
1.291939,849.0
1.29322,849.25
1.289376,849.5
1.286814,849.75
1.285533,850.0
1.286814,850.25
1.284251,850.5
1.29322,850.75
1.35472,851.0
1.370095,851.25
1.347033,851.5
1.332939,851.75
1.32397,852.0
1.320127,852.25
1.309877,852.5
1.294502,852.75
1.288095,853.0
1.288095,853.25
1.286814,853.5
1.29322,853.75
1.298345,854.0
1.298345,854.25
1.300908,854.5
1.309877,854.75
1.306033,855.0
1.302189,855.25
1.295783,855.5
1.297064,855.75
1.298345,856.0
1.295783,856.25
1.294502,856.5
1.288095,856.75
1.288095,857.0
1.286814,857.25
1.285533,857.5
1.28297,857.75
1.28297,858.0
1.280408,858.25
1.276564,858.5
1.275283,858.75
1.27272,859.0
1.270158,859.25
1.268876,859.5
1.268876,859.75
1.266314,860.0
1.263751,860.25
1.26247,860.5
1.26247,860.75
1.266314,861.0
1.284251,861.25
1.284251,861.5
1.281689,861.75
1.276564,862.0
1.263751,862.25
1.261189,862.5
1.261189,862.75
1.259908,863.0
1.257345,863.25
1.25222,863.5
1.25222,863.75
1.279126,864.0
1.288095,864.25
1.289376,864.5
1.285533,864.75
1.276564,865.0
1.257345,865.25
1.230439,865.5
1.220189,865.75
1.217626,866.0
1.215064,866.25
1.213783,866.5
1.209939,866.75
1.208658,867.0
1.189439,867.25
1.179189,867.5
1.166376,867.75
1.165095,868.0
1.166376,868.25
1.161251,868.5
1.161251,868.75
1.165095,869.0
1.181751,869.25
1.217626,869.5
1.22147,869.75
1.195845,870.0
1.220189,870.25
1.22147,870.5
1.217626,870.75
1.212501,871.0
1.213783,871.25
1.21122,871.5
1.209939,871.75
1.208658,872.0
1.208658,872.25
1.206095,872.5
1.207376,872.75
1.204814,873.0
1.203532,873.25
1.206095,873.5
1.203532,873.75
1.204814,874.0
1.203532,874.25
1.202251,874.5
1.20097,874.75
1.202251,875.0
1.199689,875.25
1.199689,875.5
1.197126,875.75
1.197126,876.0
1.197126,876.25
1.194564,876.5
1.192001,876.75
1.193282,877.0
1.192001,877.25
1.192001,877.5
1.189439,877.75
1.189439,878.0
1.185595,878.25
1.186876,878.5
1.189439,878.75
1.189439,879.0
1.186876,879.25
1.189439,879.5
1.186876,879.75
1.185595,880.0
1.181751,880.25
1.183032,880.5
1.181751,880.75
1.18047,881.0
1.18047,881.25
1.18047,881.5
1.179189,881.75
1.177907,882.0
1.177907,882.25
1.176626,882.5
1.175345,882.75
1.174064,883.0
1.175345,883.25
1.174064,883.5
1.172782,883.75
1.174064,884.0
1.171501,884.25
1.172782,884.5
1.17022,884.75
1.17022,885.0
1.171501,885.25
1.17022,885.5
1.168939,885.75
1.17022,886.0
1.165095,886.25
1.11897,886.5
1.133064,886.75
1.185595,887.0
1.203532,887.25
1.204814,887.5
1.226595,887.75
1.225314,888.0
1.220189,888.25
1.220189,888.5
1.21122,888.75
1.212501,889.0
1.215064,889.25
1.203532,889.5
1.140751,889.75
1.130501,890.0
1.130501,890.25
1.12922,890.5
1.127939,890.75
1.12922,891.0
1.12922,891.25
1.12922,891.5
1.12922,891.75
1.127939,892.0
1.126657,892.25
1.124095,892.5
1.124095,892.75
1.122813,893.0
1.121532,893.25
1.120251,893.5
1.11897,893.75
1.11897,894.0
1.116407,894.25
1.116407,894.5
1.113845,894.75
1.113845,895.0
1.113845,895.25
1.113845,895.5
1.111282,895.75
1.111282,896.0
1.110001,896.25
1.110001,896.5
1.10872,896.75
1.10872,897.0
1.106157,897.25
1.104876,897.5
1.103595,897.75
1.103595,898.0
1.102313,898.25
1.099751,898.5
1.099751,898.75
1.099751,899.0
1.099751,899.25
1.099751,899.5
1.097188,899.75
1.095907,900.0
1.095907,900.25
1.094626,900.5
1.092063,900.75
1.092063,901.0
1.092063,901.25
1.090782,901.5
1.090782,901.75
1.089501,902.0
1.08822,902.25
1.08822,902.5
1.086938,902.75
1.086938,903.0
1.085657,903.25
1.083095,903.5
1.085657,903.75
1.083095,904.0
1.085657,904.25
1.081813,904.5
1.079251,904.75
1.07797,905.0
1.07797,905.25
1.07797,905.5
1.075407,905.75
1.076688,906.0
1.075407,906.25
1.075407,906.5
1.072845,906.75
1.072845,907.0
1.072845,907.25
1.071563,907.5
1.070282,907.75
1.070282,908.0
1.070282,908.25
1.069001,908.5
1.06772,908.75
1.066438,909.0
1.066438,909.25
1.063876,909.5
1.065157,909.75
1.063876,910.0
1.062595,910.25
1.063876,910.5
1.060032,910.75
1.060032,911.0
1.060032,911.25
1.058751,911.5
1.058751,911.75
1.058751,912.0
1.054907,912.25
1.057469,912.5
1.054907,912.75
1.054907,913.0
1.054907,913.25
1.052345,913.5
1.052345,913.75
1.051063,914.0
1.051063,914.25
1.048501,914.5
1.048501,914.75
1.04722,915.0
1.045938,915.25
1.045938,915.5
1.044657,915.75
1.043376,916.0
1.042094,916.25
1.042094,916.5
1.042094,916.75
1.040813,917.0
1.042094,917.25
1.042094,917.5
1.04722,917.75
1.040813,918.0
1.036969,918.25
1.036969,918.5
1.036969,918.75
1.063876,919.0
1.071563,919.25
1.071563,919.5
1.076688,919.75
1.026719,920.0
1.017751,920.25
1.012626,920.5
1.015188,920.75
1.012626,921.0
1.010063,921.25
1.006219,921.5
1.011344,921.75
1.030563,922.0
1.035688,922.25
1.029282,922.5
1.030563,922.75
1.030563,923.0
1.025438,923.25
1.036969,923.5
1.044657,923.75
1.065157,924.0
1.066438,924.25
1.061313,924.5
1.036969,924.75
1.016469,925.0
1.013907,925.25
1.008782,925.5
1.010063,925.75
0.999813,926.0
1.040813,926.25
1.07797,926.5
1.074126,926.75
1.052345,927.0
1.021594,927.25
1.010063,927.5
1.006219,927.75
1.004938,928.0
1.003657,928.25
1.003657,928.5
1.001094,928.75
0.995969,929.0
0.95625,929.25
0.965219,929.5
1.036969,929.75
1.054907,930.0
1.057469,930.25
1.030563,930.5
0.997251,930.75
0.992126,931.0
0.990844,931.25
0.987001,931.5
0.979313,931.75
0.984438,932.0
0.987001,932.25
0.985719,932.5
0.985719,932.75
0.984438,933.0
0.984438,933.25
0.983157,933.5
0.985719,933.75
0.988282,934.0
1.006219,934.25
0.979313,934.5
0.962657,934.75
0.962657,935.0
0.980594,935.25
0.980594,935.5
1.004938,935.75
0.995969,936.0
1.043376,936.25
1.072845,936.5
1.071563,936.75
0.995969,937.0
0.974188,937.25
0.983157,937.5
1.003657,937.75
0.965219,938.0
1.010063,938.25
1.034407,938.5
1.072845,938.75
1.097188,939.0
1.035688,939.25
0.966501,939.5
0.943438,939.75
0.977933,940.0
0.974089,940.25
0.971526,940.5
0.983058,940.75
0.994589,941.0
0.989464,941.25
0.989464,941.5
0.992027,941.75
0.986901,942.0
0.98562,942.25
0.981776,942.5
0.981776,942.75
0.980495,943.0
0.977933,943.25
0.972808,943.5
0.976651,943.75
0.976651,944.0
0.976651,944.25
0.972808,944.5
0.972808,944.75
0.974089,945.0
0.974089,945.25
0.971526,945.5
0.970245,945.75
0.970245,946.0
0.966401,946.25
0.962558,946.5
0.961276,946.75
0.95487,947.0
0.953589,947.25
0.951026,947.5
0.953589,947.75
0.951026,948.0
0.949745,948.25
0.948464,948.5
0.980495,948.75
0.984339,949.0
1.011245,949.25
1.017652,949.5
1.017652,949.75
1.033027,950.0
1.03687,950.25
1.038152,950.5
1.03687,950.75
0.986901,951.0
0.984339,951.25
0.984339,951.5
0.979214,951.75
0.972808,952.0
0.98562,952.25
1.020214,952.5
1.013808,952.75
0.98562,953.0
0.976651,953.25
0.974089,953.5
0.990745,953.75
0.992027,954.0
0.997151,954.25
0.99587,954.5
0.990745,954.75
0.984339,955.0
0.977933,955.25
0.990745,955.5
0.938214,955.75
0.921558,956.0
0.945901,956.25
0.920276,956.5
0.926683,956.75
0.936933,957.0
0.979214,957.25
0.993308,957.5
0.961276,957.75
0.976651,958.0
0.989464,958.25
0.999714,958.5
1.003558,958.75
0.998433,959.0
0.989464,959.25
0.942058,959.5
0.927964,959.75
0.926683,960.0
0.916432,960.25
0.917714,960.5
0.931808,960.75
0.936933,961.0
0.976651,961.25
0.984339,961.5
0.992027,961.75
0.994589,962.0
0.994589,962.25
1.008683,962.5
1.017652,962.75
1.018933,963.0
1.018933,963.25
1.021495,963.5
1.020214,963.75
1.020214,964.0
1.018933,964.25
1.018933,964.5
1.018933,964.75
1.018933,965.0
1.017652,965.25
1.018933,965.5
1.018933,965.75
1.020214,966.0
1.020214,966.25
1.021495,966.5
1.021495,966.75
1.024058,967.0
1.022777,967.25
1.024058,967.5
1.022777,967.75
1.025339,968.0
1.025339,968.25
1.025339,968.5
1.024058,968.75
1.024058,969.0
1.024058,969.25
1.025339,969.5
1.024058,969.75
1.024058,970.0
1.024058,970.25
1.024058,970.5
1.022777,970.75
1.022777,971.0
1.022777,971.25
1.022777,971.5
1.022777,971.75
1.022777,972.0
1.022777,972.25
1.022777,972.5
1.017652,972.75
0.936933,973.0
0.952308,973.25
0.921558,973.5
0.912589,973.75
0.908745,974.0
0.906182,974.25
0.904901,974.5
0.904901,974.75
0.90362,975.0
0.899776,975.25
0.894651,975.5
0.897214,975.75
0.894651,976.0
0.894651,976.25
0.892089,976.5
0.892089,976.75
0.889526,977.0
0.888245,977.25
0.888245,977.5
0.886964,977.75
0.886964,978.0
0.884401,978.25
0.886964,978.5
0.884401,978.75
0.88312,979.0
0.881839,979.25
0.880557,979.5
0.880557,979.75
0.877995,980.0
0.877995,980.25
0.876714,980.5
0.877995,980.75
0.874151,981.0
0.874151,981.25
0.87287,981.5
0.87287,981.75
0.87287,982.0
0.871589,982.25
0.869026,982.5
0.869026,982.75
0.869026,983.0
0.869026,983.25
0.867745,983.5
0.867745,983.75
0.866464,984.0
0.866464,984.25
0.866464,984.5
0.867745,984.75
0.865182,985.0
0.863901,985.25
0.865182,985.5
0.865182,985.75
0.863901,986.0
0.866464,986.25
0.866464,986.5
0.869026,986.75
0.865182,987.0
0.865182,987.25
0.863901,987.5
0.865182,987.75
0.863901,988.0
0.86262,988.25
0.863901,988.5
0.863901,988.75
0.865182,989.0
0.86262,989.25
0.861339,989.5
0.861339,989.75
0.860057,990.0
0.858776,990.25
0.858776,990.5
0.857495,990.75
0.857495,991.0
0.856214,991.25
0.856214,991.5
0.856214,991.75
0.856214,992.0
0.854932,992.25
0.854932,992.5
0.85237,992.75
0.85237,993.0
0.85237,993.25
0.85237,993.5
0.85237,993.75
0.851089,994.0
0.851089,994.25
0.851089,994.5
0.849807,994.75
0.851089,995.0
0.847245,995.25
0.849807,995.5
0.847245,995.75
0.847245,996.0
0.847245,996.25
0.845964,996.5
0.845964,996.75
0.845964,997.0
0.844682,997.25
0.843401,997.5
0.843401,997.75
0.84212,998.0
0.84212,998.25
0.840839,998.5
0.84212,998.75
0.840839,999.0
0.839557,999.25
0.839557,999.5
0.838276,999.75
0.838276,1000.0
0.836995,1000.25
0.835714,1000.5
0.834432,1000.75
0.834432,1001.0
0.834432,1001.25
0.834432,1001.5
0.833151,1001.75
0.83187,1002.0
0.833151,1002.25
0.83187,1002.5
0.83187,1002.75
0.828026,1003.0
0.829307,1003.25
0.829307,1003.5
0.826745,1003.75
0.826745,1004.0
0.826745,1004.25
0.825463,1004.5
0.824182,1004.75
0.825463,1005.0
0.824182,1005.25
0.824182,1005.5
0.822901,1005.75
0.82162,1006.0
0.82162,1006.25
0.820338,1006.5
0.820338,1006.75
0.820338,1007.0
0.819057,1007.25
0.817776,1007.5
0.817776,1007.75
0.816495,1008.0
0.816495,1008.25
0.816495,1008.5
0.815213,1008.75
0.815213,1009.0
0.813932,1009.25
0.813932,1009.5
0.813932,1009.75
0.813932,1010.0
0.81137,1010.25
0.81137,1010.5
0.81137,1010.75
0.810088,1011.0
0.808807,1011.25
0.808807,1011.5
0.807526,1011.75
0.808807,1012.0
0.806245,1012.25
0.806245,1012.5
0.806245,1012.75
0.804963,1013.0
0.806245,1013.25
0.803682,1013.5
0.804963,1013.75
0.803682,1014.0
0.803682,1014.25
0.802401,1014.5
0.803682,1014.75
0.80112,1015.0
0.80112,1015.25
0.799838,1015.5
0.799838,1015.75
0.799838,1016.0
0.798557,1016.25
0.797276,1016.5
0.798557,1016.75
0.794713,1017.0
0.795995,1017.25
0.797276,1017.5
0.794713,1017.75
0.793432,1018.0
0.793432,1018.25
0.792151,1018.5
0.793432,1018.75
0.79087,1019.0
0.79087,1019.25
0.792151,1019.5
0.792151,1019.75
0.788307,1020.0
0.789588,1020.25
0.787026,1020.5
0.788307,1020.75
0.787026,1021.0
0.784463,1021.25
0.785745,1021.5
0.784463,1021.75
0.784463,1022.0
0.784463,1022.25
0.784463,1022.5
0.783182,1022.75
0.781901,1023.0
0.78062,1023.25
0.78062,1023.5
0.78062,1023.75
0.78062,1024.0
0.778057,1024.25
0.776776,1024.5
0.778057,1024.75
0.776776,1025.0
0.775495,1025.25
0.775495,1025.5
0.775495,1025.75
0.775495,1026.0
0.775495,1026.25
0.774213,1026.5
0.772932,1026.75
0.772932,1027.0
0.772932,1027.25
0.771651,1027.5
0.77037,1027.75
0.771651,1028.0
0.77037,1028.25
0.769088,1028.5
0.767807,1028.75
0.767807,1029.0
0.766526,1029.25
0.767807,1029.5
0.766526,1029.75
0.765245,1030.0
0.765245,1030.25
0.763963,1030.5
0.763963,1030.75
0.763963,1031.0
0.762682,1031.25
0.761401,1031.5
0.761401,1031.75
0.76012,1032.0
0.76012,1032.25
0.758838,1032.5
0.758838,1032.75
0.76012,1033.0
0.757557,1033.25
0.757557,1033.5
0.756276,1033.75
0.757557,1034.0
0.76012,1034.25
0.762682,1034.5
0.758838,1034.75
0.76012,1035.0
0.757557,1035.25
0.758838,1035.5
0.756276,1035.75
0.754995,1036.0
0.756276,1036.25
0.753713,1036.5
0.753713,1036.75
0.753713,1037.0
0.752432,1037.25
0.752432,1037.5
0.751151,1037.75
0.751151,1038.0
0.751151,1038.25
0.751151,1038.5
0.748588,1038.75
0.751151,1039.0
0.74987,1039.25
0.747307,1039.5
0.748588,1039.75
0.747307,1040.0
0.746026,1040.25
0.746026,1040.5
0.746026,1040.75
0.746026,1041.0
0.744744,1041.25
0.746026,1041.5
0.742182,1041.75
0.742182,1042.0
0.743463,1042.25
0.742182,1042.5
0.742182,1042.75
0.740901,1043.0
0.739619,1043.25
0.739619,1043.5
0.740901,1043.75
0.739619,1044.0
0.739619,1044.25
0.739619,1044.5
0.737057,1044.75
0.735776,1045.0
0.737057,1045.25
0.735776,1045.5
0.734494,1045.75
0.735776,1046.0
0.734494,1046.25
0.733213,1046.5
0.734494,1046.75
0.734494,1047.0
0.731932,1047.25
0.731932,1047.5
0.731932,1047.75
0.730651,1048.0
0.731932,1048.25
0.730651,1048.5
0.730651,1048.75
0.729369,1049.0
0.729369,1049.25
0.728088,1049.5
0.728088,1049.75
0.726807,1050.0
0.725526,1050.25
0.728088,1050.5
0.726807,1050.75
0.725526,1051.0
0.724244,1051.25
0.724244,1051.5
0.724244,1051.75
0.721682,1052.0
0.721682,1052.25
0.724244,1052.5
0.722963,1052.75
0.721682,1053.0
0.721682,1053.25
0.720401,1053.5
0.720401,1053.75
0.717838,1054.0
0.719119,1054.25
0.720401,1054.5
0.717838,1054.75
0.717838,1055.0
0.717838,1055.25
0.715276,1055.5
0.715276,1055.75
0.716557,1056.0
0.715276,1056.25
0.713994,1056.5
0.712713,1056.75
0.712713,1057.0
0.713994,1057.25
0.712713,1057.5
0.712713,1057.75
0.710151,1058.0
0.711432,1058.25
0.708869,1058.5
0.711432,1058.75
0.710151,1059.0
0.708869,1059.25
0.710151,1059.5
0.708869,1059.75
0.707588,1060.0
0.706307,1060.25
0.706307,1060.5
0.706307,1060.75
0.705026,1061.0
0.703744,1061.25
0.703744,1061.5
0.702463,1061.75
0.702463,1062.0
0.699901,1062.25
0.699901,1062.5
0.701182,1062.75
0.699901,1063.0
0.699901,1063.25
0.698619,1063.5
0.697338,1063.75
0.698619,1064.0
0.698619,1064.25
0.697338,1064.5
0.698619,1064.75
0.697338,1065.0
0.697338,1065.25
0.697338,1065.5
0.696057,1065.75
0.696057,1066.0
0.696057,1066.25
0.693494,1066.5
0.694776,1066.75
0.696057,1067.0
0.693494,1067.25
0.693494,1067.5
0.693494,1067.75
0.692213,1068.0
0.690932,1068.25
0.689651,1068.5
0.690932,1068.75
0.688369,1069.0
0.688369,1069.25
0.688369,1069.5
0.688369,1069.75
0.687088,1070.0
0.687088,1070.25
0.685807,1070.5
0.684526,1070.75
0.687088,1071.0
0.685807,1071.25
0.685807,1071.5
0.687088,1071.75
0.690932,1072.0
0.692213,1072.25
0.694776,1072.5
0.697338,1072.75
0.696057,1073.0
0.697338,1073.25
0.694776,1073.5
0.696057,1073.75
0.694776,1074.0
0.694776,1074.25
0.693494,1074.5
0.693494,1074.75
0.690932,1075.0
0.693494,1075.25
0.692213,1075.5
0.692213,1075.75
0.692213,1076.0
0.690932,1076.25
0.692213,1076.5
0.692213,1076.75
0.690932,1077.0
0.689651,1077.25
0.689651,1077.5
0.688369,1077.75
0.688369,1078.0
0.681963,1078.25
0.671713,1078.5
0.662744,1078.75
0.669151,1079.0
0.676838,1079.25
0.679401,1079.5
0.676838,1079.75
0.685807,1080.0
0.685807,1080.25
0.667869,1080.5
0.660182,1080.75
0.6589,1081.0
0.661463,1081.25
0.664025,1081.5
0.664025,1081.75
0.6589,1082.0
0.653775,1082.25
0.653775,1082.5
0.653775,1082.75
0.652494,1083.0
0.651213,1083.25
0.651213,1083.5
0.64865,1083.75
0.64865,1084.0
0.647369,1084.25
0.649932,1084.5
0.653775,1084.75
0.656338,1085.0
0.6589,1085.25
0.656338,1085.5
0.655057,1085.75
0.652494,1086.0
0.652494,1086.25
0.649932,1086.5
0.64865,1086.75
0.649932,1087.0
0.64865,1087.25
0.649932,1087.5
0.647369,1087.75
0.64865,1088.0
0.647369,1088.25
0.644807,1088.5
0.644807,1088.75
0.646088,1089.0
0.644807,1089.25
0.643525,1089.5
0.643525,1089.75
0.642244,1090.0
0.640963,1090.25
0.640963,1090.5
0.640963,1090.75
0.640963,1091.0
0.640963,1091.25
0.639682,1091.5
0.642244,1091.75
0.639682,1092.0
0.6384,1092.25
0.6384,1092.5
0.639682,1092.75
0.639682,1093.0
0.6384,1093.25
0.637119,1093.5
0.639682,1093.75
0.6384,1094.0
0.634557,1094.25
0.635838,1094.5
0.634557,1094.75
0.634557,1095.0
0.633275,1095.25
0.631994,1095.5
0.631994,1095.75
0.631994,1096.0
0.631994,1096.25
0.631994,1096.5
0.62815,1096.75
0.62815,1097.0
0.630713,1097.25
0.626869,1097.5
0.62815,1097.75
0.626869,1098.0
0.625588,1098.25
0.62815,1098.5
0.624307,1098.75
0.626869,1099.0
0.625588,1099.25
0.625588,1099.5
0.623025,1099.75
0.624307,1100.0
0.623025,1100.25
0.623025,1100.5
0.621744,1100.75
0.623025,1101.0
0.623025,1101.25
0.621744,1101.5
0.623025,1101.75
0.623025,1102.0
0.623025,1102.25
0.621744,1102.5
0.621744,1102.75
0.621744,1103.0
0.616619,1103.25
0.616619,1103.5
0.616619,1103.75
0.6179,1104.0
0.6179,1104.25
0.619182,1104.5
0.616619,1104.75
0.615338,1105.0
0.616619,1105.25
0.616619,1105.5
0.615338,1105.75
0.615338,1106.0
0.614057,1106.25
0.614057,1106.5
0.615338,1106.75
0.612775,1107.0
0.614057,1107.25
0.614057,1107.5
0.611494,1107.75
0.608932,1108.0
0.612775,1108.25
0.611494,1108.5
0.612775,1108.75
0.611494,1109.0
0.610213,1109.25
0.612775,1109.5
0.610213,1109.75
0.612775,1110.0
0.610213,1110.25
0.610213,1110.5
0.610213,1110.75
0.608932,1111.0
0.608932,1111.25
0.605088,1111.5
0.603807,1111.75
0.603807,1112.0
0.602525,1112.25
0.602525,1112.5
0.602525,1112.75
0.599963,1113.0
0.601244,1113.25
0.599963,1113.5
0.598682,1113.75
0.599963,1114.0
0.599963,1114.25
0.598682,1114.5
0.599963,1114.75
0.601244,1115.0
0.599963,1115.25
0.599963,1115.5
0.598682,1115.75
0.599963,1116.0
0.598682,1116.25
0.598682,1116.5
0.5974,1116.75
0.598682,1117.0
0.598682,1117.25
0.594838,1117.5
0.5974,1117.75
0.5974,1118.0
0.5974,1118.25
0.596119,1118.5
0.5974,1118.75
0.596119,1119.0
0.594838,1119.25
0.594838,1119.5
0.593557,1119.75
0.593557,1120.0
0.593557,1120.25
0.593557,1120.5
0.593557,1120.75
0.594838,1121.0
0.593557,1121.25
0.593557,1121.5
0.594838,1121.75
0.594838,1122.0
0.590994,1122.25
0.588432,1122.5
0.585869,1122.75
0.585869,1123.0
0.585869,1123.25
0.583306,1123.5
0.584588,1123.75
0.582025,1124.0
0.582025,1124.25
0.582025,1124.5
0.580744,1124.75
0.579463,1125.0
0.580744,1125.25
0.580744,1125.5
0.579463,1125.75
0.578182,1126.0
0.5769,1126.25
0.5769,1126.5
0.5769,1126.75
0.578182,1127.0
0.575619,1127.25
0.574338,1127.5
0.575619,1127.75
0.574338,1128.0
0.571775,1128.25
0.573056,1128.5
0.570494,1128.75
0.570494,1129.0
0.570494,1129.25
0.569213,1129.5
0.56665,1129.75
0.569213,1130.0
0.567931,1130.25
0.567931,1130.5
0.56665,1130.75
0.565369,1131.0
0.564088,1131.25
0.562806,1131.5
0.561525,1131.75
0.562806,1132.0
0.561525,1132.25
0.560244,1132.5
0.561525,1132.75
0.561525,1133.0
0.561525,1133.25
0.561525,1133.5
0.561525,1133.75
0.558963,1134.0
0.558963,1134.25
0.558963,1134.5
0.560244,1134.75
0.558963,1135.0
0.560244,1135.25
0.557681,1135.5
0.5564,1135.75
0.555119,1136.0
0.555119,1136.25
0.555119,1136.5
0.557681,1136.75
0.560244,1137.0
0.569213,1137.25
0.569213,1137.5
0.562806,1137.75
0.569213,1138.0
0.583306,1138.25
0.602525,1138.5
0.601244,1138.75
0.590994,1139.0
0.588432,1139.25
0.589713,1139.5
0.5974,1139.75
0.640963,1140.0
0.649932,1140.25
0.635838,1140.5
0.634557,1140.75
0.631994,1141.0
0.631994,1141.25
0.634557,1141.5
0.621744,1141.75
0.574338,1142.0
0.561525,1142.25
0.573056,1142.5
0.579463,1142.75
0.585869,1143.0
0.582025,1143.25
0.585869,1143.5
0.592275,1143.75
0.585869,1144.0
0.578182,1144.25
0.567931,1144.5
0.571775,1144.75
0.584588,1145.0
0.596119,1145.25
0.596119,1145.5
0.598682,1145.75
0.598682,1146.0
0.5974,1146.25
0.5974,1146.5
0.5974,1146.75
0.598682,1147.0
0.598682,1147.25
0.599963,1147.5
0.599963,1147.75
0.599963,1148.0
0.598682,1148.25
0.599963,1148.5
0.5974,1148.75
0.598682,1149.0
0.598682,1149.25
0.5974,1149.5
0.5974,1149.75
0.5974,1150.0
0.596119,1150.25
0.598682,1150.5
0.598682,1150.75
0.599963,1151.0
0.599963,1151.25
0.598682,1151.5
0.599963,1151.75
0.5974,1152.0
0.598682,1152.25
0.598682,1152.5
0.5974,1152.75
0.599963,1153.0
0.5974,1153.25
0.598682,1153.5
0.5974,1153.75
0.5974,1154.0
0.596119,1154.25
0.5974,1154.5
0.5974,1154.75
0.5974,1155.0
0.5974,1155.25
0.596119,1155.5
0.598682,1155.75
0.598682,1156.0
0.5974,1156.25
0.5974,1156.5
0.5974,1156.75
0.5974,1157.0
0.5974,1157.25
0.596119,1157.5
0.596119,1157.75
0.596119,1158.0
0.596119,1158.25
0.596119,1158.5
0.596119,1158.75
0.596119,1159.0
0.596119,1159.25
0.5974,1159.5
0.594838,1159.75
0.5974,1160.0
0.594838,1160.25
0.596119,1160.5
0.596119,1160.75
0.594838,1161.0
0.594838,1161.25
0.594838,1161.5
0.594838,1161.75
0.594838,1162.0
0.594838,1162.25
0.596119,1162.5
0.594838,1162.75
0.593557,1163.0
0.594838,1163.25
0.594838,1163.5
0.596119,1163.75
0.593557,1164.0
0.593557,1164.25
0.592275,1164.5
0.592275,1164.75
0.594838,1165.0
0.592275,1165.25
0.593557,1165.5
0.593557,1165.75
0.592275,1166.0
0.592275,1166.25
0.590994,1166.5
0.590994,1166.75
0.590994,1167.0
0.592275,1167.25
0.590994,1167.5
0.592275,1167.75
0.590994,1168.0
0.593557,1168.25
0.590994,1168.5
0.590994,1168.75
0.590994,1169.0
0.592275,1169.25
0.590994,1169.5
0.590994,1169.75
0.592275,1170.0
0.590994,1170.25
0.593557,1170.5
0.593557,1170.75
0.589713,1171.0
0.589713,1171.25
0.590994,1171.5
0.590994,1171.75
0.588432,1172.0
0.589713,1172.25
0.589713,1172.5
0.590994,1172.75
0.590994,1173.0
0.590994,1173.25
0.589713,1173.5
0.588432,1173.75
0.589713,1174.0
0.588432,1174.25
0.588432,1174.5
0.589713,1174.75
0.58715,1175.0
0.588432,1175.25
0.589713,1175.5
0.589713,1175.75
0.584588,1176.0
0.579463,1176.25
0.5769,1176.5
0.579463,1176.75
0.589713,1177.0
0.589713,1177.25
0.588432,1177.5
0.58715,1177.75
0.585869,1178.0
0.58715,1178.25
0.585869,1178.5
0.588432,1178.75
0.588432,1179.0
0.58715,1179.25
0.585869,1179.5
0.58715,1179.75
0.584588,1180.0
0.583306,1180.25
0.583306,1180.5
0.583306,1180.75
0.584588,1181.0
0.582025,1181.25
0.584588,1181.5
0.583306,1181.75
0.582025,1182.0
0.583306,1182.25
0.584588,1182.5
0.582025,1182.75
0.582025,1183.0
0.582025,1183.25
0.582025,1183.5
0.580744,1183.75
0.580744,1184.0
0.580744,1184.25
0.582025,1184.5
0.582025,1184.75
0.580744,1185.0
0.580744,1185.25
0.580744,1185.5
0.579463,1185.75
0.579463,1186.0
0.578182,1186.25
0.579463,1186.5
0.579463,1186.75
0.579463,1187.0
0.579463,1187.25
0.5769,1187.5
0.5769,1187.75
0.579463,1188.0
0.5769,1188.25
0.575619,1188.5
0.5769,1188.75
0.5769,1189.0
0.575619,1189.25
0.5769,1189.5
0.5769,1189.75
0.574338,1190.0
0.574338,1190.25
0.575619,1190.5
0.575619,1190.75
0.575619,1191.0
0.575619,1191.25
0.575619,1191.5
0.575619,1191.75
0.573056,1192.0
0.573056,1192.25
0.574338,1192.5
0.573056,1192.75
0.575619,1193.0
0.574338,1193.25
0.573056,1193.5
0.573056,1193.75
0.573056,1194.0
0.573056,1194.25
0.573056,1194.5
0.573056,1194.75
0.574338,1195.0
0.571775,1195.25
0.573056,1195.5
0.571775,1195.75
0.570494,1196.0
0.571775,1196.25
0.573056,1196.5
0.571775,1196.75
0.573056,1197.0
0.570494,1197.25
0.570494,1197.5
0.570494,1197.75
0.570494,1198.0
0.570494,1198.25
0.569213,1198.5
0.569213,1198.75
0.569213,1199.0
0.567931,1199.25
0.567931,1199.5
0.567931,1199.75
0.569213,1200.0
0.567931,1200.25
0.567931,1200.5
0.567931,1200.75
0.567931,1201.0
0.569213,1201.25
0.567931,1201.5
0.567931,1201.75
0.56665,1202.0
0.567931,1202.25
0.567931,1202.5
0.56665,1202.75
0.567931,1203.0
0.56665,1203.25
0.569213,1203.5
0.56665,1203.75
0.565369,1204.0
0.565369,1204.25
0.56665,1204.5
0.56665,1204.75
0.56665,1205.0
0.564088,1205.25
0.5564,1205.5
0.553838,1205.75
0.547431,1206.0
0.547431,1206.25
0.543588,1206.5
0.543588,1206.75
0.537181,1207.0
0.539744,1207.25
0.539744,1207.5
0.542306,1207.75
0.547431,1208.0
0.551275,1208.25
0.5564,1208.5
0.557681,1208.75
0.561525,1209.0
0.561525,1209.25
0.561525,1209.5
0.561525,1209.75
0.562806,1210.0
0.561525,1210.25
0.561525,1210.5
0.561525,1210.75
0.561525,1211.0
0.562806,1211.25
0.560244,1211.5
0.560244,1211.75
0.561525,1212.0
0.561525,1212.25
0.560244,1212.5
0.560244,1212.75
0.558963,1213.0
0.557681,1213.25
0.560244,1213.5
0.557681,1213.75
0.557681,1214.0
0.557681,1214.25
0.560244,1214.5
0.557681,1214.75
0.557681,1215.0
0.555119,1215.25
0.557681,1215.5
0.5564,1215.75
0.5564,1216.0
0.555119,1216.25
0.5564,1216.5
0.557681,1216.75
0.552556,1217.0
0.553838,1217.25
0.552556,1217.5
0.551275,1217.75
0.549994,1218.0
0.549994,1218.25
0.548713,1218.5
0.548713,1218.75
0.548713,1219.0
0.547431,1219.25
0.549994,1219.5
0.549994,1219.75
0.551275,1220.0
0.551275,1220.25
0.551275,1220.5
0.548713,1220.75
0.549994,1221.0
0.548713,1221.25
0.548713,1221.5
0.547431,1221.75
0.543588,1222.0
0.52565,1222.25
0.529494,1222.5
0.538463,1222.75
0.533338,1223.0
0.534619,1223.25
0.523088,1223.5
0.520525,1223.75
0.516681,1224.0
0.507713,1224.25
0.501306,1224.5
0.503869,1224.75
0.503869,1225.0
0.500025,1225.25
0.50515,1225.5
0.485931,1225.75
0.480806,1226.0
0.482087,1226.25
0.485931,1226.5
0.480806,1226.75
0.485931,1227.0
0.498744,1227.25
0.506431,1227.5
0.508994,1227.75
0.506431,1228.0
0.50515,1228.25
0.50515,1228.5
0.500025,1228.75
0.497463,1229.0
0.497463,1229.25
0.497463,1229.5
0.4949,1229.75
0.492337,1230.0
0.489775,1230.25
0.492337,1230.5
0.489775,1230.75
0.489775,1231.0
0.488494,1231.25
0.485931,1231.5
0.485931,1231.75
0.485931,1232.0
0.48465,1232.25
0.482087,1232.5
0.482087,1232.75
0.482087,1233.0
0.483369,1233.25
0.479525,1233.5
0.469275,1233.75
0.537112,1234.0
0.533269,1234.25
0.526862,1234.5
0.525581,1234.75
0.5243,1235.0
0.523018,1235.25
0.5243,1235.5
0.521737,1235.75
0.520456,1236.0
0.520456,1236.25
0.519175,1236.5
0.517893,1236.75
0.516612,1237.0
0.516612,1237.25
0.515331,1237.5
0.515331,1237.75
0.515331,1238.0
0.51405,1238.25
0.512768,1238.5
0.512768,1238.75
0.511487,1239.0
0.511487,1239.25
0.510206,1239.5
0.508925,1239.75
0.508925,1240.0
0.510206,1240.25
0.506362,1240.5
0.5038,1240.75
0.5038,1241.0
0.5038,1241.25
0.5038,1241.5
0.502518,1241.75
0.502518,1242.0
0.502518,1242.25
0.499956,1242.5
0.498675,1242.75
0.498675,1243.0
0.496112,1243.25
0.496112,1243.5
0.494831,1243.75
0.494831,1244.0
0.494831,1244.25
0.49355,1244.5
0.494831,1244.75
0.492268,1245.0
0.492268,1245.25
0.492268,1245.5
0.492268,1245.75
0.492268,1246.0
0.490987,1246.25
0.489706,1246.5
0.490987,1246.75
0.489706,1247.0
0.489706,1247.25
0.490987,1247.5
0.490987,1247.75
0.488425,1248.0
0.488425,1248.25
0.488425,1248.5
0.487143,1248.75
0.487143,1249.0
0.487143,1249.25
0.487143,1249.5
0.487143,1249.75
0.487143,1250.0
0.484581,1250.25
0.485862,1250.5
0.487143,1250.75
0.484581,1251.0
0.484581,1251.25
0.4833,1251.5
0.4833,1251.75
0.482018,1252.0
0.480737,1252.25
0.480737,1252.5
0.480737,1252.75
0.480737,1253.0
0.479456,1253.25
0.478175,1253.5
0.478175,1253.75
0.479456,1254.0
0.479456,1254.25
0.479456,1254.5
0.478175,1254.75
0.479456,1255.0
0.478175,1255.25
0.476893,1255.5
0.476893,1255.75
0.476893,1256.0
0.475612,1256.25
0.475612,1256.5
0.475612,1256.75
0.475612,1257.0
0.47305,1257.25
0.47305,1257.5
0.474331,1257.75
0.474331,1258.0
0.474331,1258.25
0.474331,1258.5
0.471768,1258.75
0.471768,1259.0
0.470487,1259.25
0.47305,1259.5
0.471768,1259.75
0.470487,1260.0
0.470487,1260.25
0.470487,1260.5
0.470487,1260.75
0.470487,1261.0
0.470487,1261.25
0.470487,1261.5
0.469206,1261.75
0.467925,1262.0
0.467925,1262.25
0.466643,1262.5
0.467925,1262.75
0.467925,1263.0
0.466643,1263.25
0.466643,1263.5
0.467925,1263.75
0.467925,1264.0
0.467925,1264.25
0.465362,1264.5
0.464081,1264.75
0.466643,1265.0
0.464081,1265.25
0.464081,1265.5
0.464081,1265.75
0.464081,1266.0
0.464081,1266.25
0.461518,1266.5
0.464081,1266.75
0.461518,1267.0
0.4628,1267.25
0.461518,1267.5
0.461518,1267.75
0.461518,1268.0
0.460237,1268.25
0.460237,1268.5
0.458956,1268.75
0.460237,1269.0
0.458956,1269.25
0.458956,1269.5
0.458956,1269.75
0.458956,1270.0
0.458956,1270.25
0.458956,1270.5
0.457675,1270.75
0.457675,1271.0
0.457675,1271.25
0.457675,1271.5
0.456393,1271.75
0.456393,1272.0
0.456393,1272.25
0.456393,1272.5
0.455112,1272.75
0.455112,1273.0
0.455112,1273.25
0.455112,1273.5
0.455112,1273.75
0.455112,1274.0
0.45255,1274.25
0.453831,1274.5
0.451268,1274.75
0.45255,1275.0
0.45255,1275.25
0.45255,1275.5
0.451268,1275.75
0.451268,1276.0
0.449987,1276.25
0.451268,1276.5
0.451268,1276.75
0.449987,1277.0
0.448706,1277.25
0.448706,1277.5
0.449987,1277.75
0.447425,1278.0
0.449987,1278.25
0.449987,1278.5
0.448706,1278.75
0.447425,1279.0
0.448706,1279.25
0.447425,1279.5
0.447425,1279.75
0.446143,1280.0
0.448706,1280.25
0.448706,1280.5
0.447425,1280.75
0.446143,1281.0
0.447425,1281.25
0.447425,1281.5
0.446143,1281.75
0.446143,1282.0
0.446143,1282.25
0.446143,1282.5
0.439737,1282.75
0.438456,1283.0
0.441018,1283.25
0.438456,1283.5
0.439737,1283.75
0.441018,1284.0
0.441018,1284.25
0.439737,1284.5
0.439737,1284.75
0.438456,1285.0
0.438456,1285.25
0.438456,1285.5
0.437174,1285.75
0.437174,1286.0
0.437174,1286.25
0.437174,1286.5
0.437174,1286.75
0.435893,1287.0
0.434612,1287.25
0.433331,1287.5
0.434612,1287.75
0.434612,1288.0
0.433331,1288.25
0.433331,1288.5
0.432049,1288.75
0.433331,1289.0
0.432049,1289.25
0.432049,1289.5
0.432049,1289.75
0.430768,1290.0
0.430768,1290.25
0.429487,1290.5
0.429487,1290.75
0.429487,1291.0
0.429487,1291.25
0.430768,1291.5
0.429487,1291.75
0.428206,1292.0
0.428206,1292.25
0.428206,1292.5
0.428206,1292.75
0.428206,1293.0
0.426924,1293.25
0.428206,1293.5
0.428206,1293.75
0.425643,1294.0
0.426924,1294.25
0.426924,1294.5
0.426924,1294.75
0.425643,1295.0
0.426924,1295.25
0.425643,1295.5
0.425643,1295.75
0.425643,1296.0
0.424362,1296.25
0.425643,1296.5
0.424362,1296.75
0.424362,1297.0
0.425643,1297.25
0.423081,1297.5
0.423081,1297.75
0.423081,1298.0
0.421799,1298.25
0.421799,1298.5
0.423081,1298.75
0.423081,1299.0
0.423081,1299.25
0.420518,1299.5
0.421799,1299.75
0.420518,1300.0
0.421799,1300.25
0.420518,1300.5
0.420518,1300.75
0.423081,1301.0
0.420518,1301.25
0.420518,1301.5
0.419237,1301.75
0.420518,1302.0
0.420518,1302.25
0.419237,1302.5
0.420518,1302.75
0.419237,1303.0
0.419237,1303.25
0.420518,1303.5
0.417956,1303.75
0.417956,1304.0
0.416674,1304.25
0.419237,1304.5
0.417956,1304.75
0.416674,1305.0
0.416674,1305.25
0.417956,1305.5
0.415393,1305.75
0.415393,1306.0
0.416674,1306.25
0.415393,1306.5
0.415393,1306.75
0.415393,1307.0
0.414112,1307.25
0.415393,1307.5
0.412831,1307.75
0.412831,1308.0
0.414112,1308.25
0.414112,1308.5
0.414112,1308.75
0.414112,1309.0
0.412831,1309.25
0.411549,1309.5
0.411549,1309.75
0.411549,1310.0
0.411549,1310.25
0.411549,1310.5
0.412831,1310.75
0.411549,1311.0
0.411549,1311.25
0.412831,1311.5
0.410268,1311.75
0.410268,1312.0
0.411549,1312.25
0.410268,1312.5
0.411549,1312.75
0.411549,1313.0
0.410268,1313.25
0.410268,1313.5
0.410268,1313.75
0.410268,1314.0
0.408987,1314.25
0.408987,1314.5
0.407706,1314.75
0.408987,1315.0
0.407706,1315.25
0.408987,1315.5
0.408987,1315.75
0.408987,1316.0
0.410268,1316.25
0.410268,1316.5
0.408987,1316.75
0.408987,1317.0
0.408987,1317.25
0.408987,1317.5
0.408987,1317.75
0.408987,1318.0
0.408987,1318.25
0.408987,1318.5
0.408987,1318.75
0.407706,1319.0
0.408987,1319.25
0.407706,1319.5
0.406424,1319.75
0.408987,1320.0
0.406424,1320.25
0.407706,1320.5
0.406424,1320.75
0.407706,1321.0
0.407706,1321.25
0.406424,1321.5
0.406424,1321.75
0.407706,1322.0
0.405143,1322.25
0.405143,1322.5
0.406424,1322.75
0.406424,1323.0
0.405143,1323.25
0.405143,1323.5
0.405143,1323.75
0.405143,1324.0
0.403862,1324.25
0.405143,1324.5
0.405143,1324.75
0.403862,1325.0
0.403862,1325.25
0.403862,1325.5
0.405143,1325.75
0.403862,1326.0
0.403862,1326.25
0.402581,1326.5
0.403862,1326.75
0.402581,1327.0
0.403862,1327.25
0.402581,1327.5
0.401299,1327.75
0.402581,1328.0
0.405143,1328.25
0.406424,1328.5
0.406424,1328.75
0.406424,1329.0
0.406424,1329.25
0.410268,1329.5
0.408987,1329.75
0.408987,1330.0
0.408987,1330.25
0.408987,1330.5
0.410268,1330.75
0.408987,1331.0
0.410268,1331.25
0.410268,1331.5
0.410268,1331.75
0.410268,1332.0
0.410268,1332.25
0.410268,1332.5
0.411549,1332.75
0.410268,1333.0
0.410268,1333.25
0.408987,1333.5
0.410268,1333.75
0.408987,1334.0
0.408987,1334.25
0.408987,1334.5
0.408987,1334.75
0.410268,1335.0
0.408987,1335.25
0.410268,1335.5
0.410268,1335.75
0.408987,1336.0
0.407706,1336.25
0.408987,1336.5
0.407706,1336.75
0.408987,1337.0
0.407706,1337.25
0.407706,1337.5
0.408987,1337.75
0.407706,1338.0
0.408987,1338.25
0.408987,1338.5
0.407706,1338.75
0.407706,1339.0
0.406424,1339.25
0.406424,1339.5
0.406424,1339.75
0.406424,1340.0
0.406424,1340.25
0.407706,1340.5
0.405143,1340.75
0.406424,1341.0
0.405143,1341.25
0.407706,1341.5
0.406424,1341.75
0.407706,1342.0
0.406424,1342.25
0.406424,1342.5
0.405143,1342.75
0.405143,1343.0
0.406424,1343.25
0.405143,1343.5
0.406424,1343.75
0.406424,1344.0
0.405143,1344.25
0.405143,1344.5
0.405143,1344.75
0.403862,1345.0
0.405143,1345.25
0.403862,1345.5
0.403862,1345.75
0.405143,1346.0
0.403862,1346.25
0.405143,1346.5
0.405143,1346.75
0.403862,1347.0
0.403862,1347.25
0.403862,1347.5
0.403862,1347.75
0.401299,1348.0
0.403862,1348.25
0.402581,1348.5
0.403862,1348.75
0.402581,1349.0
0.402581,1349.25
0.402581,1349.5
0.402581,1349.75
0.401299,1350.0
0.401299,1350.25
0.400018,1350.5
0.401299,1350.75
0.401299,1351.0
0.401299,1351.25
0.401299,1351.5
0.400018,1351.75
0.400018,1352.0
0.400018,1352.25
0.400018,1352.5
0.400018,1352.75
0.400018,1353.0
0.398737,1353.25
0.397456,1353.5
0.398737,1353.75
0.398737,1354.0
0.400018,1354.25
0.398737,1354.5
0.400018,1354.75
0.398737,1355.0
0.397456,1355.25
0.397456,1355.5
0.397456,1355.75
0.396174,1356.0
0.396174,1356.25
0.394893,1356.5
0.396174,1356.75
0.397456,1357.0
0.394893,1357.25
0.396174,1357.5
0.394893,1357.75
0.396174,1358.0
0.396174,1358.25
0.396174,1358.5
0.394893,1358.75
0.396174,1359.0
0.394893,1359.25
0.396174,1359.5
0.397456,1359.75
0.396174,1360.0
0.396174,1360.25
0.397456,1360.5
0.396174,1360.75
0.394893,1361.0
0.396174,1361.25
0.394893,1361.5
0.396174,1361.75
0.394893,1362.0
0.393612,1362.25
0.394893,1362.5
0.392331,1362.75
0.394893,1363.0
0.396174,1363.25
0.393612,1363.5
0.392331,1363.75
0.393612,1364.0
0.391049,1364.25
0.391049,1364.5
0.392331,1364.75
0.392331,1365.0
0.394893,1365.25
0.392331,1365.5
0.393612,1365.75
0.393612,1366.0
0.392331,1366.25
0.389768,1366.5
0.391049,1366.75
0.389768,1367.0
0.389768,1367.25
0.389768,1367.5
0.388487,1367.75
0.389768,1368.0
0.391049,1368.25
0.391049,1368.5
0.391049,1368.75
0.389768,1369.0
0.388487,1369.25
0.389768,1369.5
0.389768,1369.75
0.391049,1370.0
0.389768,1370.25
0.389768,1370.5
0.388487,1370.75
0.388487,1371.0
0.389768,1371.25
0.388487,1371.5
0.388487,1371.75
0.388487,1372.0
0.389768,1372.25
0.389768,1372.5
0.388487,1372.75
0.387206,1373.0
0.388487,1373.25
0.388487,1373.5
0.385924,1373.75
0.387206,1374.0
0.387206,1374.25
0.387206,1374.5
0.384643,1374.75
0.385924,1375.0
0.384643,1375.25
0.385924,1375.5
0.385924,1375.75
0.384643,1376.0
0.387206,1376.25
0.385924,1376.5
0.387206,1376.75
0.385924,1377.0
0.385924,1377.25
0.384643,1377.5
0.387206,1377.75
0.385924,1378.0
0.384643,1378.25
0.384643,1378.5
0.384643,1378.75
0.385924,1379.0
0.384643,1379.25
0.384643,1379.5
0.387206,1379.75
0.384643,1380.0
0.384643,1380.25
0.385924,1380.5
0.384643,1380.75
0.384643,1381.0
0.384643,1381.25
0.384643,1381.5
0.384643,1381.75
0.384643,1382.0
0.384643,1382.25
0.384643,1382.5
0.384643,1382.75
0.383362,1383.0
0.384643,1383.25
0.383362,1383.5
0.383362,1383.75
0.382081,1384.0
0.383362,1384.25
0.383362,1384.5
0.382081,1384.75
0.383362,1385.0
0.384643,1385.25
0.380799,1385.5
0.382081,1385.75
0.382081,1386.0
0.382081,1386.25
0.382081,1386.5
0.382081,1386.75
0.383362,1387.0
0.383362,1387.25
0.380799,1387.5
0.382081,1387.75
0.382081,1388.0
0.380799,1388.25
0.382081,1388.5
0.382081,1388.75
0.380799,1389.0
0.382081,1389.25
0.380799,1389.5
0.379518,1389.75
0.382081,1390.0
0.380799,1390.25
0.379518,1390.5
0.379518,1390.75
0.380799,1391.0
0.378237,1391.25
0.379518,1391.5
0.378237,1391.75
0.378237,1392.0
0.378237,1392.25
0.379518,1392.5
0.380799,1392.75
0.378237,1393.0
0.379518,1393.25
0.379518,1393.5
0.378237,1393.75
0.379518,1394.0
0.378237,1394.25
0.378237,1394.5
0.378237,1394.75
0.378237,1395.0
0.378237,1395.25
0.376956,1395.5
0.376956,1395.75
0.379518,1396.0
0.379518,1396.25
0.378237,1396.5
0.378237,1396.75
0.379518,1397.0
0.378237,1397.25
0.376956,1397.5
0.375674,1397.75
0.376956,1398.0
0.376956,1398.25
0.375674,1398.5
0.378237,1398.75
0.376956,1399.0
0.378237,1399.25
0.375674,1399.5
0.375674,1399.75
0.375674,1400.0
0.376956,1400.25
0.374393,1400.5
0.374393,1400.75
0.375674,1401.0
0.374393,1401.25
0.375674,1401.5
0.375674,1401.75
0.374393,1402.0
0.374393,1402.25
0.375674,1402.5
0.374393,1402.75
0.374393,1403.0
0.374393,1403.25
0.373112,1403.5
0.374393,1403.75
0.374393,1404.0
0.374393,1404.25
0.373112,1404.5
0.373112,1404.75
0.373112,1405.0
0.373112,1405.25
0.371831,1405.5
0.371831,1405.75
0.373112,1406.0
0.371831,1406.25
0.373112,1406.5
0.373112,1406.75
0.373112,1407.0
0.373112,1407.25
0.373112,1407.5
0.371831,1407.75
0.371831,1408.0
0.371831,1408.25
0.371831,1408.5
0.371831,1408.75
0.371831,1409.0
0.373112,1409.25
0.373112,1409.5
0.373112,1409.75
0.371831,1410.0
0.371831,1410.25
0.373112,1410.5
0.373112,1410.75
0.373112,1411.0
0.371831,1411.25
0.373112,1411.5
0.371831,1411.75
0.371831,1412.0
0.370549,1412.25
0.370549,1412.5
0.371831,1412.75
0.370549,1413.0
0.367987,1413.25
0.369268,1413.5
0.369268,1413.75
0.369268,1414.0
0.369268,1414.25
0.369268,1414.5
0.370549,1414.75
0.370549,1415.0
0.369268,1415.25
0.370549,1415.5
0.371831,1415.75
0.370549,1416.0
0.369268,1416.25
0.369268,1416.5
0.369268,1416.75
0.369268,1417.0
0.369268,1417.25
0.370549,1417.5
0.369268,1417.75
0.369268,1418.0
0.369268,1418.25
0.366706,1418.5
0.369268,1418.75
0.369268,1419.0
0.369268,1419.25
0.369268,1419.5
0.369268,1419.75
0.367987,1420.0
0.369268,1420.25
0.369268,1420.5
0.367987,1420.75
0.369268,1421.0
0.367987,1421.25
0.366706,1421.5
0.367987,1421.75
0.366706,1422.0
0.365424,1422.25
0.369268,1422.5
0.367987,1422.75
0.367987,1423.0
0.366706,1423.25
0.366706,1423.5
0.366706,1423.75
0.366706,1424.0
0.366706,1424.25
0.367987,1424.5
0.366706,1424.75
0.366706,1425.0
0.366706,1425.25
0.366706,1425.5
0.366706,1425.75
0.367987,1426.0
0.370549,1426.25
0.369268,1426.5
0.364143,1426.75
0.364143,1427.0
0.36158,1427.25
0.367987,1427.5
0.367987,1427.75
0.371831,1428.0
0.369268,1428.25
0.370549,1428.5
0.367987,1428.75
0.365424,1429.0
0.365424,1429.25
0.367987,1429.5
0.371831,1429.75
0.373112,1430.0
0.373112,1430.25
0.374393,1430.5
0.375674,1430.75
0.375674,1431.0
0.374393,1431.25
0.376956,1431.5
0.374393,1431.75
0.370549,1432.0
0.374393,1432.25
0.371831,1432.5
0.370549,1432.75
0.373112,1433.0
0.371831,1433.25
0.371831,1433.5
0.370549,1433.75
0.370549,1434.0
0.370549,1434.25
0.370549,1434.5
0.370549,1434.75
0.370549,1435.0
0.371831,1435.25
0.369268,1435.5
0.370549,1435.75
0.369268,1436.0
0.369268,1436.25
0.370549,1436.5
0.369268,1436.75
0.370549,1437.0
0.370549,1437.25
0.370549,1437.5
0.370549,1437.75
0.370549,1438.0
0.370549,1438.25
0.367987,1438.5
0.369268,1438.75
0.369268,1439.0
0.369268,1439.25
0.367987,1439.5
0.369268,1439.75
0.369268,1440.0
0.367987,1440.25
0.371831,1440.5
0.369268,1440.75
0.367987,1441.0
0.369268,1441.25
0.369268,1441.5
0.369268,1441.75
0.370549,1442.0
0.367987,1442.25
0.367987,1442.5
0.369268,1442.75
0.366706,1443.0
0.369268,1443.25
0.369268,1443.5
0.366706,1443.75
0.367987,1444.0
0.369268,1444.25
0.367987,1444.5
0.367987,1444.75
0.366706,1445.0
0.369268,1445.25
0.369268,1445.5
0.366706,1445.75
0.369268,1446.0
0.370549,1446.25
0.369268,1446.5
0.369268,1446.75
0.370549,1447.0
0.370549,1447.25
0.369268,1447.5
0.369268,1447.75
0.369268,1448.0
0.370549,1448.25
0.369268,1448.5
0.369268,1448.75
0.370549,1449.0
0.367987,1449.25
0.370549,1449.5
0.369268,1449.75
0.367987,1450.0
0.369268,1450.25
0.369268,1450.5
0.369268,1450.75
0.370549,1451.0
0.367987,1451.25
0.367987,1451.5
0.367987,1451.75
0.366706,1452.0
0.367987,1452.25
0.367987,1452.5
0.367987,1452.75
0.369268,1453.0
0.369268,1453.25
0.367987,1453.5
0.370549,1453.75
0.369268,1454.0
0.370549,1454.25
0.369268,1454.5
0.369268,1454.75
0.369268,1455.0
0.369268,1455.25
0.369268,1455.5
0.367987,1455.75
0.367987,1456.0
0.369268,1456.25
0.369268,1456.5
0.369268,1456.75
0.370549,1457.0
0.367987,1457.25
0.367987,1457.5
0.369268,1457.75
0.369268,1458.0
0.369268,1458.25
0.369268,1458.5
0.367987,1458.75
0.367987,1459.0
0.369268,1459.25
0.366706,1459.5
0.367987,1459.75
0.367987,1460.0
0.366706,1460.25
0.367987,1460.5
0.369268,1460.75
0.366706,1461.0
0.367987,1461.25
0.367987,1461.5
0.367987,1461.75
0.369268,1462.0
0.367987,1462.25
0.366706,1462.5
0.367987,1462.75
0.367987,1463.0
0.367987,1463.25
0.367987,1463.5
0.367987,1463.75
0.366706,1464.0
0.365424,1464.25
0.367987,1464.5
0.367987,1464.75
0.366706,1465.0
0.367987,1465.25
0.367987,1465.5
0.366706,1465.75
0.366706,1466.0
0.366706,1466.25
0.366706,1466.5
0.366706,1466.75
0.366706,1467.0
0.366706,1467.25
0.366706,1467.5
0.365424,1467.75
0.366706,1468.0
0.366706,1468.25
0.366706,1468.5
0.365424,1468.75
0.367987,1469.0
0.365424,1469.25
0.365424,1469.5
0.366706,1469.75
0.366706,1470.0
0.366706,1470.25
0.365424,1470.5
0.365424,1470.75
0.366706,1471.0
0.365424,1471.25
0.366706,1471.5
0.366706,1471.75
0.366706,1472.0
0.364143,1472.25
0.364143,1472.5
0.364143,1472.75
0.365424,1473.0
0.364143,1473.25
0.366706,1473.5
0.365424,1473.75
0.364143,1474.0
0.365424,1474.25
0.366706,1474.5
0.364143,1474.75
0.364143,1475.0
0.364143,1475.25
0.364143,1475.5
0.366706,1475.75
0.362862,1476.0
0.364143,1476.25
0.364143,1476.5
0.364143,1476.75
0.364143,1477.0
0.365424,1477.25
0.364143,1477.5
0.365424,1477.75
0.365424,1478.0
0.364143,1478.25
0.365424,1478.5
0.364143,1478.75
0.365424,1479.0
0.365424,1479.25
0.364143,1479.5
0.364143,1479.75
0.364143,1480.0
0.362862,1480.25
0.362862,1480.5
0.362862,1480.75
0.364143,1481.0
0.365424,1481.25
0.364143,1481.5
0.365424,1481.75
0.364143,1482.0
0.364143,1482.25
0.362862,1482.5
0.364143,1482.75
0.36158,1483.0
0.362862,1483.25
0.362862,1483.5
0.362862,1483.75
0.364143,1484.0
0.36158,1484.25
0.362862,1484.5
0.362862,1484.75
0.360299,1485.0
0.362862,1485.25
0.36158,1485.5
0.36158,1485.75
0.36158,1486.0
0.362862,1486.25
0.362862,1486.5
0.364143,1486.75
0.362862,1487.0
0.364143,1487.25
0.362862,1487.5
0.362862,1487.75
0.36158,1488.0
0.362862,1488.25
0.36158,1488.5
0.36158,1488.75
0.360299,1489.0
0.36158,1489.25
0.362862,1489.5
0.36158,1489.75
0.362862,1490.0
0.36158,1490.25
0.360299,1490.5
0.36158,1490.75
0.36158,1491.0
0.360299,1491.25
0.36158,1491.5
0.36158,1491.75
0.36158,1492.0
0.362862,1492.25
0.360299,1492.5
0.36158,1492.75
0.36158,1493.0
0.36158,1493.25
0.360299,1493.5
0.360299,1493.75
0.360299,1494.0
0.360299,1494.25
0.360299,1494.5
0.360299,1494.75
0.362862,1495.0
0.36158,1495.25
0.360299,1495.5
0.36158,1495.75
0.362862,1496.0
0.360299,1496.25
0.360299,1496.5
0.36158,1496.75
0.36158,1497.0
0.36158,1497.25
0.36158,1497.5
0.362862,1497.75
0.36158,1498.0
0.36158,1498.25
0.360299,1498.5
0.364143,1498.75
0.359018,1499.0
0.36158,1499.25
0.359018,1499.5
0.355174,1499.75
0.364143,1500.0
0.369268,1500.25
0.36158,1500.5
0.364143,1500.75
0.369268,1501.0
1.132895,1501.25
1.617278,1501.5
2.095285,1501.75
1.311357,1502.0
0.949844,1502.25
0.798656,1502.5
0.738338,1502.75
0.687088,1503.0
0.652494,1503.25
0.624307,1503.5
0.602525,1503.75
0.585869,1504.0
0.570494,1504.25
0.5564,1504.5
0.547431,1504.75
0.5359,1505.0
0.526931,1505.25
0.516681,1505.5
0.511556,1505.75
0.50515,1506.0
0.497463,1506.25
0.497463,1506.5
0.491056,1506.75
0.483369,1507.0
0.482087,1507.25
0.478244,1507.5
0.470556,1507.75
0.470556,1508.0
0.465431,1508.25
0.53455,1508.5
0.533269,1508.75
0.547362,1509.0
0.587081,1509.25
0.578112,1509.5
0.529425,1509.75
0.520456,1510.0
0.517893,1510.25
0.603737,1510.5
0.590925,1510.75
0.552487,1511.0
0.537112,1511.25
0.557612,1511.5
0.790801,1511.75
0.989395,1512.0
0.866395,1512.25
0.633206,1512.5
0.558894,1512.75
0.539675,1513.0
0.528144,1513.25
0.517893,1513.5
0.510206,1513.75
0.510206,1514.0
0.507643,1514.25
0.506362,1514.5
0.508925,1514.75
0.510206,1515.0
0.5038,1515.25
0.499956,1515.5
0.5038,1515.75
0.496112,1516.0
0.494831,1516.25
0.492268,1516.5
0.489706,1516.75
0.490987,1517.0
0.489706,1517.25
0.490987,1517.5
0.492268,1517.75
0.492268,1518.0
0.49355,1518.25
0.492268,1518.5
0.490987,1518.75
0.488425,1519.0
0.488425,1519.25
0.488425,1519.5
0.485862,1519.75
0.488425,1520.0
0.490987,1520.25
0.490987,1520.5
0.490987,1520.75
0.488425,1521.0
0.489706,1521.25
0.489706,1521.5
0.489706,1521.75
0.488425,1522.0
0.489706,1522.25
0.489706,1522.5
0.487143,1522.75
0.489706,1523.0
0.489706,1523.25
0.487143,1523.5
0.487143,1523.75
0.485862,1524.0
0.484581,1524.25
0.485862,1524.5
0.484581,1524.75
0.484581,1525.0
0.485862,1525.25
0.484581,1525.5
0.485862,1525.75
0.485862,1526.0
0.484581,1526.25
0.4833,1526.5
0.484581,1526.75
0.484581,1527.0
0.484581,1527.25
0.4833,1527.5
0.4833,1527.75
0.484581,1528.0
0.4833,1528.25
0.4833,1528.5
0.4833,1528.75
0.482018,1529.0
0.482018,1529.25
0.482018,1529.5
0.480737,1529.75
0.480737,1530.0
0.480737,1530.25
0.480737,1530.5
0.480737,1530.75
0.478175,1531.0
0.480737,1531.25
0.480737,1531.5
0.479456,1531.75
0.479456,1532.0
0.479456,1532.25
0.476893,1532.5
0.478175,1532.75
0.478175,1533.0
0.478175,1533.25
0.479456,1533.5
0.478175,1533.75
0.479456,1534.0
0.476893,1534.25
0.478175,1534.5
0.479456,1534.75
0.478175,1535.0
0.478175,1535.25
0.476893,1535.5
0.478175,1535.75
0.478175,1536.0
0.478175,1536.25
0.478175,1536.5
0.478175,1536.75
0.478175,1537.0
0.478175,1537.25
0.476893,1537.5
0.476893,1537.75
0.476893,1538.0
0.475612,1538.25
0.475612,1538.5
0.476893,1538.75
0.478175,1539.0
0.475612,1539.25
0.478175,1539.5
0.476893,1539.75
0.474331,1540.0
0.475612,1540.25
0.475612,1540.5
0.475612,1540.75
0.475612,1541.0
0.474331,1541.25
0.474331,1541.5
0.474331,1541.75
0.47305,1542.0
0.475612,1542.25
0.474331,1542.5
0.474331,1542.75
0.474331,1543.0
0.474331,1543.25
0.47305,1543.5
0.474331,1543.75
0.475612,1544.0
0.474331,1544.25
0.474331,1544.5
0.47305,1544.75
0.471768,1545.0
0.47305,1545.25
0.47305,1545.5
0.470487,1545.75
0.47305,1546.0
0.470487,1546.25
0.47305,1546.5
0.475612,1546.75
0.485862,1547.0
0.490987,1547.25
0.490987,1547.5
0.492268,1547.75
0.489706,1548.0
0.488425,1548.25
0.489706,1548.5
0.489706,1548.75
0.488425,1549.0
0.489706,1549.25
0.488425,1549.5
0.488425,1549.75
0.490987,1550.0
0.489706,1550.25
0.489706,1550.5
0.489706,1550.75
0.488425,1551.0
0.489706,1551.25
0.489706,1551.5
0.487143,1551.75
0.487143,1552.0
0.487143,1552.25
0.485862,1552.5
0.487143,1552.75
0.484581,1553.0
0.482018,1553.25
0.484581,1553.5
0.485862,1553.75
0.484581,1554.0
0.484581,1554.25
0.484581,1554.5
0.4833,1554.75
0.484581,1555.0
0.484581,1555.25
0.484581,1555.5
0.4833,1555.75
0.484581,1556.0
0.4833,1556.25
0.482018,1556.5
0.480737,1556.75
0.480737,1557.0
0.479456,1557.25
0.480737,1557.5
0.479456,1557.75
0.478175,1558.0
0.480737,1558.25
0.478175,1558.5
0.478175,1558.75
0.478175,1559.0
0.478175,1559.25
0.476893,1559.5
0.476893,1559.75
0.475612,1560.0
0.475612,1560.25
0.475612,1560.5
0.475612,1560.75
0.476893,1561.0
0.474331,1561.25
0.47305,1561.5
0.474331,1561.75
0.471768,1562.0
0.470487,1562.25
0.47305,1562.5
0.47305,1562.75
0.471768,1563.0
0.470487,1563.25
0.471768,1563.5
0.474331,1563.75
0.470487,1564.0
0.471768,1564.25
0.470487,1564.5
0.470487,1564.75
0.471768,1565.0
0.471768,1565.25
0.47305,1565.5
0.47305,1565.75
0.47305,1566.0
0.47305,1566.25
0.475612,1566.5
0.471768,1566.75
0.47305,1567.0
0.47305,1567.25
0.471768,1567.5
0.469206,1567.75
0.470487,1568.0
0.470487,1568.25
0.470487,1568.5
0.470487,1568.75
0.470487,1569.0
0.470487,1569.25
0.470487,1569.5
0.470487,1569.75
0.470487,1570.0
0.469206,1570.25
0.470487,1570.5
0.469206,1570.75
0.469206,1571.0
0.469206,1571.25
0.470487,1571.5
0.469206,1571.75
0.467925,1572.0
0.467925,1572.25
0.467925,1572.5
0.467925,1572.75
0.465362,1573.0
0.4628,1573.25
0.4628,1573.5
0.464081,1573.75
0.461518,1574.0
0.465362,1574.25
0.466643,1574.5
0.469206,1574.75
0.471768,1575.0
0.474331,1575.25
0.47305,1575.5
0.482018,1575.75
0.4833,1576.0
0.4833,1576.25
0.485862,1576.5
0.487143,1576.75
0.487143,1577.0
0.489706,1577.25
0.489706,1577.5
0.490987,1577.75
0.489706,1578.0
0.492268,1578.25
0.49355,1578.5
0.49355,1578.75
0.494831,1579.0
0.49355,1579.25
0.494831,1579.5
0.494831,1579.75
0.494831,1580.0
0.496112,1580.25
0.494831,1580.5
0.496112,1580.75
0.496112,1581.0
0.497393,1581.25
0.497393,1581.5
0.497393,1581.75
0.497393,1582.0
0.497393,1582.25
0.497393,1582.5
0.494831,1582.75
0.49355,1583.0
0.49355,1583.25
0.494831,1583.5
0.494831,1583.75
0.494831,1584.0
0.494831,1584.25
0.494831,1584.5
0.496112,1584.75
0.497393,1585.0
0.496112,1585.25
0.496112,1585.5
0.498675,1585.75
0.498675,1586.0
0.497393,1586.25
0.497393,1586.5
0.496112,1586.75
0.496112,1587.0
0.496112,1587.25
0.496112,1587.5
0.496112,1587.75
0.494831,1588.0
0.497393,1588.25
0.496112,1588.5
0.496112,1588.75
0.498675,1589.0
0.497393,1589.25
0.498675,1589.5
0.496112,1589.75
0.497393,1590.0
0.497393,1590.25
0.497393,1590.5
0.496112,1590.75
0.496112,1591.0
0.498675,1591.25
0.496112,1591.5
0.496112,1591.75
0.497393,1592.0
0.497393,1592.25
0.497393,1592.5
0.498675,1592.75
0.498675,1593.0
0.497393,1593.25
0.499956,1593.5
0.499956,1593.75
0.502518,1594.0
0.502518,1594.25
0.505081,1594.5
0.505081,1594.75
0.505081,1595.0
0.505081,1595.25
0.507643,1595.5
0.505081,1595.75
0.506362,1596.0
0.507643,1596.25
0.508925,1596.5
0.508925,1596.75
0.508925,1597.0
0.512768,1597.25
0.511487,1597.5
0.511487,1597.75
0.512768,1598.0
0.516612,1598.25
0.515331,1598.5
0.517893,1598.75
0.519175,1599.0
0.520456,1599.25
0.520456,1599.5
0.521737,1599.75
0.5243,1600.0
0.5243,1600.25
0.525581,1600.5
0.526862,1600.75
0.528144,1601.0
0.529425,1601.25
0.530706,1601.5
0.533269,1601.75
0.531987,1602.0
0.535831,1602.25
0.533269,1602.5
0.535831,1602.75
0.538394,1603.0
0.539675,1603.25
0.540956,1603.5
0.540956,1603.75
0.542237,1604.0
0.542237,1604.25
0.540956,1604.5
0.542237,1604.75
0.542237,1605.0
0.539675,1605.25
0.542237,1605.5
0.540956,1605.75
0.540956,1606.0
0.542237,1606.25
0.542237,1606.5
0.542237,1606.75
0.542237,1607.0
0.540956,1607.25
0.540956,1607.5
0.542237,1607.75
0.542237,1608.0
0.542237,1608.25
0.540956,1608.5
0.542237,1608.75
0.540956,1609.0
0.543519,1609.25
0.540956,1609.5
0.542237,1609.75
0.540956,1610.0
0.542237,1610.25
0.5448,1610.5
0.542237,1610.75
0.540956,1611.0
0.542237,1611.25
0.543519,1611.5
0.543519,1611.75
0.543519,1612.0
0.5448,1612.25
0.540956,1612.5
0.542237,1612.75
0.543519,1613.0
0.543519,1613.25
0.540956,1613.5
0.543519,1613.75
0.543519,1614.0
0.543519,1614.25
0.5448,1614.5
0.5448,1614.75
0.543519,1615.0
0.543519,1615.25
0.542237,1615.5
0.542237,1615.75
0.543519,1616.0
0.540956,1616.25
0.53455,1616.5
0.505081,1616.75
0.499956,1617.0
0.501237,1617.25
0.5038,1617.5
0.497393,1617.75
0.496112,1618.0
0.494831,1618.25
0.490987,1618.5
0.490987,1618.75
0.488425,1619.0
0.488425,1619.25
0.485862,1619.5
0.484581,1619.75
0.484581,1620.0
0.484581,1620.25
0.4833,1620.5
0.4833,1620.75
0.480737,1621.0
0.4833,1621.25
0.480737,1621.5
0.480737,1621.75
0.479456,1622.0
0.476893,1622.25
0.476893,1622.5
0.478175,1622.75
0.488425,1623.0
0.49355,1623.25
0.5038,1623.5
0.49355,1623.75
0.480737,1624.0
0.476893,1624.25
0.469206,1624.5
0.469206,1624.75
0.467925,1625.0
0.4628,1625.25
0.464081,1625.5
0.464081,1625.75
0.458956,1626.0
0.458956,1626.25
0.456393,1626.5
0.457675,1626.75
0.4628,1627.0
0.456393,1627.25
0.453831,1627.5
0.451268,1627.75
0.45255,1628.0
0.448706,1628.25
0.448706,1628.5
0.442299,1628.75
0.444862,1629.0
0.442299,1629.25
0.443581,1629.5
0.466643,1629.75
0.447425,1630.0
0.446143,1630.25
0.442299,1630.5
0.443581,1630.75
0.442299,1631.0
0.439737,1631.25
0.439737,1631.5
0.446143,1631.75
0.446143,1632.0
0.443581,1632.25
0.453831,1632.5
0.4628,1632.75
0.464081,1633.0
0.464081,1633.25
0.464081,1633.5
0.465362,1633.75
0.466643,1634.0
0.466643,1634.25
0.466643,1634.5
0.469206,1634.75
0.469206,1635.0
0.470487,1635.25
0.471768,1635.5
0.47305,1635.75
0.474331,1636.0
0.475612,1636.25
0.474331,1636.5
0.475612,1636.75
0.474331,1637.0
0.474331,1637.25
0.475612,1637.5
0.475612,1637.75
0.476893,1638.0
0.474331,1638.25
0.478175,1638.5
0.476893,1638.75
0.476893,1639.0
0.478175,1639.25
0.480737,1639.5
0.482018,1639.75
0.4833,1640.0
0.487143,1640.25
0.489706,1640.5
0.488425,1640.75
0.488425,1641.0
0.489706,1641.25
0.489706,1641.5
0.488425,1641.75
0.488425,1642.0
0.488425,1642.25
0.487143,1642.5
0.487143,1642.75
0.487143,1643.0
0.485862,1643.25
0.488425,1643.5
0.487143,1643.75
0.487143,1644.0
0.487143,1644.25
0.487143,1644.5
0.487143,1644.75
0.485862,1645.0
0.485862,1645.25
0.487143,1645.5
0.485862,1645.75
0.487143,1646.0
0.489706,1646.25
0.484581,1646.5
0.479456,1646.75
0.479456,1647.0
0.479456,1647.25
0.480737,1647.5
0.482018,1647.75
0.4833,1648.0
0.4833,1648.25
0.485862,1648.5
0.487143,1648.75
0.487143,1649.0
0.484581,1649.25
0.484581,1649.5
0.4833,1649.75
0.4833,1650.0
0.482018,1650.25
0.487143,1650.5
0.487143,1650.75
0.487143,1651.0
0.487143,1651.25
0.487143,1651.5
0.488425,1651.75
0.487143,1652.0
0.487143,1652.25
0.487143,1652.5
0.487143,1652.75
0.487143,1653.0
0.487143,1653.25
0.485862,1653.5
0.485862,1653.75
0.485862,1654.0
0.485862,1654.25
0.485862,1654.5
0.487143,1654.75
0.485862,1655.0
0.485862,1655.25
0.485862,1655.5
0.485862,1655.75
0.485862,1656.0
0.485862,1656.25
0.485862,1656.5
0.485862,1656.75
0.484581,1657.0
0.485862,1657.25
0.4833,1657.5
0.484581,1657.75
0.484581,1658.0
0.4833,1658.25
0.484581,1658.5
0.4833,1658.75
0.4833,1659.0
0.484581,1659.25
0.4833,1659.5
0.482018,1659.75
0.4833,1660.0
0.482018,1660.25
0.482018,1660.5
0.482018,1660.75
0.482018,1661.0
0.482018,1661.25
0.482018,1661.5
0.482018,1661.75
0.480737,1662.0
0.480737,1662.25
0.480737,1662.5
0.482018,1662.75
0.474331,1663.0
0.478175,1663.25
0.478175,1663.5
0.475612,1663.75
0.478175,1664.0
0.479456,1664.25
0.478175,1664.5
0.475612,1664.75
0.47305,1665.0
0.471768,1665.25
0.470487,1665.5
0.470487,1665.75
0.469206,1666.0
0.470487,1666.25
0.469206,1666.5
0.469206,1666.75
0.469206,1667.0
0.467925,1667.25
0.467925,1667.5
0.466643,1667.75
0.466643,1668.0
0.467925,1668.25
0.465362,1668.5
0.466643,1668.75
0.465362,1669.0
0.465362,1669.25
0.465362,1669.5
0.466643,1669.75
0.465362,1670.0
0.465362,1670.25
0.464081,1670.5
0.465362,1670.75
0.466643,1671.0
0.4628,1671.25
0.465362,1671.5
0.464081,1671.75
0.464081,1672.0
0.465362,1672.25
0.465362,1672.5
0.464081,1672.75
0.464081,1673.0
0.465362,1673.25
0.465362,1673.5
0.464081,1673.75
0.4628,1674.0
0.461518,1674.25
0.4628,1674.5
0.461518,1674.75
0.461518,1675.0
0.461518,1675.25
0.461518,1675.5
0.460237,1675.75
0.461518,1676.0
0.460237,1676.25
0.461518,1676.5
0.460237,1676.75
0.460237,1677.0
0.461518,1677.25
0.460237,1677.5
0.460237,1677.75
0.457675,1678.0
0.455112,1678.25
0.453831,1678.5
0.455112,1678.75
0.458956,1679.0
0.458956,1679.25
0.460237,1679.5
0.458956,1679.75
0.455112,1680.0
0.455112,1680.25
0.456393,1680.5
0.456393,1680.75
0.456393,1681.0
0.455112,1681.25
0.456393,1681.5
0.456393,1681.75
0.458956,1682.0
0.455112,1682.25
0.455112,1682.5
0.455112,1682.75
0.45255,1683.0
0.453831,1683.25
0.453831,1683.5
0.453831,1683.75
0.455112,1684.0
0.455112,1684.25
0.453831,1684.5
0.456393,1684.75
0.455112,1685.0
0.453831,1685.25
0.456393,1685.5
0.455112,1685.75
0.456393,1686.0
0.455112,1686.25
0.455112,1686.5
0.453831,1686.75
0.453831,1687.0
0.455112,1687.25
0.455112,1687.5
0.45255,1687.75
0.455112,1688.0
0.45255,1688.25
0.453831,1688.5
0.455112,1688.75
0.455112,1689.0
0.453831,1689.25
0.453831,1689.5
0.455112,1689.75
0.455112,1690.0
0.456393,1690.25
0.455112,1690.5
0.455112,1690.75
0.453831,1691.0
0.453831,1691.25
0.455112,1691.5
0.456393,1691.75
0.456393,1692.0
0.457675,1692.25
0.457675,1692.5
0.457675,1692.75
0.458956,1693.0
0.456393,1693.25
0.457675,1693.5
0.456393,1693.75
0.456393,1694.0
0.458956,1694.25
0.457675,1694.5
0.455112,1694.75
0.455112,1695.0
0.455112,1695.25
0.453831,1695.5
0.4628,1695.75
0.464081,1696.0
0.469206,1696.25
0.470487,1696.5
0.471768,1696.75
0.47305,1697.0
0.47305,1697.25
0.470487,1697.5
0.460237,1697.75
0.457675,1698.0
0.457675,1698.25
0.457675,1698.5
0.456393,1698.75
0.456393,1699.0
0.456393,1699.25
0.456393,1699.5
0.455112,1699.75
0.456393,1700.0
0.456393,1700.25
0.456393,1700.5
0.453831,1700.75
0.455112,1701.0
0.455112,1701.25
0.45255,1701.5
0.45255,1701.75
0.453831,1702.0
0.453831,1702.25
0.453831,1702.5
0.45255,1702.75
0.45255,1703.0
0.456393,1703.25
0.466643,1703.5
0.470487,1703.75
0.475612,1704.0
0.476893,1704.25
0.479456,1704.5
0.478175,1704.75
0.478175,1705.0
0.476893,1705.25
0.479456,1705.5
0.478175,1705.75
0.478175,1706.0
0.478175,1706.25
0.476893,1706.5
0.47305,1706.75
0.466643,1707.0
0.464081,1707.25
0.482018,1707.5
0.480737,1707.75
0.479456,1708.0
0.480737,1708.25
0.480737,1708.5
0.480737,1708.75
0.479456,1709.0
0.480737,1709.25
0.480737,1709.5
0.478175,1709.75
0.478175,1710.0
0.478175,1710.25
0.479456,1710.5
0.480737,1710.75
0.478175,1711.0
0.478175,1711.25
0.478175,1711.5
0.479456,1711.75
0.478175,1712.0
0.476893,1712.25
0.476893,1712.5
0.475612,1712.75
0.475612,1713.0
0.475612,1713.25
0.474331,1713.5
0.474331,1713.75
0.475612,1714.0
0.47305,1714.25
0.471768,1714.5
0.471768,1714.75
0.471768,1715.0
0.47305,1715.25
0.475612,1715.5
0.474331,1715.75
0.47305,1716.0
0.470487,1716.25
0.470487,1716.5
0.469206,1716.75
0.469206,1717.0
0.466643,1717.25
0.467925,1717.5
0.469206,1717.75
0.467925,1718.0
0.467925,1718.25
0.467925,1718.5
0.467925,1718.75
0.467925,1719.0
0.467925,1719.25
0.466643,1719.5
0.467925,1719.75
0.478175,1720.0
0.482018,1720.25
0.482018,1720.5
0.482018,1720.75
0.485862,1721.0
0.4833,1721.25
0.482018,1721.5
0.474331,1721.75
0.453831,1722.0
0.453831,1722.25
0.456393,1722.5
0.456393,1722.75
0.457675,1723.0
0.460237,1723.25
0.460237,1723.5
0.461518,1723.75
0.4628,1724.0
0.4628,1724.25
0.464081,1724.5
0.4628,1724.75
0.464081,1725.0
0.4628,1725.25
0.4628,1725.5
0.461518,1725.75
0.461518,1726.0
0.460237,1726.25
0.460237,1726.5
0.4628,1726.75
0.4628,1727.0
0.4628,1727.25
0.461518,1727.5
0.461518,1727.75
0.461518,1728.0
0.458956,1728.25
0.458956,1728.5
0.460237,1728.75
0.457675,1729.0
0.457675,1729.25
0.456393,1729.5
0.456393,1729.75
0.453831,1730.0
0.455112,1730.25
0.478175,1730.5
0.485862,1730.75
0.492268,1731.0
0.494831,1731.25
0.49355,1731.5
0.490987,1731.75
0.490987,1732.0
0.489706,1732.25
0.490987,1732.5
0.490987,1732.75
0.490987,1733.0
0.490987,1733.25
0.492268,1733.5
0.492268,1733.75
0.49355,1734.0
0.494831,1734.25
0.496112,1734.5
0.494831,1734.75
0.496112,1735.0
0.496112,1735.25
0.496112,1735.5
0.496112,1735.75
0.49355,1736.0
0.494831,1736.25
0.494831,1736.5
0.494831,1736.75
0.494831,1737.0
0.494831,1737.25
0.498675,1737.5
0.497393,1737.75
0.498675,1738.0
0.497393,1738.25
0.498675,1738.5
0.499956,1738.75
0.501237,1739.0
0.501237,1739.25
0.499956,1739.5
0.499956,1739.75
0.499956,1740.0
0.498675,1740.25
0.498675,1740.5
0.498675,1740.75
0.496112,1741.0
0.494831,1741.25
0.497393,1741.5
0.498675,1741.75
0.499956,1742.0
0.499956,1742.25
0.499956,1742.5
0.499956,1742.75
0.498675,1743.0
0.499956,1743.25
0.502518,1743.5
0.499956,1743.75
0.501237,1744.0
0.501237,1744.25
0.501237,1744.5
0.501237,1744.75
0.499956,1745.0
0.499956,1745.25
0.499956,1745.5
0.499956,1745.75
0.499956,1746.0
0.499956,1746.25
0.498675,1746.5
0.499956,1746.75
0.499956,1747.0
0.499956,1747.25
0.499956,1747.5
0.498675,1747.75
0.499956,1748.0
0.502518,1748.25
0.499956,1748.5
0.499956,1748.75
0.501237,1749.0
0.501237,1749.25
0.499956,1749.5
0.498675,1749.75
0.498675,1750.0
0.498675,1750.25
0.498675,1750.5
0.498675,1750.75
0.499956,1751.0
0.498675,1751.25
0.499956,1751.5
0.498675,1751.75
0.497393,1752.0
0.498675,1752.25
0.499956,1752.5
0.497393,1752.75
0.497393,1753.0
0.498675,1753.25
0.499956,1753.5
0.496112,1753.75
0.498675,1754.0
0.496112,1754.25
0.496112,1754.5
0.497393,1754.75
0.499956,1755.0
0.499956,1755.25
0.499956,1755.5
0.498675,1755.75
0.498675,1756.0
0.498675,1756.25
0.497393,1756.5
0.497393,1756.75
0.497393,1757.0
0.498675,1757.25
0.497393,1757.5
0.498675,1757.75
0.499956,1758.0
0.499956,1758.25
0.499956,1758.5
0.498675,1758.75
0.501237,1759.0
0.498675,1759.25
0.497393,1759.5
0.497393,1759.75
0.496112,1760.0
0.496112,1760.25
0.497393,1760.5
0.497393,1760.75
0.496112,1761.0
0.497393,1761.25
0.497393,1761.5
0.499956,1761.75
0.499956,1762.0
0.502518,1762.25
0.501237,1762.5
0.498675,1762.75
0.498675,1763.0
0.499956,1763.25
0.497393,1763.5
0.498675,1763.75
0.499956,1764.0
0.498675,1764.25
0.497393,1764.5
0.497393,1764.75
0.497393,1765.0
0.497393,1765.25
0.496112,1765.5
0.496112,1765.75
0.497393,1766.0
0.496112,1766.25
0.496112,1766.5
0.496112,1766.75
0.494831,1767.0
0.497393,1767.25
0.496112,1767.5
0.497393,1767.75
0.496112,1768.0
0.494831,1768.25
0.494831,1768.5
0.49355,1768.75
0.496112,1769.0
0.494831,1769.25
0.494831,1769.5
0.494831,1769.75
0.496112,1770.0
0.494831,1770.25
0.496112,1770.5
0.494831,1770.75
0.49355,1771.0
0.494831,1771.25
0.494831,1771.5
0.492268,1771.75
0.49355,1772.0
0.492268,1772.25
0.492268,1772.5
0.494831,1772.75
0.499956,1773.0
0.501237,1773.25
0.501237,1773.5
0.501237,1773.75
0.499956,1774.0
0.498675,1774.25
0.499956,1774.5
0.498675,1774.75
0.496112,1775.0
0.487143,1775.25
0.428206,1775.5
0.429487,1775.75
0.432049,1776.0
0.435893,1776.25
0.425643,1776.5
0.419237,1776.75
0.417956,1777.0
0.416674,1777.25
0.410268,1777.5
0.410268,1777.75
0.408987,1778.0
0.407706,1778.25
0.403862,1778.5
0.405143,1778.75
0.402581,1779.0
0.401299,1779.25
0.400018,1779.5
0.400018,1779.75
0.400018,1780.0
0.397456,1780.25
0.398737,1780.5
0.398737,1780.75
0.398737,1781.0
0.396174,1781.25
0.396174,1781.5
0.397456,1781.75
0.396174,1782.0
0.394893,1782.25
0.397456,1782.5
0.393612,1782.75
0.393612,1783.0
0.394893,1783.25
0.392331,1783.5
0.394893,1783.75
0.394893,1784.0
0.394893,1784.25
0.393612,1784.5
0.393612,1784.75
0.392331,1785.0
0.392331,1785.25
0.392331,1785.5
0.388487,1785.75
0.389768,1786.0
0.389768,1786.25
0.383362,1786.5
0.384643,1786.75
0.394893,1787.0
0.393612,1787.25
0.394893,1787.5
0.396174,1787.75
0.397456,1788.0
0.396174,1788.25
0.398737,1788.5
0.398737,1788.75
0.398737,1789.0
0.400018,1789.25
0.398737,1789.5
0.400018,1789.75
0.398737,1790.0
0.400018,1790.25
0.400018,1790.5
0.402581,1790.75
0.398737,1791.0
0.401299,1791.25
0.400018,1791.5
0.400018,1791.75
0.402581,1792.0
0.402581,1792.25
0.400018,1792.5
0.400018,1792.75
0.401299,1793.0
0.400018,1793.25
0.401299,1793.5
0.401299,1793.75
0.406424,1794.0
0.407706,1794.25
0.407706,1794.5
0.410268,1794.75
0.408987,1795.0
0.410268,1795.25
0.408987,1795.5
0.408987,1795.75
0.408987,1796.0
0.408987,1796.25
0.407706,1796.5
0.407706,1796.75
0.407706,1797.0
0.406424,1797.25
0.408987,1797.5
0.408987,1797.75
0.410268,1798.0
0.410268,1798.25
0.411549,1798.5
0.410268,1798.75
0.410268,1799.0
0.410268,1799.25
0.410268,1799.5
0.410268,1799.75
0.408987,1800.0
0.411549,1800.25
0.411549,1800.5
0.411549,1800.75
0.410268,1801.0
0.410268,1801.25
0.410268,1801.5
0.410268,1801.75
0.410268,1802.0
0.408987,1802.25
0.408987,1802.5
0.408987,1802.75
0.410268,1803.0
0.408987,1803.25
0.410268,1803.5
0.410268,1803.75
0.410268,1804.0
0.410268,1804.25
0.412831,1804.5
0.410268,1804.75
0.410268,1805.0
0.408987,1805.25
0.408987,1805.5
0.411549,1805.75
0.408987,1806.0
0.410268,1806.25
0.408987,1806.5
0.408987,1806.75
0.411549,1807.0
0.408987,1807.25
0.410268,1807.5
0.407706,1807.75
0.410268,1808.0
0.408987,1808.25
0.410268,1808.5
0.407706,1808.75
0.407706,1809.0
0.408987,1809.25
0.407706,1809.5
0.407706,1809.75
0.408987,1810.0
0.407706,1810.25
0.408987,1810.5
0.410268,1810.75
0.400018,1811.0
0.396174,1811.25
0.393612,1811.5
0.389768,1811.75
0.388487,1812.0
0.392331,1812.25
0.397456,1812.5
0.396174,1812.75
0.398737,1813.0
0.397456,1813.25
0.402581,1813.5
0.403862,1813.75
0.402581,1814.0
0.406424,1814.25
0.398737,1814.5
0.408987,1814.75
0.408987,1815.0
0.408987,1815.25
0.407706,1815.5
0.407706,1815.75
0.406424,1816.0
0.405143,1816.25
0.403862,1816.5
0.407706,1816.75
0.403862,1817.0
0.403862,1817.25
0.405143,1817.5
0.403862,1817.75
0.405143,1818.0
0.403862,1818.25
0.401299,1818.5
0.402581,1818.75
0.402581,1819.0
0.402581,1819.25
0.402581,1819.5
0.403862,1819.75
0.402581,1820.0
0.402581,1820.25
0.403862,1820.5
0.402581,1820.75
0.402581,1821.0
0.401299,1821.25
0.401299,1821.5
0.397456,1821.75
0.397456,1822.0
0.401299,1822.25
0.400018,1822.5
0.400018,1822.75
0.400018,1823.0
0.400018,1823.25
0.400018,1823.5
0.398737,1823.75
0.398737,1824.0
0.401299,1824.25
0.402581,1824.5
0.401299,1824.75
0.401299,1825.0
0.401299,1825.25
0.400018,1825.5
0.400018,1825.75
0.398737,1826.0
0.398737,1826.25
0.400018,1826.5
0.398737,1826.75
0.397456,1827.0
0.397456,1827.25
0.397456,1827.5
0.397456,1827.75
0.396174,1828.0
0.398737,1828.25
0.397456,1828.5
0.397456,1828.75
0.396174,1829.0
0.397456,1829.25
0.397456,1829.5
0.397456,1829.75
0.396174,1830.0
0.397456,1830.25
0.400018,1830.5
0.397456,1830.75
0.396174,1831.0
0.397456,1831.25
0.396174,1831.5
0.397456,1831.75
0.397456,1832.0
0.397456,1832.25
0.396174,1832.5
0.397456,1832.75
0.396174,1833.0
0.400018,1833.25
0.397456,1833.5
0.398737,1833.75
0.398737,1834.0
0.397456,1834.25
0.397456,1834.5
0.397456,1834.75
0.397456,1835.0
0.396174,1835.25
0.396174,1835.5
0.397456,1835.75
0.398737,1836.0
0.396174,1836.25
0.398737,1836.5
0.397456,1836.75
0.397456,1837.0
0.397456,1837.25
0.397456,1837.5
0.396174,1837.75
0.396174,1838.0
0.396174,1838.25
0.394893,1838.5
0.396174,1838.75
0.394893,1839.0
0.396174,1839.25
0.394893,1839.5
0.393612,1839.75
0.393612,1840.0
0.391049,1840.25
0.391049,1840.5
0.392331,1840.75
0.393612,1841.0
0.393612,1841.25
0.394893,1841.5
0.396174,1841.75
0.396174,1842.0
0.396174,1842.25
0.396174,1842.5
0.396174,1842.75
0.396174,1843.0
0.396174,1843.25
0.396174,1843.5
0.394893,1843.75
0.396174,1844.0
0.397456,1844.25
0.396174,1844.5
0.397456,1844.75
0.396174,1845.0
0.396174,1845.25
0.396174,1845.5
0.396174,1845.75
0.396174,1846.0
0.394893,1846.25
0.394893,1846.5
0.396174,1846.75
0.394893,1847.0
0.393612,1847.25
0.394893,1847.5
0.394893,1847.75
0.394893,1848.0
0.394893,1848.25
0.396174,1848.5
0.392331,1848.75
0.394893,1849.0
0.394893,1849.25
0.393612,1849.5
0.396174,1849.75
0.394893,1850.0
0.394893,1850.25
0.396174,1850.5
0.393612,1850.75
0.394893,1851.0
0.394893,1851.25
0.394893,1851.5
0.393612,1851.75
0.394893,1852.0
0.394893,1852.25
0.391049,1852.5
0.387206,1852.75
0.384643,1853.0
0.380799,1853.25
0.375674,1853.5
0.374393,1853.75
0.379518,1854.0
0.384643,1854.25
0.383362,1854.5
0.379518,1854.75
0.376956,1855.0
0.380799,1855.25
0.379518,1855.5
0.375674,1855.75
0.378237,1856.0
0.379518,1856.25
0.379518,1856.5
0.378237,1856.75
0.379518,1857.0
0.379518,1857.25
0.378237,1857.5
0.379518,1857.75
0.379518,1858.0
0.375674,1858.25
0.374393,1858.5
0.371831,1858.75
0.370549,1859.0
0.369268,1859.25
0.369268,1859.5
0.366706,1859.75
0.366706,1860.0
0.365424,1860.25
0.364143,1860.5
0.365424,1860.75
0.362862,1861.0
0.364143,1861.25
0.362862,1861.5
0.406424,1861.75
0.430768,1862.0
0.424362,1862.25
0.383362,1862.5
0.374393,1862.75
0.371831,1863.0
0.370549,1863.25
0.707519,1863.5
1.114958,1863.75
0.462869,1864.0
0.457675,1864.25
0.446143,1864.5
0.429487,1864.75
0.419237,1865.0
0.414112,1865.25
0.410268,1865.5
0.411549,1865.75
0.403862,1866.0
0.401299,1866.25
0.400018,1866.5
0.398737,1866.75
0.398737,1867.0
0.396174,1867.25
0.392331,1867.5
0.393612,1867.75
0.392331,1868.0
0.392331,1868.25
0.391049,1868.5
0.389768,1868.75
0.396174,1869.0
0.405143,1869.25
0.402581,1869.5
0.410268,1869.75
0.403862,1870.0
0.425643,1870.25
0.438456,1870.5
0.437174,1870.75
0.467925,1871.0
0.469206,1871.25
0.464081,1871.5
0.435893,1871.75
0.406424,1872.0
0.406424,1872.25
0.406424,1872.5
0.405143,1872.75
0.402581,1873.0
0.400018,1873.25
0.398737,1873.5
0.398737,1873.75
0.398737,1874.0
0.397456,1874.25
0.393612,1874.5
0.392331,1874.75
0.388487,1875.0
0.389768,1875.25
0.389768,1875.5
0.391049,1875.75
0.391049,1876.0
0.391049,1876.25
0.391049,1876.5
0.389768,1876.75
0.389768,1877.0
0.389768,1877.25
0.389768,1877.5
0.391049,1877.75
0.389768,1878.0
0.389768,1878.25
0.389768,1878.5
0.388487,1878.75
0.388487,1879.0
0.387206,1879.25
0.387206,1879.5
0.388487,1879.75
0.389768,1880.0
0.388487,1880.25
0.389768,1880.5
0.388487,1880.75
0.388487,1881.0
0.387206,1881.25
0.387206,1881.5
0.387206,1881.75
0.387206,1882.0
0.387206,1882.25
0.387206,1882.5
0.388487,1882.75
0.387206,1883.0
0.385924,1883.25
0.385924,1883.5
0.385924,1883.75
0.385924,1884.0
0.385924,1884.25
0.387206,1884.5
0.385924,1884.75
0.384643,1885.0
0.387206,1885.25
0.387206,1885.5
0.384643,1885.75
0.385924,1886.0
0.385924,1886.25
0.384643,1886.5
0.384643,1886.75
0.383362,1887.0
0.383362,1887.25
0.383362,1887.5
0.384643,1887.75
0.383362,1888.0
0.383362,1888.25
0.383362,1888.5
0.383362,1888.75
0.383362,1889.0
0.383362,1889.25
0.384643,1889.5
0.383362,1889.75
0.383362,1890.0
0.382081,1890.25
0.382081,1890.5
0.383362,1890.75
0.384643,1891.0
0.383362,1891.25
0.383362,1891.5
0.383362,1891.75
0.383362,1892.0
0.382081,1892.25
0.382081,1892.5
0.383362,1892.75
0.383362,1893.0
0.383362,1893.25
0.382081,1893.5
0.383362,1893.75
0.384643,1894.0
0.384643,1894.25
0.383362,1894.5
0.383362,1894.75
0.383362,1895.0
0.382081,1895.25
0.382081,1895.5
0.383362,1895.75
0.383362,1896.0
0.380799,1896.25
0.382081,1896.5
0.380799,1896.75
0.382081,1897.0
0.380799,1897.25
0.382081,1897.5
0.380799,1897.75
0.382081,1898.0
0.382081,1898.25
0.380799,1898.5
0.382081,1898.75
0.380799,1899.0
0.380799,1899.25
0.380799,1899.5
0.379518,1899.75
0.379518,1900.0
0.379518,1900.25
0.380799,1900.5
0.379518,1900.75
0.379518,1901.0
0.379518,1901.25
0.379518,1901.5
0.378237,1901.75
0.380799,1902.0
0.379518,1902.25
0.379518,1902.5
0.379518,1902.75
0.378237,1903.0
0.378237,1903.25
0.378237,1903.5
0.378237,1903.75
0.379518,1904.0
0.379518,1904.25
0.378237,1904.5
0.378237,1904.75
0.378237,1905.0
0.378237,1905.25
0.376956,1905.5
0.378237,1905.75
0.376956,1906.0
0.376956,1906.25
0.378237,1906.5
0.376956,1906.75
0.378237,1907.0
0.376956,1907.25
0.376956,1907.5
0.376956,1907.75
0.376956,1908.0
0.376956,1908.25
0.376956,1908.5
0.376956,1908.75
0.376956,1909.0
0.375674,1909.25
0.375674,1909.5
0.374393,1909.75
0.375674,1910.0
0.375674,1910.25
0.375674,1910.5
0.376956,1910.75
0.375674,1911.0
0.373112,1911.25
0.371831,1911.5
0.374393,1911.75
0.373112,1912.0
0.375674,1912.25
0.371831,1912.5
0.373112,1912.75
0.373112,1913.0
0.371831,1913.25
0.374393,1913.5
0.373112,1913.75
0.373112,1914.0
0.373112,1914.25
0.374393,1914.5
0.374393,1914.75
0.374393,1915.0
0.374393,1915.25
0.374393,1915.5
0.374393,1915.75
0.374393,1916.0
0.373112,1916.25
0.374393,1916.5
0.374393,1916.75
0.370549,1917.0
0.373112,1917.25
0.370549,1917.5
0.370549,1917.75
0.370549,1918.0
0.370549,1918.25
0.373112,1918.5
0.370549,1918.75
0.373112,1919.0
0.371831,1919.25
0.371831,1919.5
0.370549,1919.75
0.371831,1920.0
0.370549,1920.25
0.370549,1920.5
0.370549,1920.75
0.369268,1921.0
0.371831,1921.25
0.370549,1921.5
0.370549,1921.75
0.367987,1922.0
0.367987,1922.25
0.369268,1922.5
0.369268,1922.75
0.367987,1923.0
0.366706,1923.25
0.369268,1923.5
0.369268,1923.75
0.370549,1924.0
0.369268,1924.25
0.369268,1924.5
0.369268,1924.75
0.369268,1925.0
0.369268,1925.25
0.369268,1925.5
0.367987,1925.75
0.369268,1926.0
0.367987,1926.25
0.367987,1926.5
0.369268,1926.75
0.367987,1927.0
0.369268,1927.25
0.367987,1927.5
0.366706,1927.75
0.369268,1928.0
0.366706,1928.25
0.367987,1928.5
0.367987,1928.75
0.367987,1929.0
0.369268,1929.25
0.367987,1929.5
0.369268,1929.75
0.367987,1930.0
0.367987,1930.25
0.369268,1930.5
0.369268,1930.75
0.367987,1931.0
0.367987,1931.25
0.367987,1931.5
0.367987,1931.75
0.367987,1932.0
0.370549,1932.25
0.367987,1932.5
0.367987,1932.75
0.367987,1933.0
0.367987,1933.25
0.366706,1933.5
0.366706,1933.75
0.365424,1934.0
0.367987,1934.25
0.366706,1934.5
0.366706,1934.75
0.366706,1935.0
0.365424,1935.25
0.367987,1935.5
0.366706,1935.75
0.366706,1936.0
0.366706,1936.25
0.367987,1936.5
0.367987,1936.75
0.366706,1937.0
0.366706,1937.25
0.365424,1937.5
0.366706,1937.75
0.364143,1938.0
0.364143,1938.25
0.365424,1938.5
0.367987,1938.75
0.366706,1939.0
0.369268,1939.25
0.369268,1939.5
0.369268,1939.75
0.367987,1940.0
0.367987,1940.25
0.370549,1940.5
0.369268,1940.75
0.369268,1941.0
0.367987,1941.25
0.366706,1941.5
0.367987,1941.75
0.367987,1942.0
0.369268,1942.25
0.367987,1942.5
0.367987,1942.75
0.369268,1943.0
0.369268,1943.25
0.369268,1943.5
0.369268,1943.75
0.369268,1944.0
0.369268,1944.25
0.367987,1944.5
0.369268,1944.75
0.369268,1945.0
0.367987,1945.25
0.369268,1945.5
0.369268,1945.75
0.369268,1946.0
0.367987,1946.25
0.367987,1946.5
0.369268,1946.75
0.369268,1947.0
0.369268,1947.25
0.369268,1947.5
0.369268,1947.75
0.367987,1948.0
0.367987,1948.25
0.367987,1948.5
0.367987,1948.75
0.367987,1949.0
0.367987,1949.25
0.367987,1949.5
0.366706,1949.75
0.366706,1950.0
0.367987,1950.25
0.367987,1950.5
0.366706,1950.75
0.367987,1951.0
0.366706,1951.25
0.367987,1951.5
0.367987,1951.75
0.367987,1952.0
0.366706,1952.25
0.366706,1952.5
0.366706,1952.75
0.366706,1953.0
0.366706,1953.25
0.366706,1953.5
0.365424,1953.75
0.365424,1954.0
0.365424,1954.25
0.366706,1954.5
0.366706,1954.75
0.366706,1955.0
0.365424,1955.25
0.366706,1955.5
0.365424,1955.75
0.366706,1956.0
0.364143,1956.25
0.364143,1956.5
0.364143,1956.75
0.366706,1957.0
0.365424,1957.25
0.365424,1957.5
0.365424,1957.75
0.362862,1958.0
0.365424,1958.25
0.364143,1958.5
0.365424,1958.75
0.364143,1959.0
0.365424,1959.25
0.365424,1959.5
0.366706,1959.75
0.365424,1960.0
0.365424,1960.25
0.365424,1960.5
0.365424,1960.75
0.365424,1961.0
0.365424,1961.25
0.362862,1961.5
0.364143,1961.75
0.364143,1962.0
0.364143,1962.25
0.364143,1962.5
0.364143,1962.75
0.364143,1963.0
0.364143,1963.25
0.364143,1963.5
0.364143,1963.75
0.364143,1964.0
0.364143,1964.25
0.362862,1964.5
0.36158,1964.75
0.362862,1965.0
0.364143,1965.25
0.362862,1965.5
0.362862,1965.75
0.36158,1966.0
0.362862,1966.25
0.36158,1966.5
0.36158,1966.75
0.362862,1967.0
0.36158,1967.25
0.362862,1967.5
0.360299,1967.75
0.36158,1968.0
0.36158,1968.25
0.362862,1968.5
0.36158,1968.75
0.366706,1969.0
0.369268,1969.25
0.370549,1969.5
0.370549,1969.75
0.373112,1970.0
0.375674,1970.25
0.376956,1970.5
0.362862,1970.75
0.36158,1971.0
0.360299,1971.25
0.359018,1971.5
0.360299,1971.75
0.360299,1972.0
0.359018,1972.25
0.359018,1972.5
0.356455,1972.75
0.357737,1973.0
0.356455,1973.25
0.357737,1973.5
0.357737,1973.75
0.357737,1974.0
0.357737,1974.25
0.360299,1974.5
0.359018,1974.75
0.359018,1975.0
0.359018,1975.25
0.359018,1975.5
0.360299,1975.75
0.360299,1976.0
0.36158,1976.25
0.362862,1976.5
0.36158,1976.75
0.360299,1977.0
0.362862,1977.25
0.359018,1977.5
0.360299,1977.75
0.360299,1978.0
0.360299,1978.25
0.360299,1978.5
0.359018,1978.75
0.360299,1979.0
0.360299,1979.25
0.357737,1979.5
0.359018,1979.75
0.360299,1980.0
0.360299,1980.25
0.360299,1980.5
0.360299,1980.75
0.360299,1981.0
0.360299,1981.25
0.36158,1981.5
0.362862,1981.75
0.362862,1982.0
0.362862,1982.25
0.362862,1982.5
0.364143,1982.75
0.364143,1983.0
0.362862,1983.25
0.364143,1983.5
0.362862,1983.75
0.364143,1984.0
0.362862,1984.25
0.364143,1984.5
0.364143,1984.75
0.364143,1985.0
0.362862,1985.25
0.365424,1985.5
0.364143,1985.75
0.364143,1986.0
0.364143,1986.25
0.365424,1986.5
0.366706,1986.75
0.365424,1987.0
0.367987,1987.25
0.366706,1987.5
0.366706,1987.75
0.365424,1988.0
0.362862,1988.25
0.36158,1988.5
0.362862,1988.75
0.364143,1989.0
0.365424,1989.25
0.365424,1989.5
0.366706,1989.75
0.367987,1990.0
0.366706,1990.25
0.366706,1990.5
0.366706,1990.75
0.365424,1991.0
0.366706,1991.25
0.365424,1991.5
0.366706,1991.75
0.365424,1992.0
0.365424,1992.25
0.365424,1992.5
0.366706,1992.75
0.365424,1993.0
0.367987,1993.25
0.366706,1993.5
0.366706,1993.75
0.365424,1994.0
0.366706,1994.25
0.366706,1994.5
0.367987,1994.75
0.373112,1995.0
0.365424,1995.25
0.364143,1995.5
0.364143,1995.75
0.362862,1996.0
0.365424,1996.25
0.364143,1996.5
0.364143,1996.75
0.366706,1997.0
0.370549,1997.25
0.401299,1997.5
0.400018,1997.75
0.396174,1998.0
0.396174,1998.25
0.379518,1998.5
0.379518,1998.75
0.384643,1999.0
0.400018,1999.25
0.410268,1999.5
0.410268,1999.75
0.402581,2000.0
0.374393,2000.25
0.373112,2000.5
0.373112,2000.75
0.389768,2001.0
0.393612,2001.25
0.391049,2001.5
0.389768,2001.75
0.384643,2002.0
0.382081,2002.25
0.392331,2002.5
0.366706,2002.75
0.352612,2003.0
0.350049,2003.25
0.355174,2003.5
0.357737,2003.75
0.356455,2004.0
0.367987,2004.25
0.376956,2004.5
0.373112,2004.75
0.382081,2005.0
0.393612,2005.25
0.384643,2005.5
0.376956,2005.75
0.376956,2006.0
0.380799,2006.25
0.376956,2006.5
0.406424,2006.75
0.465362,2007.0
0.453831,2007.25
0.470487,2007.5
0.492268,2007.75
0.529425,2008.0
0.501237,2008.25
0.501237,2008.5
0.496112,2008.75
0.498675,2009.0
0.494831,2009.25
0.501237,2009.5
0.508925,2009.75
0.502518,2010.0
0.496112,2010.25
0.485862,2010.5
0.479456,2010.75
0.469206,2011.0
0.47305,2011.25
0.433331,2011.5
0.411549,2011.75
0.408987,2012.0
0.397456,2012.25
0.393612,2012.5
0.392331,2012.75
0.412831,2013.0
0.412831,2013.25
0.430768,2013.5
0.397456,2013.75
0.387206,2014.0
0.451268,2014.25
0.411549,2014.5
0.442299,2014.75
0.421799,2015.0
0.414112,2015.25
0.408987,2015.5
0.415393,2015.75
0.416674,2016.0
0.414112,2016.25
0.414112,2016.5
0.411549,2016.75
0.410268,2017.0
0.407706,2017.25
0.408987,2017.5
0.407706,2017.75
0.406424,2018.0
0.403862,2018.25
0.403862,2018.5
0.401299,2018.75
0.402581,2019.0
0.402581,2019.25
0.398737,2019.5
0.401299,2019.75
0.405143,2020.0
0.412831,2020.25
0.437174,2020.5
0.408987,2020.75
0.425643,2021.0
0.411549,2021.25
0.424362,2021.5
0.402581,2021.75
0.457675,2022.0
0.412831,2022.25
0.407706,2022.5
0.426924,2022.75
0.441018,2023.0
0.479456,2023.25
0.512768,2023.5
0.535831,2023.75
0.53455,2024.0
0.529425,2024.25
0.523018,2024.5
0.506362,2024.75
0.487143,2025.0
0.453831,2025.25
0.433331,2025.5
0.420518,2025.75
0.417956,2026.0
0.417956,2026.25
0.417956,2026.5
0.424362,2026.75
0.424362,2027.0
0.423081,2027.25
0.420518,2027.5
0.417956,2027.75
0.414112,2028.0
0.411549,2028.25
0.412831,2028.5
0.412831,2028.75
0.408987,2029.0
0.403862,2029.25
0.410268,2029.5
0.411549,2029.75
0.415393,2030.0
0.414112,2030.25
0.412831,2030.5
0.412831,2030.75
0.412831,2031.0
0.412831,2031.25
0.403862,2031.5
0.400018,2031.75
0.401299,2032.0
0.405143,2032.25
0.410268,2032.5
0.415393,2032.75
0.412831,2033.0
0.410268,2033.25
0.408987,2033.5
0.406424,2033.75
0.407706,2034.0
0.406424,2034.25
0.405143,2034.5
0.402581,2034.75
0.402581,2035.0
0.401299,2035.25
0.402581,2035.5
0.401299,2035.75
0.401299,2036.0
0.403862,2036.25
0.401299,2036.5
0.401299,2036.75
0.401299,2037.0
0.400018,2037.25
0.401299,2037.5
0.401299,2037.75
0.401299,2038.0
0.400018,2038.25
0.400018,2038.5
0.400018,2038.75
0.402581,2039.0
0.402581,2039.25
0.402581,2039.5
0.402581,2039.75
0.402581,2040.0
0.402581,2040.25
0.402581,2040.5
0.402581,2040.75
0.400018,2041.0
0.400018,2041.25
0.400018,2041.5
0.401299,2041.75
0.398737,2042.0
0.400018,2042.25
0.398737,2042.5
0.400018,2042.75
0.398737,2043.0
0.397456,2043.25
0.396174,2043.5
0.394893,2043.75
0.396174,2044.0
0.396174,2044.25
0.396174,2044.5
0.396174,2044.75
0.396174,2045.0
0.394893,2045.25
0.393612,2045.5
0.393612,2045.75
0.393612,2046.0
0.393612,2046.25
0.389768,2046.5
0.389768,2046.75
0.391049,2047.0
0.391049,2047.25
0.392331,2047.5
0.391049,2047.75
0.391049,2048.0
0.391049,2048.25
0.389768,2048.5
0.388487,2048.75
0.387206,2049.0
0.384643,2049.25
0.384643,2049.5
0.385924,2049.75
0.380799,2050.0
0.375674,2050.25
0.375674,2050.5
0.375674,2050.75
0.375674,2051.0
0.374393,2051.25
0.375674,2051.5
0.371831,2051.75
0.371831,2052.0
0.373112,2052.25
0.376956,2052.5
0.379518,2052.75
0.378237,2053.0
0.380799,2053.25
0.380799,2053.5
0.380799,2053.75
0.378237,2054.0
0.380799,2054.25
0.380799,2054.5
0.380799,2054.75
0.380799,2055.0
0.379518,2055.25
0.380799,2055.5
0.379518,2055.75
0.380799,2056.0
0.379518,2056.25
0.379518,2056.5
0.378237,2056.75
0.380799,2057.0
0.379518,2057.25
0.378237,2057.5
0.379518,2057.75
0.378237,2058.0
0.378237,2058.25
0.376956,2058.5
0.376956,2058.75
0.376956,2059.0
0.378237,2059.25
0.378237,2059.5
0.378237,2059.75
0.378237,2060.0
0.376956,2060.25
0.376956,2060.5
0.376956,2060.75
0.378237,2061.0
0.375674,2061.25
0.375674,2061.5
0.376956,2061.75
0.375674,2062.0
0.375674,2062.25
0.375674,2062.5
0.375674,2062.75
0.374393,2063.0
0.374393,2063.25
0.374393,2063.5
0.374393,2063.75
0.374393,2064.0
0.375674,2064.25
0.375674,2064.5
0.374393,2064.75
0.373112,2065.0
0.374393,2065.25
0.371831,2065.5
0.373112,2065.75
0.370549,2066.0
0.370549,2066.25
0.369268,2066.5
0.369268,2066.75
0.367987,2067.0
0.367987,2067.25
0.367987,2067.5
0.365424,2067.75
0.365424,2068.0
0.364143,2068.25
0.364143,2068.5
0.364143,2068.75
0.362862,2069.0
0.364143,2069.25
0.360299,2069.5
0.362862,2069.75
0.360299,2070.0
0.36158,2070.25
0.359018,2070.5
0.359018,2070.75
0.359018,2071.0
0.359018,2071.25
0.357737,2071.5
0.359018,2071.75
0.356455,2072.0
0.356455,2072.25
0.357737,2072.5
0.356455,2072.75
0.356455,2073.0
0.356455,2073.25
0.357737,2073.5
0.356455,2073.75
0.357737,2074.0
0.357737,2074.25
0.355174,2074.5
0.355174,2074.75
0.355174,2075.0
0.356455,2075.25
0.353893,2075.5
0.355174,2075.75
0.355174,2076.0
0.353893,2076.25
0.355174,2076.5
0.352612,2076.75
0.35133,2077.0
0.352612,2077.25
0.352612,2077.5
0.35133,2077.75
0.353893,2078.0
0.35133,2078.25
0.35133,2078.5
0.35133,2078.75
0.348768,2079.0
0.348768,2079.25
0.350049,2079.5
0.350049,2079.75
0.350049,2080.0
0.350049,2080.25
0.348768,2080.5
0.348768,2080.75
0.347487,2081.0
0.348768,2081.25
0.348768,2081.5
0.348768,2081.75
0.347487,2082.0
0.347487,2082.25
0.347487,2082.5
0.346205,2082.75
0.344924,2083.0
0.344924,2083.25
0.346205,2083.5
0.344924,2083.75
0.346205,2084.0
0.346205,2084.25
0.344924,2084.5
0.344924,2084.75
0.347487,2085.0
0.346205,2085.25
0.346205,2085.5
0.344924,2085.75
0.344924,2086.0
0.346205,2086.25
0.343643,2086.5
0.344924,2086.75
0.343643,2087.0
0.343643,2087.25
0.343643,2087.5
0.342362,2087.75
0.34108,2088.0
0.342362,2088.25
0.343643,2088.5
0.34108,2088.75
0.343643,2089.0
0.342362,2089.25
0.342362,2089.5
0.342362,2089.75
0.342362,2090.0
0.34108,2090.25
0.34108,2090.5
0.34108,2090.75
0.339799,2091.0
0.34108,2091.25
0.339799,2091.5
0.34108,2091.75
0.34108,2092.0
0.343643,2092.25
0.338518,2092.5
0.338518,2092.75
0.339799,2093.0
0.339799,2093.25
0.338518,2093.5
0.338518,2093.75
0.337237,2094.0
0.337237,2094.25
0.338518,2094.5
0.338518,2094.75
0.339799,2095.0
0.337237,2095.25
0.337237,2095.5
0.335955,2095.75
0.337237,2096.0
0.335955,2096.25
0.335955,2096.5
0.335955,2096.75
0.334674,2097.0
0.337237,2097.25
0.337237,2097.5
0.337237,2097.75
0.335955,2098.0
0.334674,2098.25
0.334674,2098.5
0.334674,2098.75
0.334674,2099.0
0.333393,2099.25
0.333393,2099.5
0.334674,2099.75
0.333393,2100.0
0.332112,2100.25
0.334674,2100.5
0.332112,2100.75
0.332112,2101.0
0.332112,2101.25
0.332112,2101.5
0.33083,2101.75
0.33083,2102.0
0.328268,2102.25
0.33083,2102.5
0.332112,2102.75
0.329549,2103.0
0.33083,2103.25
0.33083,2103.5
0.328268,2103.75
0.328268,2104.0
0.329549,2104.25
0.328268,2104.5
0.328268,2104.75
0.328268,2105.0
0.328268,2105.25
0.328268,2105.5
0.328268,2105.75
0.328268,2106.0
0.326987,2106.25
0.326987,2106.5
0.326987,2106.75
0.329549,2107.0
0.329549,2107.25
0.326987,2107.5
0.328268,2107.75
0.326987,2108.0
0.326987,2108.25
0.325705,2108.5
0.326987,2108.75
0.324424,2109.0
0.323143,2109.25
0.324424,2109.5
0.325705,2109.75
0.325705,2110.0
0.324424,2110.25
0.324424,2110.5
0.324424,2110.75
0.324424,2111.0
0.324424,2111.25
0.324424,2111.5
0.323143,2111.75
0.321862,2112.0
0.32058,2112.25
0.321862,2112.5
0.321862,2112.75
0.321862,2113.0
0.321862,2113.25
0.32058,2113.5
0.324424,2113.75
0.321862,2114.0
0.32058,2114.25
0.32058,2114.5
0.32058,2114.75
0.318018,2115.0
0.321862,2115.25
0.319299,2115.5
0.318018,2115.75
0.318018,2116.0
0.32058,2116.25
0.32058,2116.5
0.318018,2116.75
0.319299,2117.0
0.318018,2117.25
0.316737,2117.5
0.318018,2117.75
0.318018,2118.0
0.318018,2118.25
0.316737,2118.5
0.316737,2118.75
0.316737,2119.0
0.318018,2119.25
0.318018,2119.5
0.318018,2119.75
0.318018,2120.0
0.316737,2120.25
0.316737,2120.5
0.319299,2120.75
0.316737,2121.0
0.315455,2121.25
0.318018,2121.5
0.315455,2121.75
0.318018,2122.0
0.318018,2122.25
0.318018,2122.5
0.318018,2122.75
0.318018,2123.0
0.315455,2123.25
0.316737,2123.5
0.315455,2123.75
0.315455,2124.0
0.315455,2124.25
0.316737,2124.5
0.316737,2124.75
0.314174,2125.0
0.318018,2125.25
0.316737,2125.5
0.314174,2125.75
0.315455,2126.0
0.315455,2126.25
0.315455,2126.5
0.315455,2126.75
0.312893,2127.0
0.312893,2127.25
0.314174,2127.5
0.314174,2127.75
0.314174,2128.0
0.314174,2128.25
0.312893,2128.5
0.314174,2128.75
0.312893,2129.0
0.312893,2129.25
0.312893,2129.5
0.314174,2129.75
0.314174,2130.0
0.314174,2130.25
0.311612,2130.5
0.311612,2130.75
0.312893,2131.0
0.312893,2131.25
0.311612,2131.5
0.311612,2131.75
0.311612,2132.0
0.31033,2132.25
0.31033,2132.5
0.31033,2132.75
0.311612,2133.0
0.311612,2133.25
0.31033,2133.5
0.309049,2133.75
0.309049,2134.0
0.307768,2134.25
0.306487,2134.5
0.307768,2134.75
0.309049,2135.0
0.309049,2135.25
0.309049,2135.5
0.31033,2135.75
0.309049,2136.0
0.31033,2136.25
0.309049,2136.5
0.307768,2136.75
0.306487,2137.0
0.306487,2137.25
0.307768,2137.5
0.309049,2137.75
0.307768,2138.0
0.307768,2138.25
0.309049,2138.5
0.306487,2138.75
0.307768,2139.0
0.307768,2139.25
0.306487,2139.5
0.306487,2139.75
0.306487,2140.0
0.306487,2140.25
0.306487,2140.5
0.306487,2140.75
0.306487,2141.0
0.306487,2141.25
0.305205,2141.5
0.307768,2141.75
0.306487,2142.0
0.306487,2142.25
0.306487,2142.5
0.306487,2142.75
0.306487,2143.0
0.305205,2143.25
0.306487,2143.5
0.305205,2143.75
0.306487,2144.0
0.305205,2144.25
0.303924,2144.5
0.305205,2144.75
0.305205,2145.0
0.305205,2145.25
0.303924,2145.5
0.305205,2145.75
0.303924,2146.0
0.303924,2146.25
0.305205,2146.5
0.305205,2146.75
0.303924,2147.0
0.305205,2147.25
0.303924,2147.5
0.303924,2147.75
0.303924,2148.0
0.303924,2148.25
0.305205,2148.5
0.303924,2148.75
0.303924,2149.0
0.303924,2149.25
0.305205,2149.5
0.302643,2149.75
0.303924,2150.0
0.303924,2150.25
0.302643,2150.5
0.303924,2150.75
0.303924,2151.0
0.303924,2151.25
0.302643,2151.5
0.301362,2151.75
0.301362,2152.0
0.303924,2152.25
0.301362,2152.5
0.302643,2152.75
0.302643,2153.0
0.301362,2153.25
0.301362,2153.5
0.302643,2153.75
0.302643,2154.0
0.301362,2154.25
0.301362,2154.5
0.301362,2154.75
0.302643,2155.0
0.301362,2155.25
0.30008,2155.5
0.301362,2155.75
0.30008,2156.0
0.301362,2156.25
0.30008,2156.5
0.301362,2156.75
0.30008,2157.0
0.30008,2157.25
0.30008,2157.5
0.301362,2157.75
0.297518,2158.0
0.30008,2158.25
0.30008,2158.5
0.298799,2158.75
0.30008,2159.0
0.298799,2159.25
0.298799,2159.5
0.298799,2159.75
0.298799,2160.0
0.298799,2160.25
0.302643,2160.5
0.30008,2160.75
0.30008,2161.0
0.30008,2161.25
0.298799,2161.5
0.298799,2161.75
0.30008,2162.0
0.298799,2162.25
0.297518,2162.5
0.297518,2162.75
0.297518,2163.0
0.30008,2163.25
0.298799,2163.5
0.297518,2163.75
0.298799,2164.0
0.298799,2164.25
0.297518,2164.5
0.298799,2164.75
0.298799,2165.0
0.298799,2165.25
0.297518,2165.5
0.296237,2165.75
0.297518,2166.0
0.296237,2166.25
0.298799,2166.5
0.297518,2166.75
0.297518,2167.0
0.297518,2167.25
0.297518,2167.5
0.296237,2167.75
0.296237,2168.0
0.297518,2168.25
0.297518,2168.5
0.297518,2168.75
0.294955,2169.0
0.296237,2169.25
0.296237,2169.5
0.296237,2169.75
0.296237,2170.0
0.296237,2170.25
0.296237,2170.5
0.296237,2170.75
0.294955,2171.0
0.294955,2171.25
0.296237,2171.5
0.296237,2171.75
0.296237,2172.0
0.296237,2172.25
0.294955,2172.5
0.296237,2172.75
0.296237,2173.0
0.296237,2173.25
0.294955,2173.5
0.294955,2173.75
0.296237,2174.0
0.294955,2174.25
0.294955,2174.5
0.294955,2174.75
0.294955,2175.0
0.294955,2175.25
0.293674,2175.5
0.294955,2175.75
0.294955,2176.0
0.293674,2176.25
0.293674,2176.5
0.293674,2176.75
0.294955,2177.0
0.292393,2177.25
0.293674,2177.5
0.292393,2177.75
0.292393,2178.0
0.293674,2178.25
0.293674,2178.5
0.292393,2178.75
0.293674,2179.0
0.293674,2179.25
0.292393,2179.5
0.293674,2179.75
0.293674,2180.0
0.292393,2180.25
0.292393,2180.5
0.292393,2180.75
0.294955,2181.0
0.294955,2181.25
0.296237,2181.5
0.30008,2181.75
0.302643,2182.0
0.301362,2182.25
0.301362,2182.5
0.30008,2182.75
0.301362,2183.0
0.305205,2183.25
0.306487,2183.5
0.307768,2183.75
0.307768,2184.0
0.307768,2184.25
0.307768,2184.5
0.309049,2184.75
0.307768,2185.0
0.311612,2185.25
0.309049,2185.5
0.311612,2185.75
0.311612,2186.0
0.311612,2186.25
0.311612,2186.5
0.311612,2186.75
0.312893,2187.0
0.312893,2187.25
0.312893,2187.5
0.314174,2187.75
0.314174,2188.0
0.314174,2188.25
0.312893,2188.5
0.311612,2188.75
0.31033,2189.0
0.312893,2189.25
0.312893,2189.5
0.311612,2189.75
0.312893,2190.0
0.312893,2190.25
0.314174,2190.5
0.312893,2190.75
0.312893,2191.0
0.316737,2191.25
0.316737,2191.5
0.315455,2191.75
0.315455,2192.0
0.316737,2192.25
0.316737,2192.5
0.319299,2192.75
0.32058,2193.0
0.314174,2193.25
0.316737,2193.5
0.312893,2193.75
0.311612,2194.0
0.316737,2194.25
0.316737,2194.5
0.316737,2194.75
0.318018,2195.0
0.319299,2195.25
0.319299,2195.5
0.316737,2195.75
0.307768,2196.0
0.306487,2196.25
0.305205,2196.5
0.312893,2196.75
0.315455,2197.0
0.307768,2197.25
0.306487,2197.5
0.31033,2197.75
0.312893,2198.0
0.309049,2198.25
0.302643,2198.5
0.301362,2198.75
0.302643,2199.0
0.307768,2199.25
0.309049,2199.5
0.307768,2199.75
0.307768,2200.0
0.309049,2200.25
0.309049,2200.5
0.31033,2200.75
0.314174,2201.0
0.312893,2201.25
0.314174,2201.5
0.315455,2201.75
0.306487,2202.0
0.30008,2202.25
0.306487,2202.5
0.332112,2202.75
0.325705,2203.0
0.318018,2203.25
0.319299,2203.5
0.319299,2203.75
0.324424,2204.0
0.33083,2204.25
0.335955,2204.5
0.339799,2204.75
0.34108,2205.0
0.338518,2205.25
0.360299,2205.5
0.348768,2205.75
0.337237,2206.0
0.332112,2206.25
0.333393,2206.5
0.334674,2206.75
0.332112,2207.0
0.329549,2207.25
0.312893,2207.5
0.323143,2207.75
0.328268,2208.0
0.33083,2208.25
0.33083,2208.5
0.333393,2208.75
0.339799,2209.0
0.352612,2209.25
0.359018,2209.5
0.365424,2209.75
0.367987,2210.0
0.350049,2210.25
0.347487,2210.5
0.357737,2210.75
0.357737,2211.0
0.353893,2211.25
0.348768,2211.5
0.347487,2211.75
0.348768,2212.0
0.344924,2212.25
0.34108,2212.5
0.343643,2212.75
0.343643,2213.0
0.344924,2213.25
0.344924,2213.5
0.346205,2213.75
0.344924,2214.0
0.346205,2214.25
0.346205,2214.5
0.344924,2214.75
0.347487,2215.0
0.347487,2215.25
0.347487,2215.5
0.347487,2215.75
0.348768,2216.0
0.347487,2216.25
0.347487,2216.5
0.352612,2216.75
0.353893,2217.0
0.350049,2217.25
0.348768,2217.5
0.348768,2217.75
0.348768,2218.0
0.347487,2218.25
0.350049,2218.5
0.348768,2218.75
0.348768,2219.0
0.347487,2219.25
0.348768,2219.5
0.347487,2219.75
0.347487,2220.0
0.344924,2220.25
0.347487,2220.5
0.346205,2220.75
0.346205,2221.0
0.346205,2221.25
0.344924,2221.5
0.344924,2221.75
0.346205,2222.0
0.344924,2222.25
0.346205,2222.5
0.346205,2222.75
0.344924,2223.0
0.344924,2223.25
0.344924,2223.5
0.344924,2223.75
0.344924,2224.0
0.343643,2224.25
0.343643,2224.5
0.342362,2224.75
0.34108,2225.0
0.342362,2225.25
0.342362,2225.5
0.342362,2225.75
0.34108,2226.0
0.339799,2226.25
0.34108,2226.5
0.339799,2226.75
0.338518,2227.0
0.339799,2227.25
0.339799,2227.5
0.339799,2227.75
0.338518,2228.0
0.338518,2228.25
0.337237,2228.5
0.337237,2228.75
0.337237,2229.0
0.337237,2229.25
0.338518,2229.5
0.334674,2229.75
0.337237,2230.0
0.335955,2230.25
0.333393,2230.5
0.335955,2230.75
0.333393,2231.0
0.333393,2231.25
0.334674,2231.5
0.333393,2231.75
0.335955,2232.0
0.334674,2232.25
0.334674,2232.5
0.333393,2232.75
0.333393,2233.0
0.332112,2233.25
0.333393,2233.5
0.333393,2233.75
0.333393,2234.0
0.333393,2234.25
0.333393,2234.5
0.333393,2234.75
0.333393,2235.0
0.333393,2235.25
0.333393,2235.5
0.332112,2235.75
0.332112,2236.0
0.33083,2236.25
0.325705,2236.5
0.314174,2236.75
0.338518,2237.0
0.335955,2237.25
0.337237,2237.5
0.335955,2237.75
0.337237,2238.0
0.337237,2238.25
0.338518,2238.5
0.344924,2238.75
0.338518,2239.0
0.339799,2239.25
0.338518,2239.5
0.337237,2239.75
0.34108,2240.0
0.342362,2240.25
0.339799,2240.5
0.342362,2240.75
0.339799,2241.0
0.339799,2241.25
0.34108,2241.5
0.339799,2241.75
0.339799,2242.0
0.339799,2242.25
0.338518,2242.5
0.34108,2242.75
0.347487,2243.0
0.344924,2243.25
0.343643,2243.5
0.34108,2243.75
0.346205,2244.0
0.344924,2244.25
0.342362,2244.5
0.339799,2244.75
0.338518,2245.0
0.34108,2245.25
0.339799,2245.5
0.344924,2245.75
0.342362,2246.0
0.34108,2246.25
0.339799,2246.5
0.34108,2246.75
0.34108,2247.0
0.34108,2247.25
0.34108,2247.5
0.339799,2247.75
0.339799,2248.0
0.342362,2248.25
0.339799,2248.5
0.343643,2248.75
0.34108,2249.0
0.34108,2249.25
0.339799,2249.5
0.34108,2249.75
0.34108,2250.0
0.34108,2250.25
0.34108,2250.5
0.34108,2250.75
0.34108,2251.0
0.342362,2251.25
0.34108,2251.5
0.342362,2251.75
0.342362,2252.0
0.342362,2252.25
0.342362,2252.5
0.34108,2252.75
0.34108,2253.0
0.34108,2253.25
0.343643,2253.5
0.344924,2253.75
0.347487,2254.0
0.346205,2254.25
0.346205,2254.5
0.343643,2254.75
0.34108,2255.0
0.339799,2255.25
0.34108,2255.5
0.34108,2255.75
0.342362,2256.0
0.34108,2256.25
0.342362,2256.5
0.342362,2256.75
0.344924,2257.0
0.344924,2257.25
0.342362,2257.5
0.343643,2257.75
0.343643,2258.0
0.343643,2258.25
0.343643,2258.5
0.344924,2258.75
0.347487,2259.0
0.348768,2259.25
0.346205,2259.5
0.342362,2259.75
0.342362,2260.0
0.339799,2260.25
0.34108,2260.5
0.342362,2260.75
0.34108,2261.0
0.34108,2261.25
0.339799,2261.5
0.34108,2261.75
0.339799,2262.0
0.34108,2262.25
0.34108,2262.5
0.34108,2262.75
0.34108,2263.0
0.342362,2263.25
0.342362,2263.5
0.34108,2263.75
0.34108,2264.0
0.34108,2264.25
0.34108,2264.5
0.342362,2264.75
0.34108,2265.0
0.342362,2265.25
0.343643,2265.5
0.342362,2265.75
0.342362,2266.0
0.342362,2266.25
0.343643,2266.5
0.343643,2266.75
0.342362,2267.0
0.342362,2267.25
0.343643,2267.5
0.344924,2267.75
0.348768,2268.0
0.35133,2268.25
0.350049,2268.5
0.353893,2268.75
0.355174,2269.0
0.353893,2269.25
0.356455,2269.5
0.356455,2269.75
0.357737,2270.0
0.357737,2270.25
0.36158,2270.5
0.36158,2270.75
0.36158,2271.0
0.348768,2271.25
0.348768,2271.5
0.348768,2271.75
0.350049,2272.0
0.352612,2272.25
0.35133,2272.5
0.35133,2272.75
0.350049,2273.0
0.343643,2273.25
0.353893,2273.5
0.353893,2273.75
0.353893,2274.0
0.353893,2274.25
0.352612,2274.5
0.362862,2274.75
0.36158,2275.0
0.323143,2275.25
0.321862,2275.5
0.323143,2275.75
0.353893,2276.0
0.356455,2276.25
0.356455,2276.5
0.357737,2276.75
0.356455,2277.0
0.357737,2277.25
0.36158,2277.5
0.360299,2277.75
0.36158,2278.0
0.36158,2278.25
0.362862,2278.5
0.36158,2278.75
0.360299,2279.0
0.36158,2279.25
0.357737,2279.5
0.356455,2279.75
0.356455,2280.0
0.356455,2280.25
0.356455,2280.5
0.356455,2280.75
0.347487,2281.0
0.342362,2281.25
0.338518,2281.5
0.355174,2281.75
0.360299,2282.0
0.364143,2282.25
0.369268,2282.5
0.373112,2282.75
0.374393,2283.0
0.375674,2283.25
0.362862,2283.5
0.357737,2283.75
0.360299,2284.0
0.353893,2284.25
0.365424,2284.5
0.407706,2284.75
0.419237,2285.0
0.416674,2285.25
0.384643,2285.5
0.388487,2285.75
0.385924,2286.0
0.388487,2286.25
0.396174,2286.5
0.398737,2286.75
0.400018,2287.0
0.398737,2287.25
0.398737,2287.5
0.401299,2287.75
0.407706,2288.0
0.407706,2288.25
0.408987,2288.5
0.406424,2288.75
0.406424,2289.0
0.406424,2289.25
0.407706,2289.5
0.406424,2289.75
0.402581,2290.0
0.398737,2290.25
0.415393,2290.5
0.426924,2290.75
0.423081,2291.0
0.428206,2291.25
0.437174,2291.5
0.443581,2291.75
0.443581,2292.0
0.437174,2292.25
0.438456,2292.5
0.441018,2292.75
0.439737,2293.0
0.437174,2293.25
0.438456,2293.5
0.434612,2293.75
0.432049,2294.0
0.432049,2294.25
0.430768,2294.5
0.432049,2294.75
0.429487,2295.0
0.433331,2295.25
0.434612,2295.5
0.441018,2295.75
0.444862,2296.0
0.446143,2296.25
0.444862,2296.5
0.443581,2296.75
0.443581,2297.0
0.442299,2297.25
0.442299,2297.5
0.441018,2297.75
0.432049,2298.0
0.426924,2298.25
0.423081,2298.5
0.423081,2298.75
0.424362,2299.0
0.423081,2299.25
0.421799,2299.5
0.421799,2299.75
0.421799,2300.0
0.424362,2300.25
0.424362,2300.5
0.424362,2300.75
0.424362,2301.0
0.423081,2301.25
0.423081,2301.5
0.424362,2301.75
0.426924,2302.0
0.428206,2302.25
0.433331,2302.5
0.439737,2302.75
0.443581,2303.0
0.447425,2303.25
0.448706,2303.5
0.443581,2303.75
0.442299,2304.0
0.444862,2304.25
0.446143,2304.5
0.457675,2304.75
0.460237,2305.0
0.469206,2305.25
0.469206,2305.5
0.466643,2305.75
0.464081,2306.0
0.474331,2306.25
0.480737,2306.5
0.49355,2306.75
0.5038,2307.0
0.51405,2307.25
0.525581,2307.5
0.537112,2307.75
0.538394,2308.0
0.528144,2308.25
0.531987,2308.5
0.529425,2308.75
0.529425,2309.0
0.526862,2309.25
0.525581,2309.5
0.525581,2309.75
0.5243,2310.0
0.5243,2310.25
0.523018,2310.5
0.521737,2310.75
0.519175,2311.0
0.515331,2311.25
0.516612,2311.5
0.512768,2311.75
0.510206,2312.0
0.507643,2312.25
0.506362,2312.5
0.507643,2312.75
0.506362,2313.0
0.505081,2313.25
0.502518,2313.5
0.5038,2313.75
0.5038,2314.0
0.505081,2314.25
0.505081,2314.5
0.523018,2314.75
0.525581,2315.0
0.523018,2315.25
0.521737,2315.5
0.521737,2315.75
0.521737,2316.0
0.519175,2316.25
0.517893,2316.5
0.526862,2316.75
0.5038,2317.0
0.515331,2317.25
0.512768,2317.5
0.510206,2317.75
0.515331,2318.0
0.498675,2318.25
0.521737,2318.5
0.512768,2318.75
0.521737,2319.0
0.533269,2319.25
0.543519,2319.5
0.549925,2319.75
0.558894,2320.0
0.569144,2320.25
0.576831,2320.5
0.583237,2320.75
0.584519,2321.0
0.605019,2321.25
0.603737,2321.5
0.605019,2321.75
0.603737,2322.0
0.601175,2322.25
0.602456,2322.5
0.599894,2322.75
0.598612,2323.0
0.597331,2323.25
0.605019,2323.5
0.61655,2323.75
0.613988,2324.0
0.6268,2324.25
0.639613,2324.5
0.67805,2324.75
0.735707,2325.0
0.786957,2325.25
0.810019,2325.5
0.854863,2325.75
0.863832,2326.0
0.859988,2326.25
0.845894,2326.5
0.821551,2326.75
0.815144,2327.0
0.815144,2327.25
0.813863,2327.5
0.808738,2327.75
0.808738,2328.0
0.801051,2328.25
0.780551,2328.5
0.774144,2328.75
0.766457,2329.0
0.761332,2329.25
0.763894,2329.5
0.757488,2329.75
0.751082,2330.0
0.748519,2330.25
0.748519,2330.5
0.745957,2330.75
0.742113,2331.0
0.745957,2331.25
0.7498,2331.5
0.767738,2331.75
0.785676,2332.0
0.811301,2332.25
0.806176,2332.5
0.786957,2332.75
0.771582,2333.0
0.765175,2333.25
0.772863,2333.5
0.780551,2333.75
0.775425,2334.0
0.776707,2334.25
0.766457,2334.5
0.758769,2334.75
0.763894,2335.0
0.785676,2335.25
0.857426,2335.5
0.88177,2335.75
0.849738,2336.0
0.839488,2336.25
0.826676,2336.5
0.821551,2336.75
0.829238,2337.0
0.842051,2337.25
0.856144,2337.5
0.874082,2337.75
0.893301,2338.0
0.927895,2338.25
0.938145,2338.5
0.939426,2338.75
0.986832,2339.0
1.057301,2339.25
1.024058,2339.5
1.048402,2339.75
1.053527,2340.0
1.054808,2340.25
1.056089,2340.5
1.041995,2340.75
1.017652,2341.0
0.990745,2341.25
0.968964,2341.5
0.956151,2341.75
0.956151,2342.0
0.979214,2342.25
1.012527,2342.5
1.054808,2342.75
1.076589,2343.0
1.091964,2343.25
1.095808,2343.5
1.089402,2343.75
1.099652,2344.0
1.129121,2344.25
1.154746,2344.5
1.18934,2344.75
1.236746,2345.0
1.267496,2345.25
1.290559,2345.5
1.340528,2345.75
1.372559,2346.0
1.378965,2346.25
1.426372,2346.5
1.472497,2346.75
1.505908,2347.0
1.566127,2347.25
1.69169,2347.5
1.698097,2347.75
1.67119,2348.0
1.653253,2348.25
1.598159,2348.5
1.576377,2348.75
1.571252,2349.0
1.631471,2349.25
1.677596,2349.5
1.700659,2349.75
1.766003,2350.0
1.836472,2350.25
1.938972,2350.5
1.984015,2350.75
2.019891,2351.0
2.058328,2351.25
2.083953,2351.5
2.071141,2351.75
2.023734,2352.0
1.969922,2352.25
1.934047,2352.5
1.900734,2352.75
1.898171,2353.0
1.990422,2353.25
2.101891,2353.5
2.201828,2353.75
2.28511,2354.0
2.360704,2354.25
2.433736,2354.5
2.478094,2354.75
2.544719,2355.0
2.584438,2355.25
2.567781,2355.5
2.553688,2355.75
2.526781,2356.0
2.505,2356.25
2.483218,2356.5
2.501156,2356.75
2.55625,2357.0
2.603656,2357.25
2.661313,2357.5
2.661313,2357.75
2.642094,2358.0
2.683094,2358.25
2.727938,2358.5
2.803532,2358.75
2.849657,2359.0
2.867595,2359.25
2.848376,2359.5
2.829157,2359.75
2.793282,2360.0
2.735626,2360.25
2.739469,2360.5
2.857345,2360.75
2.979064,2361.0
3.064029,2361.25
3.134498,2361.5
3.161404,2361.75
3.133217,2362.0
3.078123,2362.25
3.035841,2362.5
2.97306,2362.75
2.883372,2363.0
2.785997,2363.25
2.748841,2363.5
2.701434,2363.75
2.655309,2364.0
2.623278,2364.25
2.592528,2364.5
2.569465,2364.75
2.560496,2365.0
2.580996,2365.25
2.572027,2365.5
2.566902,2365.75
2.55409,2366.0
2.519496,2366.25
2.487465,2366.5
2.473371,2366.75
2.481058,2367.0
2.454152,2367.25
2.463121,2367.5
2.469527,2367.75
2.447746,2368.0
2.376874,2368.25
2.330749,2368.5
2.274374,2368.75
2.244905,2369.0
2.237218,2369.25
2.308968,2369.5
2.378156,2369.75
2.444781,2370.0
2.488343,2370.25
2.544719,2370.5
2.684375,2370.75
2.85222,2371.0
2.915001,2371.25
2.916685,2371.5
2.906435,2371.75
2.90131,2372.0
2.862872,2372.25
2.841091,2372.5
2.807778,2372.75
2.86031,2373.0
3.115279,2373.25
3.347186,2373.5
3.48428,2373.75
3.511626,2374.0
3.496251,2374.25
3.460376,2374.5
3.419376,2374.75
3.441157,2375.0
3.503939,2375.25
3.570564,2375.5
3.623095,2375.75
3.632064,2376.0
3.584658,2376.25
3.521876,2376.5
3.406563,2376.75
3.256657,2377.0
3.132375,2377.25
3.049093,2377.5
2.991437,2377.75
2.950437,2378.0
2.932499,2378.25
2.929497,2378.5
2.914122,2378.75
2.912841,2379.0
2.928216,2379.25
2.889778,2379.5
2.837247,2379.75
2.824435,2380.0
2.820591,2380.25
2.828278,2380.5
2.820591,2380.75
2.835966,2381.0
2.791122,2381.25
2.914122,2381.5
3.029435,2381.75
3.187029,2382.0
3.37153,2382.25
3.462499,2382.5
3.448845,2382.75
3.438595,2383.0
3.775564,2383.25
4.065128,2383.5
4.195736,2383.75
4.270049,2384.0
4.289268,2384.25
4.190611,2384.5
4.134236,2384.75
4.164986,2385.0
4.236736,2385.25
4.31233,2385.5
4.330267,2385.75
4.323861,2386.0
4.303361,2386.25
4.218799,2386.5
4.075298,2386.75
3.94461,2387.0
3.808797,2387.25
3.715266,2387.5
3.633265,2387.75
3.562796,2388.0
3.489765,2388.25
3.450046,2388.5
3.421859,2388.75
3.415532,2389.0
3.384782,2389.25
3.357876,2389.5
3.339938,2389.75
3.360438,2390.0
3.457814,2390.25
3.616689,2390.5
3.757627,2390.75
3.851158,2391.0
3.887033,2391.25
3.874221,2391.5
3.838346,2391.75
3.766596,2392.0
3.68972,2392.25
3.634626,2392.5
3.575689,2392.75
3.523157,2393.0
3.478313,2393.25
3.44372,2393.5
3.414251,2393.75
3.398876,2394.0
3.406563,2394.25
3.429626,2394.5
3.45397,2394.75
3.469345,2395.0
3.470626,2395.25
3.461657,2395.5
3.445001,2395.75
3.424501,2396.0
3.400157,2396.25
3.378376,2396.5
3.356594,2396.75
3.338657,2397.0
3.318157,2397.25
3.302782,2397.5
3.288688,2397.75
3.272032,2398.0
3.256657,2398.25
3.246407,2398.5
3.232313,2398.75
3.2195,2399.0
3.20925,2399.25
3.196438,2399.5
3.186188,2399.75
3.1785,2400.0
3.172094,2400.25
3.161844,2400.5
3.152875,2400.75
3.145187,2401.0
3.133656,2401.25
3.131094,2401.5
3.119562,2401.75
3.113156,2402.0
3.115719,2402.25
3.160563,2402.5
3.252813,2402.75
3.404001,2403.0
3.557751,2403.25
3.675627,2403.5
3.751221,2403.75
3.767877,2404.0
3.776846,2404.25
3.735846,2404.5
3.685877,2404.75
3.621814,2405.0
3.561595,2405.25
3.506501,2405.5
3.461657,2405.75
3.432188,2406.0
3.47447,2406.25
3.611564,2406.5
3.802471,2406.75
3.963909,2407.0
4.065048,2407.25
4.104767,2407.5
4.103486,2407.75
4.048392,2408.0
3.962548,2408.25
3.869016,2408.5
3.836985,2408.75
3.726797,2409.0
3.630703,2409.25
3.551265,2409.5
3.497452,2409.75
3.457734,2410.0
3.425702,2410.25
3.419376,2410.5
3.409126,2410.75
3.397594,2411.0
3.396313,2411.25
3.411688,2411.5
3.434751,2411.75
3.456532,2412.0
3.470626,2412.25
3.477032,2412.5
3.47447,2412.75
3.473188,2413.0
3.48472,2413.25
3.469345,2413.5
3.442438,2413.75
3.44372,2414.0
3.41297,2414.25
3.41297,2414.5
3.44372,2414.75
3.547501,2415.0
3.568001,2415.25
3.625658,2415.5
3.717908,2415.75
3.756346,2416.0
3.771721,2416.25
3.735846,2416.5
3.696127,2416.75
3.651283,2417.0
3.600033,2417.25
3.564157,2417.5
3.559032,2417.75
3.637189,2418.0
3.834502,2418.25
3.999784,2418.5
4.120142,2418.75
4.156017,2419.0
4.115017,2419.25
4.071454,2419.5
4.008673,2419.75
3.922829,2420.0
3.857485,2420.25
3.828016,2420.5
3.778047,2420.75
3.701172,2421.0
3.667859,2421.25
3.649922,2421.5
3.665297,2421.75
3.629422,2422.0
3.608922,2422.25
3.584578,2422.5
3.583297,2422.75
3.570484,2423.0
3.602515,2423.25
3.500015,2423.5
3.47439,2423.75
3.470546,2424.0
3.476952,2424.25
3.500015,2424.5
3.514109,2424.75
3.529484,2425.0
3.539734,2425.25
3.573046,2425.5
3.614047,2425.75
3.734484,2426.0
3.917704,2426.25
4.050954,2426.5
4.123986,2426.75
4.147048,2427.0
4.139361,2427.25
4.084267,2427.5
4.012516,2427.75
3.943329,2428.0
3.881829,2428.25
3.834422,2428.5
3.822891,2428.75
3.824172,2429.0
3.843391,2429.25
3.853641,2429.5
3.863891,2429.75
3.816485,2430.0
3.792141,2430.25
3.783172,2430.5
3.929235,2430.75
4.249548,2431.0
4.585237,2431.25
4.877076,2431.5
4.992388,2431.75
5.058444,2432.0
5.059725,2432.25
5.005912,2432.5
4.909819,2432.75
4.757349,2433.0
4.593349,2433.25
4.470348,2433.5
4.389629,2433.75
4.337667,2434.0
4.286417,2434.25
4.23773,2434.5
4.213386,2434.75
4.208261,2435.0
4.245418,2435.25
4.304355,2435.5
4.394043,2435.75
4.445293,2436.0
4.459387,2436.25
4.39148,2436.5
4.321012,2436.75
4.159574,2437.0
4.117292,2437.25
4.113448,2437.5
4.132667,2437.75
4.140355,2438.0
4.148042,2438.25
4.08398,2438.5
4.078855,2438.75
4.08398,2439.0
3.990448,2439.25
3.964823,2439.5
4.018635,2439.75
4.053229,2440.0
4.040417,2440.25
3.989166,2440.5
3.946885,2440.75
3.90076,2441.0
3.879266,2441.25
3.892079,2441.5
3.892079,2441.75
3.880547,2442.0
3.870297,2442.25
3.860047,2442.5
3.847235,2442.75
3.851079,2443.0
3.861329,2443.25
3.901047,2443.5
3.92411,2443.75
3.947173,2444.0
3.942048,2444.25
3.931798,2444.5
3.930516,2444.75
3.971516,2445.0
4.093235,2445.25
4.244423,2445.5
4.39433,2445.75
4.48658,2446.0
4.529856,2446.25
4.505512,2446.5
4.460668,2446.75
4.42223,2447.0
4.368418,2447.25
4.363293,2447.5
4.296668,2447.75
4.224917,2448.0
4.177511,2448.25
4.141636,2448.5
4.118573,2448.75
4.109604,2449.0
4.090385,2449.25
4.045542,2449.5
4.008386,2449.75
3.985323,2450.0
3.985323,2450.25
3.977635,2450.5
3.967385,2450.75
3.95201,2451.0
3.923823,2451.25
3.938204,2451.5
3.926672,2451.75
3.908735,2452.0
3.902329,2452.25
3.907454,2452.5
3.936923,2452.75
3.981766,2453.0
4.021485,2453.25
4.047111,2453.5
4.057361,2453.75
4.053517,2454.0
4.039423,2454.25
4.022767,2454.5
3.998423,2454.75
3.976641,2455.0
3.957423,2455.25
3.940766,2455.5
3.927954,2455.75
3.911298,2456.0
3.898485,2456.25
3.885672,2456.5
3.876704,2456.75
3.895922,2457.0
3.89336,2457.25
3.926672,2457.5
3.921547,2457.75
3.91386,2458.0
3.898485,2458.25
3.886954,2458.5
3.880547,2458.75
3.876704,2459.0
3.865172,2459.25
3.881829,2459.5
3.925391,2459.75
4.025329,2460.0
4.152173,2460.25
4.204705,2460.5
4.264924,2460.75
4.296955,2461.0
4.337955,2461.25
4.431487,2461.5
4.445293,2461.75
4.506793,2462.0
4.577262,2462.25
4.601606,2462.5
4.572137,2462.75
4.561887,2463.0
4.501668,2463.25
4.417105,2463.5
4.332542,2463.75
4.263355,2464.0
4.199292,2464.25
4.141636,2464.5
4.085261,2464.75
4.037854,2465.0
4.008386,2465.25
3.981479,2465.5
3.960979,2465.75
3.944323,2466.0
3.935354,2466.25
3.970235,2466.5
4.027892,2466.75
4.081704,2467.0
4.125267,2467.25
4.147048,2467.5
4.141923,2467.75
4.115017,2468.0
4.079142,2468.25
4.054798,2468.5
4.022767,2468.75
4.00611,2469.0
3.999704,2469.25
3.952298,2469.5
3.971516,2469.75
3.94461,2470.0
3.922829,2470.25
3.851079,2470.5
3.853641,2470.75
3.863891,2471.0
3.884391,2471.25
3.899766,2471.5
3.916423,2471.75
3.957423,2472.0
4.112454,2472.25
4.195736,2472.5
4.200861,2472.75
4.218799,2473.0
4.205986,2473.25
4.144485,2473.5
4.113736,2473.75
4.109892,2474.0
4.100923,2474.25
4.063766,2474.5
4.048392,2474.75
4.089392,2475.0
4.213674,2475.25
4.367424,2475.5
4.508362,2475.75
4.555481,2476.0
4.481168,2476.25
4.449137,2476.5
4.411981,2476.75
4.382512,2477.0
4.301793,2477.25
4.271042,2477.5
4.144198,2477.75
4.090385,2478.0
4.042979,2478.25
4.025042,2478.5
4.041698,2478.75
4.087823,2479.0
4.195448,2479.25
4.23773,2479.5
4.30948,2479.75
4.347918,2480.0
4.38123,2480.25
4.42223,2480.5
4.438887,2480.75
4.436324,2481.0
4.373543,2481.25
4.308199,2481.5
4.277449,2481.75
4.218511,2482.0
4.160855,2482.25
4.148042,2482.5
4.110886,2482.75
4.140355,2483.0
4.092948,2483.25
4.085261,2483.5
4.032729,2483.75
4.018635,2484.0
4.035292,2484.25
4.062198,2484.5
4.100636,2484.75
4.190323,2485.0
4.263355,2485.25
4.18648,2485.5
4.132667,2485.75
4.114729,2486.0
4.172386,2486.25
4.169824,2486.5
4.167261,2486.75
4.133948,2487.0
4.071167,2487.25
4.025042,2487.5
4.007104,2487.75
4.010948,2488.0
3.973792,2488.25
3.958416,2488.5
3.937917,2488.75
3.902329,2489.0
3.871579,2489.25
3.85236,2489.5
3.839547,2489.75
3.834422,2490.0
3.830579,2490.25
3.825454,2490.5
3.820328,2490.75
3.81136,2491.0
3.806235,2491.25
3.799828,2491.5
3.795985,2491.75
3.820328,2492.0
3.819047,2492.25
3.807516,2492.5
3.808797,2492.75
3.80111,2493.0
3.798547,2493.25
3.795985,2493.5
3.788297,2493.75
3.776766,2494.0
3.79086,2494.25
3.830579,2494.5
3.912579,2494.75
4.008673,2495.0
4.154736,2495.25
4.272611,2495.5
4.386642,2495.75
4.550643,2496.0
4.810451,2496.25
5.038514,2496.5
5.163507,2496.75
5.189132,2497.0
5.149413,2497.25
5.087913,2497.5
5.002069,2497.75
4.953381,2498.0
5.017444,2498.25
5.180163,2498.5
5.314695,2498.75
5.406945,2499.0
5.386445,2499.25
5.342882,2499.5
5.268569,2499.75
5.102006,2500.0
4.902131,2500.25
4.68688,2500.5
4.551067,2500.75
4.453692,2501.0
4.384504,2501.25
4.363293,2501.5
4.314605,2501.75
4.260792,2502.0
4.250543,2502.25
4.219792,2502.5
4.190323,2502.75
4.162136,2503.0
4.182636,2503.25
4.26848,2503.5
4.336386,2503.75
4.486293,2504.0
4.609293,2504.25
4.634919,2504.5
4.575981,2504.75
4.669512,2505.0
4.661825,2505.25
4.660543,2505.5
4.766888,2505.75
4.901419,2506.0
5.029545,2506.25
5.090475,2506.5
5.062288,2506.75
5.012319,2507.0
4.939287,2507.25
4.827818,2507.5
4.71763,2507.75
4.624099,2508.0
4.548505,2508.25
4.49213,2508.5
4.451129,2508.75
4.454973,2509.0
4.577974,2509.25
4.834225,2509.5
5.140444,2509.75
5.368507,2510.0
5.472289,2510.25
5.509115,2510.5
5.491177,2510.75
5.418146,2511.0
5.297708,2511.25
5.143957,2511.5
5.013269,2511.75
4.91205,2512.0
4.8291,2512.25
4.808599,2512.5
4.8291,2512.75
4.736849,2513.0
4.642036,2513.25
4.64588,2513.5
4.627943,2513.75
4.608724,2514.0
4.593349,2514.25
4.575411,2514.5
4.566442,2514.75
4.567724,2515.0
4.551067,2515.25
4.542099,2515.5
4.540817,2515.75
4.552349,2516.0
4.606161,2516.25
4.683036,2516.5
4.770162,2516.75
4.859849,2517.0
4.909819,2517.25
4.854724,2517.5
4.825256,2517.75
4.798349,2518.0
4.758631,2518.25
4.715068,2518.5
4.685599,2518.75
4.65613,2519.0
4.613849,2519.25
4.589505,2519.5
4.567724,2519.75
4.552349,2520.0
4.561317,2520.25
4.613849,2520.5
4.762474,2520.75
4.844474,2521.0
4.916225,2521.25
4.929037,2521.5
4.930318,2521.75
4.905975,2522.0
4.895725,2522.25
4.877787,2522.5
4.765037,2522.75
4.771443,2523.0
4.735568,2523.25
4.718912,2523.5
4.663818,2523.75
4.652287,2524.0
4.647161,2524.25
4.69713,2524.5
4.832943,2524.75
5.090475,2525.0
5.307007,2525.25
5.455633,2525.5
5.527052,2525.75
5.55524,2526.0
5.511677,2526.25
5.375865,2526.5
5.292583,2526.75
5.202895,2527.0
5.178551,2527.25
5.163176,2527.5
5.145238,2527.75
5.158051,2528.0
5.199051,2528.25
5.236207,2528.5
5.261833,2528.75
5.250301,2529.0
5.240051,2529.25
5.209301,2529.5
5.175989,2529.75
5.110645,2530.0
5.082457,2530.25
5.036332,2530.5
5.004301,2530.75
4.976113,2531.0
4.965863,2531.25
5.04402,2531.5
5.037613,2531.75
5.02352,2532.0
5.006863,2532.25
5.058114,2532.5
5.013269,2532.75
4.988925,2533.0
4.954332,2533.25
4.941519,2533.5
4.885144,2533.75
4.8906,2534.0
4.935443,2534.25
4.884193,2534.5
4.845756,2534.75
4.835506,2535.0
4.822693,2535.25
4.789381,2535.5
4.765037,2535.75
4.780412,2536.0
4.797068,2536.25
4.76888,2536.5
4.748381,2536.75
4.744537,2537.0
4.777849,2537.25
4.808599,2537.5
4.834225,2537.75
4.877787,2538.0
4.934162,2538.25
4.953381,2538.5
5.020006,2538.75
5.045631,2539.0
4.995663,2539.25
5.031538,2539.5
4.9726,2539.75
4.908537,2540.0
4.863693,2540.25
4.8291,2540.5
4.804756,2540.75
4.782974,2541.0
4.763755,2541.25
4.747099,2541.5
4.743256,2541.75
4.734287,2542.0
4.726599,2542.25
4.71763,2542.5
4.757349,2542.75
4.845756,2543.0
4.811162,2543.25
4.788099,2543.5
4.77913,2543.75
4.774005,2544.0
4.763755,2544.25
4.749662,2544.5
4.734287,2544.75
4.718912,2545.0
4.700974,2545.25
4.690724,2545.5
4.684318,2545.75
4.681755,2546.0
4.674068,2546.25
4.667662,2546.5
4.661255,2546.75
4.651005,2547.0
4.640755,2547.25
4.626661,2547.5
4.612567,2547.75
4.599755,2548.0
4.589505,2548.25
4.576693,2548.5
4.590786,2548.75
4.620255,2549.0
4.597193,2549.25
4.583099,2549.5
4.565161,2549.75
4.55363,2550.0
4.554911,2550.25
4.562599,2550.5
4.536973,2550.75
4.524161,2551.0
4.515193,2551.25
4.511349,2551.5
4.507505,2551.75
4.499817,2552.0
4.485723,2552.25
4.476755,2552.5
4.457536,2552.75
4.451129,2553.0
4.458817,2553.25
4.470348,2553.5
4.50238,2553.75
4.569005,2554.0
4.613849,2554.25
4.642036,2554.5
4.688161,2554.75
4.730443,2555.0
4.753506,2555.25
4.761193,2555.5
4.752224,2555.75
4.741974,2556.0
4.72788,2556.25
4.713787,2556.5
4.693286,2556.75
4.670224,2557.0
4.647161,2557.25
4.626661,2557.5
4.60488,2557.75
4.583099,2558.0
4.56388,2558.25
4.547224,2558.5
4.531848,2558.75
4.517755,2559.0
4.506224,2559.25
4.504942,2559.5
4.52288,2559.75
4.53313,2560.0
4.539536,2560.25
4.534411,2560.5
4.516474,2560.75
4.506224,2561.0
4.503661,2561.25
4.494692,2561.5
4.478036,2561.75
4.465223,2562.0
4.439598,2562.25
4.424223,2562.5
4.423512,2562.75
4.414543,2563.0
4.413261,2563.25
4.382512,2563.5
4.374824,2563.75
4.373543,2564.0
4.373543,2564.25
4.436324,2564.5
4.541387,2564.75
4.64645,2565.0
4.768169,2565.25
4.907825,2565.5
5.000076,2565.75
5.057163,2566.0
5.063569,2566.25
5.037944,2566.5
5.00335,2566.75
4.980288,2567.0
4.88035,2567.25
4.822693,2567.5
4.771443,2567.75
4.730443,2568.0
4.702255,2568.25
4.670224,2568.5
4.643318,2568.75
4.622818,2569.0
4.60488,2569.25
4.585661,2569.5
4.570286,2569.75
4.55363,2570.0
4.542099,2570.25
4.528005,2570.5
4.519036,2570.75
4.510067,2571.0
4.50238,2571.25
4.49213,2571.5
4.485723,2571.75
4.48188,2572.0
4.472911,2572.25
4.466505,2572.5
4.457536,2572.75
4.454973,2573.0
4.449848,2573.25
4.448567,2573.5
4.443442,2573.75
4.439598,2574.0
4.435755,2574.25
4.438887,2574.5
4.435043,2574.75
4.428637,2575.0
4.420949,2575.25
4.413261,2575.5
4.405574,2575.75
4.396605,2576.0
4.386355,2576.25
4.385074,2576.5
4.399168,2576.75
4.387637,2577.0
4.37098,2577.25
4.359449,2577.5
4.354324,2577.75
4.347918,2578.0
4.337667,2578.25
4.332542,2578.5
4.326137,2578.75
4.321012,2579.0
4.312043,2579.25
4.304355,2579.5
4.297949,2579.75
4.292824,2580.0
4.286417,2580.25
4.27873,2580.5
4.272324,2580.75
4.267199,2581.0
4.263355,2581.25
4.259511,2581.5
4.255667,2581.75
4.251823,2582.0
4.244136,2582.25
4.313324,2582.5
4.358168,2582.75
4.355605,2583.0
4.354324,2583.25
4.32998,2583.5
4.323574,2583.75
4.30948,2584.0
4.27873,2584.25
4.239011,2584.5
4.239011,2584.75
4.228761,2585.0
4.245418,2585.25
4.235168,2585.5
4.23773,2585.75
4.230042,2586.0
4.208261,2586.25
4.212105,2586.5
4.209542,2586.75
4.203136,2587.0
4.200573,2587.25
4.192886,2587.5
4.191605,2587.75
4.18648,2588.0
4.178792,2588.25
4.173667,2588.5
4.164699,2588.75
4.154449,2589.0
4.146761,2589.25
4.14548,2589.5
4.124979,2589.75
4.113448,2590.0
4.101917,2590.25
4.092948,2590.5
4.080136,2590.75
4.080136,2591.0
4.080136,2591.25
4.077573,2591.5
4.068604,2591.75
4.059636,2592.0
4.049386,2592.25
4.037854,2592.5
4.027604,2592.75
4.018635,2593.0
4.014791,2593.25
4.010948,2593.5
4.003261,2593.75
4.003261,2594.0
4.004542,2594.25
4.000698,2594.5
3.99301,2594.75
3.989166,2595.0
3.984042,2595.25
3.985323,2595.5
3.986604,2595.75
3.989166,2596.0
3.990448,2596.25
3.99301,2596.5
3.99301,2596.75
3.99301,2597.0
3.986604,2597.25
3.980198,2597.5
3.975073,2597.75
3.968667,2598.0
3.959698,2598.25
3.949448,2598.5
3.94176,2598.75
3.93151,2599.0
3.93436,2599.25
3.922829,2599.5
3.91386,2599.75
3.906173,2600.0
3.899766,2600.25
3.89336,2600.5
3.88311,2600.75
3.877985,2601.0
3.87286,2601.25
3.869016,2601.5
3.860047,2601.75
3.853641,2602.0
3.849797,2602.25
3.847235,2602.5
3.845953,2602.75
3.844672,2603.0
3.84211,2603.25
3.840828,2603.5
3.835704,2603.75
3.830579,2604.0
3.826735,2604.25
3.82161,2604.5
3.815203,2604.75
3.810078,2605.0
3.806235,2605.25
3.80111,2605.5
3.789578,2605.75
3.793422,2606.0
3.793422,2606.25
3.783172,2606.5
3.776766,2606.75
3.772922,2607.0
3.766516,2607.25
3.762672,2607.5
3.761391,2607.75
3.758828,2608.0
3.756266,2608.25
3.754985,2608.5
3.74986,2608.75
3.744735,2609.0
3.738328,2609.25
3.730641,2609.5
3.722953,2609.75
3.716547,2610.0
3.707578,2610.25
3.698609,2610.5
3.689641,2610.75
3.683234,2611.0
3.676828,2611.25
3.671703,2611.5
3.665297,2611.75
3.65889,2612.0
3.651203,2612.25
3.646078,2612.5
3.639672,2612.75
3.635828,2613.0
3.629422,2613.25
3.62814,2613.5
3.624297,2613.75
3.626859,2614.0
3.630703,2614.25
3.629422,2614.5
3.616609,2614.75
3.60764,2615.0
3.601234,2615.25
3.593547,2615.5
3.588422,2615.75
3.579453,2616.0
3.567921,2616.25
3.555109,2616.5
3.548703,2616.75
3.542296,2617.0
3.537171,2617.25
3.529484,2617.5
3.521796,2617.75
3.519234,2618.0
3.51539,2618.25
3.523077,2618.5
3.517952,2618.75
3.517952,2619.0
3.502578,2619.25
3.492327,2619.5
3.485921,2619.75
3.482077,2620.0
3.475671,2620.25
3.466702,2620.5
3.460296,2620.75
3.455171,2621.0
3.450046,2621.25
3.441077,2621.5
3.437233,2621.75
3.461657,2622.0
3.461657,2622.25
3.442438,2622.5
3.437313,2622.75
3.428344,2623.0
3.405282,2623.25
3.402719,2623.5
3.398876,2623.75
3.388626,2624.0
3.400157,2624.25
3.420657,2624.5
3.45397,2624.75
3.489845,2625.0
3.52572,2625.25
3.548783,2625.5
3.568001,2625.75
3.578251,2626.0
3.582095,2626.25
3.574408,2626.5
3.544939,2626.75
3.524439,2627.0
3.501376,2627.25
3.496251,2627.5
3.48472,2627.75
3.47447,2628.0
3.465501,2628.25
3.455251,2628.5
3.447563,2628.75
3.437313,2629.0
3.429626,2629.25
3.420657,2629.5
3.41297,2629.75
3.407845,2630.0
3.405282,2630.25
3.397594,2630.5
3.389907,2630.75
3.383501,2631.0
3.374532,2631.25
3.365563,2631.5
3.359157,2631.75
3.354032,2632.0
3.345063,2632.25
3.338657,2632.5
3.333532,2632.75
3.329688,2633.0
3.324563,2633.25
3.318157,2633.5
3.314313,2633.75
3.309188,2634.0
3.307907,2634.25
3.302782,2634.5
3.295094,2634.75
3.289969,2635.0
3.283563,2635.25
3.278438,2635.5
3.273313,2635.75
3.268188,2636.0
3.264344,2636.25
3.259219,2636.5
3.254094,2636.75
3.248969,2637.0
3.246407,2637.25
3.238719,2637.5
3.234875,2637.75
3.228469,2638.0
3.220782,2638.25
3.216938,2638.5
3.211813,2638.75
3.206688,2639.0
3.201563,2639.25
3.196438,2639.5
3.192594,2639.75
3.190031,2640.0
3.184906,2640.25
3.181063,2640.5
3.175938,2640.75
3.170813,2641.0
3.166969,2641.25
3.160563,2641.5
3.156719,2641.75
3.152875,2642.0
3.149031,2642.25
3.14775,2642.5
3.146469,2642.75
3.145187,2643.0
3.143906,2643.25
3.141344,2643.5
3.140063,2643.75
3.138781,2644.0
3.132375,2644.25
3.12725,2644.5
3.122125,2644.75
3.115719,2645.0
3.111875,2645.25
3.108031,2645.5
3.100344,2645.75
3.095219,2646.0
3.090094,2646.25
3.08625,2646.5
3.082406,2646.75
3.078562,2647.0
3.077281,2647.25
3.072156,2647.5
3.068312,2647.75
3.064468,2648.0
3.063187,2648.25
3.060625,2648.5
3.054219,2648.75
3.054219,2649.0
3.049093,2649.25
3.049093,2649.5
3.056781,2649.75
3.064468,2650.0
3.06575,2650.25
3.047812,2650.5
3.033718,2650.75
3.026031,2651.0
3.020906,2651.25
3.017062,2651.5
3.0145,2651.75
3.0145,2652.0
3.0145,2652.25
3.010656,2652.5
3.008093,2652.75
3.009375,2653.0
3.008093,2653.25
3.001687,2653.5
2.997843,2653.75
2.993999,2654.0
2.987593,2654.25
2.990156,2654.5
2.991437,2654.75
2.996562,2655.0
2.996562,2655.25
2.992718,2655.5
2.982468,2655.75
2.974781,2656.0
2.963249,2656.25
2.967093,2656.5
2.965812,2656.75
2.958124,2657.0
2.951718,2657.25
2.947874,2657.5
2.945312,2657.75
2.941468,2658.0
2.951279,2658.25
2.946154,2658.5
2.938466,2658.75
2.92181,2659.0
2.925653,2659.25
2.924372,2659.5
2.916685,2659.75
2.91156,2660.0
2.914122,2660.25
2.917966,2660.5
2.914122,2660.75
2.912841,2661.0
2.91156,2661.25
2.906435,2661.5
2.907716,2661.75
2.903872,2662.0
2.892341,2662.25
2.884653,2662.5
2.884653,2662.75
2.88081,2663.0
2.878247,2663.25
2.875685,2663.5
2.873122,2663.75
2.869278,2664.0
2.867997,2664.25
2.862872,2664.5
2.857747,2664.75
2.853903,2665.0
2.853903,2665.25
2.848778,2665.5
2.846216,2665.75
2.844934,2666.0
2.838528,2666.25
2.837247,2666.5
2.830841,2666.75
2.825716,2667.0
2.820591,2667.25
2.815466,2667.5
2.810341,2667.75
2.807778,2668.0
2.803934,2668.25
2.798809,2668.5
2.797528,2668.75
2.792403,2669.0
2.787278,2669.25
2.785997,2669.5
2.779591,2669.75
2.775747,2670.0
2.773184,2670.25
2.769341,2670.5
2.765497,2670.75
2.765497,2671.0
2.766778,2671.25
2.764215,2671.5
2.761653,2671.75
2.762934,2672.0
2.764215,2672.25
2.761653,2672.5
2.756528,2672.75
2.755247,2673.0
2.748841,2673.25
2.744997,2673.5
2.746278,2673.75
2.744997,2674.0
2.743716,2674.25
2.743716,2674.5
2.744997,2674.75
2.739872,2675.0
2.742434,2675.25
2.741153,2675.5
2.743716,2675.75
2.73859,2676.0
2.734747,2676.25
2.72834,2676.5
2.720653,2676.75
2.715528,2677.0
2.714247,2677.25
2.712965,2677.5
2.710403,2677.75
2.709122,2678.0
2.703997,2678.25
2.703997,2678.5
2.700153,2678.75
2.696309,2679.0
2.693747,2679.25
2.691184,2679.5
2.688622,2679.75
2.684778,2680.0
2.680934,2680.25
2.678371,2680.5
2.674528,2680.75
2.670684,2681.0
2.664278,2681.25
2.65659,2681.5
2.662997,2681.75
2.662997,2682.0
2.661715,2682.25
2.655309,2682.5
2.654028,2682.75
2.654028,2683.0
2.648903,2683.25
2.645059,2683.5
2.64634,2683.75
2.642496,2684.0
2.638653,2684.25
2.637371,2684.5
2.638653,2684.75
2.633528,2685.0
2.627121,2685.25
2.619434,2685.5
2.618153,2685.75
2.620715,2686.0
2.61559,2686.25
2.606621,2686.5
2.60534,2686.75
2.614309,2687.0
2.607903,2687.25
2.601496,2687.5
2.598934,2687.75
2.596371,2688.0
2.59509,2688.25
2.60534,2688.5
2.609184,2688.75
2.613028,2689.0
2.619434,2689.25
2.630965,2689.5
2.641215,2689.75
2.642496,2690.0
2.638653,2690.25
2.647621,2690.5
2.634809,2690.75
2.63609,2691.0
2.629684,2691.25
2.624559,2691.5
2.616871,2691.75
2.610465,2692.0
2.60534,2692.25
2.600215,2692.5
2.59509,2692.75
2.592528,2693.0
2.591246,2693.25
2.587403,2693.5
2.58484,2693.75
2.580996,2694.0
2.575871,2694.25
2.570746,2694.5
2.563059,2694.75
2.561777,2695.0
2.556652,2695.25
2.551528,2695.5
2.551528,2695.75
2.546402,2696.0
2.54384,2696.25
2.541277,2696.5
2.537434,2696.75
2.534871,2697.0
2.528465,2697.25
2.525902,2697.5
2.52334,2697.75
2.519496,2698.0
2.515652,2698.25
2.51309,2698.5
2.510527,2698.75
2.506684,2699.0
2.505402,2699.25
2.504121,2699.5
2.500277,2699.75
2.497715,2700.0
2.493871,2700.25
2.493871,2700.5
2.491308,2700.75
2.488746,2701.0
2.488746,2701.25
2.486183,2701.5
2.483621,2701.75
2.481058,2702.0
2.475933,2702.25
2.473371,2702.5
2.468246,2702.75
2.465683,2703.0
2.468246,2703.25
2.468246,2703.5
2.47209,2703.75
2.475933,2704.0
2.478496,2704.25
2.479777,2704.5
2.473371,2704.75
2.470809,2705.0
2.470809,2705.25
2.463121,2705.5
2.456715,2705.75
2.456715,2706.0
2.455433,2706.25
2.457996,2706.5
2.457996,2706.75
2.450308,2707.0
2.449027,2707.25
2.464,2707.5
2.457593,2707.75
2.451187,2708.0
2.448625,2708.25
2.449906,2708.5
2.45375,2708.75
2.435812,2709.0
2.430687,2709.25
2.4435,2709.5
2.415312,2709.75
2.425562,2710.0
2.438375,2710.25
2.447343,2710.5
2.464,2710.75
2.47425,2711.0
2.488343,2711.25
2.499875,2711.5
2.511406,2711.75
2.530625,2712.0
2.526781,2712.25
2.51525,2712.5
2.499875,2712.75
2.481937,2713.0
2.47425,2713.25
2.461437,2713.5
2.45375,2713.75
2.447343,2714.0
2.440937,2714.25
2.434531,2714.5
2.428125,2714.75
2.424281,2715.0
2.417875,2715.25
2.415312,2715.5
2.411468,2715.75
2.410187,2716.0
2.407624,2716.25
2.402499,2716.5
2.399937,2716.75
2.396093,2717.0
2.393531,2717.25
2.390968,2717.5
2.389687,2717.75
2.384562,2718.0
2.381999,2718.25
2.379437,2718.5
2.378156,2718.75
2.375593,2719.0
2.375593,2719.25
2.374312,2719.5
2.371749,2719.75
2.367906,2720.0
2.366624,2720.25
2.364062,2720.5
2.362781,2720.75
2.358937,2721.0
2.356375,2721.25
2.357656,2721.5
2.357656,2721.75
2.357656,2722.0
2.357656,2722.25
2.357656,2722.5
2.357656,2722.75
2.362781,2723.0
2.362781,2723.25
2.362781,2723.5
2.361499,2723.75
2.358937,2724.0
2.361499,2724.25
2.357656,2724.5
2.353812,2724.75
2.352531,2725.0
2.349968,2725.25
2.347406,2725.5
2.344843,2725.75
2.342281,2726.0
2.338437,2726.25
2.338437,2726.5
2.334593,2726.75
2.334593,2727.0
2.332031,2727.25
2.332031,2727.5
2.328187,2727.75
2.325624,2728.0
2.325624,2728.25
2.32178,2728.5
2.317937,2728.75
2.316656,2729.0
2.315374,2729.25
2.312812,2729.5
2.315374,2729.75
2.310249,2730.0
2.306406,2730.25
2.306406,2730.5
2.303843,2730.75
2.30128,2731.0
2.299999,2731.25
2.297437,2731.5
2.294874,2731.75
2.294874,2732.0
2.294874,2732.25
2.305124,2732.5
2.308968,2732.75
2.320499,2733.0
2.316656,2733.25
2.305124,2733.5
2.297437,2733.75
2.299999,2734.0
2.293593,2734.25
2.288468,2734.5
2.288468,2734.75
2.284624,2735.0
2.283343,2735.25
2.279499,2735.5
2.282062,2735.75
2.284624,2736.0
2.282062,2736.25
2.282062,2736.5
2.274374,2736.75
2.278218,2737.0
2.275656,2737.25
2.275656,2737.5
2.27053,2737.75
2.278218,2738.0
2.282062,2738.25
2.288468,2738.5
2.292312,2738.75
2.296155,2739.0
2.299999,2739.25
2.297437,2739.5
2.292312,2739.75
2.285905,2740.0
2.282062,2740.25
2.278218,2740.5
2.275656,2740.75
2.27053,2741.0
2.267968,2741.25
2.265405,2741.5
2.261562,2741.75
2.258999,2742.0
2.256437,2742.25
2.253874,2742.5
2.246186,2742.75
2.23978,2743.0
2.232093,2743.25
2.22953,2743.5
2.234655,2743.75
2.235937,2744.0
2.230812,2744.25
2.228249,2744.5
2.225687,2744.75
2.223124,2745.0
2.217999,2745.25
2.214155,2745.5
2.212874,2745.75
2.214155,2746.0
2.214155,2746.25
2.214155,2746.5
2.216718,2746.75
2.216718,2747.0
2.216718,2747.25
2.206468,2747.5
2.205186,2747.75
2.203905,2748.0
2.197499,2748.25
2.197499,2748.5
2.196218,2748.75
2.196218,2749.0
2.193655,2749.25
2.193655,2749.5
2.192374,2749.75
2.183405,2750.0
2.180843,2750.25
2.179561,2750.5
2.180843,2750.75
2.183405,2751.0
2.184686,2751.25
2.176999,2751.5
2.179561,2751.75
2.175718,2752.0
2.176999,2752.25
2.17828,2752.5
2.176999,2752.75
2.171874,2753.0
2.170593,2753.25
2.169311,2753.5
2.170593,2753.75
2.170593,2754.0
2.169311,2754.25
2.169311,2754.5
2.16803,2754.75
2.166749,2755.0
2.161624,2755.25
2.159061,2755.5
2.153936,2755.75
2.156499,2756.0
2.155218,2756.25
2.152655,2756.5
2.150093,2756.75
2.148811,2757.0
2.148811,2757.25
2.142405,2757.5
2.141124,2757.75
2.139843,2758.0
2.135999,2758.25
2.134717,2758.5
2.134717,2758.75
2.129592,2759.0
2.129592,2759.25
2.12703,2759.5
2.125749,2759.75
2.124467,2760.0
2.120624,2760.25
2.120624,2760.5
2.11678,2760.75
2.112936,2761.0
2.110374,2761.25
2.107811,2761.5
2.10653,2761.75
2.105249,2762.0
2.105249,2762.25
2.103967,2762.5
2.107811,2762.75
2.097561,2763.0
2.110374,2763.25
2.107811,2763.5
2.105249,2763.75
2.100124,2764.0
2.100124,2764.25
2.09628,2764.5
2.092436,2764.75
2.089874,2765.0
2.088592,2765.25
2.088592,2765.5
2.083467,2765.75
2.070655,2766.0
2.092436,2766.25
2.092436,2766.5
2.121905,2766.75
2.088592,2767.0
2.087311,2767.25
2.08603,2767.5
2.082186,2767.75
2.082186,2768.0
2.08603,2768.25
2.082186,2768.5
2.080905,2768.75
2.078342,2769.0
2.07578,2769.25
2.077061,2769.5
2.07578,2769.75
2.07578,2770.0
2.073217,2770.25
2.073217,2770.5
2.070655,2770.75
2.068092,2771.0
2.069374,2771.25
2.070655,2771.5
2.070655,2771.75
2.06553,2772.0
2.059124,2772.25
2.057842,2772.5
2.056561,2772.75
2.052717,2773.0
2.051436,2773.25
2.051436,2773.5
2.052717,2773.75
2.048873,2774.0
2.048873,2774.25
2.050155,2774.5
2.047592,2774.75
2.051436,2775.0
2.050155,2775.25
2.051436,2775.5
2.04503,2775.75
2.038623,2776.0
2.036061,2776.25
2.036061,2776.5
2.032217,2776.75
2.032217,2777.0
2.027092,2777.25
2.023248,2777.5
2.023248,2777.75
2.023248,2778.0
2.021967,2778.25
2.021967,2778.5
2.018123,2778.75
2.015561,2779.0
2.016842,2779.25
2.012998,2779.5
2.011717,2779.75
2.009155,2780.0
2.006592,2780.25
2.00403,2780.5
2.00403,2780.75
2.000186,2781.0
1.997623,2781.25
1.996342,2781.5
1.99378,2781.75
1.992498,2782.0
1.992498,2782.25
1.987373,2782.5
1.986092,2782.75
1.984811,2783.0
1.983529,2783.25
1.982248,2783.5
1.980967,2783.75
1.979686,2784.0
1.975842,2784.25
1.975842,2784.5
1.974561,2784.75
1.971998,2785.0
1.965592,2785.25
1.96303,2785.5
1.964311,2785.75
1.965592,2786.0
1.966873,2786.25
1.965592,2786.5
1.964311,2786.75
1.966873,2787.0
1.965592,2787.25
1.964311,2787.5
1.96303,2787.75
1.960467,2788.0
1.960467,2788.25
1.961748,2788.5
1.960467,2788.75
1.956623,2789.0
1.956623,2789.25
1.959186,2789.5
1.957904,2789.75
1.957904,2790.0
1.956623,2790.25
1.955342,2790.5
1.952779,2790.75
1.951498,2791.0
1.951498,2791.25
1.948936,2791.5
1.945092,2791.75
1.943811,2792.0
1.941248,2792.25
1.937404,2792.5
1.938686,2792.75
1.937404,2793.0
1.930998,2793.25
1.934842,2793.5
1.930998,2793.75
1.929717,2794.0
1.932279,2794.25
1.932279,2794.5
1.929717,2794.75
1.940453,2795.0
1.939172,2795.25
1.93789,2795.5
1.936609,2795.75
1.934047,2796.0
1.931484,2796.25
1.928921,2796.5
1.926359,2796.75
1.925078,2797.0
1.922515,2797.25
1.922515,2797.5
1.921234,2797.75
1.919953,2798.0
1.918671,2798.25
1.91739,2798.5
1.914828,2798.75
1.913546,2799.0
1.913546,2799.25
1.913546,2799.5
1.910984,2799.75
1.910984,2800.0
1.912265,2800.25
1.912265,2800.5
1.912265,2800.75
1.910984,2801.0
1.90714,2801.25
1.903296,2801.5
1.905859,2801.75
1.90714,2802.0
1.902015,2802.25
1.899453,2802.5
1.895609,2802.75
1.894328,2803.0
1.891765,2803.25
1.890484,2803.5
1.889203,2803.75
1.882796,2804.0
1.87639,2804.25
1.87639,2804.5
1.881515,2804.75
1.875109,2805.0
1.873828,2805.25
1.875109,2805.5
1.880234,2805.75
1.872546,2806.0
1.871265,2806.25
1.872546,2806.5
1.871265,2806.75
1.871265,2807.0
1.871265,2807.25
1.867421,2807.5
1.873828,2807.75
1.873828,2808.0
1.869984,2808.25
1.871265,2808.5
1.871265,2808.75
1.871265,2809.0
1.867421,2809.25
1.861015,2809.5
1.861015,2809.75
1.854609,2810.0
1.850765,2810.25
1.846921,2810.5
1.848202,2810.75
1.85589,2811.0
1.859734,2811.25
1.852046,2811.5
1.849484,2811.75
1.849484,2812.0
1.840515,2812.25
1.843077,2812.5
1.844359,2812.75
1.844359,2813.0
1.84564,2813.25
1.843077,2813.5
1.839234,2813.75
1.837952,2814.0
1.840515,2814.25
1.828984,2814.5
1.826421,2814.75
1.823859,2815.0
1.820015,2815.25
1.820015,2815.5
1.817452,2815.75
1.816171,2816.0
1.81489,2816.25
1.813609,2816.5
1.809765,2816.75
1.805921,2817.0
1.803359,2817.25
1.800796,2817.5
1.798234,2817.75
1.803359,2818.0
1.802077,2818.25
1.800796,2818.5
1.802077,2818.75
1.800796,2819.0
1.800796,2819.25
1.802077,2819.5
1.802077,2819.75
1.798234,2820.0
1.795671,2820.25
1.795671,2820.5
1.793109,2820.75
1.789265,2821.0
1.786702,2821.25
1.780296,2821.5
1.779015,2821.75
1.781577,2822.0
1.780296,2822.25
1.78414,2822.5
1.779015,2822.75
1.772609,2823.0
1.772609,2823.25
1.770046,2823.5
1.770046,2823.75
1.772609,2824.0
1.772609,2824.25
1.770046,2824.5
1.767483,2824.75
1.766202,2825.0
1.767483,2825.25
1.770046,2825.5
1.766202,2825.75
1.766202,2826.0
1.764921,2826.25
1.767483,2826.5
1.767483,2826.75
1.767483,2827.0
1.764921,2827.25
1.762358,2827.5
1.758515,2827.75
1.754671,2828.0
1.750827,2828.25
1.749546,2828.5
1.752108,2828.75
1.749546,2829.0
1.752108,2829.25
1.749546,2829.5
1.745702,2829.75
1.74314,2830.0
1.741858,2830.25
1.739296,2830.5
1.738015,2830.75
1.735452,2831.0
1.735452,2831.25
1.734171,2831.5
1.731608,2831.75
1.727765,2832.0
1.727765,2832.25
1.726483,2832.5
1.726483,2832.75
1.723921,2833.0
1.721358,2833.25
1.721358,2833.5
1.718796,2833.75
1.717515,2834.0
1.718796,2834.25
1.717515,2834.5
1.716233,2834.75
1.716233,2835.0
1.71239,2835.25
1.71239,2835.5
1.711108,2835.75
1.708546,2836.0
1.705983,2836.25
1.704702,2836.5
1.704702,2836.75
1.703421,2837.0
1.703421,2837.25
1.703421,2837.5
1.698296,2837.75
1.695733,2838.0
1.695733,2838.25
1.69189,2838.5
1.69189,2838.75
1.69189,2839.0
1.694452,2839.25
1.695733,2839.5
1.697015,2839.75
1.697015,2840.0
1.697015,2840.25
1.697015,2840.5
1.693171,2840.75
1.693171,2841.0
1.69189,2841.25
1.688046,2841.5
1.689327,2841.75
1.694452,2842.0
1.69189,2842.25
1.686764,2842.5
1.682921,2842.75
1.681639,2843.0
1.675233,2843.25
1.677796,2843.5
1.675233,2843.75
1.673952,2844.0
1.673952,2844.25
1.668827,2844.5
1.667546,2844.75
1.668827,2845.0
1.667546,2845.25
1.667546,2845.5
1.668827,2845.75
1.670108,2846.0
1.667546,2846.25
1.664983,2846.5
1.666264,2846.75
1.670108,2847.0
1.668827,2847.25
1.667546,2847.5
1.663702,2847.75
1.663702,2848.0
1.658577,2848.25
1.661139,2848.5
1.656014,2848.75
1.657296,2849.0
1.654733,2849.25
1.652171,2849.5
1.649608,2849.75
1.649608,2850.0
1.648327,2850.25
1.649608,2850.5
1.649608,2850.75
1.645764,2851.0
1.645764,2851.25
1.644483,2851.5
1.643202,2851.75
1.640639,2852.0
1.640639,2852.25
1.638077,2852.5
1.636796,2852.75
1.636796,2853.0
1.634233,2853.25
1.631671,2853.5
1.630389,2853.75
1.626546,2854.0
1.625264,2854.25
1.625264,2854.5
1.622702,2854.75
1.621421,2855.0
1.621421,2855.25
1.622702,2855.5
1.621421,2855.75
1.620139,2856.0
1.620139,2856.25
1.620139,2856.5
1.621421,2856.75
1.621421,2857.0
1.620139,2857.25
1.616296,2857.5
1.617577,2857.75
1.618858,2858.0
1.617577,2858.25
1.618858,2858.5
1.615014,2858.75
1.617577,2859.0
1.615014,2859.25
1.613733,2859.5
1.611171,2859.75
1.611171,2860.0
1.602202,2860.25
1.617577,2860.5
1.615014,2860.75
1.623983,2861.0
1.622702,2861.25
1.621421,2861.5
1.618858,2861.75
1.615014,2862.0
1.612452,2862.25
1.609889,2862.5
1.608608,2862.75
1.604764,2863.0
1.608608,2863.25
1.607327,2863.5
1.609889,2863.75
1.608608,2864.0
1.604764,2864.25
1.602202,2864.5
1.598358,2864.75
1.594514,2865.0
1.594514,2865.25
1.591952,2865.5
1.588108,2865.75
1.585545,2866.0
1.582983,2866.25
1.584264,2866.5
1.576577,2866.75
1.566327,2867.0
1.565045,2867.25
1.563764,2867.5
1.562483,2867.75
1.561202,2868.0
1.562483,2868.25
1.562483,2868.5
1.561202,2868.75
1.561202,2869.0
1.561202,2869.25
1.55992,2869.5
1.556077,2869.75
1.558639,2870.0
1.553514,2870.25
1.552233,2870.5
1.550952,2870.75
1.548389,2871.0
1.548389,2871.25
1.544545,2871.5
1.544545,2871.75
1.541983,2872.0
1.541983,2872.25
1.545827,2872.5
1.545827,2872.75
1.548389,2873.0
1.548389,2873.25
1.544545,2873.5
1.541983,2873.75
1.541983,2874.0
1.540702,2874.25
1.535577,2874.5
1.535577,2874.75
1.531733,2875.0
1.52917,2875.25
1.52917,2875.5
1.527889,2875.75
1.52917,2876.0
1.526608,2876.25
1.522764,2876.5
1.522764,2876.75
1.522764,2877.0
1.51892,2877.25
1.520201,2877.5
1.517639,2877.75
1.517639,2878.0
1.520201,2878.25
1.516358,2878.5
1.512514,2878.75
1.512514,2879.0
1.509951,2879.25
1.509951,2879.5
1.511233,2879.75
1.511233,2880.0
1.511233,2880.25
1.50867,2880.5
1.50867,2880.75
1.50867,2881.0
1.507389,2881.25
1.504826,2881.5
1.503545,2881.75
1.500983,2882.0
1.500983,2882.25
1.49842,2882.5
1.495858,2882.75
1.493295,2883.0
1.494576,2883.25
1.495858,2883.5
1.494576,2883.75
1.497139,2884.0
1.493295,2884.25
1.493295,2884.5
1.492014,2884.75
1.494576,2885.0
1.494576,2885.25
1.494576,2885.5
1.490733,2885.75
1.490733,2886.0
1.48817,2886.25
1.489451,2886.5
1.486889,2886.75
1.485608,2887.0
1.484326,2887.25
1.481764,2887.5
1.481764,2887.75
1.480483,2888.0
1.476639,2888.25
1.475358,2888.5
1.472795,2888.75
1.472795,2889.0
1.472795,2889.25
1.470233,2889.5
1.468951,2889.75
1.46767,2890.0
1.466389,2890.25
1.465108,2890.5
1.466389,2890.75
1.465108,2891.0
1.463826,2891.25
1.463826,2891.5
1.463826,2891.75
1.462545,2892.0
1.459983,2892.25
1.459983,2892.5
1.45742,2892.75
1.45742,2893.0
1.456139,2893.25
1.458701,2893.5
1.45742,2893.75
1.456139,2894.0
1.454858,2894.25
1.456139,2894.5
1.459983,2894.75
1.463826,2895.0
1.472795,2895.25
1.47792,2895.5
1.485608,2895.75
1.481764,2896.0
1.47792,2896.25
1.474076,2896.5
1.471514,2896.75
1.46767,2897.0
1.465108,2897.25
1.462545,2897.5
1.458701,2897.75
1.453576,2898.0
1.449733,2898.25
1.445889,2898.5
1.445889,2898.75
1.443326,2899.0
1.442045,2899.25
1.442045,2899.5
1.440764,2899.75
1.439482,2900.0
1.439482,2900.25
1.43692,2900.5
1.43692,2900.75
1.431795,2901.0
1.452096,2901.25
1.453377,2901.5
1.454658,2901.75
1.45594,2902.0
1.458502,2902.25
1.461064,2902.5
1.459783,2902.75
1.45594,2903.0
1.452096,2903.25
1.449533,2903.5
1.448252,2903.75
1.462346,2904.0
1.458502,2904.25
1.467471,2904.5
1.461064,2904.75
1.462346,2905.0
1.458502,2905.25
1.457221,2905.5
1.462346,2905.75
1.472596,2906.0
1.487971,2906.25
1.505908,2906.5
1.526408,2906.75
1.546908,2907.0
1.567409,2907.25
1.608409,2907.5
1.676315,2907.75
1.744222,2908.0
1.751909,2908.25
1.744222,2908.5
1.730128,2908.75
1.759597,2909.0
1.741659,2909.25
1.730128,2909.5
1.703221,2909.75
1.704503,2910.0
1.696815,2910.25
1.709628,2910.5
1.695534,2910.75
1.686565,2911.0
1.657096,2911.25
1.663503,2911.5
1.707065,2911.75
1.716034,2912.0
1.73269,2912.25
1.714753,2912.5
1.695534,2912.75
1.634034,2913.0
1.627627,2913.25
1.646846,2913.5
1.61994,2913.75
1.623784,2914.0
1.63019,2914.25
1.648128,2914.5
1.644284,2914.75
1.636596,2915.0
1.627627,2915.25
1.61994,2915.5
1.613534,2915.75
1.612252,2916.0
1.612252,2916.25
1.616096,2916.5
1.598159,2916.75
1.581502,2917.0
1.580221,2917.25
1.572534,2917.5
1.567409,2917.75
1.55844,2918.0
1.550752,2918.25
1.590471,2918.5
1.613534,2918.75
1.59944,2919.0
1.580221,2919.25
1.587909,2919.5
1.616096,2919.75
1.637878,2920.0
1.653253,2920.25
1.643003,2920.5
1.63019,2920.75
1.61994,2921.0
1.610971,2921.25
1.616096,2921.5
1.616096,2921.75
1.658378,2922.0
1.695534,2922.25
1.68144,2922.5
1.61994,2922.75
1.603284,2923.0
1.617378,2923.25
1.59944,2923.5
1.580221,2923.75
1.582784,2924.0
1.575096,2924.25
1.575096,2924.5
1.56869,2924.75
1.566127,2925.0
1.561002,2925.25
1.557159,2925.5
1.555877,2925.75
1.555877,2926.0
1.55844,2926.25
1.562284,2926.5
1.616096,2926.75
1.710909,2927.0
1.754472,2927.25
1.678878,2927.5
1.678878,2927.75
1.664784,2928.0
1.657096,2928.25
1.637878,2928.5
1.64044,2928.75
1.64044,2929.0
1.636596,2929.25
1.637878,2929.5
1.626346,2929.75
1.627627,2930.0
1.612252,2930.25
1.586627,2930.5
1.627627,2930.75
1.651971,2931.0
1.627627,2931.25
1.573815,2931.5
1.586627,2931.75
1.549471,2932.0
1.545627,2932.25
1.575096,2932.5
1.605846,2932.75
1.593034,2933.0
1.390596,2933.25
1.080532,2933.5
1.124095,2933.75
1.338064,2934.0
1.818534,2934.25
1.74294,2934.5
1.851847,2934.75
1.836472,2935.0
1.80444,2935.25
1.786503,2935.5
1.759597,2935.75
1.745503,2936.0
1.739097,2936.25
1.726284,2936.5
1.718597,2936.75
1.721159,2937.0
1.716034,2937.25
1.707065,2937.5
1.699378,2937.75
1.695534,2938.0
1.690409,2938.25
1.685284,2938.5
1.677596,2938.75
1.666065,2939.0
1.662221,2939.25
1.655815,2939.5
1.65069,2939.75
1.648128,2940.0
1.645565,2940.25
1.645565,2940.5
1.646846,2940.75
1.643003,2941.0
1.649409,2941.25
1.643003,2941.5
1.636596,2941.75
1.63019,2942.0
1.625065,2942.25
1.621221,2942.5
1.617378,2942.75
1.614815,2943.0
1.610971,2943.25
1.607127,2943.5
1.605846,2943.75
1.604565,2944.0
1.59944,2944.25
1.59944,2944.5
1.594315,2944.75
1.591752,2945.0
1.590471,2945.25
1.587909,2945.5
1.585346,2945.75
1.584065,2946.0
1.587909,2946.25
1.595596,2946.5
1.593034,2946.75
1.587909,2947.0
1.581502,2947.25
1.575096,2947.5
1.573815,2947.75
1.572534,2948.0
1.569971,2948.25
1.567409,2948.5
1.564846,2948.75
1.564846,2949.0
1.562284,2949.25
1.559721,2949.5
1.557159,2949.75
1.555877,2950.0
1.554596,2950.25
1.554596,2950.5
1.549471,2950.75
1.549471,2951.0
1.546908,2951.25
1.545627,2951.5
1.54819,2951.75
1.539221,2952.0
1.543065,2952.25
1.541783,2952.5
1.540502,2952.75
1.540502,2953.0
1.53794,2953.25
1.534096,2953.5
1.532815,2953.75
1.52769,2954.0
1.521283,2954.25
1.518721,2954.5
1.518721,2954.75
1.516158,2955.0
1.514877,2955.25
1.513596,2955.5
1.512315,2955.75
1.508471,2956.0
1.504627,2956.25
1.503346,2956.5
1.502065,2956.75
1.502065,2957.0
1.500783,2957.25
1.499502,2957.5
1.49694,2957.75
1.499502,2958.0
1.499502,2958.25
1.500783,2958.5
1.493096,2958.75
1.490533,2959.0
1.491815,2959.25
1.493096,2959.5
1.491815,2959.75
1.491815,2960.0
1.489252,2960.25
1.489252,2960.5
1.487971,2960.75
1.48669,2961.0
1.48669,2961.25
1.487971,2961.5
1.491815,2961.75
1.494377,2962.0
1.494377,2962.25
1.493096,2962.5
1.490533,2962.75
1.489252,2963.0
1.487971,2963.25
1.489252,2963.5
1.482846,2963.75
1.479002,2964.0
1.47644,2964.25
1.47644,2964.5
1.475158,2964.75
1.472596,2965.0
1.471315,2965.25
1.468752,2965.5
1.46619,2965.75
1.464908,2966.0
1.462346,2966.25
1.462346,2966.5
1.459783,2966.75
1.458502,2967.0
1.45594,2967.25
1.453377,2967.5
1.453377,2967.75
1.453377,2968.0
1.452096,2968.25
1.450814,2968.5
1.449533,2968.75
1.449533,2969.0
1.446971,2969.25
1.445689,2969.5
1.444408,2969.75
1.444408,2970.0
1.441846,2970.25
1.440564,2970.5
1.439283,2970.75
1.441846,2971.0
1.443127,2971.25
1.439283,2971.5
1.438002,2971.75
1.436721,2972.0
1.434158,2972.25
1.432877,2972.5
1.429033,2972.75
1.427752,2973.0
1.426471,2973.25
1.423908,2973.5
1.423908,2973.75
1.421346,2974.0
1.421346,2974.25
1.418783,2974.5
1.418783,2974.75
1.417502,2975.0
1.416221,2975.25
1.416221,2975.5
1.413658,2975.75
1.413658,2976.0
1.412377,2976.25
1.413658,2976.5
1.418783,2976.75
1.416221,2977.0
1.413658,2977.25
1.411096,2977.5
1.409814,2977.75
1.417502,2978.0
1.421346,2978.25
1.421346,2978.5
1.418783,2978.75
1.417502,2979.0
1.416221,2979.25
1.414939,2979.5
1.409814,2979.75
1.408533,2980.0
1.405971,2980.25
1.403408,2980.5
1.400846,2980.75
1.400846,2981.0
1.399564,2981.25
1.398283,2981.5
1.397002,2981.75
1.397002,2982.0
1.395721,2982.25
1.393158,2982.5
1.393158,2982.75
1.395721,2983.0
1.394439,2983.25
1.394439,2983.5
1.394439,2983.75
1.393158,2984.0
1.391877,2984.25
1.390596,2984.5
1.390596,2984.75
1.405971,2985.0
1.404689,2985.25
1.400846,2985.5
1.402127,2985.75
1.397002,2986.0
1.390596,2986.25
1.390596,2986.5
1.386752,2986.75
1.384189,2987.0
1.384189,2987.25
1.382908,2987.5
1.381627,2987.75
1.380345,2988.0
1.380345,2988.25
1.377783,2988.5
1.380345,2988.75
1.381627,2989.0
1.381627,2989.25
1.380345,2989.5
1.379064,2989.75
1.377783,2990.0
1.377783,2990.25
1.377783,2990.5
1.375221,2990.75
1.376502,2991.0
1.373939,2991.25
1.372658,2991.5
1.373939,2991.75
1.373939,2992.0
1.376502,2992.25
1.373939,2992.5
1.371377,2992.75
1.371377,2993.0
1.368814,2993.25
1.367533,2993.5
1.366252,2993.75
1.366252,2994.0
1.363689,2994.25
1.362408,2994.5
1.362408,2994.75
1.359845,2995.0
1.358564,2995.25
1.358564,2995.5
1.357283,2995.75
1.356002,2996.0
1.35472,2996.25
1.35472,2996.5
1.353439,2996.75
1.350877,2997.0
1.348314,2997.25
1.349595,2997.5
1.347033,2997.75
1.348314,2998.0
1.349595,2998.25
1.350877,2998.5
1.348314,2998.75
1.345752,2999.0
1.348314,2999.25
1.347033,2999.5
1.34447,2999.75
1.343189,3000.0
1.340627,3000.25
1.340627,3000.5
1.338064,3000.75
1.336783,3001.0
1.336783,3001.25
1.336783,3001.5
1.339345,3001.75
1.338064,3002.0
1.338064,3002.25
1.336783,3002.5
1.335502,3002.75
1.336783,3003.0
1.332939,3003.25
1.331658,3003.5
1.331658,3003.75
1.330377,3004.0
1.329095,3004.25
1.326533,3004.5
1.326533,3004.75
1.326533,3005.0
1.322689,3005.25
1.322689,3005.5
1.322689,3005.75
1.320127,3006.0
1.317564,3006.25
1.320127,3006.5
1.320127,3006.75
1.321408,3007.0
1.318845,3007.25
1.320127,3007.5
1.318845,3007.75
1.316283,3008.0
1.31372,3008.25
1.31372,3008.5
1.31372,3008.75
1.312439,3009.0
1.311158,3009.25
1.309877,3009.5
1.309877,3009.75
1.312439,3010.0
1.311158,3010.25
1.312439,3010.5
1.311158,3010.75
1.308595,3011.0
1.308595,3011.25
1.307314,3011.5
1.306033,3011.75
1.304752,3012.0
1.304752,3012.25
1.30347,3012.5
1.302189,3012.75
1.300908,3013.0
1.300908,3013.25
1.299626,3013.5
1.298345,3013.75
1.298345,3014.0
1.297064,3014.25
1.297064,3014.5
1.294502,3014.75
1.294502,3015.0
1.294502,3015.25
1.29322,3015.5
1.294502,3015.75
1.291939,3016.0
1.291939,3016.25
1.289376,3016.5
1.288095,3016.75
1.285533,3017.0
1.285533,3017.25
1.284251,3017.5
1.284251,3017.75
1.284251,3018.0
1.279126,3018.25
1.281689,3018.5
1.280408,3018.75
1.279126,3019.0
1.279126,3019.25
1.277845,3019.5
1.276564,3019.75
1.276564,3020.0
1.274001,3020.25
1.275283,3020.5
1.274001,3020.75
1.271439,3021.0
1.271439,3021.25
1.271439,3021.5
1.267595,3021.75
1.267595,3022.0
1.266314,3022.25
1.263751,3022.5
1.263751,3022.75
1.26247,3023.0
1.261189,3023.25
1.26247,3023.5
1.258626,3023.75
1.258626,3024.0
1.257345,3024.25
1.258626,3024.5
1.256064,3024.75
1.256064,3025.0
1.253501,3025.25
1.254783,3025.5
1.25222,3025.75
1.25222,3026.0
1.250939,3026.25
1.248376,3026.5
1.248376,3026.75
1.248376,3027.0
1.245814,3027.25
1.245814,3027.5
1.245814,3027.75
1.243251,3028.0
1.24197,3028.25
1.240689,3028.5
1.239408,3028.75
1.239408,3029.0
1.238126,3029.25
1.239408,3029.5
1.240689,3029.75
1.240689,3030.0
1.239408,3030.25
1.239408,3030.5
1.236845,3030.75
1.235564,3031.0
1.235564,3031.25
1.234283,3031.5
1.23172,3031.75
1.23172,3032.0
1.233001,3032.25
1.23172,3032.5
1.233001,3032.75
1.233001,3033.0
1.230439,3033.25
1.23172,3033.5
1.230439,3033.75
1.227876,3034.0
1.227876,3034.25
1.226595,3034.5
1.224033,3034.75
1.225314,3035.0
1.226595,3035.25
1.224033,3035.5
1.224033,3035.75
1.22147,3036.0
1.22147,3036.25
1.220189,3036.5
1.217626,3036.75
1.216345,3037.0
1.216345,3037.25
1.215064,3037.5
1.216345,3037.75
1.213783,3038.0
1.213783,3038.25
1.21122,3038.5
1.213783,3038.75
1.212501,3039.0
1.212501,3039.25
1.209939,3039.5
1.209939,3039.75
1.207376,3040.0
1.209939,3040.25
1.208658,3040.5
1.207376,3040.75
1.209939,3041.0
1.206095,3041.25
1.206095,3041.5
1.204814,3041.75
1.204814,3042.0
1.21122,3042.25
1.215064,3042.5
1.213783,3042.75
1.21122,3043.0
1.212501,3043.25
1.207376,3043.5
1.208658,3043.75
1.208658,3044.0
1.207376,3044.25
1.204814,3044.5
1.20097,3044.75
1.199689,3045.0
1.199689,3045.25
1.202251,3045.5
1.198407,3045.75
1.199689,3046.0
1.197126,3046.25
1.195845,3046.5
1.194564,3046.75
1.193282,3047.0
1.192001,3047.25
1.192001,3047.5
1.19072,3047.75
1.193282,3048.0
1.193282,3048.25
1.194564,3048.5
1.193282,3048.75
1.192001,3049.0
1.192001,3049.25
1.193282,3049.5
1.192001,3049.75
1.189439,3050.0
1.186876,3050.25
1.186876,3050.5
1.185595,3050.75
1.184314,3051.0
1.184314,3051.25
1.185595,3051.5
1.183032,3051.75
1.183032,3052.0
1.181751,3052.25
1.18047,3052.5
1.179189,3052.75
1.177907,3053.0
1.177907,3053.25
1.175345,3053.5
1.175345,3053.75
1.175345,3054.0
1.175345,3054.25
1.171501,3054.5
1.171501,3054.75
1.17022,3055.0
1.168939,3055.25
1.168939,3055.5
1.168939,3055.75
1.165095,3056.0
1.167657,3056.25
1.166376,3056.5
1.166376,3056.75
1.165095,3057.0
1.163814,3057.25
1.163814,3057.5
1.163814,3057.75
1.161251,3058.0
1.161251,3058.25
1.158689,3058.5
1.157407,3058.75
1.157407,3059.0
1.156126,3059.25
1.154845,3059.5
1.154845,3059.75
1.154845,3060.0
1.154845,3060.25
1.152282,3060.5
1.152282,3060.75
1.151001,3061.0
1.151001,3061.25
1.14972,3061.5
1.14972,3061.75
1.153564,3062.0
1.156126,3062.25
1.157407,3062.5
1.152282,3062.75
1.151001,3063.0
1.151001,3063.25
1.14972,3063.5
1.148439,3063.75
1.148439,3064.0
1.147157,3064.25
1.144595,3064.5
1.145876,3064.75
1.143314,3065.0
1.143314,3065.25
1.142032,3065.5
1.142032,3065.75
1.140751,3066.0
1.138188,3066.25
1.138188,3066.5
1.138188,3066.75
1.136907,3067.0
1.136907,3067.25
1.138188,3067.5
1.135626,3067.75
1.135626,3068.0
1.135626,3068.25
1.133064,3068.5
1.133064,3068.75
1.131782,3069.0
1.130501,3069.25
1.12922,3069.5
1.133064,3069.75
1.130501,3070.0
1.12922,3070.25
1.12922,3070.5
1.127939,3070.75
1.127939,3071.0
1.127939,3071.25
1.124095,3071.5
1.124095,3071.75
1.125376,3072.0
1.125376,3072.25
1.124095,3072.5
1.124095,3072.75
1.124095,3073.0
1.124095,3073.25
1.124095,3073.5
1.122813,3073.75
1.124095,3074.0
1.120251,3074.25
1.121532,3074.5
1.11897,3074.75
1.127939,3075.0
1.120251,3075.25
1.125376,3075.5
1.145876,3075.75
1.144595,3076.0
1.153564,3076.25
1.148439,3076.5
1.148439,3076.75
1.168939,3077.0
1.162532,3077.25
1.163814,3077.5
1.163814,3077.75
1.15997,3078.0
1.153564,3078.25
1.148439,3078.5
1.144595,3078.75
1.143314,3079.0
1.144595,3079.25
1.147157,3079.5
1.14972,3079.75
1.147157,3080.0
1.145876,3080.25
1.145876,3080.5
1.145876,3080.75
1.143314,3081.0
1.143314,3081.25
1.142032,3081.5
1.142032,3081.75
1.13947,3082.0
1.138188,3082.25
1.135626,3082.5
1.134345,3082.75
1.131782,3083.0
1.131782,3083.25
1.130501,3083.5
1.130501,3083.75
1.133064,3084.0
1.133064,3084.25
1.133064,3084.5
1.130501,3084.75
1.130501,3085.0
1.130501,3085.25
1.127939,3085.5
1.127939,3085.75
1.125376,3086.0
1.125376,3086.25
1.122813,3086.5
1.122813,3086.75
1.124095,3087.0
1.125376,3087.25
1.122813,3087.5
1.121532,3087.75
1.121532,3088.0
1.120251,3088.25
1.120251,3088.5
1.120251,3088.75
1.117688,3089.0
1.117688,3089.25
1.11897,3089.5
1.115126,3089.75
1.116407,3090.0
1.117688,3090.25
1.116407,3090.5
1.124095,3090.75
1.122813,3091.0
1.11897,3091.25
1.121532,3091.5
1.117688,3091.75
1.116407,3092.0
1.116407,3092.25
1.110001,3092.5
1.10872,3092.75
1.10872,3093.0
1.110001,3093.25
1.10872,3093.5
1.10872,3093.75
1.107438,3094.0
1.104876,3094.25
1.104876,3094.5
1.103595,3094.75
1.106157,3095.0
1.102313,3095.25
1.103595,3095.5
1.103595,3095.75
1.101032,3096.0
1.102313,3096.25
1.103595,3096.5
1.101032,3096.75
1.101032,3097.0
1.099751,3097.25
1.09847,3097.5
1.09847,3097.75
1.09847,3098.0
1.097188,3098.25
1.09847,3098.5
1.09847,3098.75
1.094626,3099.0
1.097188,3099.25
1.093345,3099.5
1.092063,3099.75
1.090782,3100.0
1.090782,3100.25
1.090782,3100.5
1.089501,3100.75
1.08822,3101.0
1.08822,3101.25
1.08822,3101.5
1.086938,3101.75
1.08822,3102.0
1.084376,3102.25
1.083095,3102.5
1.081813,3102.75
1.081813,3103.0
1.081813,3103.25
1.081813,3103.5
1.083095,3103.75
1.080532,3104.0
1.080532,3104.25
1.079251,3104.5
1.07797,3104.75
1.07797,3105.0
1.076688,3105.25
1.076688,3105.5
1.075407,3105.75
1.076688,3106.0
1.075407,3106.25
1.075407,3106.5
1.076688,3106.75
1.075407,3107.0
1.074126,3107.25
1.074126,3107.5
1.071563,3107.75
1.071563,3108.0
1.070282,3108.25
1.070282,3108.5
1.06772,3108.75
1.06772,3109.0
1.069001,3109.25
1.069001,3109.5
1.066438,3109.75
1.065157,3110.0
1.065157,3110.25
1.065157,3110.5
1.065157,3110.75
1.065157,3111.0
1.062595,3111.25
1.062595,3111.5
1.063876,3111.75
1.062595,3112.0
1.062595,3112.25
1.061313,3112.5
1.061313,3112.75
1.060032,3113.0
1.060032,3113.25
1.061313,3113.5
1.060032,3113.75
1.058751,3114.0
1.060032,3114.25
1.056188,3114.5
1.063876,3114.75
1.063876,3115.0
1.066438,3115.25
1.069001,3115.5
1.06772,3115.75
1.06772,3116.0
1.066438,3116.25
1.06772,3116.5
1.06772,3116.75
1.06772,3117.0
1.063876,3117.25
1.065157,3117.5
1.061313,3117.75
1.062595,3118.0
1.060032,3118.25
1.058751,3118.5
1.057469,3118.75
1.056188,3119.0
1.054907,3119.25
1.054907,3119.5
1.053626,3119.75
1.052345,3120.0
1.049782,3120.25
1.049782,3120.5
1.04722,3120.75
1.049782,3121.0
1.04722,3121.25
1.045938,3121.5
1.045938,3121.75
1.044657,3122.0
1.042094,3122.25
1.042094,3122.5
1.042094,3122.75
1.042094,3123.0
1.040813,3123.25
1.040813,3123.5
1.039532,3123.75
1.038251,3124.0
1.038251,3124.25
1.036969,3124.5
1.035688,3124.75
1.036969,3125.0
1.034407,3125.25
1.034407,3125.5
1.033126,3125.75
1.030563,3126.0
1.031844,3126.25
1.031844,3126.5
1.022876,3126.75
1.034407,3127.0
1.029282,3127.25
1.025438,3127.5
1.024157,3127.75
1.021594,3128.0
1.020313,3128.25
1.020313,3128.5
1.020313,3128.75
1.020313,3129.0
1.017751,3129.25
1.019032,3129.5
1.019032,3129.75
1.017751,3130.0
1.021594,3130.25
1.017751,3130.5
1.017751,3130.75
1.012626,3131.0
1.012626,3131.25
1.013907,3131.5
1.010063,3131.75
1.010063,3132.0
1.010063,3132.25
1.008782,3132.5
1.007501,3132.75
1.006219,3133.0
1.006219,3133.25
1.008782,3133.5
1.006219,3133.75
1.007501,3134.0
1.004938,3134.25
1.003657,3134.5
1.003657,3134.75
1.003657,3135.0
1.002376,3135.25
1.001094,3135.5
0.997251,3135.75
0.999813,3136.0
1.001094,3136.25
0.998532,3136.5
0.999813,3136.75
0.997251,3137.0
0.997251,3137.25
0.995969,3137.5
0.997251,3137.75
0.993407,3138.0
0.993407,3138.25
0.995969,3138.5
0.993407,3138.75
0.993407,3139.0
0.990844,3139.25
0.990844,3139.5
0.992126,3139.75
0.993407,3140.0
0.989563,3140.25
0.990844,3140.5
0.988282,3140.75
0.988282,3141.0
0.987001,3141.25
0.985719,3141.5
0.984438,3141.75
0.981876,3142.0
0.984438,3142.25
0.981876,3142.5
0.981876,3142.75
0.979313,3143.0
0.979313,3143.25
0.978032,3143.5
0.978032,3143.75
0.978032,3144.0
0.978032,3144.25
0.980594,3144.5
0.979313,3144.75
0.979313,3145.0
0.978032,3145.25
0.975469,3145.5
0.975469,3145.75
0.975469,3146.0
0.974188,3146.25
0.974188,3146.5
0.972907,3146.75
0.972907,3147.0
0.974188,3147.25
0.970344,3147.5
0.970344,3147.75
0.971626,3148.0
0.970344,3148.25
0.967782,3148.5
0.970344,3148.75
0.969063,3149.0
0.966501,3149.25
0.966501,3149.5
0.965219,3149.75
0.965219,3150.0
0.962657,3150.25
0.963938,3150.5
0.963938,3150.75
0.960094,3151.0
0.962657,3151.25
0.962657,3151.5
0.960094,3151.75
0.958813,3152.0
0.958813,3152.25
0.957532,3152.5
0.958813,3152.75
0.95625,3153.0
0.95625,3153.25
0.957532,3153.5
0.95625,3153.75
0.95625,3154.0
0.957532,3154.25
0.957532,3154.5
0.954969,3154.75
0.954969,3155.0
0.954969,3155.25
0.954969,3155.5
0.952407,3155.75
0.952407,3156.0
0.953688,3156.25
0.953688,3156.5
0.949844,3156.75
0.949844,3157.0
0.948563,3157.25
0.947282,3157.5
0.949844,3157.75
0.949844,3158.0
0.952407,3158.25
0.954969,3158.5
0.958813,3158.75
0.957532,3159.0
0.95625,3159.25
0.952407,3159.5
0.953688,3159.75
0.954969,3160.0
0.951125,3160.25
0.95625,3160.5
0.958813,3160.75
0.960094,3161.0
0.948563,3161.25
0.943438,3161.5
0.972808,3161.75
1.020214,3162.0
1.013808,3162.25
1.008683,3162.5
1.000995,3162.75
0.992027,3163.0
0.989464,3163.25
0.986901,3163.5
0.988183,3163.75
0.99587,3164.0
0.993308,3164.25
0.98562,3164.5
0.984339,3164.75
0.981776,3165.0
0.976651,3165.25
0.976651,3165.5
0.981776,3165.75
0.984339,3166.0
0.980495,3166.25
0.980495,3166.5
0.980495,3166.75
0.971526,3167.0
0.967683,3167.25
0.968964,3167.5
0.971526,3167.75
0.972808,3168.0
0.970245,3168.25
0.970245,3168.5
0.970245,3168.75
0.980495,3169.0
0.977933,3169.25
0.974089,3169.5
0.971526,3169.75
0.971526,3170.0
0.971526,3170.25
0.971526,3170.5
0.968964,3170.75
0.966401,3171.0
0.977933,3171.25
0.979214,3171.5
0.970245,3171.75
0.963839,3172.0
0.962558,3172.25
0.957433,3172.5
0.962558,3172.75
0.962558,3173.0
0.961276,3173.25
0.961276,3173.5
0.961276,3173.75
0.956151,3174.0
0.958714,3174.25
0.961276,3174.5
0.956151,3174.75
0.952308,3175.0
0.947183,3175.25
0.948464,3175.5
0.947183,3175.75
0.948464,3176.0
0.948464,3176.25
0.947183,3176.5
0.94462,3176.75
0.940776,3177.0
0.939495,3177.25
0.94462,3177.5
0.938214,3177.75
0.940776,3178.0
0.942058,3178.25
0.942058,3178.5
0.947183,3178.75
0.949745,3179.0
0.947183,3179.25
0.947183,3179.5
0.947183,3179.75
0.943339,3180.0
0.942058,3180.25
0.942058,3180.5
0.940776,3180.75
0.940776,3181.0
0.940776,3181.25
0.939495,3181.5
0.940776,3181.75
0.942058,3182.0
0.942058,3182.25
0.943339,3182.5
0.942058,3182.75
0.943339,3183.0
0.939495,3183.25
0.939495,3183.5
0.939495,3183.75
0.933089,3184.0
0.933089,3184.25
0.933089,3184.5
0.931808,3184.75
0.931808,3185.0
0.931808,3185.25
0.930526,3185.5
0.930526,3185.75
0.929245,3186.0
0.931808,3186.25
0.931808,3186.5
0.930526,3186.75
0.930526,3187.0
0.930526,3187.25
0.929245,3187.5
0.927964,3187.75
0.929245,3188.0
0.927964,3188.25
0.930526,3188.5
0.927964,3188.75
0.929245,3189.0
0.929245,3189.25
0.929245,3189.5
0.927964,3189.75
0.927964,3190.0
0.927964,3190.25
0.927964,3190.5
0.927964,3190.75
0.925401,3191.0
0.926683,3191.25
0.925401,3191.5
0.92412,3191.75
0.922839,3192.0
0.922839,3192.25
0.920276,3192.5
0.918995,3192.75
0.916432,3193.0
0.916432,3193.25
0.915151,3193.5
0.91387,3193.75
0.91387,3194.0
0.91387,3194.25
0.91387,3194.5
0.912589,3194.75
0.908745,3195.0
0.90362,3195.25
0.898495,3195.5
0.898495,3195.75
0.901057,3196.0
0.910026,3196.25
0.915151,3196.5
0.918995,3196.75
0.918995,3197.0
0.920276,3197.25
0.920276,3197.5
0.921558,3197.75
0.921558,3198.0
0.922839,3198.25
0.921558,3198.5
0.921558,3198.75
0.920276,3199.0
0.920276,3199.25
0.920276,3199.5
0.918995,3199.75
0.918995,3200.0
0.915151,3200.25
0.916432,3200.5
0.918995,3200.75
0.917714,3201.0
0.918995,3201.25
0.916432,3201.5
0.917714,3201.75
0.916432,3202.0
0.915151,3202.25
0.916432,3202.5
0.918995,3202.75
0.918995,3203.0
0.911308,3203.25
0.908745,3203.5
0.90362,3203.75
0.901057,3204.0
0.901057,3204.25
0.899776,3204.5
0.897214,3204.75
0.898495,3205.0
0.899776,3205.25
0.902339,3205.5
0.901057,3205.75
0.901057,3206.0
0.898495,3206.25
0.898495,3206.5
0.897214,3206.75
0.897214,3207.0
0.897214,3207.25
0.897214,3207.5
0.897214,3207.75
0.894651,3208.0
0.895932,3208.25
0.894651,3208.5
0.894651,3208.75
0.89337,3209.0
0.89337,3209.25
0.892089,3209.5
0.892089,3209.75
0.890807,3210.0
0.890807,3210.25
0.890807,3210.5
0.888245,3210.75
0.889526,3211.0
0.889526,3211.25
0.886964,3211.5
0.888245,3211.75
0.886964,3212.0
0.886964,3212.25
0.885682,3212.5
0.884401,3212.75
0.885682,3213.0
0.885682,3213.25
0.884401,3213.5
0.88312,3213.75
0.884401,3214.0
0.884401,3214.25
0.881839,3214.5
0.88312,3214.75
0.881839,3215.0
0.881839,3215.25
0.881839,3215.5
0.881839,3215.75
0.881839,3216.0
0.880557,3216.25
0.881839,3216.5
0.880557,3216.75
0.876714,3217.0
0.877995,3217.25
0.876714,3217.5
0.874151,3217.75
0.875432,3218.0
0.875432,3218.25
0.874151,3218.5
0.87287,3218.75
0.87287,3219.0
0.871589,3219.25
0.871589,3219.5
0.871589,3219.75
0.870307,3220.0
0.871589,3220.25
0.871589,3220.5
0.869026,3220.75
0.867745,3221.0
0.867745,3221.25
0.867745,3221.5
0.869026,3221.75
0.869026,3222.0
0.867745,3222.25
0.866464,3222.5
0.867745,3222.75
0.866464,3223.0
0.866464,3223.25
0.863901,3223.5
0.865182,3223.75
0.863901,3224.0
0.863901,3224.25
0.86262,3224.5
0.86262,3224.75
0.86262,3225.0
0.86262,3225.25
0.861339,3225.5
0.861339,3225.75
0.860057,3226.0
0.860057,3226.25
0.860057,3226.5
0.858776,3226.75
0.858776,3227.0
0.857495,3227.25
0.860057,3227.5
0.857495,3227.75
0.857495,3228.0
0.856214,3228.25
0.856214,3228.5
0.857495,3228.75
0.854932,3229.0
0.854932,3229.25
0.853651,3229.5
0.854932,3229.75
0.853651,3230.0
0.854932,3230.25
0.853651,3230.5
0.853651,3230.75
0.85237,3231.0
0.85237,3231.25
0.851089,3231.5
0.849807,3231.75
0.849807,3232.0
0.851089,3232.25
0.851089,3232.5
0.849807,3232.75
0.849807,3233.0
0.849807,3233.25
0.848526,3233.5
0.848526,3233.75
0.848526,3234.0
0.847245,3234.25
0.847245,3234.5
0.845964,3234.75
0.845964,3235.0
0.845964,3235.25
0.844682,3235.5
0.845964,3235.75
0.844682,3236.0
0.844682,3236.25
0.84212,3236.5
0.843401,3236.75
0.84212,3237.0
0.84212,3237.25
0.84212,3237.5
0.840839,3237.75
0.84212,3238.0
0.840839,3238.25
0.840839,3238.5
0.840839,3238.75
0.84212,3239.0
0.839557,3239.25
0.839557,3239.5
0.838276,3239.75
0.838276,3240.0
0.838276,3240.25
0.840839,3240.5
0.838276,3240.75
0.836995,3241.0
0.839557,3241.25
0.836995,3241.5
0.834432,3241.75
0.835714,3242.0
0.834432,3242.25
0.833151,3242.5
0.833151,3242.75
0.833151,3243.0
0.833151,3243.25
0.83187,3243.5
0.83187,3243.75
0.83187,3244.0
0.83187,3244.25
0.829307,3244.5
0.830589,3244.75
0.83187,3245.0
0.829307,3245.25
0.829307,3245.5
0.829307,3245.75
0.830589,3246.0
0.830589,3246.25
0.829307,3246.5
0.829307,3246.75
0.830589,3247.0
0.83187,3247.25
0.830589,3247.5
0.833151,3247.75
0.830589,3248.0
0.830589,3248.25
0.829307,3248.5
0.830589,3248.75
0.830589,3249.0
0.829307,3249.25
0.826745,3249.5
0.828026,3249.75
0.826745,3250.0
0.828026,3250.25
0.829307,3250.5
0.828026,3250.75
0.829307,3251.0
0.829307,3251.25
0.828026,3251.5
0.829307,3251.75
0.828026,3252.0
0.828026,3252.25
0.826745,3252.5
0.825463,3252.75
0.824182,3253.0
0.825463,3253.25
0.825463,3253.5
0.824182,3253.75
0.82162,3254.0
0.822901,3254.25
0.825463,3254.5
0.824182,3254.75
0.822901,3255.0
0.822901,3255.25
0.824182,3255.5
0.822901,3255.75
0.824182,3256.0
0.822901,3256.25
0.82162,3256.5
0.82162,3256.75
0.82162,3257.0
0.82162,3257.25
0.82162,3257.5
0.82162,3257.75
0.82162,3258.0
0.82162,3258.25
0.82162,3258.5
0.822901,3258.75
0.822901,3259.0
0.822901,3259.25
0.82162,3259.5
0.82162,3259.75
0.82162,3260.0
0.82162,3260.25
0.822901,3260.5
0.822901,3260.75
0.82162,3261.0
0.82162,3261.25
0.824182,3261.5
0.822901,3261.75
0.822901,3262.0
0.82162,3262.25
0.822901,3262.5
0.824182,3262.75
0.824182,3263.0
0.826745,3263.25
0.826745,3263.5
0.826745,3263.75
0.825463,3264.0
0.824182,3264.25
0.824182,3264.5
0.824182,3264.75
0.822901,3265.0
0.82162,3265.25
0.824182,3265.5
0.824182,3265.75
0.822901,3266.0
0.822901,3266.25
0.82162,3266.5
0.82162,3266.75
0.82162,3267.0
0.820338,3267.25
0.819057,3267.5
0.819057,3267.75
0.819057,3268.0
0.819057,3268.25
0.816495,3268.5
0.817776,3268.75
0.819057,3269.0
0.819057,3269.25
0.819057,3269.5
0.819057,3269.75
0.817776,3270.0
0.817776,3270.25
0.816495,3270.5
0.817776,3270.75
0.816495,3271.0
0.81137,3271.25
0.813932,3271.5
0.816495,3271.75
0.817776,3272.0
0.817776,3272.25
0.820338,3272.5
0.820338,3272.75
0.82162,3273.0
0.820338,3273.25
0.820338,3273.5
0.815213,3273.75
0.813932,3274.0
0.816495,3274.25
0.808807,3274.5
0.804963,3274.75
0.803682,3275.0
0.816495,3275.25
0.812651,3275.5
0.80112,3275.75
0.797276,3276.0
0.799838,3276.25
0.804963,3276.5
0.81137,3276.75
0.812651,3277.0
0.812651,3277.25
0.812651,3277.5
0.815213,3277.75
0.816495,3278.0
0.812651,3278.25
0.813932,3278.5
0.813932,3278.75
0.813932,3279.0
0.815213,3279.25
0.813932,3279.5
0.813932,3279.75
0.81137,3280.0
0.812651,3280.25
0.810088,3280.5
0.81137,3280.75
0.807526,3281.0
0.806245,3281.25
0.804963,3281.5
0.803682,3281.75
0.802401,3282.0
0.797276,3282.25
0.794713,3282.5
0.794713,3282.75
0.794713,3283.0
0.795995,3283.25
0.795995,3283.5
0.797276,3283.75
0.785745,3284.0
0.787026,3284.25
0.781901,3284.5
0.781901,3284.75
0.783182,3285.0
0.803682,3285.25
0.798557,3285.5
0.797276,3285.75
0.793432,3286.0
0.793432,3286.25
0.787026,3286.5
0.785745,3286.75
0.783182,3287.0
0.783182,3287.25
0.784463,3287.5
0.784463,3287.75
0.781901,3288.0
0.78062,3288.25
0.779338,3288.5
0.783182,3288.75
0.798557,3289.0
0.795995,3289.25
0.79087,3289.5
0.79087,3289.75
0.787026,3290.0
0.787026,3290.25
0.775495,3290.5
0.775495,3290.75
0.775495,3291.0
0.771651,3291.25
0.763963,3291.5
0.763963,3291.75
0.761401,3292.0
0.761401,3292.25
0.763963,3292.5
0.757557,3292.75
0.748588,3293.0
0.744744,3293.25
0.743463,3293.5
0.742182,3293.75
0.784463,3294.0
0.763963,3294.25
0.76012,3294.5
0.757557,3294.75
0.753713,3295.0
0.756276,3295.25
0.756276,3295.5
0.754995,3295.75
0.753713,3296.0
0.766526,3296.25
0.772932,3296.5
0.771651,3296.75
0.751151,3297.0
0.746026,3297.25
0.738338,3297.5
0.735776,3297.75
0.733213,3298.0
0.733213,3298.25
0.735776,3298.5
0.735776,3298.75
0.737057,3299.0
0.739619,3299.25
0.740901,3299.5
0.740901,3299.75
0.740901,3300.0
0.746026,3300.25
0.737057,3300.5
0.742182,3300.75
0.740901,3301.0
0.740901,3301.25
0.740901,3301.5
0.740901,3301.75
0.739619,3302.0
0.737057,3302.25
0.738338,3302.5
0.738338,3302.75
0.738338,3303.0
0.738338,3303.25
0.737057,3303.5
0.742182,3303.75
0.757557,3304.0
0.753713,3304.25
0.743463,3304.5
0.751151,3304.75
0.74987,3305.0
0.756276,3305.25
0.752432,3305.5
0.681963,3305.75
0.679401,3306.0
0.730651,3306.25
0.748588,3306.5
0.738338,3306.75
0.725526,3307.0
0.728088,3307.25
0.726807,3307.5
0.728088,3307.75
0.735776,3308.0
0.747307,3308.25
0.739619,3308.5
0.746026,3308.75
0.737057,3309.0
0.738338,3309.25
0.743463,3309.5
0.739619,3309.75
0.739619,3310.0
0.740901,3310.25
0.742182,3310.5
0.742182,3310.75
0.742182,3311.0
0.742182,3311.25
0.740901,3311.5
0.740901,3311.75
0.740901,3312.0
0.740901,3312.25
0.739619,3312.5
0.739619,3312.75
0.737057,3313.0
0.735776,3313.25
0.734494,3313.5
0.734494,3313.75
0.731932,3314.0
0.734494,3314.25
0.733213,3314.5
0.734494,3314.75
0.733213,3315.0
0.731932,3315.25
0.730651,3315.5
0.731932,3315.75
0.733213,3316.0
0.733213,3316.25
0.733213,3316.5
0.733213,3316.75
0.730651,3317.0
0.731932,3317.25
0.731932,3317.5
0.731932,3317.75
0.730651,3318.0
0.731932,3318.25
0.731932,3318.5
0.729369,3318.75
0.729369,3319.0
0.729369,3319.25
0.729369,3319.5
0.739619,3319.75
0.747307,3320.0
0.748588,3320.25
0.744744,3320.5
0.742182,3320.75
0.743463,3321.0
0.744744,3321.25
0.747307,3321.5
0.747307,3321.75
0.756276,3322.0
0.756276,3322.25
0.757557,3322.5
0.757557,3322.75
0.756276,3323.0
0.758838,3323.25
0.757557,3323.5
0.758838,3323.75
0.76012,3324.0
0.758838,3324.25
0.76012,3324.5
0.761401,3324.75
0.76012,3325.0
0.76012,3325.25
0.758838,3325.5
0.76012,3325.75
0.762682,3326.0
0.761401,3326.25
0.763963,3326.5
0.765245,3326.75
0.762682,3327.0
0.762682,3327.25
0.761401,3327.5
0.762682,3327.75
0.761401,3328.0
0.763963,3328.25
0.763963,3328.5
0.763963,3328.75
0.758838,3329.0
0.758838,3329.25
0.757557,3329.5
0.758838,3329.75
0.756276,3330.0
0.756276,3330.25
0.754995,3330.5
0.754995,3330.75
0.757557,3331.0
0.76012,3331.25
0.762682,3331.5
0.761401,3331.75
0.761401,3332.0
0.766526,3332.25
0.765245,3332.5
0.765245,3332.75
0.765245,3333.0
0.763963,3333.25
0.765245,3333.5
0.763963,3333.75
0.763963,3334.0
0.763963,3334.25
0.762682,3334.5
0.763963,3334.75
0.763963,3335.0
0.762682,3335.25
0.762682,3335.5
0.765245,3335.75
0.762682,3336.0
0.762682,3336.25
0.762682,3336.5
0.763963,3336.75
0.762682,3337.0
0.762682,3337.25
0.76012,3337.5
0.762682,3337.75
0.762682,3338.0
0.758838,3338.25
0.76012,3338.5
0.76012,3338.75
0.758838,3339.0
0.758838,3339.25
0.757557,3339.5
0.76012,3339.75
0.758838,3340.0
0.758838,3340.25
0.758838,3340.5
0.758838,3340.75
0.757557,3341.0
0.757557,3341.25
0.757557,3341.5
0.756276,3341.75
0.756276,3342.0
0.756276,3342.25
0.754995,3342.5
0.754995,3342.75
0.753713,3343.0
0.754995,3343.25
0.754995,3343.5
0.752432,3343.75
0.754995,3344.0
0.754995,3344.25
0.753713,3344.5
0.751151,3344.75
0.753713,3345.0
0.752432,3345.25
0.753713,3345.5
0.753713,3345.75
0.752432,3346.0
0.753713,3346.25
0.751151,3346.5
0.753713,3346.75
0.751151,3347.0
0.751151,3347.25
0.752432,3347.5
0.752432,3347.75
0.753713,3348.0
0.751151,3348.25
0.751151,3348.5
0.751151,3348.75
0.751151,3349.0
0.751151,3349.25
0.74987,3349.5
0.748588,3349.75
0.74987,3350.0
0.747307,3350.25
0.747307,3350.5
0.747307,3350.75
0.747307,3351.0
0.748588,3351.25
0.746026,3351.5
0.747307,3351.75
0.746026,3352.0
0.747307,3352.25
0.746026,3352.5
0.747307,3352.75
0.744744,3353.0
0.746026,3353.25
0.742182,3353.5
0.744744,3353.75
0.746026,3354.0
0.743463,3354.25
0.746026,3354.5
0.744744,3354.75
0.743463,3355.0
0.746026,3355.25
0.744744,3355.5
0.743463,3355.75
0.744744,3356.0
0.743463,3356.25
0.743463,3356.5
0.744744,3356.75
0.743463,3357.0
0.743463,3357.25
0.743463,3357.5
0.743463,3357.75
0.743463,3358.0
0.743463,3358.25
0.743463,3358.5
0.742182,3358.75
0.743463,3359.0
0.742182,3359.25
0.743463,3359.5
0.740901,3359.75
0.740901,3360.0
0.739619,3360.25
0.739619,3360.5
0.739619,3360.75
0.739619,3361.0
0.739619,3361.25
0.739619,3361.5
0.738338,3361.75
0.738338,3362.0
0.738338,3362.25
0.735776,3362.5
0.739619,3362.75
0.738338,3363.0
0.737057,3363.25
0.737057,3363.5
0.737057,3363.75
0.734494,3364.0
0.735776,3364.25
0.735776,3364.5
0.735776,3364.75
0.735776,3365.0
0.735776,3365.25
0.735776,3365.5
0.737057,3365.75
0.735776,3366.0
0.734494,3366.25
0.734494,3366.5
0.733213,3366.75
0.733213,3367.0
0.735776,3367.25
0.734494,3367.5
0.734494,3367.75
0.734494,3368.0
0.733213,3368.25
0.733213,3368.5
0.733213,3368.75
0.733213,3369.0
0.731932,3369.25
0.733213,3369.5
0.733213,3369.75
0.731932,3370.0
0.733213,3370.25
0.733213,3370.5
0.731932,3370.75
0.731932,3371.0
0.731932,3371.25
0.730651,3371.5
0.730651,3371.75
0.730651,3372.0
0.730651,3372.25
0.730651,3372.5
0.730651,3372.75
0.730651,3373.0
0.729369,3373.25
0.729369,3373.5
0.729369,3373.75
0.728088,3374.0
0.728088,3374.25
0.728088,3374.5
0.726807,3374.75
0.728088,3375.0
0.728088,3375.25
0.726807,3375.5
0.726807,3375.75
0.728088,3376.0
0.726807,3376.25
0.726807,3376.5
0.726807,3376.75
0.726807,3377.0
0.726807,3377.25
0.728088,3377.5
0.726807,3377.75
0.724244,3378.0
0.724244,3378.25
0.722963,3378.5
0.725526,3378.75
0.725526,3379.0
0.724244,3379.25
0.724244,3379.5
0.722963,3379.75
0.722963,3380.0
0.722963,3380.25
0.722963,3380.5
0.724244,3380.75
0.722963,3381.0
0.722963,3381.25
0.724244,3381.5
0.722963,3381.75
0.721682,3382.0
0.721682,3382.25
0.721682,3382.5
0.721682,3382.75
0.721682,3383.0
0.719119,3383.25
0.720401,3383.5
0.719119,3383.75
0.719119,3384.0
0.720401,3384.25
0.717838,3384.5
0.719119,3384.75
0.720401,3385.0
0.719119,3385.25
0.720401,3385.5
0.717838,3385.75
0.717838,3386.0
0.719119,3386.25
0.717838,3386.5
0.717838,3386.75
0.721682,3387.0
0.719119,3387.25
0.719119,3387.5
0.716557,3387.75
0.715276,3388.0
0.712713,3388.25
0.711432,3388.5
0.711432,3388.75
0.711432,3389.0
0.711432,3389.25
0.710151,3389.5
0.712713,3389.75
0.710151,3390.0
0.710151,3390.25
0.710151,3390.5
0.708869,3390.75
0.708869,3391.0
0.708869,3391.25
0.708869,3391.5
0.708869,3391.75
0.708869,3392.0
0.703744,3392.25
0.698619,3392.5
0.692213,3392.75
0.687088,3393.0
0.683244,3393.25
0.679401,3393.5
0.676838,3393.75
0.675557,3394.0
0.672994,3394.25
0.672994,3394.5
0.671713,3394.75
0.670432,3395.0
0.678119,3395.25
0.675557,3395.5
0.684526,3395.75
0.685807,3396.0
0.687088,3396.25
0.687088,3396.5
0.703744,3396.75
0.708869,3397.0
0.703744,3397.25
0.698619,3397.5
0.698619,3397.75
0.698619,3398.0
0.698619,3398.25
0.694776,3398.5
0.689651,3398.75
0.685807,3399.0
0.674276,3399.25
0.670432,3399.5
0.667869,3399.75
0.667869,3400.0
0.665307,3400.25
0.662744,3400.5
0.664025,3400.75
0.665307,3401.0
0.664025,3401.25
0.661463,3401.5
0.667869,3401.75
0.702463,3402.0
0.699901,3402.25
0.692213,3402.5
0.683244,3402.75
0.674276,3403.0
0.670432,3403.25
0.669151,3403.5
0.667869,3403.75
0.666588,3404.0
0.662744,3404.25
0.661463,3404.5
0.664025,3404.75
0.660182,3405.0
0.6589,3405.25
0.6589,3405.5
0.660182,3405.75
0.6589,3406.0
0.660182,3406.25
0.657619,3406.5
0.664025,3406.75
0.664025,3407.0
0.662744,3407.25
0.662744,3407.5
0.674276,3407.75
0.665307,3408.0
0.661463,3408.25
0.660182,3408.5
0.657619,3408.75
0.657619,3409.0
0.653775,3409.25
0.649932,3409.5
0.649932,3409.75
0.651213,3410.0
0.64865,3410.25
0.64865,3410.5
0.644807,3410.75
0.643525,3411.0
0.642244,3411.25
0.642244,3411.5
0.642244,3411.75
0.642244,3412.0
0.640963,3412.25
0.6384,3412.5
0.637119,3412.75
0.634557,3413.0
0.633275,3413.25
0.634557,3413.5
0.633275,3413.75
0.633275,3414.0
0.633275,3414.25
0.631994,3414.5
0.631994,3414.75
0.631994,3415.0
0.631994,3415.25
0.633275,3415.5
0.630713,3415.75
0.631994,3416.0
0.633275,3416.25
0.633275,3416.5
0.634557,3416.75
0.637119,3417.0
0.640963,3417.25
0.635838,3417.5
0.630713,3417.75
0.630713,3418.0
0.634557,3418.25
0.633275,3418.5
0.634557,3418.75
0.6384,3419.0
0.637119,3419.25
0.639682,3419.5
0.6384,3419.75
0.639682,3420.0
0.640963,3420.25
0.640963,3420.5
0.639682,3420.75
0.6384,3421.0
0.635838,3421.25
0.637119,3421.5
0.635838,3421.75
0.630713,3422.0
0.631994,3422.25
0.631994,3422.5
0.633275,3422.75
0.635838,3423.0
0.635838,3423.25
0.635838,3423.5
0.635838,3423.75
0.633275,3424.0
0.633275,3424.25
0.630713,3424.5
0.629432,3424.75
0.626869,3425.0
0.624307,3425.25
0.623025,3425.5
0.625588,3425.75
0.623025,3426.0
0.624307,3426.25
0.624307,3426.5
0.623025,3426.75
0.623025,3427.0
0.621744,3427.25
0.621744,3427.5
0.623025,3427.75
0.621744,3428.0
0.621744,3428.25
0.621744,3428.5
0.621744,3428.75
0.620463,3429.0
0.620463,3429.25
0.619182,3429.5
0.6179,3429.75
0.616619,3430.0
0.615338,3430.25
0.615338,3430.5
0.615338,3430.75
0.615338,3431.0
0.614057,3431.25
0.615338,3431.5
0.614057,3431.75
0.612775,3432.0
0.610213,3432.25
0.615338,3432.5
0.614057,3432.75
0.612775,3433.0
0.616619,3433.25
0.616619,3433.5
0.6179,3433.75
0.619182,3434.0
0.6179,3434.25
0.616619,3434.5
0.6179,3434.75
0.616619,3435.0
0.616619,3435.25
0.6179,3435.5
0.615338,3435.75
0.615338,3436.0
0.614057,3436.25
0.612775,3436.5
0.619182,3436.75
0.629432,3437.0
0.630713,3437.25
0.629432,3437.5
0.623025,3437.75
0.621744,3438.0
0.619182,3438.25
0.6179,3438.5
0.62815,3438.75
0.626869,3439.0
0.625588,3439.25
0.624307,3439.5
0.629432,3439.75
0.623025,3440.0
0.619182,3440.25
0.620463,3440.5
0.6179,3440.75
0.606369,3441.0
0.598682,3441.25
0.593557,3441.5
0.649932,3441.75
0.703744,3442.0
0.678119,3442.25
0.657619,3442.5
0.640963,3442.75
0.630713,3443.0
0.633275,3443.25
0.62815,3443.5
0.623025,3443.75
0.642244,3444.0
0.644807,3444.25
0.64865,3444.5
0.649932,3444.75
0.660182,3445.0
0.665307,3445.25
0.653775,3445.5
0.64865,3445.75
0.639682,3446.0
0.6384,3446.25
0.642244,3446.5
0.6384,3446.75
0.637119,3447.0
0.634557,3447.25
0.634557,3447.5
0.630713,3447.75
0.62815,3448.0
0.629432,3448.25
0.62815,3448.5
0.626869,3448.75
0.623025,3449.0
0.623025,3449.25
0.621744,3449.5
0.623025,3449.75
0.620463,3450.0
0.621744,3450.25
0.621744,3450.5
0.625588,3450.75
0.624307,3451.0
0.626869,3451.25
0.623025,3451.5
0.623025,3451.75
0.623025,3452.0
0.623025,3452.25
0.623025,3452.5
0.621744,3452.75
0.624307,3453.0
0.623025,3453.25
0.623025,3453.5
0.621744,3453.75
0.623025,3454.0
0.620463,3454.25
0.621744,3454.5
0.620463,3454.75
0.619182,3455.0
0.621744,3455.25
0.620463,3455.5
0.621744,3455.75
0.621744,3456.0
0.619182,3456.25
0.619182,3456.5
0.620463,3456.75
0.619182,3457.0
0.619182,3457.25
0.619182,3457.5
0.6179,3457.75
0.6179,3458.0
0.616619,3458.25
0.619182,3458.5
0.6179,3458.75
0.615338,3459.0
0.615338,3459.25
0.615338,3459.5
0.612775,3459.75
0.614057,3460.0
0.615338,3460.25
0.614057,3460.5
0.614057,3460.75
0.614057,3461.0
0.615338,3461.25
0.615338,3461.5
0.615338,3461.75
0.612775,3462.0
0.612775,3462.25
0.615338,3462.5
0.612775,3462.75
0.612775,3463.0
0.612775,3463.25
0.612775,3463.5
0.610213,3463.75
0.611494,3464.0
0.611494,3464.25
0.611494,3464.5
0.610213,3464.75
0.610213,3465.0
0.615338,3465.25
0.612775,3465.5
0.610213,3465.75
0.611494,3466.0
0.610213,3466.25
0.608932,3466.5
0.611494,3466.75
0.610213,3467.0
0.611494,3467.25
0.608932,3467.5
0.610213,3467.75
0.610213,3468.0
0.610213,3468.25
0.60765,3468.5
0.605088,3468.75
0.605088,3469.0
0.601244,3469.25
0.601244,3469.5
0.601244,3469.75
0.601244,3470.0
0.5974,3470.25
0.602525,3470.5
0.601244,3470.75
0.601244,3471.0
0.602525,3471.25
0.606369,3471.5
0.606369,3471.75
0.605088,3472.0
0.6384,3472.25
0.701182,3472.5
0.626869,3472.75
0.611494,3473.0
0.611494,3473.25
0.62815,3473.5
0.635838,3473.75
0.634557,3474.0
0.633275,3474.25
0.633275,3474.5
0.6384,3474.75
0.640963,3475.0
0.644807,3475.25
0.639682,3475.5
0.621744,3475.75
0.624307,3476.0
0.6179,3476.25
0.615338,3476.5
0.616619,3476.75
0.602525,3477.0
0.602525,3477.25
0.611494,3477.5
0.615338,3477.75
0.602525,3478.0
0.598682,3478.25
0.589713,3478.5
0.623025,3478.75
0.762682,3479.0
0.715276,3479.25
0.672994,3479.5
0.661463,3479.75
0.653775,3480.0
0.652494,3480.25
0.64865,3480.5
0.646088,3480.75
0.6589,3481.0
0.643525,3481.25
0.681963,3481.5
0.652494,3481.75
0.642244,3482.0
0.631994,3482.25
0.598682,3482.5
0.615338,3482.75
0.630713,3483.0
0.6384,3483.25
0.629432,3483.5
0.592275,3483.75
0.637119,3484.0
0.629432,3484.25
0.637119,3484.5
0.621744,3484.75
0.615338,3485.0
0.629432,3485.25
0.639682,3485.5
0.633275,3485.75
0.62815,3486.0
0.634557,3486.25
0.62815,3486.5
0.629432,3486.75
0.629432,3487.0
0.62815,3487.25
0.623025,3487.5
0.623025,3487.75
0.615338,3488.0
0.620463,3488.25
0.6179,3488.5
0.619182,3488.75
0.620463,3489.0
0.6179,3489.25
0.606369,3489.5
0.623025,3489.75
0.623025,3490.0
0.62815,3490.25
0.652494,3490.5
0.640963,3490.75
0.670432,3491.0
0.679401,3491.25
0.655057,3491.5
0.664025,3491.75
0.656338,3492.0
0.649932,3492.25
0.64865,3492.5
0.653775,3492.75
0.647369,3493.0
0.64865,3493.25
0.651213,3493.5
0.644807,3493.75
0.6384,3494.0
0.640963,3494.25
0.64865,3494.5
0.661463,3494.75
0.651213,3495.0
0.639682,3495.25
0.634557,3495.5
0.633275,3495.75
0.630713,3496.0
0.630713,3496.25
0.633275,3496.5
0.631994,3496.75
0.630713,3497.0
0.62815,3497.25
0.626869,3497.5
0.62815,3497.75
0.625588,3498.0
0.624307,3498.25
0.625588,3498.5
0.624307,3498.75
0.624307,3499.0
0.631994,3499.25
0.630713,3499.5
0.637119,3499.75
0.649932,3500.0
0.655057,3500.25
0.652494,3500.5
0.660182,3500.75
0.662744,3501.0
0.661463,3501.25
0.660182,3501.5
0.662744,3501.75
0.664025,3502.0
0.6589,3502.25
0.6589,3502.5
0.653775,3502.75
0.652494,3503.0
0.651213,3503.25
0.665307,3503.5
0.669151,3503.75
0.674276,3504.0
0.669151,3504.25
0.667869,3504.5
0.660182,3504.75
0.661463,3505.0
0.653775,3505.25
0.64865,3505.5
0.643525,3505.75
0.661463,3506.0
0.667869,3506.25
0.669151,3506.5
0.679401,3506.75
0.684526,3507.0
0.664025,3507.25
0.685807,3507.5
0.685807,3507.75
0.671713,3508.0
0.662744,3508.25
0.653775,3508.5
0.652494,3508.75
0.652494,3509.0
0.651213,3509.25
0.620463,3509.5
0.637119,3509.75
0.655057,3510.0
0.670432,3510.25
0.703744,3510.5
0.716557,3510.75
0.757557,3511.0
0.761401,3511.25
0.752432,3511.5
0.740901,3511.75
0.758838,3512.0
0.739619,3512.25
0.752432,3512.5
0.751151,3512.75
0.747307,3513.0
0.739619,3513.25
0.722963,3513.5
0.722963,3513.75
0.693494,3514.0
0.669151,3514.25
0.680682,3514.5
0.678119,3514.75
0.679401,3515.0
0.678119,3515.25
0.678119,3515.5
0.675557,3515.75
0.678119,3516.0
0.680682,3516.25
0.684526,3516.5
0.678119,3516.75
0.671713,3517.0
0.669151,3517.25
0.667869,3517.5
0.665307,3517.75
0.662744,3518.0
0.664025,3518.25
0.664025,3518.5
0.662744,3518.75
0.661463,3519.0
0.660182,3519.25
0.660182,3519.5
0.657619,3519.75
0.657619,3520.0
0.657619,3520.25
0.657619,3520.5
0.656338,3520.75
0.655057,3521.0
0.653775,3521.25
0.653775,3521.5
0.655057,3521.75
0.653775,3522.0
0.655057,3522.25
0.653775,3522.5
0.653775,3522.75
0.653775,3523.0
0.653775,3523.25
0.652494,3523.5
0.653775,3523.75
0.655057,3524.0
0.653775,3524.25
0.666588,3524.5
0.669151,3524.75
0.670432,3525.0
0.670432,3525.25
0.667869,3525.5
0.667869,3525.75
0.666588,3526.0
0.664025,3526.25
0.661463,3526.5
0.661463,3526.75
0.6589,3527.0
0.6589,3527.25
0.657619,3527.5
0.656338,3527.75
0.6589,3528.0
0.657619,3528.25
0.657619,3528.5
0.656338,3528.75
0.656338,3529.0
0.655057,3529.25
0.665307,3529.5
0.669151,3529.75
0.669151,3530.0
0.669151,3530.25
0.669151,3530.5
0.664025,3530.75
0.685807,3531.0
0.666588,3531.25
0.656338,3531.5
0.651213,3531.75
0.652494,3532.0
0.649932,3532.25
0.647369,3532.5
0.647369,3532.75
0.665307,3533.0
0.866464,3533.25
0.699901,3533.5
0.680682,3533.75
0.664025,3534.0
0.623025,3534.25
0.679401,3534.5
0.698619,3534.75
0.698619,3535.0
0.690932,3535.25
0.687088,3535.5
0.685807,3535.75
0.681963,3536.0
0.676838,3536.25
0.664025,3536.5
0.670432,3536.75
0.669151,3537.0
0.669151,3537.25
0.667869,3537.5
0.667869,3537.75
0.674276,3538.0
0.685807,3538.25
0.684526,3538.5
0.570494,3538.75
0.694776,3539.0
0.707588,3539.25
0.740901,3539.5
0.776776,3539.75
0.738338,3540.0
0.829307,3540.25
0.820338,3540.5
0.78062,3540.75
0.767807,3541.0
0.762682,3541.25
0.754995,3541.5
0.78062,3541.75
0.771651,3542.0
0.769088,3542.25
0.765245,3542.5
0.754995,3542.75
0.742182,3543.0
0.754995,3543.25
0.785745,3543.5
0.778057,3543.75
0.763963,3544.0
0.754995,3544.25
0.74987,3544.5
0.753713,3544.75
0.734494,3545.0
0.735776,3545.25
0.735776,3545.5
0.731932,3545.75
0.726807,3546.0
0.729369,3546.25
0.726807,3546.5
0.724244,3546.75
0.720401,3547.0
0.724244,3547.25
0.721682,3547.5
0.716557,3547.75
0.716557,3548.0
0.713994,3548.25
0.713994,3548.5
0.712713,3548.75
0.710151,3549.0
0.707588,3549.25
0.707588,3549.5
0.705026,3549.75
0.705026,3550.0
0.706307,3550.25
0.702463,3550.5
0.702463,3550.75
0.702463,3551.0
0.701182,3551.25
0.702463,3551.5
0.699901,3551.75
0.699901,3552.0
0.698619,3552.25
0.699901,3552.5
0.696057,3552.75
0.694776,3553.0
0.693494,3553.25
0.690932,3553.5
0.692213,3553.75
0.690932,3554.0
0.692213,3554.25
0.689651,3554.5
0.690932,3554.75
0.689651,3555.0
0.687088,3555.25
0.688369,3555.5
0.687088,3555.75
0.687088,3556.0
0.685807,3556.25
0.685807,3556.5
0.684526,3556.75
0.684526,3557.0
0.681963,3557.25
0.681963,3557.5
0.683244,3557.75
0.681963,3558.0
0.681963,3558.25
0.680682,3558.5
0.679401,3558.75
0.679401,3559.0
0.678119,3559.25
0.681963,3559.5
0.681963,3559.75
0.678119,3560.0
0.679401,3560.25
0.679401,3560.5
0.680682,3560.75
0.679401,3561.0
0.679401,3561.25
0.680682,3561.5
0.680682,3561.75
0.681963,3562.0
0.678119,3562.25
0.680682,3562.5
0.678119,3562.75
0.678119,3563.0
0.678119,3563.25
0.675557,3563.5
0.674276,3563.75
0.672994,3564.0
0.672994,3564.25
0.672994,3564.5
0.674276,3564.75
0.672994,3565.0
0.672994,3565.25
0.670432,3565.5
0.672994,3565.75
0.670432,3566.0
0.666588,3566.25
0.667869,3566.5
0.667869,3566.75
0.666588,3567.0
0.667869,3567.25
0.666588,3567.5
0.666588,3567.75
0.667869,3568.0
0.666588,3568.25
0.664025,3568.5
0.665307,3568.75
0.665307,3569.0
0.665307,3569.25
0.665307,3569.5
0.664025,3569.75
0.662744,3570.0
0.664025,3570.25
0.664025,3570.5
0.683244,3570.75
0.692213,3571.0
0.710151,3571.25
0.699901,3571.5
0.692213,3571.75
0.689651,3572.0
0.679401,3572.25
0.672994,3572.5
0.675557,3572.75
0.683244,3573.0
0.693494,3573.25
0.693494,3573.5
0.689651,3573.75
0.684526,3574.0
0.674276,3574.25
0.680682,3574.5
0.679401,3574.75
0.678119,3575.0
0.681963,3575.25
0.664025,3575.5
0.664025,3575.75
0.664025,3576.0
0.665307,3576.25
0.661463,3576.5
0.670432,3576.75
0.661463,3577.0
0.671713,3577.25
0.667869,3577.5
0.667869,3577.75
0.664025,3578.0
0.661463,3578.25
0.664025,3578.5
0.661463,3578.75
0.662744,3579.0
0.661463,3579.25
0.660182,3579.5
0.660182,3579.75
0.6589,3580.0
0.657619,3580.25
0.657619,3580.5
0.657619,3580.75
0.656338,3581.0
0.656338,3581.25
0.660182,3581.5
0.661463,3581.75
0.660182,3582.0
0.664025,3582.25
0.664025,3582.5
0.678119,3582.75
0.674276,3583.0
0.661463,3583.25
0.656338,3583.5
0.671713,3583.75
0.690932,3584.0
0.74987,3584.25
0.763963,3584.5
0.940776,3584.75
0.949745,3585.0
0.774213,3585.25
0.738338,3585.5
0.730651,3585.75
0.737057,3586.0
0.717838,3586.25
0.717838,3586.5
0.716557,3586.75
0.715276,3587.0
0.716557,3587.25
0.713994,3587.5
0.713994,3587.75
0.716557,3588.0
0.716557,3588.25
0.708869,3588.5
0.705026,3588.75
0.701182,3589.0
0.705026,3589.25
0.708869,3589.5
0.710151,3589.75
0.710151,3590.0
0.710151,3590.25
0.711432,3590.5
0.715276,3590.75
0.715276,3591.0
0.715276,3591.25
0.716557,3591.5
0.719119,3591.75
0.721682,3592.0
0.724244,3592.25
0.722963,3592.5
0.722963,3592.75
0.720401,3593.0
0.719119,3593.25
0.720401,3593.5
0.719119,3593.75
0.717838,3594.0
0.717838,3594.25
0.717838,3594.5
0.715276,3594.75
0.715276,3595.0
0.712713,3595.25
0.713994,3595.5
0.715276,3595.75
0.713994,3596.0
0.713994,3596.25
0.715276,3596.5
0.712713,3596.75
0.713994,3597.0
0.713994,3597.25
0.715276,3597.5
0.717838,3597.75
0.717838,3598.0
0.717838,3598.25
0.717838,3598.5
0.716557,3598.75
0.720401,3599.0
0.722963,3599.25
0.721682,3599.5
0.724244,3599.75
0.721682,3600.0
0.721682,3600.25
0.721682,3600.5
0.721682,3600.75
0.722963,3601.0
0.722963,3601.25
0.721682,3601.5
0.706307,3601.75
0.705026,3602.0
0.702463,3602.25
0.710151,3602.5
0.708869,3602.75
0.715276,3603.0
0.713994,3603.25
0.716557,3603.5
0.713994,3603.75
0.711432,3604.0
0.711432,3604.25
0.711432,3604.5
0.711432,3604.75
0.710151,3605.0
0.712713,3605.25
0.712713,3605.5
0.712713,3605.75
0.713994,3606.0
0.713994,3606.25
0.713994,3606.5
0.711432,3606.75
0.713994,3607.0
0.710151,3607.25
0.710151,3607.5
0.708869,3607.75
0.708869,3608.0
0.710151,3608.25
0.710151,3608.5
0.708869,3608.75
0.708869,3609.0
0.710151,3609.25
0.711432,3609.5
0.710151,3609.75
0.708869,3610.0
0.710151,3610.25
0.708869,3610.5
0.707588,3610.75
0.707588,3611.0
0.707588,3611.25
0.708869,3611.5
0.708869,3611.75
0.707588,3612.0
0.705026,3612.25
0.703744,3612.5
0.703744,3612.75
0.701182,3613.0
0.705026,3613.25
0.702463,3613.5
0.701182,3613.75
0.701182,3614.0
0.701182,3614.25
0.699901,3614.5
0.699901,3614.75
0.699901,3615.0
0.699901,3615.25
0.698619,3615.5
0.697338,3615.75
0.697338,3616.0
0.697338,3616.25
0.694776,3616.5
0.696057,3616.75
0.693494,3617.0
0.694776,3617.25
0.694776,3617.5
0.694776,3617.75
0.693494,3618.0
0.694776,3618.25
0.694776,3618.5
0.692213,3618.75
0.692213,3619.0
0.693494,3619.25
0.692213,3619.5
0.692213,3619.75
0.692213,3620.0
0.689651,3620.25
0.688369,3620.5
0.689651,3620.75
0.690932,3621.0
0.689651,3621.25
0.689651,3621.5
0.688369,3621.75
0.687088,3622.0
0.697338,3622.25
0.689651,3622.5
0.688369,3622.75
0.688369,3623.0
0.684526,3623.25
0.684526,3623.5
0.683244,3623.75
0.683244,3624.0
0.681963,3624.25
0.680682,3624.5
0.680682,3624.75
0.679401,3625.0
0.679401,3625.25
0.676838,3625.5
0.678119,3625.75
0.678119,3626.0
0.678119,3626.25
0.678119,3626.5
0.675557,3626.75
0.674276,3627.0
0.675557,3627.25
0.674276,3627.5
0.676838,3627.75
0.675557,3628.0
0.675557,3628.25
0.674276,3628.5
0.679401,3628.75
0.675557,3629.0
0.672994,3629.25
0.669151,3629.5
0.670432,3629.75
0.671713,3630.0
0.670432,3630.25
0.671713,3630.5
0.669151,3630.75
0.669151,3631.0
0.670432,3631.25
0.667869,3631.5
0.669151,3631.75
0.670432,3632.0
0.669151,3632.25
0.667869,3632.5
0.669151,3632.75
0.666588,3633.0
0.666588,3633.25
0.666588,3633.5
0.666588,3633.75
0.666588,3634.0
0.665307,3634.25
0.666588,3634.5
0.666588,3634.75
0.665307,3635.0
0.664025,3635.25
0.665307,3635.5
0.664025,3635.75
0.664025,3636.0
0.664025,3636.25
0.664025,3636.5
0.664025,3636.75
0.662744,3637.0
0.661463,3637.25
0.662744,3637.5
0.660182,3637.75
0.661463,3638.0
0.661463,3638.25
0.661463,3638.5
0.661463,3638.75
0.660182,3639.0
0.660182,3639.25
0.660182,3639.5
0.660182,3639.75
0.660182,3640.0
0.660182,3640.25
0.657619,3640.5
0.6589,3640.75
0.6589,3641.0
0.657619,3641.25
0.657619,3641.5
0.6589,3641.75
0.656338,3642.0
0.6589,3642.25
0.657619,3642.5
0.657619,3642.75
0.657619,3643.0
0.657619,3643.25
0.657619,3643.5
0.657619,3643.75
0.655057,3644.0
0.655057,3644.25
0.655057,3644.5
0.653775,3644.75
0.655057,3645.0
0.653775,3645.25
0.656338,3645.5
0.655057,3645.75
0.653775,3646.0
0.653775,3646.25
0.653775,3646.5
0.653775,3646.75
0.652494,3647.0
0.652494,3647.25
0.652494,3647.5
0.653775,3647.75
0.652494,3648.0
0.652494,3648.25
0.651213,3648.5
0.651213,3648.75
0.651213,3649.0
0.652494,3649.25
0.651213,3649.5
0.647369,3649.75
0.649932,3650.0
0.64865,3650.25
0.649932,3650.5
0.64865,3650.75
0.647369,3651.0
0.647369,3651.25
0.647369,3651.5
0.646088,3651.75
0.647369,3652.0
0.643525,3652.25
0.639682,3652.5
0.639682,3652.75
0.640963,3653.0
0.640963,3653.25
0.642244,3653.5
0.646088,3653.75
0.644807,3654.0
0.644807,3654.25
0.646088,3654.5
0.647369,3654.75
0.647369,3655.0
0.646088,3655.25
0.644807,3655.5
0.647369,3655.75
0.646088,3656.0
0.643525,3656.25
0.646088,3656.5
0.647369,3656.75
0.643525,3657.0
0.642244,3657.25
0.644807,3657.5
0.643525,3657.75
0.642244,3658.0
0.643525,3658.25
0.643525,3658.5
0.644807,3658.75
0.642244,3659.0
0.642244,3659.25
0.644807,3659.5
0.643525,3659.75
0.643525,3660.0
0.644807,3660.25
0.642244,3660.5
0.640963,3660.75
0.642244,3661.0
0.640963,3661.25
0.642244,3661.5
0.639682,3661.75
0.642244,3662.0
0.640963,3662.25
0.639682,3662.5
0.639682,3662.75
0.639682,3663.0
0.637119,3663.25
0.637119,3663.5
0.637119,3663.75
0.635838,3664.0
0.639682,3664.25
0.637119,3664.5
0.637119,3664.75
0.6384,3665.0
0.637119,3665.25
0.634557,3665.5
0.637119,3665.75
0.637119,3666.0
0.634557,3666.25
0.635838,3666.5
0.634557,3666.75
0.635838,3667.0
0.634557,3667.25
0.634557,3667.5
0.635838,3667.75
0.635838,3668.0
0.634557,3668.25
0.635838,3668.5
0.633275,3668.75
0.630713,3669.0
0.631994,3669.25
0.633275,3669.5
0.631994,3669.75
0.631994,3670.0
0.631994,3670.25
0.631994,3670.5
0.630713,3670.75
0.630713,3671.0
0.630713,3671.25
0.630713,3671.5
0.630713,3671.75
0.629432,3672.0
0.62815,3672.25
0.629432,3672.5
0.62815,3672.75
0.630713,3673.0
0.629432,3673.25
0.62815,3673.5
0.629432,3673.75
0.629432,3674.0
0.62815,3674.25
0.62815,3674.5
0.62815,3674.75
0.62815,3675.0
0.626869,3675.25
0.626869,3675.5
0.62815,3675.75
0.626869,3676.0
0.62815,3676.25
0.625588,3676.5
0.626869,3676.75
0.624307,3677.0
0.623025,3677.25
0.623025,3677.5
0.624307,3677.75
0.623025,3678.0
0.624307,3678.25
0.624307,3678.5
0.624307,3678.75
0.623025,3679.0
0.621744,3679.25
0.621744,3679.5
0.621744,3679.75
0.620463,3680.0
0.623025,3680.25
0.621744,3680.5
0.620463,3680.75
0.620463,3681.0
0.621744,3681.25
0.620463,3681.5
0.616619,3681.75
0.619182,3682.0
0.6179,3682.25
0.6179,3682.5
0.616619,3682.75
0.619182,3683.0
0.6179,3683.25
0.619182,3683.5
0.6179,3683.75
0.6179,3684.0
0.615338,3684.25
0.6179,3684.5
0.616619,3684.75
0.616619,3685.0
0.615338,3685.25
0.615338,3685.5
0.614057,3685.75
0.614057,3686.0
0.612775,3686.25
0.614057,3686.5
0.614057,3686.75
0.614057,3687.0
0.612775,3687.25
0.612775,3687.5
0.612775,3687.75
0.612775,3688.0
0.612775,3688.25
0.611494,3688.5
0.610213,3688.75
0.610213,3689.0
0.612775,3689.25
0.612775,3689.5
0.615338,3689.75
0.623025,3690.0
0.619182,3690.25
0.616619,3690.5
0.634557,3690.75
0.639682,3691.0
0.6384,3691.25
0.6384,3691.5
0.640963,3691.75
0.639682,3692.0
0.639682,3692.25
0.639682,3692.5
0.639682,3692.75
0.634557,3693.0
0.630713,3693.25
0.629432,3693.5
0.626869,3693.75
0.625588,3694.0
0.623025,3694.25
0.626869,3694.5
0.624307,3694.75
0.624307,3695.0
0.625588,3695.25
0.623025,3695.5
0.624307,3695.75
0.623025,3696.0
0.623025,3696.25
0.623025,3696.5
0.623025,3696.75
0.621744,3697.0
0.623025,3697.25
0.621744,3697.5
0.623025,3697.75
0.621744,3698.0
0.620463,3698.25
0.621744,3698.5
0.621744,3698.75
0.621744,3699.0
0.620463,3699.25
0.619182,3699.5
0.619182,3699.75
0.620463,3700.0
0.621744,3700.25
0.626869,3700.5
0.620463,3700.75
0.621744,3701.0
0.615338,3701.25
0.619182,3701.5
0.616619,3701.75
0.619182,3702.0
0.619182,3702.25
0.6179,3702.5
0.620463,3702.75
0.6179,3703.0
0.621744,3703.25
0.619182,3703.5
0.616619,3703.75
0.616619,3704.0
0.6179,3704.25
0.616619,3704.5
0.6179,3704.75
0.619182,3705.0
0.6179,3705.25
0.621744,3705.5
0.616619,3705.75
0.619182,3706.0
0.619182,3706.25
0.6179,3706.5
0.6179,3706.75
0.619182,3707.0
0.616619,3707.25
0.6179,3707.5
0.614057,3707.75
0.616619,3708.0
0.614057,3708.25
0.610213,3708.5
0.612775,3708.75
0.612775,3709.0
0.612775,3709.25
0.610213,3709.5
0.608932,3709.75
0.60765,3710.0
0.60765,3710.25
0.608932,3710.5
0.608932,3710.75
0.610213,3711.0
0.60765,3711.25
0.693494,3711.5
0.719119,3711.75
0.670432,3712.0
0.634557,3712.25
0.62815,3712.5
0.615338,3712.75
0.608932,3713.0
0.610213,3713.25
0.602525,3713.5
0.601244,3713.75
0.599963,3714.0
0.599963,3714.25
0.601244,3714.5
0.649932,3714.75
0.644807,3715.0
0.639682,3715.25
0.6384,3715.5
0.631994,3715.75
0.630713,3716.0
0.624307,3716.25
0.616619,3716.5
0.6179,3716.75
0.615338,3717.0
0.596119,3717.25
0.590994,3717.5
0.58715,3717.75
0.58715,3718.0
0.583306,3718.25
0.580744,3718.5
0.574338,3718.75
0.571775,3719.0
0.571775,3719.25
0.569213,3719.5
0.567931,3719.75
0.571775,3720.0
0.582025,3720.25
0.570494,3720.5
0.58715,3720.75
0.5769,3721.0
0.590994,3721.25
0.582025,3721.5
0.614057,3721.75
0.608932,3722.0
0.589713,3722.25
0.580744,3722.5
0.588432,3722.75
0.616619,3723.0
0.564088,3723.25
0.594838,3723.5
0.605088,3723.75
0.616619,3724.0
0.582025,3724.25
0.594838,3724.5
0.590994,3724.75
0.596119,3725.0
0.594838,3725.25
0.584588,3725.5
0.653775,3725.75
0.606369,3726.0
0.611494,3726.25
0.625588,3726.5
0.612775,3726.75
0.608932,3727.0
0.60765,3727.25
0.606369,3727.5
0.602525,3727.75
0.605088,3728.0
0.602525,3728.25
0.598682,3728.5
0.599963,3728.75
0.605088,3729.0
0.602525,3729.25
0.601244,3729.5
0.601244,3729.75
0.601244,3730.0
0.601244,3730.25
0.599963,3730.5
0.601244,3730.75
0.603807,3731.0
0.605088,3731.25
0.606369,3731.5
0.603807,3731.75
0.603807,3732.0
0.602525,3732.25
0.603807,3732.5
0.603807,3732.75
0.605088,3733.0
0.603807,3733.25
0.605088,3733.5
0.603807,3733.75
0.603807,3734.0
0.602525,3734.25
0.602525,3734.5
0.602525,3734.75
0.601244,3735.0
0.601244,3735.25
0.598682,3735.5
0.601244,3735.75
0.599963,3736.0
0.599963,3736.25
0.599963,3736.5
0.598682,3736.75
0.5974,3737.0
0.599963,3737.25
0.598682,3737.5
0.5974,3737.75
0.5974,3738.0
0.5974,3738.25
0.5974,3738.5
0.596119,3738.75
0.5974,3739.0
0.596119,3739.25
0.596119,3739.5
0.594838,3739.75
0.593557,3740.0
0.594838,3740.25
0.593557,3740.5
0.592275,3740.75
0.592275,3741.0
0.593557,3741.25
0.592275,3741.5
0.592275,3741.75
0.596119,3742.0
0.5974,3742.25
0.596119,3742.5
0.590994,3742.75
0.602525,3743.0
0.603807,3743.25
0.601244,3743.5
0.599963,3743.75
0.603807,3744.0
0.594838,3744.25
0.588432,3744.5
0.589713,3744.75
0.58715,3745.0
0.583306,3745.25
0.583306,3745.5
0.578182,3745.75
0.575619,3746.0
0.574338,3746.25
0.573056,3746.5
0.574338,3746.75
0.574338,3747.0
0.5769,3747.25
0.588432,3747.5
0.579463,3747.75
0.5769,3748.0
0.575619,3748.25
0.56665,3748.5
0.567931,3748.75
0.561525,3749.0
0.574338,3749.25
0.571775,3749.5
0.570494,3749.75
0.571775,3750.0
0.571775,3750.25
0.570494,3750.5
0.569213,3750.75
0.570494,3751.0
0.567931,3751.25
0.569213,3751.5
0.569213,3751.75
0.567931,3752.0
0.574338,3752.25
0.574338,3752.5
0.5769,3752.75
0.579463,3753.0
0.5769,3753.25
0.579463,3753.5
0.578182,3753.75
0.571775,3754.0
0.565369,3754.25
0.564088,3754.5
0.570494,3754.75
0.573056,3755.0
0.571775,3755.25
0.573056,3755.5
0.570494,3755.75
0.569213,3756.0
0.570494,3756.25
0.570494,3756.5
0.567931,3756.75
0.567931,3757.0
0.567931,3757.25
0.569213,3757.5
0.570494,3757.75
0.567931,3758.0
0.570494,3758.25
0.569213,3758.5
0.569213,3758.75
0.569213,3759.0
0.567931,3759.25
0.569213,3759.5
0.56665,3759.75
0.56665,3760.0
0.565369,3760.25
0.565369,3760.5
0.565369,3760.75
0.56665,3761.0
0.565369,3761.25
0.565369,3761.5
0.562806,3761.75
0.565369,3762.0
0.561525,3762.25
0.562806,3762.5
0.564088,3762.75
0.562806,3763.0
0.564088,3763.25
0.562806,3763.5
0.561525,3763.75
0.561525,3764.0
0.560244,3764.25
0.561525,3764.5
0.562806,3764.75
0.560244,3765.0
0.558963,3765.25
0.557681,3765.5
0.558963,3765.75
0.561525,3766.0
0.557681,3766.25
0.560244,3766.5
0.558963,3766.75
0.558963,3767.0
0.557681,3767.25
0.558963,3767.5
0.555119,3767.75
0.555119,3768.0
0.5564,3768.25
0.5564,3768.5
0.557681,3768.75
0.555119,3769.0
0.5564,3769.25
0.5564,3769.5
0.555119,3769.75
0.555119,3770.0
0.5564,3770.25
0.555119,3770.5
0.555119,3770.75
0.555119,3771.0
0.555119,3771.25
0.553838,3771.5
0.555119,3771.75
0.5564,3772.0
0.5564,3772.25
0.555119,3772.5
0.553838,3772.75
0.551275,3773.0
0.549994,3773.25
0.547431,3773.5
0.544869,3773.75
0.542306,3774.0
0.547431,3774.25
0.54615,3774.5
0.547431,3774.75
0.547431,3775.0
0.547431,3775.25
0.54615,3775.5
0.548713,3775.75
0.54615,3776.0
0.548713,3776.25
0.547431,3776.5
0.547431,3776.75
0.547431,3777.0
0.543588,3777.25
0.543588,3777.5
0.54615,3777.75
0.542306,3778.0
0.543588,3778.25
0.54615,3778.5
0.544869,3778.75
0.544869,3779.0
0.542306,3779.25
0.543588,3779.5
0.542306,3779.75
0.543588,3780.0
0.541025,3780.25
0.541025,3780.5
0.541025,3780.75
0.539744,3781.0
0.543588,3781.25
0.541025,3781.5
0.541025,3781.75
0.541025,3782.0
0.541025,3782.25
0.541025,3782.5
0.541025,3782.75
0.539744,3783.0
0.541025,3783.25
0.541025,3783.5
0.539744,3783.75
0.539744,3784.0
0.538463,3784.25
0.538463,3784.5
0.5359,3784.75
0.537181,3785.0
0.538463,3785.25
0.538463,3785.5
0.539744,3785.75
0.538463,3786.0
0.537181,3786.25
0.538463,3786.5
0.539744,3786.75
0.539744,3787.0
0.538463,3787.25
0.532056,3787.5
0.530775,3787.75
0.529494,3788.0
0.528213,3788.25
0.528213,3788.5
0.528213,3788.75
0.526931,3789.0
0.52565,3789.25
0.52565,3789.5
0.524369,3789.75
0.521806,3790.0
0.520525,3790.25
0.520525,3790.5
0.521806,3790.75
0.519244,3791.0
0.517963,3791.25
0.519244,3791.5
0.520525,3791.75
0.519244,3792.0
0.5154,3792.25
0.510275,3792.5
0.511556,3792.75
0.511556,3793.0
0.510275,3793.25
0.508994,3793.5
0.506431,3793.75
0.506431,3794.0
0.506431,3794.25
0.507713,3794.5
0.50515,3794.75
0.507713,3795.0
0.507713,3795.25
0.506431,3795.5
0.50515,3795.75
0.506431,3796.0
0.507713,3796.25
0.507713,3796.5
0.507713,3796.75
0.506431,3797.0
0.511556,3797.25
0.511556,3797.5
0.512838,3797.75
0.511556,3798.0
0.511556,3798.25
0.512838,3798.5
0.5154,3798.75
0.516681,3799.0
0.5154,3799.25
0.520525,3799.5
0.521806,3799.75
0.521806,3800.0
0.520525,3800.25
0.570494,3800.5
0.588432,3800.75
0.5769,3801.0
0.571775,3801.25
0.565369,3801.5
0.564088,3801.75
0.562806,3802.0
0.560244,3802.25
0.561525,3802.5
0.558963,3802.75
0.558963,3803.0
0.557681,3803.25
0.555119,3803.5
0.555119,3803.75
0.555119,3804.0
0.552556,3804.25
0.552556,3804.5
0.551275,3804.75
0.549994,3805.0
0.549994,3805.25
0.549994,3805.5
0.547431,3805.75
0.54615,3806.0
0.54615,3806.25
0.54615,3806.5
0.544869,3806.75
0.544869,3807.0
0.543588,3807.25
0.542306,3807.5
0.543588,3807.75
0.543588,3808.0
0.544869,3808.25
0.541025,3808.5
0.542306,3808.75
0.541025,3809.0
0.541025,3809.25
0.541025,3809.5
0.538463,3809.75
0.539744,3810.0
0.539744,3810.25
0.538463,3810.5
0.539744,3810.75
0.538463,3811.0
0.537181,3811.25
0.538463,3811.5
0.537181,3811.75
0.537181,3812.0
0.5359,3812.25
0.537181,3812.5
0.5359,3812.75
0.5359,3813.0
0.537181,3813.25
0.5359,3813.5
0.5359,3813.75
0.534619,3814.0
0.534619,3814.25
0.534619,3814.5
0.533338,3814.75
0.532056,3815.0
0.533338,3815.25
0.534619,3815.5
0.532056,3815.75
0.534619,3816.0
0.534619,3816.25
0.534619,3816.5
0.532056,3816.75
0.529494,3817.0
0.521806,3817.25
0.52565,3817.5
0.530775,3817.75
0.529494,3818.0
0.529494,3818.25
0.526931,3818.5
0.529494,3818.75
0.526931,3819.0
0.52565,3819.25
0.52565,3819.5
0.52565,3819.75
0.524369,3820.0
0.524369,3820.25
0.520525,3820.5
0.520525,3820.75
0.521806,3821.0
0.520525,3821.25
0.520525,3821.5
0.519244,3821.75
0.517963,3822.0
0.5154,3822.25
0.519244,3822.5
0.519244,3822.75
0.517963,3823.0
0.519244,3823.25
0.520525,3823.5
0.519244,3823.75
0.517963,3824.0
0.516681,3824.25
0.519244,3824.5
0.519244,3824.75
0.516681,3825.0
0.519244,3825.25
0.516681,3825.5
0.5154,3825.75
0.516681,3826.0
0.517963,3826.25
0.519244,3826.5
0.517963,3826.75
0.520525,3827.0
0.520525,3827.25
0.517963,3827.5
0.516681,3827.75
0.517963,3828.0
0.5154,3828.25
0.5154,3828.5
0.5154,3828.75
0.5154,3829.0
0.5154,3829.25
0.5154,3829.5
0.5154,3829.75
0.5154,3830.0
0.514119,3830.25
0.512838,3830.5
0.512838,3830.75
0.511556,3831.0
0.512838,3831.25
0.511556,3831.5
0.514119,3831.75
0.5154,3832.0
0.512838,3832.25
0.514119,3832.5
0.514119,3832.75
0.512838,3833.0
0.512838,3833.25
0.514119,3833.5
0.512838,3833.75
0.511556,3834.0
0.510275,3834.25
0.511556,3834.5
0.508994,3834.75
0.511556,3835.0
0.511556,3835.25
0.511556,3835.5
0.508994,3835.75
0.510275,3836.0
0.508994,3836.25
0.510275,3836.5
0.508994,3836.75
0.510275,3837.0
0.510275,3837.25
0.508994,3837.5
0.508994,3837.75
0.508994,3838.0
0.507713,3838.25
0.507713,3838.5
0.508994,3838.75
0.510275,3839.0
0.506431,3839.25
0.506431,3839.5
0.507713,3839.75
0.507713,3840.0
0.507713,3840.25
0.507713,3840.5
0.507713,3840.75
0.507713,3841.0
0.507713,3841.25
0.50515,3841.5
0.506431,3841.75
0.506431,3842.0
0.50515,3842.25
0.507713,3842.5
0.50515,3842.75
0.506431,3843.0
0.506431,3843.25
0.506431,3843.5
0.506431,3843.75
0.50515,3844.0
0.503869,3844.25
0.506431,3844.5
0.506431,3844.75
0.50515,3845.0
0.503869,3845.25
0.503869,3845.5
0.50515,3845.75
0.503869,3846.0
0.50515,3846.25
0.50515,3846.5
0.503869,3846.75
0.502587,3847.0
0.503869,3847.25
0.502587,3847.5
0.502587,3847.75
0.503869,3848.0
0.501306,3848.25
0.502587,3848.5
0.500025,3848.75
0.503869,3849.0
0.501306,3849.25
0.502587,3849.5
0.501306,3849.75
0.503869,3850.0
0.501306,3850.25
0.501306,3850.5
0.500025,3850.75
0.498744,3851.0
0.498744,3851.25
0.497463,3851.5
0.498744,3851.75
0.500025,3852.0
0.496181,3852.25
0.497463,3852.5
0.500025,3852.75
0.497463,3853.0
0.498744,3853.25
0.498744,3853.5
0.498744,3853.75
0.500025,3854.0
0.498744,3854.25
0.498744,3854.5
0.496181,3854.75
0.497463,3855.0
0.497463,3855.25
0.498744,3855.5
0.498744,3855.75
0.496181,3856.0
0.498744,3856.25
0.497463,3856.5
0.497463,3856.75
0.4949,3857.0
0.496181,3857.25
0.498744,3857.5
0.498744,3857.75
0.4949,3858.0
0.496181,3858.25
0.496181,3858.5
0.496181,3858.75
0.496181,3859.0
0.496181,3859.25
0.497463,3859.5
0.496181,3859.75
0.496181,3860.0
0.498744,3860.25
0.496181,3860.5
0.496181,3860.75
0.497463,3861.0
0.496181,3861.25
0.4949,3861.5
0.4949,3861.75
0.4949,3862.0
0.497463,3862.25
0.4949,3862.5
0.496181,3862.75
0.493619,3863.0
0.4949,3863.25
0.4949,3863.5
0.4949,3863.75
0.4949,3864.0
0.4949,3864.25
0.4949,3864.5
0.4949,3864.75
0.4949,3865.0
0.4949,3865.25
0.4949,3865.5
0.493619,3865.75
0.493619,3866.0
0.491056,3866.25
0.493619,3866.5
0.493619,3866.75
0.492337,3867.0
0.493619,3867.25
0.492337,3867.5
0.492337,3867.75
0.491056,3868.0
0.492337,3868.25
0.492337,3868.5
0.489775,3868.75
0.492337,3869.0
0.491056,3869.25
0.489775,3869.5
0.489775,3869.75
0.491056,3870.0
0.491056,3870.25
0.491056,3870.5
0.489775,3870.75
0.489775,3871.0
0.491056,3871.25
0.489775,3871.5
0.489775,3871.75
0.491056,3872.0
0.489775,3872.25
0.489775,3872.5
0.489775,3872.75
0.488494,3873.0
0.491056,3873.25
0.489775,3873.5
0.489775,3873.75
0.489775,3874.0
0.489775,3874.25
0.488494,3874.5
0.489775,3874.75
0.488494,3875.0
0.48465,3875.25
0.485931,3875.5
0.48465,3875.75
0.487212,3876.0
0.48465,3876.25
0.488494,3876.5
0.485931,3876.75
0.482087,3877.0
0.480806,3877.25
0.482087,3877.5
0.480806,3877.75
0.483369,3878.0
0.482087,3878.25
0.479525,3878.5
0.483369,3878.75
0.480806,3879.0
0.480806,3879.25
0.483369,3879.5
0.480806,3879.75
0.480806,3880.0
0.480806,3880.25
0.480806,3880.5
0.482087,3880.75
0.480806,3881.0
0.480806,3881.25
0.482087,3881.5
0.479525,3881.75
0.482087,3882.0
0.480806,3882.25
0.480806,3882.5
0.479525,3882.75
0.480806,3883.0
0.480806,3883.25
0.480806,3883.5
0.479525,3883.75
0.479525,3884.0
0.482087,3884.25
0.478244,3884.5
0.479525,3884.75
0.478244,3885.0
0.479525,3885.25
0.479525,3885.5
0.479525,3885.75
0.479525,3886.0
0.479525,3886.25
0.478244,3886.5
0.478244,3886.75
0.478244,3887.0
0.478244,3887.25
0.478244,3887.5
0.476962,3887.75
0.476962,3888.0
0.475681,3888.25
0.475681,3888.5
0.475681,3888.75
0.476962,3889.0
0.476962,3889.25
0.475681,3889.5
0.476962,3889.75
0.475681,3890.0
0.476962,3890.25
0.476962,3890.5
0.478244,3890.75
0.473119,3891.0
0.476962,3891.25
0.475681,3891.5
0.4744,3891.75
0.475681,3892.0
0.4744,3892.25
0.475681,3892.5
0.473119,3892.75
0.475681,3893.0
0.473119,3893.25
0.471837,3893.5
0.471837,3893.75
0.473119,3894.0
0.470556,3894.25
0.470556,3894.5
0.471837,3894.75
0.469275,3895.0
0.471837,3895.25
0.471837,3895.5
0.470556,3895.75
0.471837,3896.0
0.470556,3896.25
0.469275,3896.5
0.542237,3896.75
0.540956,3897.0
0.540956,3897.25
0.539675,3897.5
0.539675,3897.75
0.540956,3898.0
0.540956,3898.25
0.539675,3898.5
0.539675,3898.75
0.540956,3899.0
0.537112,3899.25
0.538394,3899.5
0.538394,3899.75
0.538394,3900.0
0.538394,3900.25
0.539675,3900.5
0.539675,3900.75
0.538394,3901.0
0.539675,3901.25
0.539675,3901.5
0.538394,3901.75
0.537112,3902.0
0.538394,3902.25
0.537112,3902.5
0.537112,3902.75
0.535831,3903.0
0.537112,3903.25
0.537112,3903.5
0.535831,3903.75
0.535831,3904.0
0.535831,3904.25
0.535831,3904.5
0.535831,3904.75
0.535831,3905.0
0.53455,3905.25
0.53455,3905.5
0.535831,3905.75
0.53455,3906.0
0.537112,3906.25
0.53455,3906.5
0.53455,3906.75
0.535831,3907.0
0.535831,3907.25
0.53455,3907.5
0.53455,3907.75
0.533269,3908.0
0.533269,3908.25
0.533269,3908.5
0.533269,3908.75
0.53455,3909.0
0.533269,3909.25
0.533269,3909.5
0.533269,3909.75
0.533269,3910.0
0.531987,3910.25
0.533269,3910.5
0.531987,3910.75
0.531987,3911.0
0.531987,3911.25
0.530706,3911.5
0.531987,3911.75
0.533269,3912.0
0.533269,3912.25
0.533269,3912.5
0.533269,3912.75
0.531987,3913.0
0.531987,3913.25
0.531987,3913.5
0.531987,3913.75
0.531987,3914.0
0.531987,3914.25
0.531987,3914.5
0.531987,3914.75
0.531987,3915.0
0.531987,3915.25
0.531987,3915.5
0.530706,3915.75
0.530706,3916.0
0.531987,3916.25
0.530706,3916.5
0.530706,3916.75
0.530706,3917.0
0.530706,3917.25
0.529425,3917.5
0.530706,3917.75
0.530706,3918.0
0.529425,3918.25
0.529425,3918.5
0.530706,3918.75
0.529425,3919.0
0.529425,3919.25
0.529425,3919.5
0.529425,3919.75
0.530706,3920.0
0.529425,3920.25
0.529425,3920.5
0.528144,3920.75
0.529425,3921.0
0.529425,3921.25
0.530706,3921.5
0.528144,3921.75
0.528144,3922.0
0.528144,3922.25
0.528144,3922.5
0.528144,3922.75
0.526862,3923.0
0.528144,3923.25
0.528144,3923.5
0.526862,3923.75
0.526862,3924.0
0.526862,3924.25
0.525581,3924.5
0.526862,3924.75
0.526862,3925.0
0.5243,3925.25
0.523018,3925.5
0.523018,3925.75
0.521737,3926.0
0.525581,3926.25
0.5243,3926.5
0.523018,3926.75
0.5243,3927.0
0.523018,3927.25
0.523018,3927.5
0.521737,3927.75
0.520456,3928.0
0.521737,3928.25
0.519175,3928.5
0.519175,3928.75
0.517893,3929.0
0.516612,3929.25
0.515331,3929.5
0.517893,3929.75
0.516612,3930.0
0.515331,3930.25
0.516612,3930.5
0.517893,3930.75
0.519175,3931.0
0.517893,3931.25
0.517893,3931.5
0.519175,3931.75
0.519175,3932.0
0.516612,3932.25
0.517893,3932.5
0.519175,3932.75
0.516612,3933.0
0.51405,3933.25
0.51405,3933.5
0.515331,3933.75
0.516612,3934.0
0.519175,3934.25
0.516612,3934.5
0.515331,3934.75
0.512768,3935.0
0.512768,3935.25
0.510206,3935.5
0.510206,3935.75
0.508925,3936.0
0.510206,3936.25
0.507643,3936.5
0.508925,3936.75
0.508925,3937.0
0.508925,3937.25
0.506362,3937.5
0.507643,3937.75
0.507643,3938.0
0.508925,3938.25
0.505081,3938.5
0.506362,3938.75
0.506362,3939.0
0.506362,3939.25
0.505081,3939.5
0.506362,3939.75
0.506362,3940.0
0.506362,3940.25
0.505081,3940.5
0.506362,3940.75
0.505081,3941.0
0.5038,3941.25
0.505081,3941.5
0.5038,3941.75
0.506362,3942.0
0.5038,3942.25
0.5038,3942.5
0.505081,3942.75
0.5038,3943.0
0.5038,3943.25
0.5038,3943.5
0.5038,3943.75
0.5038,3944.0
0.5038,3944.25
0.502518,3944.5
0.502518,3944.75
0.502518,3945.0
0.501237,3945.25
0.502518,3945.5
0.502518,3945.75
0.501237,3946.0
0.502518,3946.25
0.501237,3946.5
0.502518,3946.75
0.501237,3947.0
0.502518,3947.25
0.502518,3947.5
0.498675,3947.75
0.497393,3948.0
0.49355,3948.25
0.49355,3948.5
0.490987,3948.75
0.492268,3949.0
0.490987,3949.25
0.489706,3949.5
0.492268,3949.75
0.492268,3950.0
0.49355,3950.25
0.49355,3950.5
0.494831,3950.75
0.494831,3951.0
0.49355,3951.25
0.492268,3951.5
0.492268,3951.75
0.492268,3952.0
0.492268,3952.25
0.492268,3952.5
0.490987,3952.75
0.492268,3953.0
0.492268,3953.25
0.492268,3953.5
0.492268,3953.75
0.490987,3954.0
0.489706,3954.25
0.492268,3954.5
0.489706,3954.75
0.489706,3955.0
0.487143,3955.25
0.489706,3955.5
0.488425,3955.75
0.489706,3956.0
0.489706,3956.25
0.489706,3956.5
0.488425,3956.75
0.487143,3957.0
0.488425,3957.25
0.487143,3957.5
0.485862,3957.75
0.487143,3958.0
0.487143,3958.25
0.488425,3958.5
0.487143,3958.75
0.488425,3959.0
0.487143,3959.25
0.487143,3959.5
0.488425,3959.75
0.487143,3960.0
0.488425,3960.25
0.487143,3960.5
0.487143,3960.75
0.487143,3961.0
0.487143,3961.25
0.487143,3961.5
0.485862,3961.75
0.487143,3962.0
0.484581,3962.25
0.485862,3962.5
0.485862,3962.75
0.484581,3963.0
0.484581,3963.25
0.485862,3963.5
0.485862,3963.75
0.487143,3964.0
0.484581,3964.25
0.485862,3964.5
0.485862,3964.75
0.485862,3965.0
0.482018,3965.25
0.4833,3965.5
0.4833,3965.75
0.480737,3966.0
0.482018,3966.25
0.4833,3966.5
0.4833,3966.75
0.482018,3967.0
0.480737,3967.25
0.4833,3967.5
0.482018,3967.75
0.480737,3968.0
0.480737,3968.25
0.482018,3968.5
0.480737,3968.75
0.482018,3969.0
0.480737,3969.25
0.482018,3969.5
0.482018,3969.75
0.480737,3970.0
0.480737,3970.25
0.482018,3970.5
0.480737,3970.75
0.480737,3971.0
0.480737,3971.25
0.479456,3971.5
0.480737,3971.75
0.479456,3972.0
0.480737,3972.25
0.480737,3972.5
0.479456,3972.75
0.482018,3973.0
0.482018,3973.25
0.480737,3973.5
0.480737,3973.75
0.480737,3974.0
0.480737,3974.25
0.482018,3974.5
0.480737,3974.75
0.480737,3975.0
0.482018,3975.25
0.479456,3975.5
0.479456,3975.75
0.479456,3976.0
0.479456,3976.25
0.480737,3976.5
0.479456,3976.75
0.479456,3977.0
0.479456,3977.25
0.479456,3977.5
0.479456,3977.75
0.480737,3978.0
0.479456,3978.25
0.479456,3978.5
0.478175,3978.75
0.479456,3979.0
0.480737,3979.25
0.482018,3979.5
0.480737,3979.75
0.480737,3980.0
0.480737,3980.25
0.482018,3980.5
0.480737,3980.75
0.480737,3981.0
0.480737,3981.25
0.480737,3981.5
0.479456,3981.75
0.479456,3982.0
0.480737,3982.25
0.478175,3982.5
0.479456,3982.75
0.480737,3983.0
0.480737,3983.25
0.480737,3983.5
0.478175,3983.75
0.478175,3984.0
0.478175,3984.25
0.479456,3984.5
0.480737,3984.75
0.482018,3985.0
0.480737,3985.25
0.479456,3985.5
0.479456,3985.75
0.479456,3986.0
0.480737,3986.25
0.478175,3986.5
0.479456,3986.75
0.479456,3987.0
0.478175,3987.25
0.478175,3987.5
0.478175,3987.75
0.478175,3988.0
0.478175,3988.25
0.479456,3988.5
0.479456,3988.75
0.479456,3989.0
0.476893,3989.25
0.479456,3989.5
0.479456,3989.75
0.479456,3990.0
0.478175,3990.25
0.479456,3990.5
0.480737,3990.75
0.479456,3991.0
0.480737,3991.25
0.479456,3991.5
0.479456,3991.75
0.479456,3992.0
0.478175,3992.25
0.480737,3992.5
0.479456,3992.75
0.476893,3993.0
0.478175,3993.25
0.478175,3993.5
0.478175,3993.75
0.476893,3994.0
0.476893,3994.25
0.478175,3994.5
0.479456,3994.75
0.478175,3995.0
0.479456,3995.25
0.478175,3995.5
0.476893,3995.75
0.478175,3996.0
0.478175,3996.25
0.478175,3996.5
0.476893,3996.75
0.475612,3997.0
0.476893,3997.25
0.476893,3997.5
0.476893,3997.75
0.476893,3998.0
0.476893,3998.25
0.475612,3998.5
0.476893,3998.75
0.475612,3999.0
0.475612,3999.25
0.475612,3999.5
0.475612,3999.75
0.475612,4000.0
0.475612,4000.25
0.474331,4000.5
0.475612,4000.75
0.475612,4001.0
0.475612,4001.25
0.474331,4001.5
0.47305,4001.75
0.475612,4002.0
0.474331,4002.25
0.47305,4002.5
0.47305,4002.75
0.474331,4003.0
0.47305,4003.25
0.475612,4003.5
0.475612,4003.75
0.474331,4004.0
0.475612,4004.25
0.475612,4004.5
0.476893,4004.75
0.475612,4005.0
0.475612,4005.25
0.476893,4005.5
0.475612,4005.75
0.474331,4006.0
0.476893,4006.25
0.475612,4006.5
0.474331,4006.75
0.476893,4007.0
0.475612,4007.25
0.475612,4007.5
0.476893,4007.75
0.475612,4008.0
0.475612,4008.25
0.475612,4008.5
0.474331,4008.75
0.474331,4009.0
0.474331,4009.25
0.47305,4009.5
0.474331,4009.75
0.474331,4010.0
0.474331,4010.25
0.474331,4010.5
0.474331,4010.75
0.475612,4011.0
0.474331,4011.25
0.47305,4011.5
0.47305,4011.75
0.474331,4012.0
0.474331,4012.25
0.47305,4012.5
0.474331,4012.75
0.474331,4013.0
0.47305,4013.25
0.474331,4013.5
0.47305,4013.75
0.474331,4014.0
0.471768,4014.25
0.474331,4014.5
0.47305,4014.75
0.471768,4015.0
0.471768,4015.25
0.471768,4015.5
0.471768,4015.75
0.471768,4016.0
0.47305,4016.25
0.471768,4016.5
0.474331,4016.75
0.471768,4017.0
0.471768,4017.25
0.471768,4017.5
0.471768,4017.75
0.471768,4018.0
0.471768,4018.25
0.470487,4018.5
0.47305,4018.75
0.471768,4019.0
0.470487,4019.25
0.47305,4019.5
0.470487,4019.75
0.471768,4020.0
0.471768,4020.25
0.471768,4020.5
0.471768,4020.75
0.471768,4021.0
0.470487,4021.25
0.470487,4021.5
0.469206,4021.75
0.470487,4022.0
0.470487,4022.25
0.470487,4022.5
0.47305,4022.75
0.471768,4023.0
0.470487,4023.25
0.470487,4023.5
0.470487,4023.75
0.469206,4024.0
0.470487,4024.25
0.469206,4024.5
0.469206,4024.75
0.471768,4025.0
0.469206,4025.25
0.469206,4025.5
0.469206,4025.75
0.469206,4026.0
0.467925,4026.25
0.470487,4026.5
0.469206,4026.75
0.467925,4027.0
0.469206,4027.25
0.467925,4027.5
0.469206,4027.75
0.469206,4028.0
0.469206,4028.25
0.469206,4028.5
0.467925,4028.75
0.467925,4029.0
0.469206,4029.25
0.469206,4029.5
0.469206,4029.75
0.466643,4030.0
0.469206,4030.25
0.469206,4030.5
0.469206,4030.75
0.469206,4031.0
0.467925,4031.25
0.467925,4031.5
0.469206,4031.75
0.467925,4032.0
0.467925,4032.25
0.467925,4032.5
0.467925,4032.75
0.467925,4033.0
0.467925,4033.25
0.466643,4033.5
0.467925,4033.75
0.466643,4034.0
0.465362,4034.25
0.466643,4034.5
0.466643,4034.75
0.466643,4035.0
0.466643,4035.25
0.466643,4035.5
0.465362,4035.75
0.466643,4036.0
0.465362,4036.25
0.465362,4036.5
0.466643,4036.75
0.466643,4037.0
0.465362,4037.25
0.466643,4037.5
0.465362,4037.75
0.465362,4038.0
0.465362,4038.25
0.464081,4038.5
0.467925,4038.75
0.464081,4039.0
0.465362,4039.25
0.465362,4039.5
0.4628,4039.75
0.464081,4040.0
0.464081,4040.25
0.464081,4040.5
0.464081,4040.75
0.464081,4041.0
0.4628,4041.25
0.464081,4041.5
0.464081,4041.75
0.465362,4042.0
0.464081,4042.25
0.464081,4042.5
0.464081,4042.75
0.464081,4043.0
0.464081,4043.25
0.464081,4043.5
0.465362,4043.75
0.464081,4044.0
0.465362,4044.25
0.466643,4044.5
0.464081,4044.75
0.465362,4045.0
0.464081,4045.25
0.4628,4045.5
0.464081,4045.75
0.465362,4046.0
0.4628,4046.25
0.464081,4046.5
0.464081,4046.75
0.465362,4047.0
0.4628,4047.25
0.465362,4047.5
0.464081,4047.75
0.464081,4048.0
0.4628,4048.25
0.461518,4048.5
0.461518,4048.75
0.461518,4049.0
0.461518,4049.25
0.461518,4049.5
0.464081,4049.75
0.461518,4050.0
0.4628,4050.25
0.464081,4050.5
0.461518,4050.75
0.461518,4051.0
0.461518,4051.25
0.461518,4051.5
0.461518,4051.75
0.461518,4052.0
0.460237,4052.25
0.461518,4052.5
0.461518,4052.75
0.461518,4053.0
0.461518,4053.25
0.461518,4053.5
0.460237,4053.75
0.4628,4054.0
0.460237,4054.25
0.460237,4054.5
0.460237,4054.75
0.460237,4055.0
0.461518,4055.25
0.458956,4055.5
0.461518,4055.75
0.461518,4056.0
0.458956,4056.25
0.460237,4056.5
0.461518,4056.75
0.460237,4057.0
0.460237,4057.25
0.458956,4057.5
0.460237,4057.75
0.461518,4058.0
0.458956,4058.25
0.458956,4058.5
0.460237,4058.75
0.457675,4059.0
0.458956,4059.25
0.457675,4059.5
0.458956,4059.75
0.458956,4060.0
0.458956,4060.25
0.457675,4060.5
0.458956,4060.75
0.458956,4061.0
0.458956,4061.25
0.460237,4061.5
0.460237,4061.75
0.457675,4062.0
0.457675,4062.25
0.458956,4062.5
0.458956,4062.75
0.456393,4063.0
0.460237,4063.25
0.460237,4063.5
0.457675,4063.75
0.458956,4064.0
0.458956,4064.25
0.457675,4064.5
0.458956,4064.75
0.458956,4065.0
0.456393,4065.25
0.457675,4065.5
0.457675,4065.75
0.457675,4066.0
0.458956,4066.25
0.455112,4066.5
0.456393,4066.75
0.455112,4067.0
0.455112,4067.25
0.455112,4067.5
0.456393,4067.75
0.455112,4068.0
0.456393,4068.25
0.456393,4068.5
0.456393,4068.75
0.457675,4069.0
0.456393,4069.25
0.456393,4069.5
0.456393,4069.75
0.456393,4070.0
0.455112,4070.25
0.456393,4070.5
0.456393,4070.75
0.456393,4071.0
0.453831,4071.25
0.455112,4071.5
0.456393,4071.75
0.455112,4072.0
0.456393,4072.25
0.453831,4072.5
0.453831,4072.75
0.456393,4073.0
0.455112,4073.25
0.455112,4073.5
0.455112,4073.75
0.453831,4074.0
0.453831,4074.25
0.453831,4074.5
0.45255,4074.75
0.455112,4075.0
0.453831,4075.25
0.453831,4075.5
0.45255,4075.75
0.455112,4076.0
0.455112,4076.25
0.453831,4076.5
0.453831,4076.75
0.453831,4077.0
0.455112,4077.25
0.453831,4077.5
0.453831,4077.75
0.453831,4078.0
0.45255,4078.25
0.45255,4078.5
0.455112,4078.75
0.453831,4079.0
0.451268,4079.25
0.45255,4079.5
0.453831,4079.75
0.455112,4080.0
0.451268,4080.25
0.45255,4080.5
0.45255,4080.75
0.45255,4081.0
0.45255,4081.25
0.453831,4081.5
0.45255,4081.75
0.451268,4082.0
0.45255,4082.25
0.451268,4082.5
0.45255,4082.75
0.45255,4083.0
0.45255,4083.25
0.45255,4083.5
0.451268,4083.75
0.45255,4084.0
0.453831,4084.25
0.451268,4084.5
0.451268,4084.75
0.451268,4085.0
0.449987,4085.25
0.45255,4085.5
0.451268,4085.75
0.449987,4086.0
0.451268,4086.25
0.451268,4086.5
0.451268,4086.75
0.449987,4087.0
0.451268,4087.25
0.449987,4087.5
0.449987,4087.75
0.451268,4088.0
0.45255,4088.25
0.449987,4088.5
0.45255,4088.75
0.451268,4089.0
0.451268,4089.25
0.451268,4089.5
0.451268,4089.75
0.449987,4090.0
0.448706,4090.25
0.451268,4090.5
0.449987,4090.75
0.451268,4091.0
0.449987,4091.25
0.449987,4091.5
0.448706,4091.75
0.449987,4092.0
0.448706,4092.25
0.449987,4092.5
0.447425,4092.75
0.448706,4093.0
0.448706,4093.25
0.447425,4093.5
0.448706,4093.75
0.448706,4094.0
0.447425,4094.25
0.447425,4094.5
0.447425,4094.75
0.446143,4095.0
0.447425,4095.25
0.447425,4095.5
0.447425,4095.75
0.447425,4096.0
0.447425,4096.25
0.449987,4096.5
0.446143,4096.75
0.449987,4097.0
0.447425,4097.25
0.447425,4097.5
0.447425,4097.75
0.447425,4098.0
0.447425,4098.25
0.447425,4098.5
0.447425,4098.75
0.447425,4099.0
0.446143,4099.25
0.446143,4099.5
0.446143,4099.75
0.444862,4100.0
0.444862,4100.25
0.446143,4100.5
0.443581,4100.75
0.444862,4101.0
0.446143,4101.25
0.446143,4101.5
0.446143,4101.75
0.447425,4102.0
0.444862,4102.25
0.446143,4102.5
0.446143,4102.75
0.446143,4103.0
0.446143,4103.25
0.447425,4103.5
0.446143,4103.75
0.446143,4104.0
0.446143,4104.25
0.447425,4104.5
0.448706,4104.75
0.446143,4105.0
0.447425,4105.25
0.446143,4105.5
0.444862,4105.75
0.444862,4106.0
0.446143,4106.25
0.443581,4106.5
0.443581,4106.75
0.443581,4107.0
0.443581,4107.25
0.444862,4107.5
0.446143,4107.75
0.444862,4108.0
0.446143,4108.25
0.446143,4108.5
0.444862,4108.75
0.443581,4109.0
0.443581,4109.25
0.444862,4109.5
0.444862,4109.75
0.443581,4110.0
0.446143,4110.25
0.444862,4110.5
0.444862,4110.75
0.444862,4111.0
0.444862,4111.25
0.444862,4111.5
0.444862,4111.75
0.443581,4112.0
0.443581,4112.25
0.444862,4112.5
0.444862,4112.75
0.444862,4113.0
0.443581,4113.25
0.444862,4113.5
0.443581,4113.75
0.442299,4114.0
0.443581,4114.25
0.442299,4114.5
0.443581,4114.75
0.444862,4115.0
0.444862,4115.25
0.442299,4115.5
0.444862,4115.75
0.443581,4116.0
0.442299,4116.25
0.441018,4116.5
0.439737,4116.75
0.441018,4117.0
0.441018,4117.25
0.441018,4117.5
0.441018,4117.75
0.442299,4118.0
0.441018,4118.25
0.443581,4118.5
0.443581,4118.75
0.442299,4119.0
0.442299,4119.25
0.444862,4119.5
0.443581,4119.75
0.443581,4120.0
0.439737,4120.25
0.438456,4120.5
0.437174,4120.75
0.437174,4121.0
0.435893,4121.25
0.435893,4121.5
0.437174,4121.75
0.437174,4122.0
0.437174,4122.25
0.435893,4122.5
0.437174,4122.75
0.437174,4123.0
0.438456,4123.25
0.437174,4123.5
0.437174,4123.75
0.438456,4124.0
0.435893,4124.25
0.437174,4124.5
0.438456,4124.75
0.437174,4125.0
0.437174,4125.25
0.438456,4125.5
0.437174,4125.75
0.437174,4126.0
0.437174,4126.25
0.435893,4126.5
0.439737,4126.75
0.438456,4127.0
0.435893,4127.25
0.437174,4127.5
0.437174,4127.75
0.435893,4128.0
0.438456,4128.25
0.437174,4128.5
0.435893,4128.75
0.435893,4129.0
0.435893,4129.25
0.435893,4129.5
0.437174,4129.75
0.437174,4130.0
0.435893,4130.25
0.435893,4130.5
0.435893,4130.75
0.435893,4131.0
0.435893,4131.25
0.435893,4131.5
0.437174,4131.75
0.435893,4132.0
0.437174,4132.25
0.437174,4132.5
0.435893,4132.75
0.435893,4133.0
0.435893,4133.25
0.435893,4133.5
0.434612,4133.75
0.435893,4134.0
0.435893,4134.25
0.435893,4134.5
0.434612,4134.75
0.435893,4135.0
0.434612,4135.25
0.434612,4135.5
0.434612,4135.75
0.435893,4136.0
0.435893,4136.25
0.434612,4136.5
0.433331,4136.75
0.434612,4137.0
0.434612,4137.25
0.434612,4137.5
0.435893,4137.75
0.434612,4138.0
0.434612,4138.25
0.434612,4138.5
0.433331,4138.75
0.434612,4139.0
0.433331,4139.25
0.434612,4139.5
0.433331,4139.75
0.433331,4140.0
0.433331,4140.25
0.432049,4140.5
0.433331,4140.75
0.432049,4141.0
0.433331,4141.25
0.430768,4141.5
0.432049,4141.75
0.432049,4142.0
0.432049,4142.25
0.430768,4142.5
0.433331,4142.75
0.432049,4143.0
0.433331,4143.25
0.430768,4143.5
0.432049,4143.75
0.432049,4144.0
0.430768,4144.25
0.430768,4144.5
0.432049,4144.75
0.430768,4145.0
0.430768,4145.25
0.430768,4145.5
0.429487,4145.75
0.428206,4146.0
0.428206,4146.25
0.426924,4146.5
0.426924,4146.75
0.425643,4147.0
0.426924,4147.25
0.425643,4147.5
0.425643,4147.75
0.425643,4148.0
0.425643,4148.25
0.425643,4148.5
0.428206,4148.75
0.428206,4149.0
0.428206,4149.25
0.426924,4149.5
0.425643,4149.75
0.425643,4150.0
0.426924,4150.25
0.425643,4150.5
0.425643,4150.75
0.426924,4151.0
0.426924,4151.25
0.430768,4151.5
0.428206,4151.75
0.429487,4152.0
0.428206,4152.25
0.428206,4152.5
0.426924,4152.75
0.428206,4153.0
0.428206,4153.25
0.428206,4153.5
0.428206,4153.75
0.430768,4154.0
0.428206,4154.25
0.428206,4154.5
0.429487,4154.75
0.428206,4155.0
0.428206,4155.25
0.428206,4155.5
0.428206,4155.75
0.426924,4156.0
0.428206,4156.25
0.429487,4156.5
0.426924,4156.75
0.428206,4157.0
0.428206,4157.25
0.428206,4157.5
0.428206,4157.75
0.426924,4158.0
0.425643,4158.25
0.425643,4158.5
0.425643,4158.75
0.425643,4159.0
0.426924,4159.25
0.426924,4159.5
0.428206,4159.75
0.426924,4160.0
0.428206,4160.25
0.428206,4160.5
0.426924,4160.75
0.426924,4161.0
0.426924,4161.25
0.426924,4161.5
0.426924,4161.75
0.425643,4162.0
0.429487,4162.25
0.429487,4162.5
0.430768,4162.75
0.432049,4163.0
0.429487,4163.25
0.426924,4163.5
0.425643,4163.75
0.425643,4164.0
0.424362,4164.25
0.425643,4164.5
0.425643,4164.75
0.425643,4165.0
0.426924,4165.25
0.425643,4165.5
0.425643,4165.75
0.425643,4166.0
0.425643,4166.25
0.424362,4166.5
0.425643,4166.75
0.425643,4167.0
0.425643,4167.25
0.425643,4167.5
0.424362,4167.75
0.425643,4168.0
0.425643,4168.25
0.425643,4168.5
0.426924,4168.75
0.426924,4169.0
0.428206,4169.25
0.428206,4169.5
0.428206,4169.75
0.424362,4170.0
0.425643,4170.25
0.425643,4170.5
0.428206,4170.75
0.426924,4171.0
0.429487,4171.25
0.426924,4171.5
0.426924,4171.75
0.428206,4172.0
0.426924,4172.25
0.426924,4172.5
0.426924,4172.75
0.426924,4173.0
0.426924,4173.25
0.429487,4173.5
0.425643,4173.75
0.426924,4174.0
0.426924,4174.25
0.424362,4174.5
0.426924,4174.75
0.425643,4175.0
0.423081,4175.25
0.424362,4175.5
0.426924,4175.75
0.430768,4176.0
0.432049,4176.25
0.435893,4176.5
0.438456,4176.75
0.439737,4177.0
0.439737,4177.25
0.438456,4177.5
0.438456,4177.75
0.434612,4178.0
0.429487,4178.25
0.430768,4178.5
0.430768,4178.75
0.430768,4179.0
0.426924,4179.25
0.426924,4179.5
0.424362,4179.75
0.423081,4180.0
0.426924,4180.25
0.424362,4180.5
0.424362,4180.75
0.432049,4181.0
0.439737,4181.25
0.433331,4181.5
0.429487,4181.75
0.430768,4182.0
0.430768,4182.25
0.428206,4182.5
0.432049,4182.75
0.429487,4183.0
0.428206,4183.25
0.423081,4183.5
0.420518,4183.75
0.421799,4184.0
0.421799,4184.25
0.423081,4184.5
0.421799,4184.75
0.424362,4185.0
0.421799,4185.25
0.451268,4185.5
0.476893,4185.75
0.449987,4186.0
0.441018,4186.25
0.446143,4186.5
0.447425,4186.75
0.446143,4187.0
0.444862,4187.25
0.439737,4187.5
0.438456,4187.75
0.435893,4188.0
0.433331,4188.25
0.433331,4188.5
0.430768,4188.75
0.430768,4189.0
0.429487,4189.25
0.426924,4189.5
0.425643,4189.75
0.426924,4190.0
0.425643,4190.25
0.425643,4190.5
0.425643,4190.75
0.425643,4191.0
0.426924,4191.25
0.425643,4191.5
0.424362,4191.75
0.425643,4192.0
0.432049,4192.25
0.434612,4192.5
0.435893,4192.75
0.430768,4193.0
0.429487,4193.25
0.426924,4193.5
0.429487,4193.75
0.428206,4194.0
0.428206,4194.25
0.426924,4194.5
0.426924,4194.75
0.424362,4195.0
0.424362,4195.25
0.425643,4195.5
0.424362,4195.75
0.426924,4196.0
0.428206,4196.25
0.425643,4196.5
0.428206,4196.75
0.430768,4197.0
0.432049,4197.25
0.446143,4197.5
0.442299,4197.75
0.433331,4198.0
0.438456,4198.25
0.433331,4198.5
0.430768,4198.75
0.426924,4199.0
0.423081,4199.25
0.421799,4199.5
0.432049,4199.75
0.449987,4200.0
0.446143,4200.25
0.441018,4200.5
0.439737,4200.75
0.456393,4201.0
0.474331,4201.25
0.480737,4201.5
0.456393,4201.75
0.446143,4202.0
0.443581,4202.25
0.438456,4202.5
0.439737,4202.75
0.456393,4203.0
0.457675,4203.25
0.446143,4203.5
0.441018,4203.75
0.434612,4204.0
0.434612,4204.25
0.435893,4204.5
0.437174,4204.75
0.435893,4205.0
0.435893,4205.25
0.433331,4205.5
0.433331,4205.75
0.430768,4206.0
0.433331,4206.25
0.442299,4206.5
0.435893,4206.75
0.434612,4207.0
0.430768,4207.25
0.430768,4207.5
0.430768,4207.75
0.430768,4208.0
0.429487,4208.25
0.429487,4208.5
0.426924,4208.75
0.428206,4209.0
0.428206,4209.25
0.426924,4209.5
0.426924,4209.75
0.425643,4210.0
0.424362,4210.25
0.425643,4210.5
0.425643,4210.75
0.425643,4211.0
0.425643,4211.25
0.425643,4211.5
0.424362,4211.75
0.426924,4212.0
0.425643,4212.25
0.426924,4212.5
0.425643,4212.75
0.425643,4213.0
0.425643,4213.25
0.424362,4213.5
0.425643,4213.75
0.425643,4214.0
0.425643,4214.25
0.425643,4214.5
0.428206,4214.75
0.429487,4215.0
0.426924,4215.25
0.426924,4215.5
0.426924,4215.75
0.426924,4216.0
0.425643,4216.25
0.425643,4216.5
0.424362,4216.75
0.424362,4217.0
0.425643,4217.25
0.425643,4217.5
0.424362,4217.75
0.424362,4218.0
0.423081,4218.25
0.424362,4218.5
0.423081,4218.75
0.423081,4219.0
0.425643,4219.25
0.437174,4219.5
0.438456,4219.75
0.438456,4220.0
0.439737,4220.25
0.439737,4220.5
0.439737,4220.75
0.439737,4221.0
0.438456,4221.25
0.438456,4221.5
0.433331,4221.75
0.428206,4222.0
0.424362,4222.25
0.421799,4222.5
0.417956,4222.75
0.417956,4223.0
0.417956,4223.25
0.417956,4223.5
0.415393,4223.75
0.415393,4224.0
0.411549,4224.25
0.488425,4224.5
0.516612,4224.75
0.457675,4225.0
0.442299,4225.25
0.434612,4225.5
0.433331,4225.75
0.449987,4226.0
0.470487,4226.25
0.471768,4226.5
0.487143,4226.75
0.480737,4227.0
0.458956,4227.25
0.441018,4227.5
0.437174,4227.75
0.434612,4228.0
0.432049,4228.25
0.432049,4228.5
0.430768,4228.75
0.430768,4229.0
0.429487,4229.25
0.429487,4229.5
0.429487,4229.75
0.430768,4230.0
0.467925,4230.25
0.451268,4230.5
0.443581,4230.75
0.447425,4231.0
0.448706,4231.25
0.446143,4231.5
0.443581,4231.75
0.444862,4232.0
0.444862,4232.25
0.467925,4232.5
0.469206,4232.75
0.446143,4233.0
0.441018,4233.25
0.439737,4233.5
0.434612,4233.75
0.435893,4234.0
0.434612,4234.25
0.435893,4234.5
0.434612,4234.75
0.434612,4235.0
0.434612,4235.25
0.434612,4235.5
0.432049,4235.75
0.433331,4236.0
0.434612,4236.25
0.434612,4236.5
0.439737,4236.75
0.435893,4237.0
0.438456,4237.25
0.444862,4237.5
0.441018,4237.75
0.437174,4238.0
0.432049,4238.25
0.430768,4238.5
0.433331,4238.75
0.437174,4239.0
0.438456,4239.25
0.438456,4239.5
0.438456,4239.75
0.435893,4240.0
0.438456,4240.25
0.433331,4240.5
0.430768,4240.75
0.429487,4241.0
0.434612,4241.25
0.430768,4241.5
0.429487,4241.75
0.429487,4242.0
0.455112,4242.25
0.492268,4242.5
0.457675,4242.75
0.470487,4243.0
0.457675,4243.25
0.449987,4243.5
0.447425,4243.75
0.464081,4244.0
0.457675,4244.25
0.458956,4244.5
0.453831,4244.75
0.447425,4245.0
0.438456,4245.25
0.448706,4245.5
0.449987,4245.75
0.479456,4246.0
0.476893,4246.25
0.469206,4246.5
0.455112,4246.75
0.460237,4247.0
0.446143,4247.25
0.449987,4247.5
0.45255,4247.75
0.446143,4248.0
0.446143,4248.25
0.449987,4248.5
0.456393,4248.75
0.460237,4249.0
0.4833,4249.25
0.520456,4249.5
0.49355,4249.75
0.469206,4250.0
0.466643,4250.25
0.461518,4250.5
0.458956,4250.75
0.451268,4251.0
0.455112,4251.25
0.451268,4251.5
0.451268,4251.75
0.455112,4252.0
0.461518,4252.25
0.458956,4252.5
0.456393,4252.75
0.455112,4253.0
0.453831,4253.25
0.456393,4253.5
0.453831,4253.75
0.451268,4254.0
0.448706,4254.25
0.448706,4254.5
0.449987,4254.75
0.448706,4255.0
0.447425,4255.25
0.447425,4255.5
0.446143,4255.75
0.444862,4256.0
0.444862,4256.25
0.442299,4256.5
0.442299,4256.75
0.442299,4257.0
0.441018,4257.25
0.441018,4257.5
0.45255,4257.75
0.453831,4258.0
0.447425,4258.25
0.446143,4258.5
0.443581,4258.75
0.443581,4259.0
0.443581,4259.25
0.444862,4259.5
0.443581,4259.75
0.451268,4260.0
0.448706,4260.25
0.448706,4260.5
0.449987,4260.75
0.448706,4261.0
0.449987,4261.25
0.448706,4261.5
0.448706,4261.75
0.449987,4262.0
0.449987,4262.25
0.449987,4262.5
0.451268,4262.75
0.45255,4263.0
0.45255,4263.25
0.45255,4263.5
0.45255,4263.75
0.451268,4264.0
0.449987,4264.25
0.447425,4264.5
0.448706,4264.75
0.448706,4265.0
0.449987,4265.25
0.449987,4265.5
0.45255,4265.75
0.45255,4266.0
0.45255,4266.25
0.45255,4266.5
0.447425,4266.75
0.446143,4267.0
0.444862,4267.25
0.441018,4267.5
0.439737,4267.75
0.443581,4268.0
0.444862,4268.25
0.448706,4268.5
0.448706,4268.75
0.447425,4269.0
0.444862,4269.25
0.444862,4269.5
0.443581,4269.75
0.441018,4270.0
0.439737,4270.25
0.441018,4270.5
0.439737,4270.75
0.438456,4271.0
0.443581,4271.25
0.444862,4271.5
0.447425,4271.75
0.453831,4272.0
0.451268,4272.25
0.449987,4272.5
0.446143,4272.75
0.448706,4273.0
0.446143,4273.25
0.444862,4273.5
0.439737,4273.75
0.439737,4274.0
0.442299,4274.25
0.443581,4274.5
0.443581,4274.75
0.444862,4275.0
0.446143,4275.25
0.446143,4275.5
0.448706,4275.75
0.446143,4276.0
0.446143,4276.25
0.446143,4276.5
0.444862,4276.75
0.446143,4277.0
0.446143,4277.25
0.446143,4277.5
0.446143,4277.75
0.444862,4278.0
0.444862,4278.25
0.447425,4278.5
0.446143,4278.75
0.444862,4279.0
0.444862,4279.25
0.446143,4279.5
0.446143,4279.75
0.446143,4280.0
0.446143,4280.25
0.446143,4280.5
0.446143,4280.75
0.444862,4281.0
0.446143,4281.25
0.443581,4281.5
0.444862,4281.75
0.443581,4282.0
0.443581,4282.25
0.446143,4282.5
0.443581,4282.75
0.443581,4283.0
0.443581,4283.25
0.444862,4283.5
0.444862,4283.75
0.446143,4284.0
0.446143,4284.25
0.446143,4284.5
0.446143,4284.75
0.444862,4285.0
0.444862,4285.25
0.443581,4285.5
0.443581,4285.75
0.443581,4286.0
0.444862,4286.25
0.443581,4286.5
0.444862,4286.75
0.444862,4287.0
0.443581,4287.25
0.443581,4287.5
0.444862,4287.75
0.443581,4288.0
0.442299,4288.25
0.443581,4288.5
0.443581,4288.75
0.444862,4289.0
0.443581,4289.25
0.442299,4289.5
0.442299,4289.75
0.443581,4290.0
0.442299,4290.25
0.442299,4290.5
0.443581,4290.75
0.443581,4291.0
0.444862,4291.25
0.442299,4291.5
0.443581,4291.75
0.442299,4292.0
0.441018,4292.25
0.443581,4292.5
0.443581,4292.75
0.443581,4293.0
0.442299,4293.25
0.442299,4293.5
0.442299,4293.75
0.444862,4294.0
0.442299,4294.25
0.443581,4294.5
0.442299,4294.75
0.443581,4295.0
0.442299,4295.25
0.443581,4295.5
0.443581,4295.75
0.442299,4296.0
0.442299,4296.25
0.441018,4296.5
0.442299,4296.75
0.443581,4297.0
0.443581,4297.25
0.442299,4297.5
0.441018,4297.75
0.442299,4298.0
0.444862,4298.25
0.442299,4298.5
0.443581,4298.75
0.442299,4299.0
0.442299,4299.25
0.444862,4299.5
0.442299,4299.75
0.444862,4300.0
0.442299,4300.25
0.442299,4300.5
0.442299,4300.75
0.442299,4301.0
0.442299,4301.25
0.442299,4301.5
0.443581,4301.75
0.443581,4302.0
0.443581,4302.25
0.442299,4302.5
0.442299,4302.75
0.444862,4303.0
0.443581,4303.25
0.442299,4303.5
0.443581,4303.75
0.442299,4304.0
0.441018,4304.25
0.442299,4304.5
0.441018,4304.75
0.443581,4305.0
0.442299,4305.25
0.442299,4305.5
0.443581,4305.75
0.442299,4306.0
0.442299,4306.25
0.442299,4306.5
0.443581,4306.75
0.442299,4307.0
0.443581,4307.25
0.442299,4307.5
0.442299,4307.75
0.441018,4308.0
0.443581,4308.25
0.442299,4308.5
0.442299,4308.75
0.442299,4309.0
0.442299,4309.25
0.441018,4309.5
0.441018,4309.75
0.441018,4310.0
0.441018,4310.25
0.442299,4310.5
0.442299,4310.75
0.442299,4311.0
0.439737,4311.25
0.443581,4311.5
0.441018,4311.75
0.441018,4312.0
0.441018,4312.25
0.441018,4312.5
0.439737,4312.75
0.441018,4313.0
0.439737,4313.25
0.439737,4313.5
0.441018,4313.75
0.438456,4314.0
0.439737,4314.25
0.439737,4314.5
0.439737,4314.75
0.439737,4315.0
0.441018,4315.25
0.439737,4315.5
0.442299,4315.75
0.441018,4316.0
0.439737,4316.25
0.442299,4316.5
0.438456,4316.75
0.439737,4317.0
0.439737,4317.25
0.439737,4317.5
0.439737,4317.75
0.441018,4318.0
0.441018,4318.25
0.439737,4318.5
0.441018,4318.75
0.441018,4319.0
0.442299,4319.25
0.441018,4319.5
0.442299,4319.75
0.441018,4320.0
0.439737,4320.25
0.441018,4320.5
0.441018,4320.75
0.439737,4321.0
0.441018,4321.25
0.441018,4321.5
0.441018,4321.75
0.442299,4322.0
0.439737,4322.25
0.441018,4322.5
0.441018,4322.75
0.439737,4323.0
0.439737,4323.25
0.439737,4323.5
0.438456,4323.75
0.438456,4324.0
0.441018,4324.25
0.439737,4324.5
0.443581,4324.75
0.439737,4325.0
0.441018,4325.25
0.441018,4325.5
0.441018,4325.75
0.439737,4326.0
0.441018,4326.25
0.439737,4326.5
0.439737,4326.75
0.441018,4327.0
0.441018,4327.25
0.442299,4327.5
0.441018,4327.75
0.442299,4328.0
0.442299,4328.25
0.439737,4328.5
0.441018,4328.75
0.441018,4329.0
0.439737,4329.25
0.439737,4329.5
0.439737,4329.75
0.439737,4330.0
0.439737,4330.25
0.439737,4330.5
0.439737,4330.75
0.441018,4331.0
0.438456,4331.25
0.439737,4331.5
0.439737,4331.75
0.441018,4332.0
0.439737,4332.25
0.439737,4332.5
0.441018,4332.75
0.441018,4333.0
0.441018,4333.25
0.439737,4333.5
0.441018,4333.75
0.439737,4334.0
0.439737,4334.25
0.441018,4334.5
0.441018,4334.75
0.439737,4335.0
0.439737,4335.25
0.442299,4335.5
0.442299,4335.75
0.441018,4336.0
0.442299,4336.25
0.439737,4336.5
0.442299,4336.75
0.442299,4337.0
0.441018,4337.25
0.441018,4337.5
0.442299,4337.75
0.441018,4338.0
0.441018,4338.25
0.443581,4338.5
0.441018,4338.75
0.441018,4339.0
0.442299,4339.25
0.441018,4339.5
0.441018,4339.75
0.442299,4340.0
0.441018,4340.25
0.439737,4340.5
0.441018,4340.75
0.441018,4341.0
0.442299,4341.25
0.441018,4341.5
0.442299,4341.75
0.441018,4342.0
0.439737,4342.25
0.439737,4342.5
0.441018,4342.75
0.441018,4343.0
0.439737,4343.25
0.439737,4343.5
0.441018,4343.75
0.442299,4344.0
0.439737,4344.25
0.442299,4344.5
0.441018,4344.75
0.441018,4345.0
0.442299,4345.25
0.441018,4345.5
0.439737,4345.75
0.441018,4346.0
0.441018,4346.25
0.442299,4346.5
0.442299,4346.75
0.441018,4347.0
0.442299,4347.25
0.441018,4347.5
0.441018,4347.75
0.441018,4348.0
0.441018,4348.25
0.439737,4348.5
0.441018,4348.75
0.442299,4349.0
0.441018,4349.25
0.442299,4349.5
0.439737,4349.75
0.442299,4350.0
0.443581,4350.25
0.442299,4350.5
0.442299,4350.75
0.442299,4351.0
0.442299,4351.25
0.442299,4351.5
0.442299,4351.75
0.442299,4352.0
0.442299,4352.25
0.441018,4352.5
0.442299,4352.75
0.442299,4353.0
0.442299,4353.25
0.442299,4353.5
0.442299,4353.75
0.441018,4354.0
0.441018,4354.25
0.442299,4354.5
0.439737,4354.75
0.442299,4355.0
0.441018,4355.25
0.442299,4355.5
0.442299,4355.75
0.441018,4356.0
0.441018,4356.25
0.442299,4356.5
0.441018,4356.75
0.441018,4357.0
0.443581,4357.25
0.443581,4357.5
0.442299,4357.75
0.442299,4358.0
0.442299,4358.25
0.441018,4358.5
0.442299,4358.75
0.441018,4359.0
0.442299,4359.25
0.441018,4359.5
0.441018,4359.75
0.441018,4360.0
0.442299,4360.25
0.442299,4360.5
0.441018,4360.75
0.442299,4361.0
0.439737,4361.25
0.441018,4361.5
0.442299,4361.75
0.443581,4362.0
0.441018,4362.25
0.441018,4362.5
0.442299,4362.75
0.441018,4363.0
0.443581,4363.25
0.442299,4363.5
0.441018,4363.75
0.443581,4364.0
0.442299,4364.25
0.441018,4364.5
0.441018,4364.75
0.442299,4365.0
0.442299,4365.25
0.443581,4365.5
0.443581,4365.75
0.443581,4366.0
0.443581,4366.25
0.442299,4366.5
0.442299,4366.75
0.442299,4367.0
0.442299,4367.25
0.442299,4367.5
0.442299,4367.75
0.442299,4368.0
0.442299,4368.25
0.441018,4368.5
0.444862,4368.75
0.442299,4369.0
0.443581,4369.25
0.442299,4369.5
0.441018,4369.75
0.442299,4370.0
0.442299,4370.25
0.442299,4370.5
0.442299,4370.75
0.441018,4371.0
0.441018,4371.25
0.441018,4371.5
0.441018,4371.75
0.439737,4372.0
0.442299,4372.25
0.442299,4372.5
0.442299,4372.75
0.442299,4373.0
0.442299,4373.25
0.442299,4373.5
0.443581,4373.75
0.443581,4374.0
0.444862,4374.25
0.442299,4374.5
0.442299,4374.75
0.442299,4375.0
0.443581,4375.25
0.443581,4375.5
0.443581,4375.75
0.443581,4376.0
0.442299,4376.25
0.442299,4376.5
0.443581,4376.75
0.443581,4377.0
0.442299,4377.25
0.443581,4377.5
0.443581,4377.75
0.443581,4378.0
0.442299,4378.25
0.442299,4378.5
0.442299,4378.75
0.442299,4379.0
0.442299,4379.25
0.442299,4379.5
0.443581,4379.75
0.443581,4380.0
0.442299,4380.25
0.442299,4380.5
0.442299,4380.75
0.442299,4381.0
0.443581,4381.25
0.442299,4381.5
0.442299,4381.75
0.442299,4382.0
0.442299,4382.25
0.442299,4382.5
0.442299,4382.75
0.443581,4383.0
0.442299,4383.25
0.442299,4383.5
0.442299,4383.75
0.442299,4384.0
0.443581,4384.25
0.443581,4384.5
0.443581,4384.75
0.442299,4385.0
0.444862,4385.25
0.442299,4385.5
0.443581,4385.75
0.442299,4386.0
0.442299,4386.25
0.443581,4386.5
0.443581,4386.75
0.443581,4387.0
0.442299,4387.25
0.442299,4387.5
0.443581,4387.75
0.444862,4388.0
0.443581,4388.25
0.443581,4388.5
0.444862,4388.75
0.443581,4389.0
0.444862,4389.25
0.442299,4389.5
0.442299,4389.75
0.443581,4390.0
0.444862,4390.25
0.442299,4390.5
0.444862,4390.75
0.442299,4391.0
0.443581,4391.25
0.443581,4391.5
0.443581,4391.75
0.444862,4392.0
0.444862,4392.25
0.444862,4392.5
0.444862,4392.75
0.443581,4393.0
0.443581,4393.25
0.444862,4393.5
0.443581,4393.75
0.444862,4394.0
0.444862,4394.25
0.443581,4394.5
0.444862,4394.75
0.446143,4395.0
0.444862,4395.25
0.444862,4395.5
0.444862,4395.75
0.443581,4396.0
0.446143,4396.25
0.446143,4396.5
0.446143,4396.75
0.444862,4397.0
0.444862,4397.25
0.444862,4397.5
0.444862,4397.75
0.444862,4398.0
0.443581,4398.25
0.446143,4398.5
0.444862,4398.75
0.444862,4399.0
0.444862,4399.25
0.444862,4399.5
0.444862,4399.75
0.444862,4400.0
0.444862,4400.25
0.444862,4400.5
0.447425,4400.75
0.446143,4401.0
0.446143,4401.25
0.446143,4401.5
0.446143,4401.75
0.444862,4402.0
0.446143,4402.25
0.444862,4402.5
0.444862,4402.75
0.447425,4403.0
0.446143,4403.25
0.446143,4403.5
0.446143,4403.75
0.446143,4404.0
0.446143,4404.25
0.447425,4404.5
0.446143,4404.75
0.446143,4405.0
0.446143,4405.25
0.447425,4405.5
0.446143,4405.75
0.447425,4406.0
0.446143,4406.25
0.444862,4406.5
0.447425,4406.75
0.446143,4407.0
0.446143,4407.25
0.446143,4407.5
0.447425,4407.75
0.444862,4408.0
0.447425,4408.25
0.446143,4408.5
0.444862,4408.75
0.446143,4409.0
0.446143,4409.25
0.447425,4409.5
0.447425,4409.75
0.447425,4410.0
0.447425,4410.25
0.447425,4410.5
0.447425,4410.75
0.447425,4411.0
0.446143,4411.25
0.446143,4411.5
0.446143,4411.75
0.447425,4412.0
0.447425,4412.25
0.447425,4412.5
0.447425,4412.75
0.446143,4413.0
0.446143,4413.25
0.447425,4413.5
0.447425,4413.75
0.447425,4414.0
0.446143,4414.25
0.446143,4414.5
0.446143,4414.75
0.446143,4415.0
0.446143,4415.25
0.447425,4415.5
0.447425,4415.75
0.447425,4416.0
0.447425,4416.25
0.447425,4416.5
0.446143,4416.75
0.447425,4417.0
0.447425,4417.25
0.447425,4417.5
0.446143,4417.75
0.446143,4418.0
0.447425,4418.25
0.447425,4418.5
0.449987,4418.75
0.447425,4419.0
0.447425,4419.25
0.447425,4419.5
0.447425,4419.75
0.447425,4420.0
0.447425,4420.25
0.447425,4420.5
0.446143,4420.75
0.447425,4421.0
0.446143,4421.25
0.446143,4421.5
0.447425,4421.75
0.447425,4422.0
0.446143,4422.25
0.446143,4422.5
0.447425,4422.75
0.447425,4423.0
0.448706,4423.25
0.447425,4423.5
0.448706,4423.75
0.447425,4424.0
0.447425,4424.25
0.448706,4424.5
0.448706,4424.75
0.448706,4425.0
0.447425,4425.25
0.447425,4425.5
0.448706,4425.75
0.448706,4426.0
0.448706,4426.25
0.448706,4426.5
0.448706,4426.75
0.448706,4427.0
0.448706,4427.25
0.449987,4427.5
0.448706,4427.75
0.447425,4428.0
0.448706,4428.25
0.447425,4428.5
0.448706,4428.75
0.448706,4429.0
0.448706,4429.25
0.447425,4429.5
0.448706,4429.75
0.447425,4430.0
0.447425,4430.25
0.448706,4430.5
0.447425,4430.75
0.448706,4431.0
0.448706,4431.25
0.449987,4431.5
0.448706,4431.75
0.449987,4432.0
0.449987,4432.25
0.448706,4432.5
0.449987,4432.75
0.448706,4433.0
0.448706,4433.25
0.448706,4433.5
0.448706,4433.75
0.449987,4434.0
0.449987,4434.25
0.448706,4434.5
0.449987,4434.75
0.449987,4435.0
0.451268,4435.25
0.449987,4435.5
0.449987,4435.75
0.449987,4436.0
0.449987,4436.25
0.449987,4436.5
0.449987,4436.75
0.448706,4437.0
0.449987,4437.25
0.451268,4437.5
0.449987,4437.75
0.449987,4438.0
0.449987,4438.25
0.449987,4438.5
0.449987,4438.75
0.449987,4439.0
0.449987,4439.25
0.448706,4439.5
0.448706,4439.75
0.449987,4440.0
0.449987,4440.25
0.449987,4440.5
0.449987,4440.75
0.449987,4441.0
0.448706,4441.25
0.449987,4441.5
0.449987,4441.75
0.449987,4442.0
0.451268,4442.25
0.449987,4442.5
0.449987,4442.75
0.451268,4443.0
0.449987,4443.25
0.45255,4443.5
0.451268,4443.75
0.451268,4444.0
0.448706,4444.25
0.449987,4444.5
0.449987,4444.75
0.449987,4445.0
0.451268,4445.25
0.449987,4445.5
0.45255,4445.75
0.451268,4446.0
0.451268,4446.25
0.449987,4446.5
0.451268,4446.75
0.449987,4447.0
0.451268,4447.25
0.451268,4447.5
0.451268,4447.75
0.449987,4448.0
0.449987,4448.25
0.449987,4448.5
0.449987,4448.75
0.449987,4449.0
0.449987,4449.25
0.449987,4449.5
0.449987,4449.75
0.448706,4450.0
0.448706,4450.25
0.449987,4450.5
0.449987,4450.75
0.451268,4451.0
0.449987,4451.25
0.449987,4451.5
0.451268,4451.75
0.451268,4452.0
0.449987,4452.25
0.449987,4452.5
0.449987,4452.75
0.448706,4453.0
0.453831,4453.25
0.45255,4453.5
0.453831,4453.75
0.453831,4454.0
0.453831,4454.25
0.45255,4454.5
0.45255,4454.75
0.45255,4455.0
0.451268,4455.25
0.45255,4455.5
0.451268,4455.75
0.451268,4456.0
0.45255,4456.25
0.45255,4456.5
0.451268,4456.75
0.45255,4457.0
0.449987,4457.25
0.45255,4457.5
0.451268,4457.75
0.451268,4458.0
0.451268,4458.25
0.45255,4458.5
0.451268,4458.75
0.45255,4459.0
0.451268,4459.25
0.453831,4459.5
0.45255,4459.75
0.45255,4460.0
0.45255,4460.25
0.45255,4460.5
0.45255,4460.75
0.451268,4461.0
0.451268,4461.25
0.45255,4461.5
0.453831,4461.75
0.45255,4462.0
0.453831,4462.25
0.453831,4462.5
0.453831,4462.75
0.453831,4463.0
0.453831,4463.25
0.451268,4463.5
0.453831,4463.75
0.45255,4464.0
0.45255,4464.25
0.453831,4464.5
0.453831,4464.75
0.453831,4465.0
0.455112,4465.25
0.45255,4465.5
0.453831,4465.75
0.453831,4466.0
0.45255,4466.25
0.455112,4466.5
0.453831,4466.75
0.453831,4467.0
0.453831,4467.25
0.453831,4467.5
0.453831,4467.75
0.455112,4468.0
0.455112,4468.25
0.453831,4468.5
0.456393,4468.75
0.455112,4469.0
0.453831,4469.25
0.453831,4469.5
0.453831,4469.75
0.453831,4470.0
0.453831,4470.25
0.453831,4470.5
0.453831,4470.75
0.453831,4471.0
0.453831,4471.25
0.453831,4471.5
0.453831,4471.75
0.453831,4472.0
0.453831,4472.25
0.453831,4472.5
0.456393,4472.75
0.453831,4473.0
0.455112,4473.25
0.455112,4473.5
0.453831,4473.75
0.453831,4474.0
0.453831,4474.25
0.453831,4474.5
0.453831,4474.75
0.453831,4475.0
0.453831,4475.25
0.453831,4475.5
0.455112,4475.75
0.453831,4476.0
0.453831,4476.25
0.455112,4476.5
0.455112,4476.75
0.45255,4477.0
0.453831,4477.25
0.45255,4477.5
0.451268,4477.75
0.451268,4478.0
0.45255,4478.25
0.45255,4478.5
0.455112,4478.75
0.45255,4479.0
0.453831,4479.25
0.455112,4479.5
0.453831,4479.75
0.453831,4480.0
0.456393,4480.25
0.453831,4480.5
0.453831,4480.75
0.453831,4481.0
0.453831,4481.25
0.455112,4481.5
0.453831,4481.75
0.453831,4482.0
0.455112,4482.25
0.453831,4482.5
0.453831,4482.75
0.453831,4483.0
0.45255,4483.25
0.45255,4483.5
0.453831,4483.75
0.455112,4484.0
0.455112,4484.25
0.455112,4484.5
0.457675,4484.75
0.455112,4485.0
0.453831,4485.25
0.455112,4485.5
0.455112,4485.75
0.455112,4486.0
0.453831,4486.25
0.455112,4486.5
0.453831,4486.75
0.457675,4487.0
0.456393,4487.25
0.455112,4487.5
0.455112,4487.75
0.453831,4488.0
0.455112,4488.25
0.456393,4488.5
0.453831,4488.75
0.455112,4489.0
0.455112,4489.25
0.453831,4489.5
0.456393,4489.75
0.455112,4490.0
0.455112,4490.25
0.456393,4490.5
0.456393,4490.75
0.456393,4491.0
0.456393,4491.25
0.456393,4491.5
0.455112,4491.75
0.456393,4492.0
0.456393,4492.25
0.456393,4492.5
0.456393,4492.75
0.456393,4493.0
0.455112,4493.25
0.455112,4493.5
0.455112,4493.75
0.455112,4494.0
0.455112,4494.25
0.455112,4494.5
0.455112,4494.75
0.455112,4495.0
0.455112,4495.25
0.455112,4495.5
0.456393,4495.75
0.456393,4496.0
0.457675,4496.25
0.457675,4496.5
0.456393,4496.75
0.456393,4497.0
0.456393,4497.25
0.457675,4497.5
0.456393,4497.75
0.455112,4498.0
0.456393,4498.25
0.455112,4498.5
0.456393,4498.75
0.455112,4499.0
0.456393,4499.25
0.457675,4499.5
0.457675,4499.75
0.456393,4500.0
0.456393,4500.25
0.456393,4500.5
0.457675,4500.75
0.455112,4501.0
0.457675,4501.25
0.456393,4501.5
0.457675,4501.75
0.457675,4502.0
0.457675,4502.25
0.456393,4502.5
0.457675,4502.75
0.457675,4503.0
0.456393,4503.25
0.456393,4503.5
0.455112,4503.75
0.455112,4504.0
0.456393,4504.25
0.457675,4504.5
0.457675,4504.75
0.456393,4505.0
0.456393,4505.25
0.456393,4505.5
0.457675,4505.75
0.457675,4506.0
0.458956,4506.25
0.456393,4506.5
0.456393,4506.75
0.456393,4507.0
0.457675,4507.25
0.456393,4507.5
0.456393,4507.75
0.456393,4508.0
0.456393,4508.25
0.457675,4508.5
0.456393,4508.75
0.457675,4509.0
0.456393,4509.25
0.458956,4509.5
0.456393,4509.75
0.456393,4510.0
0.455112,4510.25
0.455112,4510.5
0.456393,4510.75
0.455112,4511.0
0.456393,4511.25
0.457675,4511.5
0.457675,4511.75
0.456393,4512.0
0.456393,4512.25
0.456393,4512.5
0.457675,4512.75
0.457675,4513.0
0.457675,4513.25
0.456393,4513.5
0.456393,4513.75
0.456393,4514.0
0.457675,4514.25
0.457675,4514.5
0.456393,4514.75
0.456393,4515.0
0.456393,4515.25
0.457675,4515.5
0.457675,4515.75
0.457675,4516.0
0.456393,4516.25
0.457675,4516.5
0.456393,4516.75
0.456393,4517.0
0.457675,4517.25
0.457675,4517.5
0.458956,4517.75
0.457675,4518.0
0.457675,4518.25
0.457675,4518.5
0.458956,4518.75
0.457675,4519.0
0.458956,4519.25
0.458956,4519.5
0.457675,4519.75
0.458956,4520.0
0.457675,4520.25
0.457675,4520.5
0.457675,4520.75
0.457675,4521.0
0.458956,4521.25
0.458956,4521.5
0.458956,4521.75
0.458956,4522.0
0.457675,4522.25
0.460237,4522.5
0.460237,4522.75
0.457675,4523.0
0.458956,4523.25
0.460237,4523.5
0.457675,4523.75
0.458956,4524.0
0.458956,4524.25
0.458956,4524.5
0.458956,4524.75
0.458956,4525.0
0.458956,4525.25
0.458956,4525.5
0.458956,4525.75
0.458956,4526.0
0.458956,4526.25
0.458956,4526.5
0.458956,4526.75
0.457675,4527.0
0.457675,4527.25
0.458956,4527.5
0.458956,4527.75
0.458956,4528.0
0.458956,4528.25
0.458956,4528.5
0.457675,4528.75
0.457675,4529.0
0.458956,4529.25
0.458956,4529.5
0.458956,4529.75
0.458956,4530.0
0.458956,4530.25
0.458956,4530.5
0.458956,4530.75
0.458956,4531.0
0.458956,4531.25
0.458956,4531.5
0.458956,4531.75
0.458956,4532.0
0.458956,4532.25
0.458956,4532.5
0.458956,4532.75
0.458956,4533.0
0.460237,4533.25
0.458956,4533.5
0.460237,4533.75
0.460237,4534.0
0.460237,4534.25
0.458956,4534.5
0.460237,4534.75
0.456393,4535.0
0.458956,4535.25
0.457675,4535.5
0.458956,4535.75
0.460237,4536.0
0.458956,4536.25
0.458956,4536.5
0.460237,4536.75
0.458956,4537.0
0.458956,4537.25
0.460237,4537.5
0.457675,4537.75
0.460237,4538.0
0.458956,4538.25
0.460237,4538.5
0.460237,4538.75
0.458956,4539.0
0.460237,4539.25
0.460237,4539.5
0.458956,4539.75
0.458956,4540.0
0.460237,4540.25
0.460237,4540.5
0.458956,4540.75
0.460237,4541.0
0.460237,4541.25
0.458956,4541.5
0.460237,4541.75
0.461518,4542.0
0.461518,4542.25
0.461518,4542.5
0.460237,4542.75
0.460237,4543.0
0.460237,4543.25
0.458956,4543.5
0.460237,4543.75
0.458956,4544.0
0.461518,4544.25
0.460237,4544.5
0.460237,4544.75
0.461518,4545.0
0.458956,4545.25
0.460237,4545.5
0.460237,4545.75
0.458956,4546.0
0.460237,4546.25
0.458956,4546.5
0.460237,4546.75
0.460237,4547.0
0.460237,4547.25
0.461518,4547.5
0.461518,4547.75
0.461518,4548.0
0.460237,4548.25
0.4628,4548.5
0.460237,4548.75
0.460237,4549.0
0.461518,4549.25
0.460237,4549.5
0.460237,4549.75
0.461518,4550.0
0.4628,4550.25
0.461518,4550.5
0.4628,4550.75
0.461518,4551.0
0.460237,4551.25
0.460237,4551.5
0.460237,4551.75
0.460237,4552.0
0.461518,4552.25
0.461518,4552.5
0.460237,4552.75
0.461518,4553.0
0.4628,4553.25
0.461518,4553.5
0.460237,4553.75
0.460237,4554.0
0.461518,4554.25
0.461518,4554.5
0.460237,4554.75
0.461518,4555.0
0.461518,4555.25
0.460237,4555.5
0.461518,4555.75
0.461518,4556.0
0.460237,4556.25
0.461518,4556.5
0.461518,4556.75
0.461518,4557.0
0.461518,4557.25
0.4628,4557.5
0.4628,4557.75
0.461518,4558.0
0.460237,4558.25
0.461518,4558.5
0.461518,4558.75
0.4628,4559.0
0.461518,4559.25
0.460237,4559.5
0.460237,4559.75
0.461518,4560.0
0.461518,4560.25
0.460237,4560.5
0.460237,4560.75
0.460237,4561.0
0.4628,4561.25
0.461518,4561.5
0.4628,4561.75
0.4628,4562.0
0.4628,4562.25
0.4628,4562.5
0.4628,4562.75
0.461518,4563.0
0.461518,4563.25
0.4628,4563.5
0.4628,4563.75
0.4628,4564.0
0.461518,4564.25
0.461518,4564.5
0.461518,4564.75
0.461518,4565.0
0.4628,4565.25
0.4628,4565.5
0.4628,4565.75
0.4628,4566.0
0.461518,4566.25
0.461518,4566.5
0.461518,4566.75
0.461518,4567.0
0.4628,4567.25
0.461518,4567.5
0.461518,4567.75
0.461518,4568.0
0.461518,4568.25
0.4628,4568.5
0.461518,4568.75
0.4628,4569.0
0.461518,4569.25
0.461518,4569.5
0.461518,4569.75
0.4628,4570.0
0.461518,4570.25
0.4628,4570.5
0.4628,4570.75
0.460237,4571.0
0.461518,4571.25
0.4628,4571.5
0.464081,4571.75
0.4628,4572.0
0.464081,4572.25
0.464081,4572.5
0.4628,4572.75
0.461518,4573.0
0.464081,4573.25
0.461518,4573.5
0.461518,4573.75
0.461518,4574.0
0.4628,4574.25
0.4628,4574.5
0.464081,4574.75
0.4628,4575.0
0.4628,4575.25
0.464081,4575.5
0.460237,4575.75
0.4628,4576.0
0.461518,4576.25
0.4628,4576.5
0.4628,4576.75
0.461518,4577.0
0.4628,4577.25
0.461518,4577.5
0.461518,4577.75
0.464081,4578.0
0.4628,4578.25
0.4628,4578.5
0.464081,4578.75
0.4628,4579.0
0.4628,4579.25
0.4628,4579.5
0.4628,4579.75
0.464081,4580.0
0.4628,4580.25
0.4628,4580.5
0.4628,4580.75
0.4628,4581.0
0.4628,4581.25
0.464081,4581.5
0.464081,4581.75
0.4628,4582.0
0.464081,4582.25
0.464081,4582.5
0.465362,4582.75
0.464081,4583.0
0.465362,4583.25
0.465362,4583.5
0.465362,4583.75
0.464081,4584.0
0.464081,4584.25
0.464081,4584.5
0.4628,4584.75
0.464081,4585.0
0.464081,4585.25
0.465362,4585.5
0.464081,4585.75
0.465362,4586.0
0.465362,4586.25
0.464081,4586.5
0.465362,4586.75
0.465362,4587.0
0.464081,4587.25
0.464081,4587.5
0.464081,4587.75
0.464081,4588.0
0.465362,4588.25
0.464081,4588.5
0.465362,4588.75
0.465362,4589.0
0.464081,4589.25
0.465362,4589.5
0.465362,4589.75
0.465362,4590.0
0.464081,4590.25
0.464081,4590.5
0.464081,4590.75
0.464081,4591.0
0.464081,4591.25
0.465362,4591.5
0.465362,4591.75
0.466643,4592.0
0.464081,4592.25
0.466643,4592.5
0.465362,4592.75
0.465362,4593.0
0.464081,4593.25
0.464081,4593.5
0.465362,4593.75
0.464081,4594.0
0.465362,4594.25
0.464081,4594.5
0.465362,4594.75
0.465362,4595.0
0.466643,4595.25
0.465362,4595.5
0.465362,4595.75
0.465362,4596.0
0.465362,4596.25
0.467925,4596.5
0.465362,4596.75
0.467925,4597.0
0.465362,4597.25
0.466643,4597.5
0.465362,4597.75
0.466643,4598.0
0.466643,4598.25
0.465362,4598.5
0.465362,4598.75
0.465362,4599.0
0.466643,4599.25
0.466643,4599.5
0.466643,4599.75
0.467925,4600.0
0.466643,4600.25
0.465362,4600.5
0.467925,4600.75
0.466643,4601.0
0.465362,4601.25
0.466643,4601.5
0.465362,4601.75
0.466643,4602.0
0.465362,4602.25
0.467925,4602.5
0.466643,4602.75
0.466643,4603.0
0.466643,4603.25
0.467925,4603.5
0.466643,4603.75
0.467925,4604.0
0.465362,4604.25
0.466643,4604.5
0.466643,4604.75
0.467925,4605.0
0.467925,4605.25
0.467925,4605.5
0.467925,4605.75
0.467925,4606.0
0.467925,4606.25
0.469206,4606.5
0.467925,4606.75
0.467925,4607.0
0.467925,4607.25
0.467925,4607.5
0.467925,4607.75
0.467925,4608.0
0.469206,4608.25
0.467925,4608.5
0.467925,4608.75
0.467925,4609.0
0.467925,4609.25
0.467925,4609.5
0.467925,4609.75
0.467925,4610.0
0.467925,4610.25
0.466643,4610.5
0.469206,4610.75
0.467925,4611.0
0.467925,4611.25
0.467925,4611.5
0.467925,4611.75
0.466643,4612.0
0.466643,4612.25
0.466643,4612.5
0.467925,4612.75
0.467925,4613.0
0.467925,4613.25
0.467925,4613.5
0.467925,4613.75
0.469206,4614.0
0.469206,4614.25
0.469206,4614.5
0.467925,4614.75
0.469206,4615.0
0.469206,4615.25
0.467925,4615.5
0.467925,4615.75
0.469206,4616.0
0.467925,4616.25
0.467925,4616.5
0.467925,4616.75
0.467925,4617.0
0.469206,4617.25
0.467925,4617.5
0.466643,4617.75
0.467925,4618.0
0.469206,4618.25
0.469206,4618.5
0.467925,4618.75
0.467925,4619.0
0.469206,4619.25
0.467925,4619.5
0.469206,4619.75
0.469206,4620.0
0.467925,4620.25
0.469206,4620.5
0.467925,4620.75
0.467925,4621.0
0.469206,4621.25
0.469206,4621.5
0.470487,4621.75
0.470487,4622.0
0.469206,4622.25
0.469206,4622.5
0.470487,4622.75
0.467925,4623.0
0.469206,4623.25
0.469206,4623.5
0.469206,4623.75
0.470487,4624.0
0.469206,4624.25
0.469206,4624.5
0.469206,4624.75
0.470487,4625.0
0.469206,4625.25
0.470487,4625.5
0.469206,4625.75
0.469206,4626.0
0.469206,4626.25
0.467925,4626.5
0.469206,4626.75
0.469206,4627.0
0.469206,4627.25
0.469206,4627.5
0.469206,4627.75
0.470487,4628.0
0.470487,4628.25
0.469206,4628.5
0.470487,4628.75
0.469206,4629.0
0.470487,4629.25
0.470487,4629.5
0.469206,4629.75
0.470487,4630.0
0.469206,4630.25
0.469206,4630.5
0.469206,4630.75
0.469206,4631.0
0.467925,4631.25
0.469206,4631.5
0.469206,4631.75
0.469206,4632.0
0.469206,4632.25
0.470487,4632.5
0.469206,4632.75
0.467925,4633.0
0.470487,4633.25
0.469206,4633.5
0.469206,4633.75
0.469206,4634.0
0.469206,4634.25
0.467925,4634.5
0.469206,4634.75
0.467925,4635.0
0.467925,4635.25
0.469206,4635.5
0.469206,4635.75
0.469206,4636.0
0.467925,4636.25
0.469206,4636.5
0.469206,4636.75
0.469206,4637.0
0.467925,4637.25
0.467925,4637.5
0.469206,4637.75
0.469206,4638.0
0.471768,4638.25
0.469206,4638.5
0.469206,4638.75
0.469206,4639.0
0.471768,4639.25
0.469206,4639.5
0.469206,4639.75
0.470487,4640.0
0.469206,4640.25
0.467925,4640.5
0.469206,4640.75
0.470487,4641.0
0.469206,4641.25
0.470487,4641.5
0.469206,4641.75
0.469206,4642.0
0.470487,4642.25
0.470487,4642.5
0.470487,4642.75
0.470487,4643.0
0.470487,4643.25
0.469206,4643.5
0.470487,4643.75
0.469206,4644.0
0.470487,4644.25
0.470487,4644.5
0.469206,4644.75
0.469206,4645.0
0.469206,4645.25
0.467925,4645.5
0.470487,4645.75
0.470487,4646.0
0.469206,4646.25
0.470487,4646.5
0.469206,4646.75
0.470487,4647.0
0.470487,4647.25
0.470487,4647.5
0.470487,4647.75
0.470487,4648.0
0.470487,4648.25
0.466643,4648.5
0.466643,4648.75
0.464081,4649.0
0.467925,4649.25
0.466643,4649.5
0.469206,4649.75
0.469206,4650.0
0.467925,4650.25
0.469206,4650.5
0.469206,4650.75
0.469206,4651.0
0.469206,4651.25
0.467925,4651.5
0.467925,4651.75
0.470487,4652.0
0.469206,4652.25
0.469206,4652.5
0.469206,4652.75
0.469206,4653.0
0.470487,4653.25
0.469206,4653.5
0.469206,4653.75
0.469206,4654.0
0.470487,4654.25
0.469206,4654.5
0.471768,4654.75
0.471768,4655.0
0.469206,4655.25
0.469206,4655.5
0.470487,4655.75
0.469206,4656.0
0.469206,4656.25
0.469206,4656.5
0.469206,4656.75
0.470487,4657.0
0.471768,4657.25
0.470487,4657.5
0.470487,4657.75
0.471768,4658.0
0.471768,4658.25
0.469206,4658.5
0.469206,4658.75
0.471768,4659.0
0.470487,4659.25
0.470487,4659.5
0.469206,4659.75
0.469206,4660.0
0.471768,4660.25
0.469206,4660.5
0.470487,4660.75
0.470487,4661.0
0.467925,4661.25
0.469206,4661.5
0.470487,4661.75
0.469206,4662.0
0.470487,4662.25
0.470487,4662.5
0.470487,4662.75
0.471768,4663.0
0.470487,4663.25
0.471768,4663.5
0.470487,4663.75
0.470487,4664.0
0.469206,4664.25
0.471768,4664.5
0.470487,4664.75
0.470487,4665.0
0.469206,4665.25
0.469206,4665.5
0.471768,4665.75
0.469206,4666.0
0.470487,4666.25
0.470487,4666.5
0.470487,4666.75
0.470487,4667.0
0.470487,4667.25
0.470487,4667.5
0.470487,4667.75
0.470487,4668.0
0.470487,4668.25
0.471768,4668.5
0.470487,4668.75
0.470487,4669.0
0.470487,4669.25
0.470487,4669.5
0.469206,4669.75
0.470487,4670.0
0.470487,4670.25
0.470487,4670.5
0.470487,4670.75
0.470487,4671.0
0.470487,4671.25
0.469206,4671.5
0.469206,4671.75
0.469206,4672.0
0.470487,4672.25
0.470487,4672.5
0.471768,4672.75
0.470487,4673.0
0.470487,4673.25
0.471768,4673.5
0.470487,4673.75
0.471768,4674.0
0.469206,4674.25
0.471768,4674.5
0.470487,4674.75
0.470487,4675.0
0.470487,4675.25
0.470487,4675.5
0.470487,4675.75
0.471768,4676.0
0.470487,4676.25
0.470487,4676.5
0.471768,4676.75
0.470487,4677.0
0.471768,4677.25
0.47305,4677.5
0.471768,4677.75
0.470487,4678.0
0.47305,4678.25
0.471768,4678.5
0.470487,4678.75
0.471768,4679.0
0.470487,4679.25
0.47305,4679.5
0.47305,4679.75
0.47305,4680.0
0.471768,4680.25
0.47305,4680.5
0.471768,4680.75
0.471768,4681.0
0.474331,4681.25
0.47305,4681.5
0.47305,4681.75
0.47305,4682.0
0.471768,4682.25
0.471768,4682.5
0.47305,4682.75
0.470487,4683.0
0.470487,4683.25
0.471768,4683.5
0.47305,4683.75
0.47305,4684.0
0.47305,4684.25
0.471768,4684.5
0.470487,4684.75
0.47305,4685.0
0.469206,4685.25
0.471768,4685.5
0.47305,4685.75
0.470487,4686.0
0.471768,4686.25
0.47305,4686.5
0.470487,4686.75
0.470487,4687.0
0.47305,4687.25
0.471768,4687.5
0.47305,4687.75
0.47305,4688.0
0.47305,4688.25
0.47305,4688.5
0.47305,4688.75
0.471768,4689.0
0.474331,4689.25
0.471768,4689.5
0.47305,4689.75
0.471768,4690.0
0.471768,4690.25
0.471768,4690.5
0.471768,4690.75
0.471768,4691.0
0.470487,4691.25
0.470487,4691.5
0.47305,4691.75
0.470487,4692.0
0.470487,4692.25
0.464081,4692.5
0.457675,4692.75
0.447425,4693.0
0.446143,4693.25
0.448706,4693.5
0.461518,4693.75
0.464081,4694.0
0.464081,4694.25
0.465362,4694.5
0.464081,4694.75
0.465362,4695.0
0.465362,4695.25
0.465362,4695.5
0.465362,4695.75
0.466643,4696.0
0.465362,4696.25
0.465362,4696.5
0.465362,4696.75
0.466643,4697.0
0.465362,4697.25
0.465362,4697.5
0.465362,4697.75
0.466643,4698.0
0.467925,4698.25
0.465362,4698.5
0.465362,4698.75
0.465362,4699.0
0.466643,4699.25
0.465362,4699.5
0.465362,4699.75
0.465362,4700.0
0.465362,4700.25
0.466643,4700.5
0.457675,4700.75
0.45255,4701.0
0.447425,4701.25
0.447425,4701.5
0.446143,4701.75
0.443581,4702.0
0.438456,4702.25
0.434612,4702.5
0.434612,4702.75
0.432049,4703.0
0.429487,4703.25
0.425643,4703.5
0.416674,4703.75
0.411549,4704.0
0.408987,4704.25
0.406424,4704.5
0.410268,4704.75
0.425643,4705.0
0.417956,4705.25
0.408987,4705.5
0.406424,4705.75
0.401299,4706.0
0.394893,4706.25
0.393612,4706.5
0.391049,4706.75
0.392331,4707.0
0.391049,4707.25
0.392331,4707.5
0.389768,4707.75
0.389768,4708.0
0.389768,4708.25
0.388487,4708.5
0.389768,4708.75
0.407706,4709.0
0.416674,4709.25
0.416674,4709.5
0.412831,4709.75
0.407706,4710.0
0.401299,4710.25
0.398737,4710.5
0.396174,4710.75
0.402581,4711.0
0.420518,4711.25
0.406424,4711.5
0.408987,4711.75
0.402581,4712.0
0.396174,4712.25
0.408987,4712.5
0.396174,4712.75
0.398737,4713.0
0.401299,4713.25
0.398737,4713.5
0.406424,4713.75
0.405143,4714.0
0.401299,4714.25
0.401299,4714.5
0.402581,4714.75
0.403862,4715.0
0.403862,4715.25
0.398737,4715.5
0.393612,4715.75
0.396174,4716.0
0.393612,4716.25
0.392331,4716.5
0.412831,4716.75
0.394893,4717.0
0.394893,4717.25
0.392331,4717.5
0.388487,4717.75
0.388487,4718.0
0.387206,4718.25
0.389768,4718.5
0.389768,4718.75
0.387206,4719.0
0.387206,4719.25
0.388487,4719.5
0.385924,4719.75
0.384643,4720.0
0.385924,4720.25
0.384643,4720.5
0.384643,4720.75
0.383362,4721.0
0.384643,4721.25
0.384643,4721.5
0.384643,4721.75
0.389768,4722.0
0.389768,4722.25
0.389768,4722.5
0.389768,4722.75
0.389768,4723.0
0.392331,4723.25
0.393612,4723.5
0.392331,4723.75
0.393612,4724.0
0.391049,4724.25
0.388487,4724.5
0.391049,4724.75
0.389768,4725.0
0.388487,4725.25
0.389768,4725.5
0.388487,4725.75
0.388487,4726.0
0.389768,4726.25
0.389768,4726.5
0.385924,4726.75
0.385924,4727.0
0.383362,4727.25
0.382081,4727.5
0.383362,4727.75
0.389768,4728.0
0.389768,4728.25
0.391049,4728.5
0.389768,4728.75
0.389768,4729.0
0.389768,4729.25
0.389768,4729.5
0.388487,4729.75
0.385924,4730.0
0.387206,4730.25
0.387206,4730.5
0.383362,4730.75
0.384643,4731.0
0.384643,4731.25
0.383362,4731.5
0.384643,4731.75
0.383362,4732.0
0.383362,4732.25
0.384643,4732.5
0.383362,4732.75
0.384643,4733.0
0.383362,4733.25
0.384643,4733.5
0.383362,4733.75
0.383362,4734.0
0.384643,4734.25
0.383362,4734.5
0.383362,4734.75
0.382081,4735.0
0.384643,4735.25
0.384643,4735.5
0.382081,4735.75
0.382081,4736.0
0.380799,4736.25
0.382081,4736.5
0.383362,4736.75
0.382081,4737.0
0.385924,4737.25
0.383362,4737.5
0.384643,4737.75
0.383362,4738.0
0.384643,4738.25
0.384643,4738.5
0.382081,4738.75
0.380799,4739.0
0.380799,4739.25
0.380799,4739.5
0.380799,4739.75
0.383362,4740.0
0.382081,4740.25
0.382081,4740.5
0.380799,4740.75
0.379518,4741.0
0.382081,4741.25
0.383362,4741.5
0.383362,4741.75
0.382081,4742.0
0.383362,4742.25
0.384643,4742.5
0.384643,4742.75
0.380799,4743.0
0.380799,4743.25
0.380799,4743.5
0.380799,4743.75
0.379518,4744.0
0.379518,4744.25
0.379518,4744.5
0.378237,4744.75
0.378237,4745.0
0.378237,4745.25
0.378237,4745.5
0.376956,4745.75
0.378237,4746.0
0.376956,4746.25
0.375674,4746.5
0.376956,4746.75
0.376956,4747.0
0.376956,4747.25
0.375674,4747.5
0.375674,4747.75
0.375674,4748.0
0.375674,4748.25
0.375674,4748.5
0.374393,4748.75
0.374393,4749.0
0.373112,4749.25
0.375674,4749.5
0.374393,4749.75
0.373112,4750.0
0.375674,4750.25
0.375674,4750.5
0.375674,4750.75
0.376956,4751.0
0.375674,4751.25
0.378237,4751.5
0.376956,4751.75
0.376956,4752.0
0.376956,4752.25
0.378237,4752.5
0.376956,4752.75
0.376956,4753.0
0.376956,4753.25
0.376956,4753.5
0.376956,4753.75
0.376956,4754.0
0.376956,4754.25
0.376956,4754.5
0.375674,4754.75
0.375674,4755.0
0.376956,4755.25
0.376956,4755.5
0.375674,4755.75
0.376956,4756.0
0.374393,4756.25
0.375674,4756.5
0.374393,4756.75
0.374393,4757.0
0.375674,4757.25
0.374393,4757.5
0.375674,4757.75
0.378237,4758.0
0.375674,4758.25
0.375674,4758.5
0.382081,4758.75
0.384643,4759.0
0.382081,4759.25
0.382081,4759.5
0.383362,4759.75
0.382081,4760.0
0.380799,4760.25
0.383362,4760.5
0.382081,4760.75
0.383362,4761.0
0.382081,4761.25
0.382081,4761.5
0.382081,4761.75
0.383362,4762.0
0.382081,4762.25
0.383362,4762.5
0.382081,4762.75
0.382081,4763.0
0.382081,4763.25
0.382081,4763.5
0.383362,4763.75
0.383362,4764.0
0.382081,4764.25
0.382081,4764.5
0.382081,4764.75
0.379518,4765.0
0.379518,4765.25
0.375674,4765.5
0.373112,4765.75
0.371831,4766.0
0.369268,4766.25
0.369268,4766.5
0.369268,4766.75
0.366706,4767.0
0.366706,4767.25
0.365424,4767.5
0.364143,4767.75
0.36158,4768.0
0.362862,4768.25
0.36158,4768.5
0.362862,4768.75
0.373112,4769.0
0.379518,4769.25
0.373112,4769.5
0.369268,4769.75
0.366706,4770.0
0.365424,4770.25
0.364143,4770.5
0.364143,4770.75
0.362862,4771.0
0.365424,4771.25
0.364143,4771.5
0.364143,4771.75
0.362862,4772.0
0.36158,4772.25
0.362862,4772.5
0.36158,4772.75
0.36158,4773.0
0.36158,4773.25
0.36158,4773.5
0.360299,4773.75
0.362862,4774.0
0.36158,4774.25
0.36158,4774.5
0.36158,4774.75
0.36158,4775.0
0.362862,4775.25
0.360299,4775.5
0.362862,4775.75
0.36158,4776.0
0.362862,4776.25
0.362862,4776.5
0.365424,4776.75
0.362862,4777.0
0.362862,4777.25
0.364143,4777.5
0.364143,4777.75
0.365424,4778.0
0.362862,4778.25
0.362862,4778.5
0.362862,4778.75
0.359018,4779.0
0.360299,4779.25
0.359018,4779.5
0.359018,4779.75
0.359018,4780.0
0.360299,4780.25
0.364143,4780.5
0.365424,4780.75
0.36158,4781.0
0.36158,4781.25
0.362862,4781.5
0.365424,4781.75
0.366706,4782.0
0.366706,4782.25
0.375674,4782.5
0.408987,4782.75
0.402581,4783.0
0.397456,4783.25
0.380799,4783.5
0.374393,4783.75
0.382081,4784.0
0.387206,4784.25
0.371831,4784.5
0.365424,4784.75
0.369268,4785.0
0.364143,4785.25
0.362862,4785.5
0.364143,4785.75
0.366706,4786.0
0.366706,4786.25
0.364143,4786.5
0.364143,4786.75
0.362862,4787.0
0.359018,4787.25
0.359018,4787.5
0.360299,4787.75
0.364143,4788.0
0.367987,4788.25
0.365424,4788.5
0.366706,4788.75
0.369268,4789.0
0.370549,4789.25
0.373112,4789.5
0.373112,4789.75
0.370549,4790.0
0.369268,4790.25
0.364143,4790.5
0.362862,4790.75
0.36158,4791.0
0.360299,4791.25
0.36158,4791.5
0.362862,4791.75
0.364143,4792.0
0.362862,4792.25
0.364143,4792.5
0.367987,4792.75
0.370549,4793.0
0.364143,4793.25
0.36158,4793.5
0.359018,4793.75
0.362862,4794.0
0.364143,4794.25
0.364143,4794.5
0.362862,4794.75
0.370549,4795.0
0.365424,4795.25
0.364143,4795.5
0.36158,4795.75
0.356455,4796.0
0.360299,4796.25
0.359018,4796.5
0.357737,4796.75
0.362862,4797.0
0.366706,4797.25
0.359018,4797.5
0.353893,4797.75
0.348768,4798.0
0.362862,4798.25
0.360299,4798.5
0.356455,4798.75
0.370549,4799.0
0.36158,4799.25
0.394893,4799.5
0.401299,4799.75
0.398737,4800.0
0.398737,4800.25
0.396174,4800.5
0.388487,4800.75
0.392331,4801.0
0.385924,4801.25
0.375674,4801.5
0.373112,4801.75
0.374393,4802.0
0.378237,4802.25
0.376956,4802.5
0.376956,4802.75
0.374393,4803.0
0.375674,4803.25
0.373112,4803.5
0.374393,4803.75
0.374393,4804.0
0.397456,4804.25
0.402581,4804.5
0.391049,4804.75
0.376956,4805.0
0.373112,4805.25
0.370549,4805.5
0.370549,4805.75
0.369268,4806.0
0.367987,4806.25
0.367987,4806.5
0.365424,4806.75
0.364143,4807.0
0.364143,4807.25
0.364143,4807.5
0.36158,4807.75
0.365424,4808.0
0.362862,4808.25
0.362862,4808.5
0.364143,4808.75
0.360299,4809.0
0.376956,4809.25
0.393612,4809.5
0.373112,4809.75
0.366706,4810.0
0.370549,4810.25
0.373112,4810.5
0.367987,4810.75
0.367987,4811.0
0.365424,4811.25
0.362862,4811.5
0.360299,4811.75
0.356455,4812.0
0.36158,4812.25
0.374393,4812.5
0.378237,4812.75
0.364143,4813.0
0.360299,4813.25
0.357737,4813.5
0.359018,4813.75
0.359018,4814.0
0.36158,4814.25
0.359018,4814.5
0.36158,4814.75
0.356455,4815.0
0.353893,4815.25
0.353893,4815.5
0.356455,4815.75
0.352612,4816.0
0.348768,4816.25
0.348768,4816.5
0.346205,4816.75
0.35133,4817.0
0.360299,4817.25
0.362862,4817.5
0.360299,4817.75
0.359018,4818.0
0.352612,4818.25
0.357737,4818.5
0.360299,4818.75
0.356455,4819.0
0.359018,4819.25
0.36158,4819.5
0.357737,4819.75
0.359018,4820.0
0.355174,4820.25
0.357737,4820.5
0.353893,4820.75
0.353893,4821.0
0.356455,4821.25
0.356455,4821.5
0.357737,4821.75
0.362862,4822.0
0.360299,4822.25
0.36158,4822.5
0.359018,4822.75
0.360299,4823.0
0.357737,4823.25
0.352612,4823.5
0.35133,4823.75
0.350049,4824.0
0.347487,4824.25
0.346205,4824.5
0.348768,4824.75
0.347487,4825.0
0.347487,4825.25
0.347487,4825.5
0.347487,4825.75
0.348768,4826.0
0.347487,4826.25
0.347487,4826.5
0.347487,4826.75
0.347487,4827.0
0.347487,4827.25
0.347487,4827.5
0.346205,4827.75
0.346205,4828.0
0.346205,4828.25
0.350049,4828.5
0.348768,4828.75
0.347487,4829.0
0.346205,4829.25
0.346205,4829.5
0.347487,4829.75
0.346205,4830.0
0.344924,4830.25
0.343643,4830.5
0.344924,4830.75
0.343643,4831.0
0.35133,4831.25
0.347487,4831.5
0.348768,4831.75
0.350049,4832.0
0.352612,4832.25
0.353893,4832.5
0.352612,4832.75
0.352612,4833.0
0.356455,4833.25
0.356455,4833.5
0.359018,4833.75
0.359018,4834.0
0.359018,4834.25
0.360299,4834.5
0.360299,4834.75
0.36158,4835.0
0.362862,4835.25
0.362862,4835.5
0.362862,4835.75
0.362862,4836.0
0.365424,4836.25
0.364143,4836.5
0.365424,4836.75
0.365424,4837.0
0.364143,4837.25
0.364143,4837.5
0.362862,4837.75
0.364143,4838.0
0.362862,4838.25
0.364143,4838.5
0.364143,4838.75
0.365424,4839.0
0.364143,4839.25
0.365424,4839.5
0.364143,4839.75
0.365424,4840.0
0.365424,4840.25
0.364143,4840.5
0.365424,4840.75
0.364143,4841.0
0.364143,4841.25
0.364143,4841.5
0.364143,4841.75
0.364143,4842.0
0.364143,4842.25
0.365424,4842.5
0.364143,4842.75
0.362862,4843.0
0.362862,4843.25
0.364143,4843.5
0.362862,4843.75
0.364143,4844.0
0.364143,4844.25
0.364143,4844.5
0.364143,4844.75
0.365424,4845.0
0.365424,4845.25
0.366706,4845.5
0.365424,4845.75
0.365424,4846.0
0.365424,4846.25
0.365424,4846.5
0.365424,4846.75
0.365424,4847.0
0.366706,4847.25
0.365424,4847.5
0.366706,4847.75
0.365424,4848.0
0.365424,4848.25
0.365424,4848.5
0.366706,4848.75
0.365424,4849.0
0.364143,4849.25
0.362862,4849.5
0.362862,4849.75
0.364143,4850.0
0.365424,4850.25
0.364143,4850.5
0.364143,4850.75
0.365424,4851.0
0.364143,4851.25
0.364143,4851.5
0.362862,4851.75
0.362862,4852.0
0.362862,4852.25
0.362862,4852.5
0.364143,4852.75
0.364143,4853.0
0.362862,4853.25
0.362862,4853.5
0.364143,4853.75
0.364143,4854.0
0.362862,4854.25
0.364143,4854.5
0.364143,4854.75
0.364143,4855.0
0.364143,4855.25
0.364143,4855.5
0.365424,4855.75
0.366706,4856.0
0.365424,4856.25
0.365424,4856.5
0.364143,4856.75
0.364143,4857.0
0.364143,4857.25
0.365424,4857.5
0.365424,4857.75
0.364143,4858.0
0.366706,4858.25
0.365424,4858.5
0.364143,4858.75
0.364143,4859.0
0.366706,4859.25
0.365424,4859.5
0.365424,4859.75
0.366706,4860.0
0.366706,4860.25
0.365424,4860.5
0.364143,4860.75
0.365424,4861.0
0.365424,4861.25
0.364143,4861.5
0.364143,4861.75
0.365424,4862.0
0.364143,4862.25
0.364143,4862.5
0.364143,4862.75
0.364143,4863.0
0.365424,4863.25
0.362862,4863.5
0.364143,4863.75
0.364143,4864.0
0.364143,4864.25
0.364143,4864.5
0.362862,4864.75
0.36158,4865.0
0.364143,4865.25
0.364143,4865.5
0.364143,4865.75
0.365424,4866.0
0.364143,4866.25
0.362862,4866.5
0.360299,4866.75
0.36158,4867.0
0.362862,4867.25
0.362862,4867.5
0.362862,4867.75
0.362862,4868.0
0.36158,4868.25
0.362862,4868.5
0.362862,4868.75
0.362862,4869.0
0.362862,4869.25
0.364143,4869.5
0.364143,4869.75
0.362862,4870.0
0.364143,4870.25
0.36158,4870.5
0.36158,4870.75
0.36158,4871.0
0.360299,4871.25
0.36158,4871.5
0.36158,4871.75
0.36158,4872.0
0.36158,4872.25
0.364143,4872.5
0.36158,4872.75
0.36158,4873.0
0.359018,4873.25
0.36158,4873.5
0.36158,4873.75
0.36158,4874.0
0.36158,4874.25
0.36158,4874.5
0.362862,4874.75
0.36158,4875.0
0.36158,4875.25
0.36158,4875.5
0.36158,4875.75
0.362862,4876.0
0.362862,4876.25
0.362862,4876.5
0.362862,4876.75
0.36158,4877.0
0.36158,4877.25
0.362862,4877.5
0.36158,4877.75
0.36158,4878.0
0.362862,4878.25
0.362862,4878.5
0.362862,4878.75
0.364143,4879.0
0.362862,4879.25
0.362862,4879.5
0.362862,4879.75
0.362862,4880.0
0.362862,4880.25
0.362862,4880.5
0.362862,4880.75
0.36158,4881.0
0.36158,4881.25
0.36158,4881.5
0.36158,4881.75
0.36158,4882.0
0.360299,4882.25
0.362862,4882.5
0.36158,4882.75
0.362862,4883.0
0.362862,4883.25
0.36158,4883.5
0.360299,4883.75
0.36158,4884.0
0.36158,4884.25
0.360299,4884.5
0.36158,4884.75
0.36158,4885.0
0.36158,4885.25
0.36158,4885.5
0.362862,4885.75
0.362862,4886.0
0.362862,4886.25
0.362862,4886.5
0.362862,4886.75
0.362862,4887.0
0.362862,4887.25
0.36158,4887.5
0.36158,4887.75
0.36158,4888.0
0.36158,4888.25
0.36158,4888.5
0.36158,4888.75
0.362862,4889.0
0.36158,4889.25
0.36158,4889.5
0.36158,4889.75
0.36158,4890.0
0.360299,4890.25
0.36158,4890.5
0.362862,4890.75
0.36158,4891.0
0.36158,4891.25
0.36158,4891.5
0.36158,4891.75
0.36158,4892.0
0.36158,4892.25
0.360299,4892.5
0.360299,4892.75
0.36158,4893.0
0.36158,4893.25
0.362862,4893.5
0.36158,4893.75
0.362862,4894.0
0.36158,4894.25
0.360299,4894.5
0.36158,4894.75
0.36158,4895.0
0.360299,4895.25
0.360299,4895.5
0.359018,4895.75
0.360299,4896.0
0.360299,4896.25
0.359018,4896.5
0.36158,4896.75
0.360299,4897.0
0.360299,4897.25
0.360299,4897.5
0.36158,4897.75
0.359018,4898.0
0.359018,4898.25
0.360299,4898.5
0.359018,4898.75
0.360299,4899.0
0.360299,4899.25
0.36158,4899.5
0.36158,4899.75
0.36158,4900.0
0.360299,4900.25
0.36158,4900.5
0.360299,4900.75
0.36158,4901.0
0.36158,4901.25
0.36158,4901.5
0.360299,4901.75
0.36158,4902.0
0.36158,4902.25
0.360299,4902.5
0.360299,4902.75
0.36158,4903.0
0.36158,4903.25
0.360299,4903.5
0.360299,4903.75
0.36158,4904.0
0.360299,4904.25
0.36158,4904.5
0.359018,4904.75
0.36158,4905.0
0.36158,4905.25
0.36158,4905.5
0.360299,4905.75
0.36158,4906.0
0.357737,4906.25
0.360299,4906.5
0.360299,4906.75
0.360299,4907.0
0.360299,4907.25
0.359018,4907.5
0.362862,4907.75
0.36158,4908.0
0.359018,4908.25
0.359018,4908.5
0.36158,4908.75
0.360299,4909.0
0.360299,4909.25
0.36158,4909.5
0.36158,4909.75
0.360299,4910.0
0.360299,4910.25
0.36158,4910.5
0.362862,4910.75
0.360299,4911.0
0.360299,4911.25
0.36158,4911.5
0.360299,4911.75
0.360299,4912.0
0.360299,4912.25
0.359018,4912.5
0.36158,4912.75
0.360299,4913.0
0.362862,4913.25
0.362862,4913.5
0.36158,4913.75
0.360299,4914.0
0.36158,4914.25
0.359018,4914.5
0.359018,4914.75
0.359018,4915.0
0.360299,4915.25
0.36158,4915.5
0.359018,4915.75
0.362862,4916.0
0.36158,4916.25
0.357737,4916.5
0.357737,4916.75
0.357737,4917.0
0.353893,4917.25
0.353893,4917.5
0.353893,4917.75
0.353893,4918.0
0.355174,4918.25
0.353893,4918.5
0.353893,4918.75
0.352612,4919.0
0.352612,4919.25
0.355174,4919.5
0.356455,4919.75
0.352612,4920.0
0.355174,4920.25
0.356455,4920.5
0.357737,4920.75
0.360299,4921.0
0.357737,4921.25
0.359018,4921.5
0.36158,4921.75
0.366706,4922.0
0.364143,4922.25
0.36158,4922.5
0.359018,4922.75
0.359018,4923.0
0.359018,4923.25
0.359018,4923.5
0.359018,4923.75
0.359018,4924.0
0.359018,4924.25
0.359018,4924.5
0.357737,4924.75
0.359018,4925.0
0.359018,4925.25
0.357737,4925.5
0.356455,4925.75
0.357737,4926.0
0.357737,4926.25
0.359018,4926.5
0.357737,4926.75
0.357737,4927.0
0.357737,4927.25
0.357737,4927.5
0.356455,4927.75
0.357737,4928.0
0.356455,4928.25
0.356455,4928.5
0.356455,4928.75
0.357737,4929.0
0.357737,4929.25
0.356455,4929.5
0.357737,4929.75
0.357737,4930.0
0.357737,4930.25
0.356455,4930.5
0.357737,4930.75
0.356455,4931.0
0.355174,4931.25
0.356455,4931.5
0.356455,4931.75
0.357737,4932.0
0.357737,4932.25
0.357737,4932.5
0.357737,4932.75
0.357737,4933.0
0.357737,4933.25
0.357737,4933.5
0.356455,4933.75
0.355174,4934.0
0.356455,4934.25
0.356455,4934.5
0.356455,4934.75
0.356455,4935.0
0.357737,4935.25
0.355174,4935.5
0.356455,4935.75
0.355174,4936.0
0.356455,4936.25
0.357737,4936.5
0.353893,4936.75
0.355174,4937.0
0.364143,4937.25
0.365424,4937.5
0.36158,4937.75
0.360299,4938.0
0.360299,4938.25
0.359018,4938.5
0.357737,4938.75
0.360299,4939.0
0.357737,4939.25
0.357737,4939.5
0.359018,4939.75
0.356455,4940.0
0.357737,4940.25
0.357737,4940.5
0.356455,4940.75
0.35133,4941.0
0.353893,4941.25
0.353893,4941.5
0.35133,4941.75
0.348768,4942.0
0.350049,4942.25
0.344924,4942.5
0.343643,4942.75
0.378237,4943.0
0.401299,4943.25
0.359018,4943.5
0.353893,4943.75
0.353893,4944.0
0.355174,4944.25
0.355174,4944.5
0.353893,4944.75
0.353893,4945.0
0.357737,4945.25
0.355174,4945.5
0.356455,4945.75
0.355174,4946.0
0.355174,4946.25
0.355174,4946.5
0.355174,4946.75
0.353893,4947.0
0.353893,4947.25
0.355174,4947.5
0.353893,4947.75
0.353893,4948.0
0.353893,4948.25
0.355174,4948.5
0.355174,4948.75
0.353893,4949.0
0.353893,4949.25
0.352612,4949.5
0.353893,4949.75
0.353893,4950.0
0.35133,4950.25
0.35133,4950.5
0.35133,4950.75
0.352612,4951.0
0.35133,4951.25
0.35133,4951.5
0.352612,4951.75
0.352612,4952.0
0.352612,4952.25
0.352612,4952.5
0.352612,4952.75
0.35133,4953.0
0.352612,4953.25
0.35133,4953.5
0.352612,4953.75
0.35133,4954.0
0.353893,4954.25
0.353893,4954.5
0.352612,4954.75
0.355174,4955.0
0.353893,4955.25
0.352612,4955.5
0.353893,4955.75
0.350049,4956.0
0.350049,4956.25
0.348768,4956.5
0.350049,4956.75
0.350049,4957.0
0.353893,4957.25
0.350049,4957.5
0.346205,4957.75
0.343643,4958.0
0.342362,4958.25
0.34108,4958.5
0.339799,4958.75
0.338518,4959.0
0.347487,4959.25
0.356455,4959.5
0.350049,4959.75
0.344924,4960.0
0.346205,4960.25
0.359018,4960.5
0.366706,4960.75
0.352612,4961.0
0.339799,4961.25
0.348768,4961.5
0.35133,4961.75
0.350049,4962.0
0.347487,4962.25
0.350049,4962.5
0.352612,4962.75
0.352612,4963.0
0.356455,4963.25
0.356455,4963.5
0.355174,4963.75
0.356455,4964.0
0.355174,4964.25
0.352612,4964.5
0.344924,4964.75
0.348768,4965.0
0.339799,4965.25
0.347487,4965.5
0.352612,4965.75
0.359018,4966.0
0.366706,4966.25
0.367987,4966.5
0.359018,4966.75
0.353893,4967.0
0.346205,4967.25
0.343643,4967.5
0.34108,4967.75
0.339799,4968.0
0.34108,4968.25
0.337237,4968.5
0.337237,4968.75
0.338518,4969.0
0.343643,4969.25
0.343643,4969.5
0.34108,4969.75
0.339799,4970.0
0.338518,4970.25
0.337237,4970.5
0.339799,4970.75
0.344924,4971.0
0.342362,4971.25
0.34108,4971.5
0.338518,4971.75
0.338518,4972.0
0.335955,4972.25
0.334674,4972.5
0.334674,4972.75
0.334674,4973.0
0.332112,4973.25
0.333393,4973.5
0.335955,4973.75
0.335955,4974.0
0.334674,4974.25
0.334674,4974.5
0.332112,4974.75
0.333393,4975.0
0.332112,4975.25
0.332112,4975.5
0.332112,4975.75
0.333393,4976.0
0.332112,4976.25
0.332112,4976.5
0.333393,4976.75
0.333393,4977.0
0.334674,4977.25
0.333393,4977.5
0.333393,4977.75
0.333393,4978.0
0.333393,4978.25
0.333393,4978.5
0.332112,4978.75
0.332112,4979.0
0.334674,4979.25
0.333393,4979.5
0.334674,4979.75
0.333393,4980.0
0.333393,4980.25
0.334674,4980.5
0.333393,4980.75
0.333393,4981.0
0.332112,4981.25
0.332112,4981.5
0.332112,4981.75
0.33083,4982.0
0.332112,4982.25
0.332112,4982.5
0.332112,4982.75
0.332112,4983.0
0.332112,4983.25
0.333393,4983.5
0.332112,4983.75
0.332112,4984.0
0.332112,4984.25
0.33083,4984.5
0.332112,4984.75
0.33083,4985.0
0.332112,4985.25
0.33083,4985.5
0.332112,4985.75
0.329549,4986.0
0.329549,4986.25
0.332112,4986.5
0.335955,4986.75
0.338518,4987.0
0.333393,4987.25
0.335955,4987.5
0.335955,4987.75
0.332112,4988.0
0.328268,4988.25
0.335955,4988.5
0.365424,4988.75
0.357737,4989.0
0.348768,4989.25
0.344924,4989.5
0.343643,4989.75
0.339799,4990.0
0.337237,4990.25
0.338518,4990.5
0.334674,4990.75
0.332112,4991.0
0.332112,4991.25
0.332112,4991.5
0.333393,4991.75
0.332112,4992.0
0.332112,4992.25
0.328268,4992.5
0.33083,4992.75
0.333393,4993.0
0.332112,4993.25
0.333393,4993.5
0.333393,4993.75
0.332112,4994.0
0.326987,4994.25
0.329549,4994.5
0.402581,4994.75
0.574269,4995.0
0.515331,4995.25
0.403862,4995.5
0.362862,4995.75
0.339799,4996.0
0.334674,4996.25
0.334674,4996.5
0.343643,4996.75
0.34108,4997.0
0.344924,4997.25
0.346205,4997.5
0.347487,4997.75
0.344924,4998.0
0.342362,4998.25
0.343643,4998.5
0.34108,4998.75
0.334674,4999.0
0.33083,4999.25
0.350049,4999.5
0.353893,4999.75
0.350049,5000.0
0.34108,5000.25
0.353893,5000.5
0.357737,5000.75
0.352612,5001.0
0.353893,5001.25
0.350049,5001.5
0.348768,5001.75
0.35133,5002.0
0.353893,5002.25
0.355174,5002.5
0.355174,5002.75
0.376956,5003.0
0.480737,5003.25
0.455112,5003.5
0.407706,5003.75
0.392331,5004.0
0.391049,5004.25
0.394893,5004.5
0.389768,5004.75
0.380799,5005.0
0.374393,5005.25
0.366706,5005.5
0.362862,5005.75
0.353893,5006.0
0.35133,5006.25
0.348768,5006.5
0.350049,5006.75
0.348768,5007.0
0.346205,5007.25
0.344924,5007.5
0.343643,5007.75
0.338518,5008.0
0.356455,5008.25
0.364143,5008.5
0.365424,5008.75
0.375674,5009.0
0.371831,5009.25
0.370549,5009.5
0.380799,5009.75
0.370549,5010.0
0.370549,5010.25
0.357737,5010.5
0.366706,5010.75
0.367987,5011.0
0.366706,5011.25
0.366706,5011.5
0.367987,5011.75
0.365424,5012.0
0.369268,5012.25
0.352612,5012.5
0.348768,5012.75
0.355174,5013.0
0.393612,5013.25
0.539675,5013.5
1.053458,5013.75
1.316184,5014.0
1.120152,5014.25
0.962558,5014.5
0.858776,5014.75
0.669151,5015.0
0.465431,5015.25
0.507643,5015.5
0.461518,5015.75
0.438456,5016.0
0.424362,5016.25
0.417956,5016.5
0.412831,5016.75
0.406424,5017.0
0.401299,5017.25
0.400018,5017.5
0.398737,5017.75
0.396174,5018.0
0.392331,5018.25
0.391049,5018.5
0.389768,5018.75
0.388487,5019.0
0.385924,5019.25
0.384643,5019.5
0.383362,5019.75
0.382081,5020.0
0.379518,5020.25
0.379518,5020.5
0.378237,5020.75
0.376956,5021.0
0.376956,5021.25
0.378237,5021.5
0.376956,5021.75
0.374393,5022.0
0.373112,5022.25
0.373112,5022.5
0.374393,5022.75
0.374393,5023.0
0.373112,5023.25
0.374393,5023.5
0.374393,5023.75
0.371831,5024.0
0.373112,5024.25
0.371831,5024.5
0.375674,5024.75
0.380799,5025.0
0.393612,5025.25
0.392331,5025.5
0.389768,5025.75
0.393612,5026.0
0.405143,5026.25
0.407706,5026.5
0.405143,5026.75
0.406424,5027.0
0.403862,5027.25
0.400018,5027.5
0.400018,5027.75
0.400018,5028.0
0.400018,5028.25
0.398737,5028.5
0.398737,5028.75
0.398737,5029.0
0.396174,5029.25
0.396174,5029.5
0.394893,5029.75
0.394893,5030.0
0.393612,5030.25
0.393612,5030.5
0.392331,5030.75
0.392331,5031.0
0.393612,5031.25
0.393612,5031.5
0.392331,5031.75
0.392331,5032.0
0.394893,5032.25
0.391049,5032.5
0.389768,5032.75
0.389768,5033.0
0.392331,5033.25
0.391049,5033.5
0.392331,5033.75
0.393612,5034.0
0.393612,5034.25
0.393612,5034.5
0.392331,5034.75
0.392331,5035.0
0.391049,5035.25
0.392331,5035.5
0.392331,5035.75
0.391049,5036.0
0.389768,5036.25
0.389768,5036.5
0.391049,5036.75
0.389768,5037.0
0.391049,5037.25
0.391049,5037.5
0.389768,5037.75
0.389768,5038.0
0.389768,5038.25
0.387206,5038.5
0.388487,5038.75
0.387206,5039.0
0.387206,5039.25
0.388487,5039.5
0.388487,5039.75
0.387206,5040.0
0.387206,5040.25
0.387206,5040.5
0.387206,5040.75
0.388487,5041.0
0.387206,5041.25
0.388487,5041.5
0.387206,5041.75
0.387206,5042.0
0.387206,5042.25
0.387206,5042.5
0.385924,5042.75
0.387206,5043.0
0.387206,5043.25
0.388487,5043.5
0.388487,5043.75
0.387206,5044.0
0.387206,5044.25
0.387206,5044.5
0.385924,5044.75
0.387206,5045.0
0.388487,5045.25
0.385924,5045.5
0.387206,5045.75
0.385924,5046.0
0.385924,5046.25
0.385924,5046.5
0.385924,5046.75
0.385924,5047.0
0.384643,5047.25
0.385924,5047.5
0.385924,5047.75
0.388487,5048.0
0.387206,5048.25
0.388487,5048.5
0.388487,5048.75
0.388487,5049.0
0.388487,5049.25
0.389768,5049.5
0.389768,5049.75
0.389768,5050.0
0.391049,5050.25
0.388487,5050.5
0.391049,5050.75
0.389768,5051.0
0.388487,5051.25
0.388487,5051.5
0.389768,5051.75
0.387206,5052.0
0.388487,5052.25
0.388487,5052.5
0.388487,5052.75
0.387206,5053.0
0.387206,5053.25
0.388487,5053.5
0.387206,5053.75
0.387206,5054.0
0.387206,5054.25
0.388487,5054.5
0.387206,5054.75
0.385924,5055.0
0.387206,5055.25
0.387206,5055.5
0.388487,5055.75
0.385924,5056.0
0.389768,5056.25
0.388487,5056.5
0.388487,5056.75
0.387206,5057.0
0.387206,5057.25
0.385924,5057.5
0.384643,5057.75
0.387206,5058.0
0.387206,5058.25
0.388487,5058.5
0.385924,5058.75
0.387206,5059.0
0.387206,5059.25
0.385924,5059.5
0.385924,5059.75
0.387206,5060.0
0.388487,5060.25
0.388487,5060.5
0.388487,5060.75
0.387206,5061.0
0.387206,5061.25
0.388487,5061.5
0.388487,5061.75
0.388487,5062.0
0.388487,5062.25
0.387206,5062.5
0.388487,5062.75
0.387206,5063.0
0.387206,5063.25
0.387206,5063.5
0.387206,5063.75
0.385924,5064.0
0.387206,5064.25
0.389768,5064.5
0.387206,5064.75
0.387206,5065.0
0.385924,5065.25
0.387206,5065.5
0.385924,5065.75
0.384643,5066.0
0.384643,5066.25
0.384643,5066.5
0.383362,5066.75
0.384643,5067.0
0.388487,5067.25
0.384643,5067.5
0.379518,5067.75
0.380799,5068.0
0.382081,5068.25
0.379518,5068.5
0.380799,5068.75
0.375674,5069.0
0.379518,5069.25
0.379518,5069.5
0.380799,5069.75
0.384643,5070.0
0.382081,5070.25
0.382081,5070.5
0.384643,5070.75
0.383362,5071.0
0.382081,5071.25
0.382081,5071.5
0.382081,5071.75
0.380799,5072.0
0.379518,5072.25
0.380799,5072.5
0.379518,5072.75
0.378237,5073.0
0.378237,5073.25
0.376956,5073.5
0.378237,5073.75
0.376956,5074.0
0.376956,5074.25
0.378237,5074.5
0.378237,5074.75
0.379518,5075.0
0.379518,5075.25
0.380799,5075.5
0.382081,5075.75
0.383362,5076.0
0.382081,5076.25
0.383362,5076.5
0.383362,5076.75
0.382081,5077.0
0.379518,5077.25
0.383362,5077.5
0.385924,5077.75
0.388487,5078.0
0.391049,5078.25
0.391049,5078.5
0.391049,5078.75
0.391049,5079.0
0.389768,5079.25
0.389768,5079.5
0.392331,5079.75
0.394893,5080.0
0.396174,5080.25
0.397456,5080.5
0.397456,5080.75
0.400018,5081.0
0.402581,5081.25
0.403862,5081.5
0.406424,5081.75
0.407706,5082.0
0.408987,5082.25
0.411549,5082.5
0.415393,5082.75
0.416674,5083.0
0.416674,5083.25
0.417956,5083.5
0.417956,5083.75
0.417956,5084.0
0.414112,5084.25
0.414112,5084.5
0.414112,5084.75
0.411549,5085.0
0.411549,5085.25
0.410268,5085.5
0.410268,5085.75
0.410268,5086.0
0.408987,5086.25
0.410268,5086.5
0.411549,5086.75
0.414112,5087.0
0.411549,5087.25
0.411549,5087.5
0.408987,5087.75
0.407706,5088.0
0.407706,5088.25
0.407706,5088.5
0.406424,5088.75
0.406424,5089.0
0.406424,5089.25
0.407706,5089.5
0.405143,5089.75
0.405143,5090.0
0.405143,5090.25
0.403862,5090.5
0.403862,5090.75
0.405143,5091.0
0.403862,5091.25
0.401299,5091.5
0.403862,5091.75
0.402581,5092.0
0.403862,5092.25
0.402581,5092.5
0.403862,5092.75
0.405143,5093.0
0.403862,5093.25
0.403862,5093.5
0.403862,5093.75
0.403862,5094.0
0.403862,5094.25
0.402581,5094.5
0.402581,5094.75
0.402581,5095.0
0.403862,5095.25
0.402581,5095.5
0.402581,5095.75
0.400018,5096.0
0.401299,5096.25
0.400018,5096.5
0.401299,5096.75
0.401299,5097.0
0.400018,5097.25
0.400018,5097.5
0.400018,5097.75
0.398737,5098.0
0.400018,5098.25
0.400018,5098.5
0.397456,5098.75
0.397456,5099.0
0.400018,5099.25
0.400018,5099.5
0.400018,5099.75
0.398737,5100.0
0.400018,5100.25
0.398737,5100.5
0.398737,5100.75
0.398737,5101.0
0.398737,5101.25
0.397456,5101.5
0.397456,5101.75
0.397456,5102.0
0.396174,5102.25
0.396174,5102.5
0.396174,5102.75
0.396174,5103.0
0.396174,5103.25
0.397456,5103.5
0.394893,5103.75
0.397456,5104.0
0.397456,5104.25
0.397456,5104.5
0.394893,5104.75
0.396174,5105.0
0.396174,5105.25
0.396174,5105.5
0.397456,5105.75
0.396174,5106.0
0.396174,5106.25
0.396174,5106.5
0.397456,5106.75
0.394893,5107.0
0.394893,5107.25
0.394893,5107.5
0.394893,5107.75
0.394893,5108.0
0.394893,5108.25
0.394893,5108.5
0.394893,5108.75
0.393612,5109.0
0.393612,5109.25
0.393612,5109.5
0.393612,5109.75
0.392331,5110.0
0.392331,5110.25
0.392331,5110.5
0.392331,5110.75
0.393612,5111.0
0.393612,5111.25
0.393612,5111.5
0.393612,5111.75
0.392331,5112.0
0.392331,5112.25
0.392331,5112.5
0.391049,5112.75
0.392331,5113.0
0.392331,5113.25
0.389768,5113.5
0.391049,5113.75
0.391049,5114.0
0.391049,5114.25
0.391049,5114.5
0.389768,5114.75
0.391049,5115.0
0.388487,5115.25
0.388487,5115.5
0.389768,5115.75
0.389768,5116.0
0.389768,5116.25
0.389768,5116.5
0.391049,5116.75
0.391049,5117.0
0.389768,5117.25
0.391049,5117.5
0.392331,5117.75
0.392331,5118.0
0.392331,5118.25
0.392331,5118.5
0.392331,5118.75
0.393612,5119.0
0.393612,5119.25
0.394893,5119.5
0.393612,5119.75
0.394893,5120.0
0.393612,5120.25
0.393612,5120.5
0.393612,5120.75
0.392331,5121.0
0.391049,5121.25
0.391049,5121.5
0.392331,5121.75
0.391049,5122.0
0.393612,5122.25
0.391049,5122.5
0.391049,5122.75
0.391049,5123.0
0.392331,5123.25
0.391049,5123.5
0.391049,5123.75
0.389768,5124.0
0.391049,5124.25
0.392331,5124.5
0.392331,5124.75
0.392331,5125.0
0.392331,5125.25
0.393612,5125.5
0.392331,5125.75
0.392331,5126.0
0.393612,5126.25
0.393612,5126.5
0.393612,5126.75
0.394893,5127.0
0.392331,5127.25
0.393612,5127.5
0.394893,5127.75
0.392331,5128.0
0.393612,5128.25
0.392331,5128.5
0.391049,5128.75
0.391049,5129.0
0.389768,5129.25
0.388487,5129.5
0.388487,5129.75
0.388487,5130.0
0.388487,5130.25
0.391049,5130.5
0.391049,5130.75
0.392331,5131.0
0.389768,5131.25
0.385924,5131.5
0.384643,5131.75
0.391049,5132.0
0.389768,5132.25
0.439737,5132.5
0.489706,5132.75
0.428206,5133.0
0.401299,5133.25
0.391049,5133.5
0.383362,5133.75
0.384643,5134.0
0.389768,5134.25
0.391049,5134.5
0.391049,5134.75
0.389768,5135.0
0.389768,5135.25
0.391049,5135.5
0.388487,5135.75
0.391049,5136.0
0.383362,5136.25
0.379518,5136.5
0.378237,5136.75
0.379518,5137.0
0.379518,5137.25
0.379518,5137.5
0.379518,5137.75
0.378237,5138.0
0.376956,5138.25
0.375674,5138.5
0.375674,5138.75
0.376956,5139.0
0.375674,5139.25
0.374393,5139.5
0.375674,5139.75
0.375674,5140.0
0.374393,5140.25
0.374393,5140.5
0.374393,5140.75
0.374393,5141.0
0.373112,5141.25
0.374393,5141.5
0.374393,5141.75
0.374393,5142.0
0.373112,5142.25
0.376956,5142.5
0.374393,5142.75
0.375674,5143.0
0.375674,5143.25
0.375674,5143.5
0.374393,5143.75
0.374393,5144.0
0.374393,5144.25
0.374393,5144.5
0.374393,5144.75
0.371831,5145.0
0.373112,5145.25
0.373112,5145.5
0.373112,5145.75
0.373112,5146.0
0.371831,5146.25
0.373112,5146.5
0.373112,5146.75
0.373112,5147.0
0.371831,5147.25
0.371831,5147.5
0.370549,5147.75
0.371831,5148.0
0.370549,5148.25
0.371831,5148.5
0.371831,5148.75
0.369268,5149.0
0.369268,5149.25
0.369268,5149.5
0.370549,5149.75
0.369268,5150.0
0.369268,5150.25
0.367987,5150.5
0.369268,5150.75
0.367987,5151.0
0.367987,5151.25
0.367987,5151.5
0.367987,5151.75
0.369268,5152.0
0.366706,5152.25
0.366706,5152.5
0.366706,5152.75
0.366706,5153.0
0.366706,5153.25
0.367987,5153.5
0.365424,5153.75
0.365424,5154.0
0.367987,5154.25
0.365424,5154.5
0.366706,5154.75
0.365424,5155.0
0.366706,5155.25
0.365424,5155.5
0.364143,5155.75
0.364143,5156.0
0.366706,5156.25
0.364143,5156.5
0.364143,5156.75
0.364143,5157.0
0.364143,5157.25
0.364143,5157.5
0.362862,5157.75
0.364143,5158.0
0.364143,5158.25
0.362862,5158.5
0.36158,5158.75
0.36158,5159.0
0.362862,5159.25
0.36158,5159.5
0.360299,5159.75
0.36158,5160.0
0.369268,5160.25
0.398737,5160.5
0.408987,5160.75
0.415393,5161.0
0.417956,5161.25
0.415393,5161.5
0.416674,5161.75
0.417956,5162.0
0.419237,5162.25
0.420518,5162.5
0.424362,5162.75
0.432049,5163.0
0.430768,5163.25
0.426924,5163.5
0.426924,5163.75
0.425643,5164.0
0.425643,5164.25
0.424362,5164.5
0.421799,5164.75
0.425643,5165.0
0.425643,5165.25
0.423081,5165.5
0.425643,5165.75
0.424362,5166.0
0.425643,5166.25
0.425643,5166.5
0.424362,5166.75
0.425643,5167.0
0.423081,5167.25
0.424362,5167.5
0.421799,5167.75
0.420518,5168.0
0.423081,5168.25
0.423081,5168.5
0.423081,5168.75
0.424362,5169.0
0.423081,5169.25
0.423081,5169.5
0.421799,5169.75
0.420518,5170.0
0.417956,5170.25
0.419237,5170.5
0.416674,5170.75
0.415393,5171.0
0.416674,5171.25
0.414112,5171.5
0.412831,5171.75
0.412831,5172.0
0.410268,5172.25
0.371831,5172.5
0.369268,5172.75
0.366706,5173.0
0.367987,5173.25
0.369268,5173.5
0.370549,5173.75
0.370549,5174.0
0.370549,5174.25
0.371831,5174.5
0.370549,5174.75
0.369268,5175.0
0.370549,5175.25
0.369268,5175.5
0.371831,5175.75
0.384643,5176.0
0.403862,5176.25
0.406424,5176.5
0.407706,5176.75
0.408987,5177.0
0.408987,5177.25
0.407706,5177.5
0.408987,5177.75
0.407706,5178.0
0.410268,5178.25
0.410268,5178.5
0.410268,5178.75
0.410268,5179.0
0.410268,5179.25
0.410268,5179.5
0.410268,5179.75
0.410268,5180.0
0.410268,5180.25
0.410268,5180.5
0.410268,5180.75
0.410268,5181.0
0.410268,5181.25
0.410268,5181.5
0.410268,5181.75
0.410268,5182.0
0.410268,5182.25
0.408987,5182.5
0.408987,5182.75
0.410268,5183.0
0.408987,5183.25
0.408987,5183.5
0.410268,5183.75
0.408987,5184.0
0.407706,5184.25
0.407706,5184.5
0.407706,5184.75
0.408987,5185.0
0.407706,5185.25
0.406424,5185.5
0.407706,5185.75
0.406424,5186.0
0.406424,5186.25
0.406424,5186.5
0.406424,5186.75
0.406424,5187.0
0.406424,5187.25
0.406424,5187.5
0.406424,5187.75
0.406424,5188.0
0.407706,5188.25
0.408987,5188.5
0.407706,5188.75
0.407706,5189.0
0.407706,5189.25
0.406424,5189.5
0.407706,5189.75
0.406424,5190.0
0.406424,5190.25
0.406424,5190.5
0.406424,5190.75
0.408987,5191.0
0.410268,5191.25
0.411549,5191.5
0.411549,5191.75
0.408987,5192.0
0.406424,5192.25
0.405143,5192.5
0.402581,5192.75
0.400018,5193.0
0.401299,5193.25
0.400018,5193.5
0.400018,5193.75
0.400018,5194.0
0.398737,5194.25
0.400018,5194.5
0.398737,5194.75
0.398737,5195.0
0.398737,5195.25
0.400018,5195.5
0.400018,5195.75
0.400018,5196.0
0.400018,5196.25
0.401299,5196.5
0.400018,5196.75
0.400018,5197.0
0.400018,5197.25
0.400018,5197.5
0.398737,5197.75
0.400018,5198.0
0.401299,5198.25
0.400018,5198.5
0.402581,5198.75
0.400018,5199.0
0.400018,5199.25
0.401299,5199.5
0.397456,5199.75
0.400018,5200.0
0.400018,5200.25
0.398737,5200.5
0.400018,5200.75
0.398737,5201.0
0.398737,5201.25
0.400018,5201.5
0.398737,5201.75
0.398737,5202.0
0.398737,5202.25
0.398737,5202.5
0.400018,5202.75
0.398737,5203.0
0.398737,5203.25
0.400018,5203.5
0.402581,5203.75
0.403862,5204.0
0.410268,5204.25
0.410268,5204.5
0.405143,5204.75
0.406424,5205.0
0.406424,5205.25
0.405143,5205.5
0.406424,5205.75
0.405143,5206.0
0.405143,5206.25
0.405143,5206.5
0.405143,5206.75
0.405143,5207.0
0.405143,5207.25
0.406424,5207.5
0.406424,5207.75
0.403862,5208.0
0.403862,5208.25
0.405143,5208.5
0.403862,5208.75
0.405143,5209.0
0.405143,5209.25
0.403862,5209.5
0.406424,5209.75
0.405143,5210.0
0.405143,5210.25
0.407706,5210.5
0.405143,5210.75
0.405143,5211.0
0.405143,5211.25
0.405143,5211.5
0.405143,5211.75
0.406424,5212.0
0.405143,5212.25
0.406424,5212.5
0.405143,5212.75
0.403862,5213.0
0.405143,5213.25
0.406424,5213.5
0.405143,5213.75
0.405143,5214.0
0.406424,5214.25
0.407706,5214.5
0.407706,5214.75
0.405143,5215.0
0.405143,5215.25
0.405143,5215.5
0.406424,5215.75
0.407706,5216.0
0.407706,5216.25
0.406424,5216.5
0.407706,5216.75
0.406424,5217.0
0.401299,5217.25
0.402581,5217.5
0.397456,5217.75
0.397456,5218.0
0.394893,5218.25
0.396174,5218.5
0.394893,5218.75
0.396174,5219.0
0.398737,5219.25
0.401299,5219.5
0.400018,5219.75
0.398737,5220.0
0.400018,5220.25
0.398737,5220.5
0.398737,5220.75
0.397456,5221.0
0.398737,5221.25
0.397456,5221.5
0.397456,5221.75
0.397456,5222.0
0.398737,5222.25
0.397456,5222.5
0.397456,5222.75
0.397456,5223.0
0.397456,5223.25
0.397456,5223.5
0.397456,5223.75
0.398737,5224.0
0.397456,5224.25
0.397456,5224.5
0.394893,5224.75
0.394893,5225.0
0.393612,5225.25
0.394893,5225.5
0.393612,5225.75
0.394893,5226.0
0.394893,5226.25
0.394893,5226.5
0.393612,5226.75
0.393612,5227.0
0.393612,5227.25
0.393612,5227.5
0.388487,5227.75
0.383362,5228.0
0.383362,5228.25
0.392331,5228.5
0.393612,5228.75
0.396174,5229.0
0.400018,5229.25
0.387206,5229.5
0.371831,5229.75
0.384643,5230.0
0.394893,5230.25
0.396174,5230.5
0.389768,5230.75
0.394893,5231.0
0.392331,5231.25
0.392331,5231.5
0.391049,5231.75
0.389768,5232.0
0.391049,5232.25
0.389768,5232.5
0.388487,5232.75
0.387206,5233.0
0.391049,5233.25
0.391049,5233.5
0.387206,5233.75
0.384643,5234.0
0.384643,5234.25
0.387206,5234.5
0.389768,5234.75
0.391049,5235.0
0.392331,5235.25
0.392331,5235.5
0.391049,5235.75
0.388487,5236.0
0.389768,5236.25
0.388487,5236.5
0.387206,5236.75
0.385924,5237.0
0.385924,5237.25
0.384643,5237.5
0.385924,5237.75
0.384643,5238.0
0.383362,5238.25
0.382081,5238.5
0.383362,5238.75
0.384643,5239.0
0.384643,5239.25
0.384643,5239.5
0.384643,5239.75
0.384643,5240.0
0.384643,5240.25
0.383362,5240.5
0.384643,5240.75
0.383362,5241.0
0.382081,5241.25
0.383362,5241.5
0.382081,5241.75
0.380799,5242.0
0.382081,5242.25
0.383362,5242.5
0.383362,5242.75
0.383362,5243.0
0.383362,5243.25
0.383362,5243.5
0.383362,5243.75
0.382081,5244.0
0.383362,5244.25
0.383362,5244.5
0.383362,5244.75
0.382081,5245.0
0.383362,5245.25
0.384643,5245.5
0.383362,5245.75
0.383362,5246.0
0.383362,5246.25
0.384643,5246.5
0.383362,5246.75
0.383362,5247.0
0.383362,5247.25
0.382081,5247.5
0.383362,5247.75
0.382081,5248.0
0.383362,5248.25
0.382081,5248.5
0.383362,5248.75
0.382081,5249.0
0.382081,5249.25
0.383362,5249.5
0.383362,5249.75
0.382081,5250.0
0.380799,5250.25
0.380799,5250.5
0.379518,5250.75
0.380799,5251.0
0.379518,5251.25
0.380799,5251.5
0.382081,5251.75
0.382081,5252.0
0.379518,5252.25
0.380799,5252.5
0.379518,5252.75
0.378237,5253.0
0.379518,5253.25
0.379518,5253.5
0.379518,5253.75
0.379518,5254.0
0.378237,5254.25
0.379518,5254.5
0.378237,5254.75
0.378237,5255.0
0.378237,5255.25
0.378237,5255.5
0.378237,5255.75
0.379518,5256.0
0.376956,5256.25
0.378237,5256.5
0.376956,5256.75
0.375674,5257.0
0.378237,5257.25
0.376956,5257.5
0.375674,5257.75
0.378237,5258.0
0.375674,5258.25
0.374393,5258.5
0.375674,5258.75
0.375674,5259.0
0.376956,5259.25
0.376956,5259.5
0.376956,5259.75
0.376956,5260.0
0.376956,5260.25
0.374393,5260.5
0.375674,5260.75
0.374393,5261.0
0.374393,5261.25
0.374393,5261.5
0.374393,5261.75
0.374393,5262.0
0.373112,5262.25
0.373112,5262.5
0.375674,5262.75
0.373112,5263.0
0.373112,5263.25
0.371831,5263.5
0.371831,5263.75
0.373112,5264.0
0.373112,5264.25
0.373112,5264.5
0.370549,5264.75
0.371831,5265.0
0.370549,5265.25
0.373112,5265.5
0.370549,5265.75
0.369268,5266.0
0.370549,5266.25
0.370549,5266.5
0.369268,5266.75
0.370549,5267.0
0.369268,5267.25
0.369268,5267.5
0.370549,5267.75
0.370549,5268.0
0.370549,5268.25
0.371831,5268.5
0.369268,5268.75
0.369268,5269.0
0.369268,5269.25
0.367987,5269.5
0.367987,5269.75
0.369268,5270.0
0.367987,5270.25
0.366706,5270.5
0.367987,5270.75
0.367987,5271.0
0.366706,5271.25
0.367987,5271.5
0.366706,5271.75
0.366706,5272.0
0.367987,5272.25
0.366706,5272.5
0.366706,5272.75
0.369268,5273.0
0.365424,5273.25
0.367987,5273.5
0.366706,5273.75
0.366706,5274.0
0.366706,5274.25
0.366706,5274.5
0.365424,5274.75
0.366706,5275.0
0.365424,5275.25
0.365424,5275.5
0.365424,5275.75
0.365424,5276.0
0.366706,5276.25
0.364143,5276.5
0.367987,5276.75
0.365424,5277.0
0.364143,5277.25
0.366706,5277.5
0.365424,5277.75
0.365424,5278.0
0.365424,5278.25
0.364143,5278.5
0.362862,5278.75
0.365424,5279.0
0.364143,5279.25
0.365424,5279.5
0.365424,5279.75
0.364143,5280.0
0.364143,5280.25
0.369268,5280.5
0.369268,5280.75
0.369268,5281.0
0.373112,5281.25
0.373112,5281.5
0.375674,5281.75
0.374393,5282.0
0.373112,5282.25
0.371831,5282.5
0.370549,5282.75
0.371831,5283.0
0.370549,5283.25
0.370549,5283.5
0.371831,5283.75
0.371831,5284.0
0.370549,5284.25
0.373112,5284.5
0.371831,5284.75
0.375674,5285.0
0.374393,5285.25
0.373112,5285.5
0.371831,5285.75
0.373112,5286.0
0.373112,5286.25
0.373112,5286.5
0.373112,5286.75
0.374393,5287.0
0.375674,5287.25
0.374393,5287.5
0.374393,5287.75
0.373112,5288.0
0.373112,5288.25
0.371831,5288.5
0.374393,5288.75
0.371831,5289.0
0.373112,5289.25
0.375674,5289.5
0.373112,5289.75
0.375674,5290.0
0.374393,5290.25
0.374393,5290.5
0.374393,5290.75
0.374393,5291.0
0.374393,5291.25
0.375674,5291.5
0.375674,5291.75
0.374393,5292.0
0.373112,5292.25
0.374393,5292.5
0.373112,5292.75
0.373112,5293.0
0.375674,5293.25
0.373112,5293.5
0.373112,5293.75
0.371831,5294.0
0.373112,5294.25
0.370549,5294.5
0.373112,5294.75
0.371831,5295.0
0.370549,5295.25
0.371831,5295.5
0.370549,5295.75
0.370549,5296.0
0.371831,5296.25
0.370549,5296.5
0.370549,5296.75
0.370549,5297.0
0.369268,5297.25
0.370549,5297.5
0.373112,5297.75
0.370549,5298.0
0.373112,5298.25
0.371831,5298.5
0.373112,5298.75
0.371831,5299.0
0.370549,5299.25
0.370549,5299.5
0.371831,5299.75
0.373112,5300.0
0.369268,5300.25
0.370549,5300.5
0.371831,5300.75
0.371831,5301.0
0.370549,5301.25
0.370549,5301.5
0.370549,5301.75
0.369268,5302.0
0.369268,5302.25
0.370549,5302.5
0.369268,5302.75
0.369268,5303.0
0.369268,5303.25
0.369268,5303.5
0.370549,5303.75
0.367987,5304.0
0.369268,5304.25
0.369268,5304.5
0.367987,5304.75
0.367987,5305.0
0.369268,5305.25
0.367987,5305.5
0.367987,5305.75
0.367987,5306.0
0.367987,5306.25
0.369268,5306.5
0.369268,5306.75
0.367987,5307.0
0.367987,5307.25
0.367987,5307.5
0.367987,5307.75
0.367987,5308.0
0.367987,5308.25
0.367987,5308.5
0.367987,5308.75
0.367987,5309.0
0.369268,5309.25
0.366706,5309.5
0.367987,5309.75
0.367987,5310.0
0.366706,5310.25
0.366706,5310.5
0.367987,5310.75
0.366706,5311.0
0.367987,5311.25
0.366706,5311.5
0.367987,5311.75
0.367987,5312.0
0.366706,5312.25
0.367987,5312.5
0.367987,5312.75
0.366706,5313.0
0.366706,5313.25
0.367987,5313.5
0.366706,5313.75
0.366706,5314.0
0.366706,5314.25
0.366706,5314.5
0.365424,5314.75
0.366706,5315.0
0.366706,5315.25
0.366706,5315.5
0.366706,5315.75
0.365424,5316.0
0.366706,5316.25
0.367987,5316.5
0.366706,5316.75
0.365424,5317.0
0.366706,5317.25
0.367987,5317.5
0.364143,5317.75
0.366706,5318.0
0.365424,5318.25
0.365424,5318.5
0.365424,5318.75
0.366706,5319.0
0.365424,5319.25
0.365424,5319.5
0.364143,5319.75
0.364143,5320.0
0.365424,5320.25
0.364143,5320.5
0.366706,5320.75
0.364143,5321.0
0.364143,5321.25
0.364143,5321.5
0.365424,5321.75
0.365424,5322.0
0.364143,5322.25
0.364143,5322.5
0.364143,5322.75
0.364143,5323.0
0.365424,5323.25
0.365424,5323.5
0.364143,5323.75
0.365424,5324.0
0.364143,5324.25
0.364143,5324.5
0.365424,5324.75
0.364143,5325.0
0.364143,5325.25
0.364143,5325.5
0.365424,5325.75
0.364143,5326.0
0.365424,5326.25
0.364143,5326.5
0.364143,5326.75
0.362862,5327.0
0.365424,5327.25
0.362862,5327.5
0.365424,5327.75
0.362862,5328.0
0.362862,5328.25
0.362862,5328.5
0.362862,5328.75
0.362862,5329.0
0.362862,5329.25
0.362862,5329.5
0.362862,5329.75
0.364143,5330.0
0.364143,5330.25
0.364143,5330.5
0.364143,5330.75
0.364143,5331.0
0.365424,5331.25
0.364143,5331.5
0.365424,5331.75
0.364143,5332.0
0.362862,5332.25
0.364143,5332.5
0.362862,5332.75
0.362862,5333.0
0.364143,5333.25
0.362862,5333.5
0.364143,5333.75
0.365424,5334.0
0.362862,5334.25
0.362862,5334.5
0.362862,5334.75
0.362862,5335.0
0.364143,5335.25
0.362862,5335.5
0.364143,5335.75
0.362862,5336.0
0.364143,5336.25
0.362862,5336.5
0.364143,5336.75
0.362862,5337.0
0.36158,5337.25
0.362862,5337.5
0.362862,5337.75
0.362862,5338.0
0.362862,5338.25
0.36158,5338.5
0.362862,5338.75
0.362862,5339.0
0.364143,5339.25
0.362862,5339.5
0.362862,5339.75
0.362862,5340.0
0.364143,5340.25
0.364143,5340.5
0.365424,5340.75
0.364143,5341.0
0.364143,5341.25
0.364143,5341.5
0.364143,5341.75
0.362862,5342.0
0.364143,5342.25
0.364143,5342.5
0.364143,5342.75
0.364143,5343.0
0.364143,5343.25
0.364143,5343.5
0.364143,5343.75
0.362862,5344.0
0.36158,5344.25
0.362862,5344.5
0.362862,5344.75
0.365424,5345.0
0.362862,5345.25
0.362862,5345.5
0.362862,5345.75
0.362862,5346.0
0.362862,5346.25
0.362862,5346.5
0.362862,5346.75
0.36158,5347.0
0.364143,5347.25
0.362862,5347.5
0.362862,5347.75
0.362862,5348.0
0.362862,5348.25
0.362862,5348.5
0.362862,5348.75
0.36158,5349.0
0.36158,5349.25
0.36158,5349.5
0.36158,5349.75
0.360299,5350.0
0.36158,5350.25
0.36158,5350.5
0.359018,5350.75
0.36158,5351.0
0.360299,5351.25
0.360299,5351.5
0.360299,5351.75
0.360299,5352.0
0.359018,5352.25
0.360299,5352.5
0.360299,5352.75
0.360299,5353.0
0.362862,5353.25
0.36158,5353.5
0.359018,5353.75
0.360299,5354.0
0.359018,5354.25
0.359018,5354.5
0.36158,5354.75
0.359018,5355.0
0.359018,5355.25
0.359018,5355.5
0.360299,5355.75
0.36158,5356.0
0.360299,5356.25
0.360299,5356.5
0.360299,5356.75
0.36158,5357.0
0.356455,5357.25
0.355174,5357.5
0.356455,5357.75
0.355174,5358.0
0.357737,5358.25
0.359018,5358.5
0.359018,5358.75
0.357737,5359.0
0.360299,5359.25
0.360299,5359.5
0.359018,5359.75
0.357737,5360.0
0.357737,5360.25
0.357737,5360.5
0.359018,5360.75
0.357737,5361.0
0.356455,5361.25
0.359018,5361.5
0.357737,5361.75
0.357737,5362.0
0.357737,5362.25
0.356455,5362.5
0.356455,5362.75
0.357737,5363.0
0.357737,5363.25
0.356455,5363.5
0.357737,5363.75
0.356455,5364.0
0.356455,5364.25
0.356455,5364.5
0.356455,5364.75
0.356455,5365.0
0.356455,5365.25
0.353893,5365.5
0.353893,5365.75
0.355174,5366.0
0.353893,5366.25
0.353893,5366.5
0.353893,5366.75
0.353893,5367.0
0.352612,5367.25
0.353893,5367.5
0.352612,5367.75
0.35133,5368.0
0.353893,5368.25
0.352612,5368.5
0.35133,5368.75
0.35133,5369.0
0.350049,5369.25
0.352612,5369.5
0.352612,5369.75
0.350049,5370.0
0.350049,5370.25
0.350049,5370.5
0.35133,5370.75
0.350049,5371.0
0.35133,5371.25
0.350049,5371.5
0.350049,5371.75
0.350049,5372.0
0.35133,5372.25
0.353893,5372.5
0.352612,5372.75
0.352612,5373.0
0.35133,5373.25
0.350049,5373.5
0.352612,5373.75
0.350049,5374.0
0.348768,5374.25
0.350049,5374.5
0.352612,5374.75
0.348768,5375.0
0.35133,5375.25
0.350049,5375.5
0.35133,5375.75
0.350049,5376.0
0.35133,5376.25
0.348768,5376.5
0.350049,5376.75
0.350049,5377.0
0.350049,5377.25
0.350049,5377.5
0.350049,5377.75
0.350049,5378.0
0.350049,5378.25
0.350049,5378.5
0.350049,5378.75
0.350049,5379.0
0.350049,5379.25
0.347487,5379.5
0.348768,5379.75
0.350049,5380.0
0.348768,5380.25
0.348768,5380.5
0.348768,5380.75
0.348768,5381.0
0.348768,5381.25
0.348768,5381.5
0.347487,5381.75
0.348768,5382.0
0.348768,5382.25
0.348768,5382.5
0.350049,5382.75
0.352612,5383.0
0.353893,5383.25
0.355174,5383.5
0.353893,5383.75
0.355174,5384.0
0.353893,5384.25
0.352612,5384.5
0.353893,5384.75
0.352612,5385.0
0.352612,5385.25
0.350049,5385.5
0.350049,5385.75
0.348768,5386.0
0.350049,5386.25
0.348768,5386.5
0.35133,5386.75
0.350049,5387.0
0.350049,5387.25
0.350049,5387.5
0.353893,5387.75
0.353893,5388.0
0.342362,5388.25
0.348768,5388.5
0.359018,5388.75
0.356455,5389.0
0.352612,5389.25
0.35133,5389.5
0.350049,5389.75
0.353893,5390.0
0.350049,5390.25
0.346205,5390.5
0.355174,5390.75
0.360299,5391.0
0.360299,5391.25
0.348768,5391.5
0.346205,5391.75
0.339799,5392.0
0.342362,5392.25
0.337237,5392.5
0.335955,5392.75
0.334674,5393.0
0.333393,5393.25
0.333393,5393.5
0.333393,5393.75
0.333393,5394.0
0.332112,5394.25
0.33083,5394.5
0.33083,5394.75
0.328268,5395.0
0.328268,5395.25
0.325705,5395.5
0.339799,5395.75
0.343643,5396.0
0.34108,5396.25
0.339799,5396.5
0.339799,5396.75
0.334674,5397.0
0.33083,5397.25
0.33083,5397.5
0.326987,5397.75
0.328268,5398.0
0.329549,5398.25
0.334674,5398.5
0.342362,5398.75
0.348768,5399.0
0.362862,5399.25
0.400018,5399.5
0.410268,5399.75
0.410268,5400.0
0.398737,5400.25
0.379518,5400.5
0.350049,5400.75
0.344924,5401.0
0.339799,5401.25
0.337237,5401.5
0.333393,5401.75
0.33083,5402.0
0.328268,5402.25
0.329549,5402.5
0.328268,5402.75
0.328268,5403.0
0.328268,5403.25
0.329549,5403.5
0.329549,5403.75
0.33083,5404.0
0.332112,5404.25
0.333393,5404.5
0.332112,5404.75
0.33083,5405.0
0.33083,5405.25
0.33083,5405.5
0.33083,5405.75
0.328268,5406.0
0.328268,5406.25
0.328268,5406.5
0.326987,5406.75
0.326987,5407.0
0.326987,5407.25
0.326987,5407.5
0.326987,5407.75
0.326987,5408.0
0.325705,5408.25
0.324424,5408.5
0.326987,5408.75
0.324424,5409.0
0.325705,5409.25
0.324424,5409.5
0.324424,5409.75
0.324424,5410.0
0.324424,5410.25
0.325705,5410.5
0.324424,5410.75
0.325705,5411.0
0.325705,5411.25
0.324424,5411.5
0.323143,5411.75
0.324424,5412.0
0.323143,5412.25
0.324424,5412.5
0.324424,5412.75
0.324424,5413.0
0.325705,5413.25
0.323143,5413.5
0.323143,5413.75
0.325705,5414.0
0.323143,5414.25
0.323143,5414.5
0.323143,5414.75
0.321862,5415.0
0.323143,5415.25
0.323143,5415.5
0.323143,5415.75
0.324424,5416.0
0.321862,5416.25
0.323143,5416.5
0.321862,5416.75
0.321862,5417.0
0.321862,5417.25
0.321862,5417.5
0.32058,5417.75
0.321862,5418.0
0.32058,5418.25
0.32058,5418.5
0.321862,5418.75
0.32058,5419.0
0.32058,5419.25
0.321862,5419.5
0.319299,5419.75
0.32058,5420.0
0.323143,5420.25
0.321862,5420.5
0.32058,5420.75
0.321862,5421.0
0.32058,5421.25
0.323143,5421.5
0.32058,5421.75
0.321862,5422.0
0.321862,5422.25
0.321862,5422.5
0.32058,5422.75
0.321862,5423.0
0.32058,5423.25
0.32058,5423.5
0.319299,5423.75
0.319299,5424.0
0.319299,5424.25
0.318018,5424.5
0.32058,5424.75
0.319299,5425.0
0.319299,5425.25
0.32058,5425.5
0.32058,5425.75
0.319299,5426.0
0.319299,5426.25
0.32058,5426.5
0.319299,5426.75
0.32058,5427.0
0.319299,5427.25
0.319299,5427.5
0.319299,5427.75
0.318018,5428.0
0.319299,5428.25
0.318018,5428.5
0.318018,5428.75
0.319299,5429.0
0.319299,5429.25
0.319299,5429.5
0.318018,5429.75
0.316737,5430.0
0.32058,5430.25
0.318018,5430.5
0.318018,5430.75
0.319299,5431.0
0.318018,5431.25
0.318018,5431.5
0.318018,5431.75
0.318018,5432.0
0.316737,5432.25
0.315455,5432.5
0.315455,5432.75
0.316737,5433.0
0.315455,5433.25
0.316737,5433.5
0.318018,5433.75
0.315455,5434.0
0.315455,5434.25
0.316737,5434.5
0.318018,5434.75
0.316737,5435.0
0.316737,5435.25
0.315455,5435.5
0.318018,5435.75
0.316737,5436.0
0.316737,5436.25
0.316737,5436.5
0.315455,5436.75
0.314174,5437.0
0.316737,5437.25
0.315455,5437.5
0.314174,5437.75
0.315455,5438.0
0.314174,5438.25
0.315455,5438.5
0.315455,5438.75
0.315455,5439.0
0.316737,5439.25
0.316737,5439.5
0.315455,5439.75
0.315455,5440.0
0.315455,5440.25
0.314174,5440.5
0.314174,5440.75
0.315455,5441.0
0.316737,5441.25
0.314174,5441.5
0.315455,5441.75
0.315455,5442.0
0.314174,5442.25
0.315455,5442.5
0.314174,5442.75
0.314174,5443.0
0.315455,5443.25
0.314174,5443.5
0.312893,5443.75
0.315455,5444.0
0.314174,5444.25
0.315455,5444.5
0.319299,5444.75
0.321862,5445.0
0.321862,5445.25
0.321862,5445.5
0.321862,5445.75
0.319299,5446.0
0.315455,5446.25
0.312893,5446.5
0.315455,5446.75
0.314174,5447.0
0.312893,5447.25
0.312893,5447.5
0.312893,5447.75
0.311612,5448.0
0.312893,5448.25
0.31033,5448.5
0.311612,5448.75
0.311612,5449.0
0.311612,5449.25
0.312893,5449.5
0.31033,5449.75
0.31033,5450.0
0.31033,5450.25
0.312893,5450.5
0.309049,5450.75
0.311612,5451.0
0.311612,5451.25
0.31033,5451.5
0.307768,5451.75
0.31033,5452.0
0.31033,5452.25
0.31033,5452.5
0.309049,5452.75
0.309049,5453.0
0.307768,5453.25
0.31033,5453.5
0.31033,5453.75
0.31033,5454.0
0.31033,5454.25
0.309049,5454.5
0.309049,5454.75
0.311612,5455.0
0.31033,5455.25
0.31033,5455.5
0.309049,5455.75
0.309049,5456.0
0.316737,5456.25
0.32058,5456.5
0.319299,5456.75
0.314174,5457.0
0.312893,5457.25
0.311612,5457.5
0.318018,5457.75
0.319299,5458.0
0.32058,5458.25
0.32058,5458.5
0.321862,5458.75
0.321862,5459.0
0.325705,5459.25
0.324424,5459.5
0.324424,5459.75
0.324424,5460.0
0.319299,5460.25
0.315455,5460.5
0.323143,5460.75
0.32058,5461.0
0.319299,5461.25
0.316737,5461.5
0.319299,5461.75
0.319299,5462.0
0.318018,5462.25
0.319299,5462.5
0.318018,5462.75
0.314174,5463.0
0.314174,5463.25
0.311612,5463.5
0.312893,5463.75
0.311612,5464.0
0.31033,5464.25
0.309049,5464.5
0.311612,5464.75
0.311612,5465.0
0.31033,5465.25
0.31033,5465.5
0.31033,5465.75
0.311612,5466.0
0.309049,5466.25
0.31033,5466.5
0.309049,5466.75
0.31033,5467.0
0.309049,5467.25
0.309049,5467.5
0.309049,5467.75
0.311612,5468.0
0.31033,5468.25
0.31033,5468.5
0.312893,5468.75
0.315455,5469.0
0.324424,5469.25
0.319299,5469.5
0.32058,5469.75
0.319299,5470.0
0.316737,5470.25
0.32058,5470.5
0.319299,5470.75
0.319299,5471.0
0.319299,5471.25
0.321862,5471.5
0.316737,5471.75
0.316737,5472.0
0.316737,5472.25
0.318018,5472.5
0.321862,5472.75
0.348768,5473.0
0.359018,5473.25
0.348768,5473.5
0.362862,5473.75
0.348768,5474.0
0.36158,5474.25
0.355174,5474.5
0.35133,5474.75
0.344924,5475.0
0.344924,5475.25
0.339799,5475.5
0.335955,5475.75
0.335955,5476.0
0.335955,5476.25
0.34108,5476.5
0.364143,5476.75
0.385924,5477.0
0.356455,5477.25
0.371831,5477.5
0.366706,5477.75
0.353893,5478.0
0.365424,5478.25
0.366706,5478.5
0.356455,5478.75
0.373112,5479.0
0.385924,5479.25
0.365424,5479.5
0.357737,5479.75
0.380799,5480.0
0.394893,5480.25
0.387206,5480.5
0.36158,5480.75
0.356455,5481.0
0.360299,5481.25
0.364143,5481.5
0.36158,5481.75
0.389768,5482.0
0.36158,5482.25
0.359018,5482.5
0.352612,5482.75
0.352612,5483.0
0.35133,5483.25
0.350049,5483.5
0.347487,5483.75
0.342362,5484.0
0.344924,5484.25
0.344924,5484.5
0.344924,5484.75
0.343643,5485.0
0.342362,5485.25
0.342362,5485.5
0.34108,5485.75
0.34108,5486.0
0.343643,5486.25
0.344924,5486.5
0.344924,5486.75
0.342362,5487.0
0.343643,5487.25
0.342362,5487.5
0.34108,5487.75
0.343643,5488.0
0.343643,5488.25
0.342362,5488.5
0.339799,5488.75
0.339799,5489.0
0.339799,5489.25
0.339799,5489.5
0.339799,5489.75
0.339799,5490.0
0.342362,5490.25
0.335955,5490.5
0.338518,5490.75
0.34108,5491.0
0.343643,5491.25
0.342362,5491.5
0.342362,5491.75
0.343643,5492.0
0.348768,5492.25
0.35133,5492.5
0.353893,5492.75
0.353893,5493.0
0.350049,5493.25
0.350049,5493.5
0.348768,5493.75
0.347487,5494.0
0.347487,5494.25
0.338518,5494.5
0.333393,5494.75
0.335955,5495.0
0.337237,5495.25
0.342362,5495.5
0.334674,5495.75
0.335955,5496.0
0.334674,5496.25
0.332112,5496.5
0.346205,5496.75
0.343643,5497.0
0.34108,5497.25
0.347487,5497.5
0.353893,5497.75
0.350049,5498.0
0.350049,5498.25
0.352612,5498.5
0.346205,5498.75
0.337237,5499.0
0.335955,5499.25
0.334674,5499.5
0.332112,5499.75
0.333393,5500.0
0.333393,5500.25
0.33083,5500.5
0.333393,5500.75
0.34108,5501.0
0.347487,5501.25
0.352612,5501.5
0.355174,5501.75
0.355174,5502.0
0.355174,5502.25
0.36158,5502.5
0.364143,5502.75
0.369268,5503.0
0.367987,5503.25
0.36158,5503.5
0.385924,5503.75
0.374393,5504.0
0.365424,5504.25
0.364143,5504.5
0.364143,5504.75
0.362862,5505.0
0.362862,5505.25
0.364143,5505.5
0.373112,5505.75
0.376956,5506.0
0.382081,5506.25
0.382081,5506.5
0.379518,5506.75
0.376956,5507.0
0.371831,5507.25
0.375674,5507.5
0.380799,5507.75
0.359018,5508.0
0.364143,5508.25
0.359018,5508.5
0.382081,5508.75
0.369268,5509.0
0.359018,5509.25
0.353893,5509.5
0.35133,5509.75
0.355174,5510.0
0.356455,5510.25
0.353893,5510.5
0.4833,5510.75
0.405143,5511.0
0.374393,5511.25
0.376956,5511.5
0.367987,5511.75
0.356455,5512.0
0.356455,5512.25
0.360299,5512.5
0.353893,5512.75
0.350049,5513.0
0.357737,5513.25
0.362862,5513.5
0.356455,5513.75
0.353893,5514.0
0.350049,5514.25
0.352612,5514.5
0.355174,5514.75
0.352612,5515.0
0.342362,5515.25
0.34108,5515.5
0.338518,5515.75
0.339799,5516.0
0.339799,5516.25
0.342362,5516.5
0.342362,5516.75
0.343643,5517.0
0.342362,5517.25
0.342362,5517.5
0.343643,5517.75
0.343643,5518.0
0.343643,5518.25
0.342362,5518.5
0.34108,5518.75
0.339799,5519.0
0.343643,5519.25
0.414112,5519.5
1.064989,5519.75
0.448775,5520.0
0.482018,5520.25
0.453831,5520.5
0.425643,5520.75
0.423081,5521.0
0.408987,5521.25
0.403862,5521.5
0.396174,5521.75
0.397456,5522.0
0.401299,5522.25
0.411549,5522.5
0.416674,5522.75
0.405143,5523.0
0.402581,5523.25
0.406424,5523.5
0.406424,5523.75
0.401299,5524.0
0.393612,5524.25
0.388487,5524.5
0.388487,5524.75
0.387206,5525.0
0.391049,5525.25
0.393612,5525.5
0.394893,5525.75
0.396174,5526.0
0.394893,5526.25
0.396174,5526.5
0.394893,5526.75
0.394893,5527.0
0.392331,5527.25
0.393612,5527.5
0.394893,5527.75
0.394893,5528.0
0.396174,5528.25
0.396174,5528.5
0.394893,5528.75
0.394893,5529.0
0.396174,5529.25
0.394893,5529.5
0.393612,5529.75
0.392331,5530.0
0.393612,5530.25
0.393612,5530.5
0.389768,5530.75
0.379518,5531.0
0.376956,5531.25
0.380799,5531.5
0.379518,5531.75
0.378237,5532.0
0.382081,5532.25
0.389768,5532.5
0.393612,5532.75
0.394893,5533.0
0.394893,5533.25
0.394893,5533.5
0.396174,5533.75
0.396174,5534.0
0.397456,5534.25
0.400018,5534.5
0.401299,5534.75
0.402581,5535.0
0.402581,5535.25
0.398737,5535.5
0.385924,5535.75
0.379518,5536.0
0.382081,5536.25
0.385924,5536.5
0.389768,5536.75
0.397456,5537.0
0.394893,5537.25
0.398737,5537.5
0.397456,5537.75
0.396174,5538.0
0.394893,5538.25
0.396174,5538.5
0.396174,5538.75
0.396174,5539.0
0.394893,5539.25
0.394893,5539.5
0.393612,5539.75
0.392331,5540.0
0.393612,5540.25
0.394893,5540.5
0.396174,5540.75
0.394893,5541.0
0.396174,5541.25
0.393612,5541.5
0.393612,5541.75
0.393612,5542.0
0.392331,5542.25
0.392331,5542.5
0.392331,5542.75
0.392331,5543.0
0.391049,5543.25
0.389768,5543.5
0.391049,5543.75
0.392331,5544.0
0.391049,5544.25
0.391049,5544.5
0.389768,5544.75
0.389768,5545.0
0.389768,5545.25
0.388487,5545.5
0.388487,5545.75
0.389768,5546.0
0.387206,5546.25
0.389768,5546.5
0.389768,5546.75
0.389768,5547.0
0.389768,5547.25
0.391049,5547.5
0.389768,5547.75
0.389768,5548.0
0.389768,5548.25
0.391049,5548.5
0.392331,5548.75
0.391049,5549.0
0.389768,5549.25
0.391049,5549.5
0.389768,5549.75
0.392331,5550.0
0.392331,5550.25
0.393612,5550.5
0.394893,5550.75
0.393612,5551.0
0.394893,5551.25
0.394893,5551.5
0.392331,5551.75
0.393612,5552.0
0.394893,5552.25
0.392331,5552.5
0.393612,5552.75
0.392331,5553.0
0.392331,5553.25
0.393612,5553.5
0.392331,5553.75
0.392331,5554.0
0.392331,5554.25
0.392331,5554.5
0.392331,5554.75
0.392331,5555.0
0.391049,5555.25
0.391049,5555.5
0.391049,5555.75
0.392331,5556.0
0.392331,5556.25
0.393612,5556.5
0.392331,5556.75
0.392331,5557.0
0.392331,5557.25
0.391049,5557.5
0.392331,5557.75
0.391049,5558.0
0.389768,5558.25
0.389768,5558.5
0.388487,5558.75
0.389768,5559.0
0.388487,5559.25
0.389768,5559.5
0.389768,5559.75
0.387206,5560.0
0.388487,5560.25
0.389768,5560.5
0.387206,5560.75
0.387206,5561.0
0.388487,5561.25
0.387206,5561.5
0.388487,5561.75
0.387206,5562.0
0.388487,5562.25
0.387206,5562.5
0.387206,5562.75
0.388487,5563.0
0.389768,5563.25
0.389768,5563.5
0.388487,5563.75
0.388487,5564.0
0.389768,5564.25
0.389768,5564.5
0.389768,5564.75
0.388487,5565.0
0.389768,5565.25
0.389768,5565.5
0.387206,5565.75
0.387206,5566.0
0.388487,5566.25
0.385924,5566.5
0.387206,5566.75
0.385924,5567.0
0.387206,5567.25
0.387206,5567.5
0.387206,5567.75
0.391049,5568.0
0.397456,5568.25
0.398737,5568.5
0.397456,5568.75
0.396174,5569.0
0.393612,5569.25
0.389768,5569.5
0.388487,5569.75
0.388487,5570.0
0.388487,5570.25
0.391049,5570.5
0.391049,5570.75
0.388487,5571.0
0.388487,5571.25
0.388487,5571.5
0.388487,5571.75
0.388487,5572.0
0.389768,5572.25
0.389768,5572.5
0.391049,5572.75
0.389768,5573.0
0.389768,5573.25
0.391049,5573.5
0.389768,5573.75
0.388487,5574.0
0.389768,5574.25
0.388487,5574.5
0.387206,5574.75
0.387206,5575.0
0.387206,5575.25
0.387206,5575.5
0.385924,5575.75
0.384643,5576.0
0.383362,5576.25
0.384643,5576.5
0.383362,5576.75
0.383362,5577.0
0.383362,5577.25
0.383362,5577.5
0.382081,5577.75
0.383362,5578.0
0.383362,5578.25
0.382081,5578.5
0.382081,5578.75
0.379518,5579.0
0.376956,5579.25
0.380799,5579.5
0.380799,5579.75
0.379518,5580.0
0.379518,5580.25
0.379518,5580.5
0.376956,5580.75
0.380799,5581.0
0.378237,5581.25
0.379518,5581.5
0.380799,5581.75
0.382081,5582.0
0.380799,5582.25
0.380799,5582.5
0.378237,5582.75
0.383362,5583.0
0.394893,5583.25
0.394893,5583.5
0.396174,5583.75
0.397456,5584.0
0.400018,5584.25
0.401299,5584.5
0.403862,5584.75
0.408987,5585.0
0.412831,5585.25
0.414112,5585.5
0.416674,5585.75
0.417956,5586.0
0.419237,5586.25
0.419237,5586.5
0.421799,5586.75
0.426924,5587.0
0.424362,5587.25
0.425643,5587.5
0.425643,5587.75
0.428206,5588.0
0.429487,5588.25
0.432049,5588.5
0.432049,5588.75
0.433331,5589.0
0.433331,5589.25
0.433331,5589.5
0.434612,5589.75
0.433331,5590.0
0.435893,5590.25
0.435893,5590.5
0.434612,5590.75
0.437174,5591.0
0.443581,5591.25
0.444862,5591.5
0.448706,5591.75
0.447425,5592.0
0.443581,5592.25
0.446143,5592.5
0.443581,5592.75
0.443581,5593.0
0.442299,5593.25
0.443581,5593.5
0.444862,5593.75
0.446143,5594.0
0.446143,5594.25
0.443581,5594.5
0.441018,5594.75
0.438456,5595.0
0.437174,5595.25
0.435893,5595.5
0.437174,5595.75
0.439737,5596.0
0.438456,5596.25
0.439737,5596.5
0.439737,5596.75
0.439737,5597.0
0.441018,5597.25
0.442299,5597.5
0.444862,5597.75
0.443581,5598.0
0.442299,5598.25
0.444862,5598.5
0.444862,5598.75
0.443581,5599.0
0.443581,5599.25
0.442299,5599.5
0.441018,5599.75
0.442299,5600.0
0.441018,5600.25
0.439737,5600.5
0.442299,5600.75
0.438456,5601.0
0.434612,5601.25
0.433331,5601.5
0.435893,5601.75
0.444862,5602.0
0.457675,5602.25
0.458956,5602.5
0.456393,5602.75
0.456393,5603.0
0.455112,5603.25
0.456393,5603.5
0.453831,5603.75
0.456393,5604.0
0.455112,5604.25
0.45255,5604.5
0.451268,5604.75
0.45255,5605.0
0.448706,5605.25
0.447425,5605.5
0.447425,5605.75
0.448706,5606.0
0.451268,5606.25
0.448706,5606.5
0.447425,5606.75
0.446143,5607.0
0.446143,5607.25
0.448706,5607.5
0.447425,5607.75
0.446143,5608.0
0.447425,5608.25
0.446143,5608.5
0.446143,5608.75
0.446143,5609.0
0.446143,5609.25
0.444862,5609.5
0.438456,5609.75
0.435893,5610.0
0.435893,5610.25
0.434612,5610.5
0.430768,5610.75
0.439737,5611.0
0.45255,5611.25
0.453831,5611.5
0.453831,5611.75
0.45255,5612.0
0.451268,5612.25
0.451268,5612.5
0.449987,5612.75
0.446143,5613.0
0.442299,5613.25
0.437174,5613.5
0.432049,5613.75
0.430768,5614.0
0.429487,5614.25
0.428206,5614.5
0.429487,5614.75
0.430768,5615.0
0.432049,5615.25
0.434612,5615.5
0.438456,5615.75
0.438456,5616.0
0.438456,5616.25
0.441018,5616.5
0.442299,5616.75
0.443581,5617.0
0.442299,5617.25
0.442299,5617.5
0.439737,5617.75
0.439737,5618.0
0.438456,5618.25
0.432049,5618.5
0.430768,5618.75
0.434612,5619.0
0.428206,5619.25
0.408987,5619.5
0.408987,5619.75
0.408987,5620.0
0.407706,5620.25
0.407706,5620.5
0.407706,5620.75
0.406424,5621.0
0.405143,5621.25
0.403862,5621.5
0.384643,5621.75
0.373112,5622.0
0.369268,5622.25
0.373112,5622.5
0.373112,5622.75
0.373112,5623.0
0.384643,5623.25
0.389768,5623.5
0.387206,5623.75
0.388487,5624.0
0.379518,5624.25
0.389768,5624.5
0.394893,5624.75
0.389768,5625.0
0.388487,5625.25
0.391049,5625.5
0.392331,5625.75
0.393612,5626.0
0.393612,5626.25
0.394893,5626.5
0.393612,5626.75
0.385924,5627.0
0.373112,5627.25
0.391049,5627.5
0.376956,5627.75
0.359018,5628.0
0.380799,5628.25
0.374393,5628.5
0.447425,5628.75
0.439737,5629.0
0.419237,5629.25
0.415393,5629.5
0.408987,5629.75
0.405143,5630.0
0.403862,5630.25
0.402581,5630.5
0.401299,5630.75
0.402581,5631.0
0.398737,5631.25
0.400018,5631.5
0.397456,5631.75
0.396174,5632.0
0.396174,5632.25
0.393612,5632.5
0.393612,5632.75
0.391049,5633.0
0.391049,5633.25
0.391049,5633.5
0.391049,5633.75
0.391049,5634.0
0.396174,5634.25
0.392331,5634.5
0.412831,5634.75
0.428206,5635.0
0.416674,5635.25
0.411549,5635.5
0.408987,5635.75
0.408987,5636.0
0.405143,5636.25
0.403862,5636.5
0.400018,5636.75
0.396174,5637.0
0.421799,5637.25
0.401299,5637.5
0.394893,5637.75
0.405143,5638.0
0.393612,5638.25
0.410268,5638.5
0.396174,5638.75
0.396174,5639.0
0.402581,5639.25
0.402581,5639.5
0.403862,5639.75
0.397456,5640.0
0.393612,5640.25
0.392331,5640.5
0.388487,5640.75
0.388487,5641.0
0.393612,5641.25
0.393612,5641.5
0.388487,5641.75
0.385924,5642.0
0.385924,5642.25
0.385924,5642.5
0.385924,5642.75
0.387206,5643.0
0.387206,5643.25
0.389768,5643.5
0.393612,5643.75
0.394893,5644.0
0.394893,5644.25
0.396174,5644.5
0.396174,5644.75
0.396174,5645.0
0.393612,5645.25
0.394893,5645.5
0.394893,5645.75
0.394893,5646.0
0.394893,5646.25
0.393612,5646.5
0.392331,5646.75
0.389768,5647.0
0.380799,5647.25
0.382081,5647.5
0.384643,5647.75
0.389768,5648.0
0.389768,5648.25
0.383362,5648.5
0.384643,5648.75
0.380799,5649.0
0.379518,5649.25
0.379518,5649.5
0.388487,5649.75
0.396174,5650.0
0.385924,5650.25
0.389768,5650.5
0.382081,5650.75
0.376956,5651.0
0.379518,5651.25
0.378237,5651.5
0.378237,5651.75
0.378237,5652.0
0.378237,5652.25
0.382081,5652.5
0.384643,5652.75
0.382081,5653.0
0.379518,5653.25
0.375674,5653.5
0.379518,5653.75
0.382081,5654.0
0.388487,5654.25
0.389768,5654.5
0.388487,5654.75
0.389768,5655.0
0.388487,5655.25
0.384643,5655.5
0.388487,5655.75
0.379518,5656.0
0.376956,5656.25
0.383362,5656.5
0.384643,5656.75
0.385924,5657.0
0.385924,5657.25
0.384643,5657.5
0.385924,5657.75
0.387206,5658.0
0.385924,5658.25
0.387206,5658.5
0.388487,5658.75
0.388487,5659.0
0.388487,5659.25
0.387206,5659.5
0.387206,5659.75
0.387206,5660.0
0.389768,5660.25
0.392331,5660.5
0.392331,5660.75
0.392331,5661.0
0.392331,5661.25
0.391049,5661.5
0.389768,5661.75
0.389768,5662.0
0.392331,5662.25
0.389768,5662.5
0.389768,5662.75
0.388487,5663.0
0.389768,5663.25
0.389768,5663.5
0.388487,5663.75
0.389768,5664.0
0.389768,5664.25
0.389768,5664.5
0.387206,5664.75
0.389768,5665.0
0.387206,5665.25
0.388487,5665.5
0.387206,5665.75
0.387206,5666.0
0.388487,5666.25
0.387206,5666.5
0.387206,5666.75
0.388487,5667.0
0.389768,5667.25
0.385924,5667.5
0.388487,5667.75
0.388487,5668.0
0.388487,5668.25
0.388487,5668.5
0.385924,5668.75
0.388487,5669.0
0.388487,5669.25
0.388487,5669.5
0.387206,5669.75
0.387206,5670.0
0.387206,5670.25
0.387206,5670.5
0.387206,5670.75
0.387206,5671.0
0.387206,5671.25
0.387206,5671.5
0.387206,5671.75
0.387206,5672.0
0.388487,5672.25
0.388487,5672.5
0.389768,5672.75
0.388487,5673.0
0.388487,5673.25
0.388487,5673.5
0.388487,5673.75
0.388487,5674.0
0.388487,5674.25
0.389768,5674.5
0.387206,5674.75
0.388487,5675.0
0.387206,5675.25
0.388487,5675.5
0.387206,5675.75
0.388487,5676.0
0.388487,5676.25
0.387206,5676.5
0.388487,5676.75
0.385924,5677.0
0.387206,5677.25
0.387206,5677.5
0.387206,5677.75
0.387206,5678.0
0.387206,5678.25
0.387206,5678.5
0.387206,5678.75
0.387206,5679.0
0.387206,5679.25
0.385924,5679.5
0.387206,5679.75
0.387206,5680.0
0.385924,5680.25
0.388487,5680.5
0.387206,5680.75
0.389768,5681.0
0.387206,5681.25
0.388487,5681.5
0.389768,5681.75
0.387206,5682.0
0.387206,5682.25
0.385924,5682.5
0.387206,5682.75
0.385924,5683.0
0.385924,5683.25
0.385924,5683.5
0.384643,5683.75
0.384643,5684.0
0.387206,5684.25
0.385924,5684.5
0.382081,5684.75
0.383362,5685.0
0.387206,5685.25
0.388487,5685.5
0.389768,5685.75
0.392331,5686.0
0.391049,5686.25
0.392331,5686.5
0.393612,5686.75
0.393612,5687.0
0.393612,5687.25
0.394893,5687.5
0.392331,5687.75
0.393612,5688.0
0.393612,5688.25
0.394893,5688.5
0.394893,5688.75
0.392331,5689.0
0.394893,5689.25
0.392331,5689.5
0.393612,5689.75
0.392331,5690.0
0.392331,5690.25
0.392331,5690.5
0.393612,5690.75
0.392331,5691.0
0.392331,5691.25
0.391049,5691.5
0.393612,5691.75
0.391049,5692.0
0.391049,5692.25
0.392331,5692.5
0.392331,5692.75
0.392331,5693.0
0.391049,5693.25
0.391049,5693.5
0.392331,5693.75
0.391049,5694.0
0.391049,5694.25
0.391049,5694.5
0.391049,5694.75
0.389768,5695.0
0.391049,5695.25
0.389768,5695.5
0.389768,5695.75
0.389768,5696.0
0.389768,5696.25
0.389768,5696.5
0.389768,5696.75
0.389768,5697.0
0.391049,5697.25
0.392331,5697.5
0.389768,5697.75
0.391049,5698.0
0.389768,5698.25
0.389768,5698.5
0.388487,5698.75
0.388487,5699.0
0.389768,5699.25
0.388487,5699.5
0.389768,5699.75
0.389768,5700.0
0.389768,5700.25
0.388487,5700.5
0.389768,5700.75
0.388487,5701.0
0.389768,5701.25
0.389768,5701.5
0.389768,5701.75
0.389768,5702.0
0.388487,5702.25
0.389768,5702.5
0.389768,5702.75
0.389768,5703.0
0.389768,5703.25
0.389768,5703.5
0.389768,5703.75
0.388487,5704.0
0.388487,5704.25
0.388487,5704.5
0.389768,5704.75
0.388487,5705.0
0.389768,5705.25
0.389768,5705.5
0.389768,5705.75
0.388487,5706.0
0.389768,5706.25
0.388487,5706.5
0.389768,5706.75
0.388487,5707.0
0.389768,5707.25
0.389768,5707.5
0.388487,5707.75
0.389768,5708.0
0.388487,5708.25
0.388487,5708.5
0.387206,5708.75
0.388487,5709.0
0.387206,5709.25
0.387206,5709.5
0.387206,5709.75
0.388487,5710.0
0.388487,5710.25
0.388487,5710.5
0.389768,5710.75
0.389768,5711.0
0.388487,5711.25
0.387206,5711.5
0.387206,5711.75
0.385924,5712.0
0.387206,5712.25
0.387206,5712.5
0.387206,5712.75
0.387206,5713.0
0.387206,5713.25
0.388487,5713.5
0.388487,5713.75
0.388487,5714.0
0.387206,5714.25
0.387206,5714.5
0.387206,5714.75
0.387206,5715.0
0.387206,5715.25
0.387206,5715.5
0.388487,5715.75
0.387206,5716.0
0.388487,5716.25
0.387206,5716.5
0.385924,5716.75
0.384643,5717.0
0.385924,5717.25
0.385924,5717.5
0.385924,5717.75
0.385924,5718.0
0.387206,5718.25
0.385924,5718.5
0.385924,5718.75
0.387206,5719.0
0.387206,5719.25
0.387206,5719.5
0.385924,5719.75
0.385924,5720.0
0.385924,5720.25
0.384643,5720.5
0.385924,5720.75
0.385924,5721.0
0.385924,5721.25
0.385924,5721.5
0.384643,5721.75
0.385924,5722.0
0.385924,5722.25
0.384643,5722.5
0.385924,5722.75
0.384643,5723.0
0.385924,5723.25
0.384643,5723.5
0.384643,5723.75
0.385924,5724.0
0.384643,5724.25
0.387206,5724.5
0.387206,5724.75
0.384643,5725.0
0.384643,5725.25
0.384643,5725.5
0.384643,5725.75
0.385924,5726.0
0.384643,5726.25
0.384643,5726.5
0.384643,5726.75
0.384643,5727.0
0.385924,5727.25
0.385924,5727.5
0.384643,5727.75
0.384643,5728.0
0.385924,5728.25
0.384643,5728.5
0.384643,5728.75
0.384643,5729.0
0.384643,5729.25
0.385924,5729.5
0.384643,5729.75
0.385924,5730.0
0.385924,5730.25
0.385924,5730.5
0.384643,5730.75
0.387206,5731.0
0.387206,5731.25
0.387206,5731.5
0.387206,5731.75
0.387206,5732.0
0.387206,5732.25
0.387206,5732.5
0.389768,5732.75
0.387206,5733.0
0.387206,5733.25
0.387206,5733.5
0.388487,5733.75
0.387206,5734.0
0.385924,5734.25
0.387206,5734.5
0.387206,5734.75
0.388487,5735.0
0.387206,5735.25
0.388487,5735.5
0.387206,5735.75
0.388487,5736.0
0.387206,5736.25
0.387206,5736.5
0.388487,5736.75
0.388487,5737.0
0.387206,5737.25
0.388487,5737.5
0.388487,5737.75
0.387206,5738.0
0.388487,5738.25
0.388487,5738.5
0.387206,5738.75
0.387206,5739.0
0.388487,5739.25
0.387206,5739.5
0.387206,5739.75
0.387206,5740.0
0.385924,5740.25
0.387206,5740.5
0.385924,5740.75
0.385924,5741.0
0.385924,5741.25
0.387206,5741.5
0.385924,5741.75
0.387206,5742.0
0.385924,5742.25
0.388487,5742.5
0.387206,5742.75
0.387206,5743.0
0.388487,5743.25
0.385924,5743.5
0.387206,5743.75
0.388487,5744.0
0.379518,5744.25
0.374393,5744.5
0.374393,5744.75
0.373112,5745.0
0.370549,5745.25
0.366706,5745.5
0.364143,5745.75
0.364143,5746.0
0.364143,5746.25
0.362862,5746.5
0.364143,5746.75
0.364143,5747.0
0.362862,5747.25
0.362862,5747.5
0.36158,5747.75
0.362862,5748.0
0.360299,5748.25
0.360299,5748.5
0.362862,5748.75
0.360299,5749.0
0.36158,5749.25
0.364143,5749.5
0.364143,5749.75
0.364143,5750.0
0.362862,5750.25
0.362862,5750.5
0.36158,5750.75
0.36158,5751.0
0.36158,5751.25
0.36158,5751.5
0.36158,5751.75
0.362862,5752.0
0.36158,5752.25
0.362862,5752.5
0.36158,5752.75
0.36158,5753.0
0.364143,5753.25
0.369268,5753.5
0.366706,5753.75
0.366706,5754.0
0.365424,5754.25
0.364143,5754.5
0.365424,5754.75
0.364143,5755.0
0.374393,5755.25
0.375674,5755.5
0.371831,5755.75
0.369268,5756.0
0.369268,5756.25
0.366706,5756.5
0.369268,5756.75
0.369268,5757.0
0.366706,5757.25
0.366706,5757.5
0.366706,5757.75
0.366706,5758.0
0.369268,5758.25
0.369268,5758.5
0.367987,5758.75
0.367987,5759.0
0.367987,5759.25
0.367987,5759.5
0.367987,5759.75
0.369268,5760.0
0.367987,5760.25
0.366706,5760.5
0.366706,5760.75
0.366706,5761.0
0.369268,5761.25
0.367987,5761.5
0.365424,5761.75
0.355174,5762.0
0.346205,5762.25
0.359018,5762.5
0.379518,5762.75
0.371831,5763.0
0.353893,5763.25
0.347487,5763.5
0.344924,5763.75
0.353893,5764.0
0.36158,5764.25
0.359018,5764.5
0.362862,5764.75
0.364143,5765.0
0.365424,5765.25
0.369268,5765.5
0.369268,5765.75
0.370549,5766.0
0.370549,5766.25
0.370549,5766.5
0.371831,5766.75
0.371831,5767.0
0.370549,5767.25
0.371831,5767.5
0.373112,5767.75
0.370549,5768.0
0.370549,5768.25
0.371831,5768.5
0.373112,5768.75
0.371831,5769.0
0.373112,5769.25
0.371831,5769.5
0.371831,5769.75
0.373112,5770.0
0.374393,5770.25
0.374393,5770.5
0.374393,5770.75
0.370549,5771.0
0.373112,5771.25
0.374393,5771.5
0.374393,5771.75
0.371831,5772.0
0.373112,5772.25
0.370549,5772.5
0.370549,5772.75
0.370549,5773.0
0.370549,5773.25
0.373112,5773.5
0.371831,5773.75
0.370549,5774.0
0.373112,5774.25
0.370549,5774.5
0.370549,5774.75
0.371831,5775.0
0.370549,5775.25
0.369268,5775.5
0.370549,5775.75
0.370549,5776.0
0.371831,5776.25
0.371831,5776.5
0.373112,5776.75
0.371831,5777.0
0.371831,5777.25
0.371831,5777.5
0.371831,5777.75
0.371831,5778.0
0.365424,5778.25
0.356455,5778.5
0.352612,5778.75
0.352612,5779.0
0.352612,5779.25
0.355174,5779.5
0.353893,5779.75
0.34108,5780.0
0.348768,5780.25
0.380799,5780.5
0.378237,5780.75
0.364143,5781.0
0.355174,5781.25
0.373112,5781.5
0.394893,5781.75
0.366706,5782.0
0.366706,5782.25
0.364143,5782.5
0.364143,5782.75
0.365424,5783.0
0.359018,5783.25
0.353893,5783.5
0.350049,5783.75
0.350049,5784.0
0.350049,5784.25
0.348768,5784.5
0.352612,5784.75
0.353893,5785.0
0.355174,5785.25
0.35133,5785.5
0.347487,5785.75
0.342362,5786.0
0.346205,5786.25
0.348768,5786.5
0.352612,5786.75
0.356455,5787.0
0.360299,5787.25
0.36158,5787.5
0.364143,5787.75
0.362862,5788.0
0.362862,5788.25
0.365424,5788.5
0.367987,5788.75
0.365424,5789.0
0.369268,5789.25
0.367987,5789.5
0.366706,5789.75
0.369268,5790.0
0.367987,5790.25
0.366706,5790.5
0.369268,5790.75
0.369268,5791.0
0.369268,5791.25
0.369268,5791.5
0.366706,5791.75
0.365424,5792.0
0.360299,5792.25
0.353893,5792.5
0.348768,5792.75
0.347487,5793.0
0.346205,5793.25
0.355174,5793.5
0.360299,5793.75
0.36158,5794.0
0.359018,5794.25
0.355174,5794.5
0.355174,5794.75
0.352612,5795.0
0.353893,5795.25
0.353893,5795.5
0.355174,5795.75
0.355174,5796.0
0.353893,5796.25
0.35133,5796.5
0.352612,5796.75
0.355174,5797.0
0.359018,5797.25
0.36158,5797.5
0.362862,5797.75
0.364143,5798.0
0.365424,5798.25
0.365424,5798.5
0.366706,5798.75
0.35133,5799.0
0.35133,5799.25
0.350049,5799.5
0.348768,5799.75
0.355174,5800.0
0.346205,5800.25
0.355174,5800.5
0.357737,5800.75
0.359018,5801.0
0.362862,5801.25
0.366706,5801.5
0.366706,5801.75
0.366706,5802.0
0.366706,5802.25
0.366706,5802.5
0.364143,5802.75
0.360299,5803.0
0.356455,5803.25
0.356455,5803.5
0.364143,5803.75
0.49355,5804.0
0.45255,5804.25
0.426924,5804.5
0.412831,5804.75
0.411549,5805.0
0.411549,5805.25
0.410268,5805.5
0.410268,5805.75
0.411549,5806.0
0.412831,5806.25
0.416674,5806.5
0.414112,5806.75
0.414112,5807.0
0.415393,5807.25
0.415393,5807.5
0.412831,5807.75
0.416674,5808.0
0.412831,5808.25
0.412831,5808.5
0.411549,5808.75
0.412831,5809.0
0.415393,5809.25
0.412831,5809.5
0.414112,5809.75
0.415393,5810.0
0.414112,5810.25
0.414112,5810.5
0.414112,5810.75
0.412831,5811.0
0.416674,5811.25
0.412831,5811.5
0.414112,5811.75
0.415393,5812.0
0.415393,5812.25
0.415393,5812.5
0.416674,5812.75
0.414112,5813.0
0.412831,5813.25
0.412831,5813.5
0.415393,5813.75
0.414112,5814.0
0.412831,5814.25
0.411549,5814.5
0.412831,5814.75
0.411549,5815.0
0.411549,5815.25
0.414112,5815.5
0.412831,5815.75
0.411549,5816.0
0.411549,5816.25
0.410268,5816.5
0.411549,5816.75
0.410268,5817.0
0.411549,5817.25
0.412831,5817.5
0.412831,5817.75
0.412831,5818.0
0.412831,5818.25
0.411549,5818.5
0.411549,5818.75
0.411549,5819.0
0.411549,5819.25
0.412831,5819.5
0.411549,5819.75
0.412831,5820.0
0.412831,5820.25
0.411549,5820.5
0.411549,5820.75
0.412831,5821.0
0.412831,5821.25
0.411549,5821.5
0.412831,5821.75
0.412831,5822.0
0.412831,5822.25
0.414112,5822.5
0.414112,5822.75
0.412831,5823.0
0.411549,5823.25
0.414112,5823.5
0.412831,5823.75
0.412831,5824.0
0.412831,5824.25
0.412831,5824.5
0.412831,5824.75
0.412831,5825.0
0.411549,5825.25
0.412831,5825.5
0.412831,5825.75
0.411549,5826.0
0.411549,5826.25
0.412831,5826.5
0.412831,5826.75
0.411549,5827.0
0.411549,5827.25
0.412831,5827.5
0.411549,5827.75
0.410268,5828.0
0.411549,5828.25
0.411549,5828.5
0.411549,5828.75
0.412831,5829.0
0.412831,5829.25
0.410268,5829.5
0.410268,5829.75
0.411549,5830.0
0.410268,5830.25
0.411549,5830.5
0.410268,5830.75
0.410268,5831.0
0.411549,5831.25
0.410268,5831.5
0.411549,5831.75
0.406424,5832.0
0.403862,5832.25
0.407706,5832.5
0.407706,5832.75
0.405143,5833.0
0.403862,5833.25
0.403862,5833.5
0.387206,5833.75
0.393612,5834.0
0.396174,5834.25
0.397456,5834.5
0.401299,5834.75
0.400018,5835.0
0.401299,5835.25
0.401299,5835.5
0.401299,5835.75
0.400018,5836.0
0.400018,5836.25
0.401299,5836.5
0.402581,5836.75
0.402581,5837.0
0.402581,5837.25
0.402581,5837.5
0.403862,5837.75
0.401299,5838.0
0.402581,5838.25
0.401299,5838.5
0.401299,5838.75
0.400018,5839.0
0.400018,5839.25
0.402581,5839.5
0.401299,5839.75
0.403862,5840.0
0.401299,5840.25
0.400018,5840.5
0.400018,5840.75
0.401299,5841.0
0.401299,5841.25
0.398737,5841.5
0.400018,5841.75
0.400018,5842.0
0.401299,5842.25
0.400018,5842.5
0.402581,5842.75
0.400018,5843.0
0.398737,5843.25
0.398737,5843.5
0.401299,5843.75
0.401299,5844.0
0.401299,5844.25
0.401299,5844.5
0.400018,5844.75
0.401299,5845.0
0.401299,5845.25
0.402581,5845.5
0.402581,5845.75
0.402581,5846.0
0.402581,5846.25
0.402581,5846.5
0.401299,5846.75
0.402581,5847.0
0.401299,5847.25
0.401299,5847.5
0.403862,5847.75
0.400018,5848.0
0.402581,5848.25
0.401299,5848.5
0.401299,5848.75
0.401299,5849.0
0.402581,5849.25
0.401299,5849.5
0.401299,5849.75
0.402581,5850.0
0.401299,5850.25
0.401299,5850.5
0.401299,5850.75
0.401299,5851.0
0.402581,5851.25
0.401299,5851.5
0.400018,5851.75
0.401299,5852.0
0.401299,5852.25
0.401299,5852.5
0.400018,5852.75
0.398737,5853.0
0.401299,5853.25
0.402581,5853.5
0.401299,5853.75
0.402581,5854.0
0.402581,5854.25
0.401299,5854.5
0.402581,5854.75
0.402581,5855.0
0.401299,5855.25
0.402581,5855.5
0.402581,5855.75
0.402581,5856.0
0.401299,5856.25
0.401299,5856.5
0.402581,5856.75
0.402581,5857.0
0.401299,5857.25
0.401299,5857.5
0.400018,5857.75
0.401299,5858.0
0.401299,5858.25
0.401299,5858.5
0.402581,5858.75
0.401299,5859.0
0.401299,5859.25
0.402581,5859.5
0.402581,5859.75
0.401299,5860.0
0.401299,5860.25
0.401299,5860.5
0.401299,5860.75
0.402581,5861.0
0.401299,5861.25
0.402581,5861.5
0.401299,5861.75
0.401299,5862.0
0.402581,5862.25
0.401299,5862.5
0.401299,5862.75
0.402581,5863.0
0.400018,5863.25
0.400018,5863.5
0.400018,5863.75
0.400018,5864.0
0.401299,5864.25
0.400018,5864.5
0.401299,5864.75
0.401299,5865.0
0.401299,5865.25
0.401299,5865.5
0.402581,5865.75
0.401299,5866.0
0.401299,5866.25
0.400018,5866.5
0.400018,5866.75
0.401299,5867.0
0.401299,5867.25
0.401299,5867.5
0.402581,5867.75
0.401299,5868.0
0.401299,5868.25
0.401299,5868.5
0.401299,5868.75
0.401299,5869.0
0.401299,5869.25
0.401299,5869.5
0.402581,5869.75
0.401299,5870.0
0.401299,5870.25
0.402581,5870.5
0.402581,5870.75
0.401299,5871.0
0.402581,5871.25
0.402581,5871.5
0.401299,5871.75
0.401299,5872.0
0.401299,5872.25
0.402581,5872.5
0.401299,5872.75
0.401299,5873.0
0.401299,5873.25
0.400018,5873.5
0.400018,5873.75
0.400018,5874.0
0.400018,5874.25
0.400018,5874.5
0.401299,5874.75
0.401299,5875.0
0.402581,5875.25
0.401299,5875.5
0.402581,5875.75
0.401299,5876.0
0.400018,5876.25
0.401299,5876.5
0.401299,5876.75
0.401299,5877.0
0.401299,5877.25
0.401299,5877.5
0.401299,5877.75
0.402581,5878.0
0.400018,5878.25
0.402581,5878.5
0.402581,5878.75
0.402581,5879.0
0.401299,5879.25
0.401299,5879.5
0.400018,5879.75
0.401299,5880.0
0.401299,5880.25
0.400018,5880.5
0.402581,5880.75
0.401299,5881.0
0.401299,5881.25
0.402581,5881.5
0.401299,5881.75
0.402581,5882.0
0.401299,5882.25
0.402581,5882.5
0.401299,5882.75
0.402581,5883.0
0.401299,5883.25
0.402581,5883.5
0.402581,5883.75
0.401299,5884.0
0.402581,5884.25
0.402581,5884.5
0.402581,5884.75
0.403862,5885.0
0.401299,5885.25
0.402581,5885.5
0.401299,5885.75
0.401299,5886.0
0.402581,5886.25
0.401299,5886.5
0.401299,5886.75
0.401299,5887.0
0.403862,5887.25
0.401299,5887.5
0.402581,5887.75
0.401299,5888.0
0.401299,5888.25
0.401299,5888.5
0.402581,5888.75
0.401299,5889.0
0.401299,5889.25
0.401299,5889.5
0.402581,5889.75
0.401299,5890.0
0.400018,5890.25
0.402581,5890.5
0.402581,5890.75
0.401299,5891.0
0.400018,5891.25
0.400018,5891.5
0.401299,5891.75
0.401299,5892.0
0.402581,5892.25
0.403862,5892.5
0.401299,5892.75
0.401299,5893.0
0.402581,5893.25
0.402581,5893.5
0.401299,5893.75
0.401299,5894.0
0.401299,5894.25
0.403862,5894.5
0.401299,5894.75
0.401299,5895.0
0.402581,5895.25
0.402581,5895.5
0.400018,5895.75
0.402581,5896.0
0.402581,5896.25
0.401299,5896.5
0.401299,5896.75
0.401299,5897.0
0.402581,5897.25
0.401299,5897.5
0.402581,5897.75
0.402581,5898.0
0.401299,5898.25
0.401299,5898.5
0.402581,5898.75
0.401299,5899.0
0.401299,5899.25
0.401299,5899.5
0.400018,5899.75
0.402581,5900.0
0.401299,5900.25
0.402581,5900.5
0.402581,5900.75
0.401299,5901.0
0.400018,5901.25
0.400018,5901.5
0.400018,5901.75
0.400018,5902.0
0.401299,5902.25
0.401299,5902.5
0.401299,5902.75
0.401299,5903.0
0.401299,5903.25
0.401299,5903.5
0.402581,5903.75
0.400018,5904.0
0.402581,5904.25
0.400018,5904.5
0.400018,5904.75
0.401299,5905.0
0.401299,5905.25
0.402581,5905.5
0.402581,5905.75
0.401299,5906.0
0.401299,5906.25
0.402581,5906.5
0.402581,5906.75
0.402581,5907.0
0.402581,5907.25
0.401299,5907.5
0.401299,5907.75
0.401299,5908.0
0.402581,5908.25
0.401299,5908.5
0.402581,5908.75
0.403862,5909.0
0.400018,5909.25
0.400018,5909.5
0.400018,5909.75
0.400018,5910.0
0.400018,5910.25
0.401299,5910.5
0.401299,5910.75
0.401299,5911.0
0.402581,5911.25
0.401299,5911.5
0.400018,5911.75
0.401299,5912.0
0.401299,5912.25
0.394893,5912.5
0.389768,5912.75
0.383362,5913.0
0.376956,5913.25
0.376956,5913.5
0.375674,5913.75
0.373112,5914.0
0.374393,5914.25
0.370549,5914.5
0.371831,5914.75
0.371831,5915.0
0.369268,5915.25
0.367987,5915.5
0.369268,5915.75
0.367987,5916.0
0.369268,5916.25
0.369268,5916.5
0.366706,5916.75
0.367987,5917.0
0.367987,5917.25
0.366706,5917.5
0.367987,5917.75
0.367987,5918.0
0.366706,5918.25
0.366706,5918.5
0.366706,5918.75
0.365424,5919.0
0.365424,5919.25
0.364143,5919.5
0.365424,5919.75
0.365424,5920.0
0.365424,5920.25
0.364143,5920.5
0.364143,5920.75
0.364143,5921.0
0.364143,5921.25
0.362862,5921.5
0.362862,5921.75
0.36158,5922.0
0.362862,5922.25
0.364143,5922.5
0.364143,5922.75
0.362862,5923.0
0.362862,5923.25
0.362862,5923.5
0.362862,5923.75
0.362862,5924.0
0.36158,5924.25
0.362862,5924.5
0.362862,5924.75
0.362862,5925.0
0.364143,5925.25
0.362862,5925.5
0.360299,5925.75
0.36158,5926.0
0.36158,5926.25
0.360299,5926.5
0.360299,5926.75
0.36158,5927.0
0.359018,5927.25
0.360299,5927.5
0.359018,5927.75
0.360299,5928.0
0.359018,5928.25
0.36158,5928.5
0.36158,5928.75
0.359018,5929.0
0.359018,5929.25
0.360299,5929.5
0.36158,5929.75
0.360299,5930.0
0.360299,5930.25
0.360299,5930.5
0.36158,5930.75
0.359018,5931.0
0.359018,5931.25
0.359018,5931.5
0.359018,5931.75
0.359018,5932.0
0.360299,5932.25
0.360299,5932.5
0.360299,5932.75
0.357737,5933.0
0.359018,5933.25
0.360299,5933.5
0.359018,5933.75
0.357737,5934.0
0.359018,5934.25
0.357737,5934.5
0.357737,5934.75
0.359018,5935.0
0.360299,5935.25
0.357737,5935.5
0.359018,5935.75
0.359018,5936.0
0.359018,5936.25
0.359018,5936.5
0.36158,5936.75
0.357737,5937.0
0.357737,5937.25
0.357737,5937.5
0.357737,5937.75
0.357737,5938.0
0.356455,5938.25
0.356455,5938.5
0.359018,5938.75
0.359018,5939.0
0.357737,5939.25
0.356455,5939.5
0.356455,5939.75
0.357737,5940.0
0.357737,5940.25
0.357737,5940.5
0.359018,5940.75
0.357737,5941.0
0.359018,5941.25
0.359018,5941.5
0.359018,5941.75
0.359018,5942.0
0.359018,5942.25
0.359018,5942.5
0.360299,5942.75
0.356455,5943.0
0.359018,5943.25
0.357737,5943.5
0.356455,5943.75
0.359018,5944.0
0.356455,5944.25
0.357737,5944.5
0.357737,5944.75
0.359018,5945.0
0.356455,5945.25
0.357737,5945.5
0.359018,5945.75
0.359018,5946.0
0.357737,5946.25
0.356455,5946.5
0.356455,5946.75
0.357737,5947.0
0.356455,5947.25
0.356455,5947.5
0.356455,5947.75
0.355174,5948.0
0.356455,5948.25
0.356455,5948.5
0.356455,5948.75
0.356455,5949.0
0.355174,5949.25
0.356455,5949.5
0.355174,5949.75
0.356455,5950.0
0.353893,5950.25
0.353893,5950.5
0.355174,5950.75
0.355174,5951.0
0.353893,5951.25
0.353893,5951.5
0.355174,5951.75
0.355174,5952.0
0.355174,5952.25
0.353893,5952.5
0.355174,5952.75
0.355174,5953.0
0.356455,5953.25
0.353893,5953.5
0.353893,5953.75
0.353893,5954.0
0.353893,5954.25
0.353893,5954.5
0.35133,5954.75
0.352612,5955.0
0.353893,5955.25
0.355174,5955.5
0.355174,5955.75
0.353893,5956.0
0.352612,5956.25
0.353893,5956.5
0.352612,5956.75
0.352612,5957.0
0.353893,5957.25
0.353893,5957.5
0.353893,5957.75
0.352612,5958.0
0.353893,5958.25
0.353893,5958.5
0.352612,5958.75
0.352612,5959.0
0.35133,5959.25
0.352612,5959.5
0.353893,5959.75
0.352612,5960.0
0.353893,5960.25
0.352612,5960.5
0.352612,5960.75
0.35133,5961.0
0.352612,5961.25
0.352612,5961.5
0.352612,5961.75
0.35133,5962.0
0.35133,5962.25
0.350049,5962.5
0.350049,5962.75
0.35133,5963.0
0.352612,5963.25
0.352612,5963.5
0.35133,5963.75
0.352612,5964.0
0.35133,5964.25
0.352612,5964.5
0.35133,5964.75
0.352612,5965.0
0.35133,5965.25
0.352612,5965.5
0.352612,5965.75
0.352612,5966.0
0.352612,5966.25
0.353893,5966.5
0.352612,5966.75
0.35133,5967.0
0.35133,5967.25
0.35133,5967.5
0.352612,5967.75
0.35133,5968.0
0.35133,5968.25
0.350049,5968.5
0.352612,5968.75
0.35133,5969.0
0.352612,5969.25
0.35133,5969.5
0.352612,5969.75
0.348768,5970.0
0.352612,5970.25
0.348768,5970.5
0.350049,5970.75
0.348768,5971.0
0.348768,5971.25
0.352612,5971.5
0.350049,5971.75
0.352612,5972.0
0.35133,5972.25
0.350049,5972.5
0.348768,5972.75
0.35133,5973.0
0.348768,5973.25
0.350049,5973.5
0.350049,5973.75
0.350049,5974.0
0.35133,5974.25
0.348768,5974.5
0.352612,5974.75
0.35133,5975.0
0.348768,5975.25
0.348768,5975.5
0.350049,5975.75
0.348768,5976.0
0.350049,5976.25
0.350049,5976.5
0.350049,5976.75
0.348768,5977.0
0.350049,5977.25
0.350049,5977.5
0.350049,5977.75
0.35133,5978.0
0.347487,5978.25
0.348768,5978.5
0.348768,5978.75
0.347487,5979.0
0.348768,5979.25
0.348768,5979.5
0.348768,5979.75
0.348768,5980.0
0.350049,5980.25
0.350049,5980.5
0.348768,5980.75
0.347487,5981.0
0.350049,5981.25
0.348768,5981.5
0.348768,5981.75
0.348768,5982.0
0.348768,5982.25
0.350049,5982.5
0.347487,5982.75
0.348768,5983.0
0.350049,5983.25
0.348768,5983.5
0.348768,5983.75
0.348768,5984.0
0.348768,5984.25
0.348768,5984.5
0.348768,5984.75
0.348768,5985.0
0.348768,5985.25
0.347487,5985.5
0.348768,5985.75
0.348768,5986.0
0.347487,5986.25
0.347487,5986.5
0.348768,5986.75
0.347487,5987.0
0.348768,5987.25
0.347487,5987.5
0.348768,5987.75
0.348768,5988.0
0.348768,5988.25
0.347487,5988.5
0.347487,5988.75
0.346205,5989.0
0.347487,5989.25
0.347487,5989.5
0.347487,5989.75
0.347487,5990.0
0.347487,5990.25
0.347487,5990.5
0.347487,5990.75
0.346205,5991.0
0.347487,5991.25
0.346205,5991.5
0.347487,5991.75
0.347487,5992.0
0.347487,5992.25
0.347487,5992.5
0.347487,5992.75
0.346205,5993.0
0.347487,5993.25
0.347487,5993.5
0.346205,5993.75
0.348768,5994.0
0.346205,5994.25
0.347487,5994.5
0.347487,5994.75
0.346205,5995.0
0.346205,5995.25
0.346205,5995.5
0.346205,5995.75
0.346205,5996.0
0.344924,5996.25
0.344924,5996.5
0.346205,5996.75
0.346205,5997.0
0.344924,5997.25
0.346205,5997.5
0.344924,5997.75
0.346205,5998.0
0.346205,5998.25
0.343643,5998.5
0.346205,5998.75
0.346205,5999.0
0.346205,5999.25
0.346205,5999.5
0.344924,5999.75
0.344924,6000.0
0.344924,6000.25
0.346205,6000.5
0.346205,6000.75
0.344924,6001.0
0.346205,6001.25
0.346205,6001.5
0.344924,6001.75
0.344924,6002.0
0.344924,6002.25
0.346205,6002.5
0.346205,6002.75
0.344924,6003.0
0.343643,6003.25
0.344924,6003.5
0.343643,6003.75
0.344924,6004.0
0.346205,6004.25
0.344924,6004.5
0.344924,6004.75
0.344924,6005.0
0.344924,6005.25
0.343643,6005.5
0.343643,6005.75
0.343643,6006.0
0.343643,6006.25
0.344924,6006.5
0.343643,6006.75
0.344924,6007.0
0.346205,6007.25
0.343643,6007.5
0.344924,6007.75
0.344924,6008.0
0.343643,6008.25
0.343643,6008.5
0.343643,6008.75
0.342362,6009.0
0.342362,6009.25
0.343643,6009.5
0.343643,6009.75
0.343643,6010.0
0.343643,6010.25
0.344924,6010.5
0.343643,6010.75
0.344924,6011.0
0.342362,6011.25
0.344924,6011.5
0.342362,6011.75
0.34108,6012.0
0.342362,6012.25
0.34108,6012.5
0.343643,6012.75
0.343643,6013.0
0.343643,6013.25
0.343643,6013.5
0.342362,6013.75
0.343643,6014.0
0.343643,6014.25
0.343643,6014.5
0.343643,6014.75
0.342362,6015.0
0.342362,6015.25
0.343643,6015.5
0.342362,6015.75
0.343643,6016.0
0.342362,6016.25
0.342362,6016.5
0.342362,6016.75
0.343643,6017.0
0.343643,6017.25
0.343643,6017.5
0.343643,6017.75
0.342362,6018.0
0.343643,6018.25
0.343643,6018.5
0.342362,6018.75
0.343643,6019.0
0.342362,6019.25
0.34108,6019.5
0.34108,6019.75
0.342362,6020.0
0.342362,6020.25
0.343643,6020.5
0.342362,6020.75
0.342362,6021.0
0.34108,6021.25
0.339799,6021.5
0.342362,6021.75
0.342362,6022.0
0.343643,6022.25
0.343643,6022.5
0.342362,6022.75
0.343643,6023.0
0.343643,6023.25
0.343643,6023.5
0.343643,6023.75
0.34108,6024.0
0.342362,6024.25
0.343643,6024.5
0.34108,6024.75
0.343643,6025.0
0.343643,6025.25
0.342362,6025.5
0.342362,6025.75
0.342362,6026.0
0.342362,6026.25
0.342362,6026.5
0.34108,6026.75
0.342362,6027.0
0.343643,6027.25
0.344924,6027.5
0.34108,6027.75
0.343643,6028.0
0.342362,6028.25
0.34108,6028.5
0.34108,6028.75
0.34108,6029.0
0.342362,6029.25
0.339799,6029.5
0.34108,6029.75
0.342362,6030.0
0.342362,6030.25
0.342362,6030.5
0.342362,6030.75
0.342362,6031.0
0.34108,6031.25
0.34108,6031.5
0.342362,6031.75
0.342362,6032.0
0.34108,6032.25
0.34108,6032.5
0.342362,6032.75
0.339799,6033.0
0.342362,6033.25
0.342362,6033.5
0.34108,6033.75
0.34108,6034.0
0.339799,6034.25
0.34108,6034.5
0.342362,6034.75
0.342362,6035.0
0.34108,6035.25
0.342362,6035.5
0.342362,6035.75
0.339799,6036.0
0.34108,6036.25
0.34108,6036.5
0.339799,6036.75
0.339799,6037.0
0.34108,6037.25
0.34108,6037.5
0.34108,6037.75
0.342362,6038.0
0.342362,6038.25
0.34108,6038.5
0.34108,6038.75
0.342362,6039.0
0.34108,6039.25
0.339799,6039.5
0.34108,6039.75
0.34108,6040.0
0.34108,6040.25
0.339799,6040.5
0.343643,6040.75
0.34108,6041.0
0.34108,6041.25
0.339799,6041.5
0.34108,6041.75
0.339799,6042.0
0.339799,6042.25
0.34108,6042.5
0.339799,6042.75
0.339799,6043.0
0.342362,6043.25
0.342362,6043.5
0.339799,6043.75
0.34108,6044.0
0.339799,6044.25
0.34108,6044.5
0.339799,6044.75
0.338518,6045.0
0.339799,6045.25
0.339799,6045.5
0.34108,6045.75
0.34108,6046.0
0.34108,6046.25
0.339799,6046.5
0.339799,6046.75
0.339799,6047.0
0.34108,6047.25
0.339799,6047.5
0.338518,6047.75
0.338518,6048.0
0.34108,6048.25
0.339799,6048.5
0.34108,6048.75
0.34108,6049.0
0.34108,6049.25
0.34108,6049.5
0.339799,6049.75
0.342362,6050.0
0.34108,6050.25
0.339799,6050.5
0.338518,6050.75
0.338518,6051.0
0.34108,6051.25
0.339799,6051.5
0.34108,6051.75
0.339799,6052.0
0.339799,6052.25
0.338518,6052.5
0.339799,6052.75
0.34108,6053.0
0.339799,6053.25
0.34108,6053.5
0.342362,6053.75
0.34108,6054.0
0.339799,6054.25
0.339799,6054.5
0.338518,6054.75
0.339799,6055.0
0.339799,6055.25
0.34108,6055.5
0.34108,6055.75
0.34108,6056.0
0.34108,6056.25
0.34108,6056.5
0.342362,6056.75
0.34108,6057.0
0.339799,6057.25
0.34108,6057.5
0.339799,6057.75
0.342362,6058.0
0.34108,6058.25
0.339799,6058.5
0.338518,6058.75
0.34108,6059.0
0.339799,6059.25
0.34108,6059.5
0.338518,6059.75
0.339799,6060.0
0.34108,6060.25
0.339799,6060.5
0.339799,6060.75
0.34108,6061.0
0.339799,6061.25
0.34108,6061.5
0.34108,6061.75
0.339799,6062.0
0.34108,6062.25
0.339799,6062.5
0.34108,6062.75
0.34108,6063.0
0.339799,6063.25
0.339799,6063.5
0.34108,6063.75
0.339799,6064.0
0.338518,6064.25
0.34108,6064.5
0.338518,6064.75
0.339799,6065.0
0.339799,6065.25
0.342362,6065.5
0.34108,6065.75
0.338518,6066.0
0.339799,6066.25
0.339799,6066.5
0.338518,6066.75
0.34108,6067.0
0.339799,6067.25
0.339799,6067.5
0.342362,6067.75
0.34108,6068.0
0.342362,6068.25
0.34108,6068.5
0.34108,6068.75
0.34108,6069.0
0.34108,6069.25
0.339799,6069.5
0.339799,6069.75
0.339799,6070.0
0.339799,6070.25
0.339799,6070.5
0.339799,6070.75
0.339799,6071.0
0.339799,6071.25
0.339799,6071.5
0.339799,6071.75
0.339799,6072.0
0.338518,6072.25
0.339799,6072.5
0.34108,6072.75
0.339799,6073.0
0.339799,6073.25
0.339799,6073.5
0.342362,6073.75
0.34108,6074.0
0.339799,6074.25
0.339799,6074.5
0.339799,6074.75
0.339799,6075.0
0.339799,6075.25
0.34108,6075.5
0.34108,6075.75
0.339799,6076.0
0.338518,6076.25
0.339799,6076.5
0.339799,6076.75
0.34108,6077.0
0.339799,6077.25
0.338518,6077.5
0.339799,6077.75
0.339799,6078.0
0.339799,6078.25
0.339799,6078.5
0.339799,6078.75
0.338518,6079.0
0.339799,6079.25
0.338518,6079.5
0.337237,6079.75
0.338518,6080.0
0.338518,6080.25
0.339799,6080.5
0.338518,6080.75
0.339799,6081.0
0.338518,6081.25
0.338518,6081.5
0.338518,6081.75
0.339799,6082.0
0.337237,6082.25
0.338518,6082.5
0.338518,6082.75
0.338518,6083.0
0.338518,6083.25
0.338518,6083.5
0.337237,6083.75
0.338518,6084.0
0.338518,6084.25
0.337237,6084.5
0.338518,6084.75
0.335955,6085.0
0.337237,6085.25
0.337237,6085.5
0.335955,6085.75
0.337237,6086.0
0.337237,6086.25
0.338518,6086.5
0.337237,6086.75
0.335955,6087.0
0.335955,6087.25
0.337237,6087.5
0.337237,6087.75
0.337237,6088.0
0.338518,6088.25
0.339799,6088.5
0.338518,6088.75
0.337237,6089.0
0.338518,6089.25
0.337237,6089.5
0.338518,6089.75
0.337237,6090.0
0.338518,6090.25
0.339799,6090.5
0.338518,6090.75
0.338518,6091.0
0.337237,6091.25
0.337237,6091.5
0.338518,6091.75
0.337237,6092.0
0.337237,6092.25
0.337237,6092.5
0.335955,6092.75
0.338518,6093.0
0.338518,6093.25
0.338518,6093.5
0.338518,6093.75
0.338518,6094.0
0.338518,6094.25
0.337237,6094.5
0.337237,6094.75
0.338518,6095.0
0.338518,6095.25
0.338518,6095.5
0.338518,6095.75
0.338518,6096.0
0.338518,6096.25
0.337237,6096.5
0.337237,6096.75
0.337237,6097.0
0.335955,6097.25
0.337237,6097.5
0.337237,6097.75
0.337237,6098.0
0.337237,6098.25
0.337237,6098.5
0.337237,6098.75
0.337237,6099.0
0.335955,6099.25
0.335955,6099.5
0.337237,6099.75
0.337237,6100.0
0.338518,6100.25
0.334674,6100.5
0.337237,6100.75
0.335955,6101.0
0.335955,6101.25
0.335955,6101.5
0.335955,6101.75
0.334674,6102.0
0.335955,6102.25
0.334674,6102.5
0.335955,6102.75
0.334674,6103.0
0.334674,6103.25
0.337237,6103.5
0.334674,6103.75
0.337237,6104.0
0.335955,6104.25
0.334674,6104.5
0.335955,6104.75
0.337237,6105.0
0.335955,6105.25
0.334674,6105.5
0.334674,6105.75
0.334674,6106.0
0.337237,6106.25
0.335955,6106.5
0.337237,6106.75
0.334674,6107.0
0.335955,6107.25
0.335955,6107.5
0.337237,6107.75
0.335955,6108.0
0.335955,6108.25
0.335955,6108.5
0.334674,6108.75
0.334674,6109.0
0.335955,6109.25
0.335955,6109.5
0.337237,6109.75
0.337237,6110.0
0.335955,6110.25
0.337237,6110.5
0.335955,6110.75
0.335955,6111.0
0.335955,6111.25
0.335955,6111.5
0.335955,6111.75
0.335955,6112.0
0.337237,6112.25
0.337237,6112.5
0.334674,6112.75
0.334674,6113.0
0.334674,6113.25
0.334674,6113.5
0.333393,6113.75
0.334674,6114.0
0.335955,6114.25
0.334674,6114.5
0.335955,6114.75
0.337237,6115.0
0.335955,6115.25
0.337237,6115.5
0.335955,6115.75
0.334674,6116.0
0.335955,6116.25
0.334674,6116.5
0.334674,6116.75
0.334674,6117.0
0.335955,6117.25
0.334674,6117.5
0.335955,6117.75
0.335955,6118.0
0.335955,6118.25
0.334674,6118.5
0.334674,6118.75
0.334674,6119.0
0.333393,6119.25
0.334674,6119.5
0.334674,6119.75
0.335955,6120.0
0.334674,6120.25
0.335955,6120.5
0.335955,6120.75
0.334674,6121.0
0.335955,6121.25
0.335955,6121.5
0.334674,6121.75
0.335955,6122.0
0.335955,6122.25
0.335955,6122.5
0.335955,6122.75
0.335955,6123.0
0.334674,6123.25
0.335955,6123.5
0.334674,6123.75
0.333393,6124.0
0.333393,6124.25
0.334674,6124.5
0.333393,6124.75
0.333393,6125.0
0.334674,6125.25
0.335955,6125.5
0.334674,6125.75
0.335955,6126.0
0.335955,6126.25
0.335955,6126.5
0.334674,6126.75
0.335955,6127.0
0.334674,6127.25
0.334674,6127.5
0.334674,6127.75
0.334674,6128.0
0.335955,6128.25
0.334674,6128.5
0.334674,6128.75
0.334674,6129.0
0.333393,6129.25
0.333393,6129.5
0.334674,6129.75
0.334674,6130.0
0.333393,6130.25
0.333393,6130.5
0.333393,6130.75
0.333393,6131.0
0.333393,6131.25
0.334674,6131.5
0.335955,6131.75
0.333393,6132.0
0.333393,6132.25
0.334674,6132.5
0.334674,6132.75
0.333393,6133.0
0.333393,6133.25
0.333393,6133.5
0.335955,6133.75
0.333393,6134.0
0.334674,6134.25
0.335955,6134.5
0.333393,6134.75
0.333393,6135.0
0.332112,6135.25
0.332112,6135.5
0.33083,6135.75
0.332112,6136.0
0.332112,6136.25
0.333393,6136.5
0.333393,6136.75
0.333393,6137.0
0.334674,6137.25
0.333393,6137.5
0.333393,6137.75
0.333393,6138.0
0.332112,6138.25
0.333393,6138.5
0.333393,6138.75
0.332112,6139.0
0.333393,6139.25
0.333393,6139.5
0.334674,6139.75
0.333393,6140.0
0.333393,6140.25
0.332112,6140.5
0.333393,6140.75
0.33083,6141.0
0.33083,6141.25
0.332112,6141.5
0.332112,6141.75
0.334674,6142.0
0.333393,6142.25
0.333393,6142.5
0.333393,6142.75
0.334674,6143.0
0.332112,6143.25
0.333393,6143.5
0.333393,6143.75
0.333393,6144.0
0.332112,6144.25
0.333393,6144.5
0.33083,6144.75
0.333393,6145.0
0.333393,6145.25
0.333393,6145.5
0.333393,6145.75
0.333393,6146.0
0.334674,6146.25
0.333393,6146.5
0.333393,6146.75
0.333393,6147.0
0.332112,6147.25
0.332112,6147.5
0.332112,6147.75
0.332112,6148.0
0.333393,6148.25
0.332112,6148.5
0.33083,6148.75
0.334674,6149.0
0.333393,6149.25
0.332112,6149.5
0.332112,6149.75
0.333393,6150.0
0.332112,6150.25
0.33083,6150.5
0.332112,6150.75
0.333393,6151.0
0.333393,6151.25
0.333393,6151.5
0.333393,6151.75
0.332112,6152.0
0.332112,6152.25
0.33083,6152.5
0.332112,6152.75
0.333393,6153.0
0.332112,6153.25
0.33083,6153.5
0.333393,6153.75
0.332112,6154.0
0.33083,6154.25
0.33083,6154.5
0.332112,6154.75
0.332112,6155.0
0.33083,6155.25
0.329549,6155.5
0.332112,6155.75
0.329549,6156.0
0.33083,6156.25
0.332112,6156.5
0.329549,6156.75
0.33083,6157.0
0.333393,6157.25
0.33083,6157.5
0.329549,6157.75
0.329549,6158.0
0.33083,6158.25
0.33083,6158.5
0.33083,6158.75
0.332112,6159.0
0.332112,6159.25
0.33083,6159.5
0.332112,6159.75
0.332112,6160.0
0.332112,6160.25
0.332112,6160.5
0.33083,6160.75
0.33083,6161.0
0.332112,6161.25
0.33083,6161.5
0.332112,6161.75
0.332112,6162.0
0.329549,6162.25
0.33083,6162.5
0.33083,6162.75
0.33083,6163.0
0.33083,6163.25
0.329549,6163.5
0.33083,6163.75
0.332112,6164.0
0.33083,6164.25
0.33083,6164.5
0.332112,6164.75
0.329549,6165.0
0.33083,6165.25
0.332112,6165.5
0.329549,6165.75
0.329549,6166.0
0.33083,6166.25
0.33083,6166.5
0.33083,6166.75
0.33083,6167.0
0.329549,6167.25
0.33083,6167.5
0.332112,6167.75
0.328268,6168.0
0.33083,6168.25
0.328268,6168.5
0.329549,6168.75
0.329549,6169.0
0.329549,6169.25
0.33083,6169.5
0.33083,6169.75
0.332112,6170.0
0.33083,6170.25
0.33083,6170.5
0.33083,6170.75
0.33083,6171.0
0.329549,6171.25
0.33083,6171.5
0.329549,6171.75
0.33083,6172.0
0.329549,6172.25
0.328268,6172.5
0.33083,6172.75
0.329549,6173.0
0.33083,6173.25
0.329549,6173.5
0.33083,6173.75
0.329549,6174.0
0.328268,6174.25
0.329549,6174.5
0.33083,6174.75
0.33083,6175.0
0.328268,6175.25
0.328268,6175.5
0.33083,6175.75
0.33083,6176.0
0.328268,6176.25
0.329549,6176.5
0.328268,6176.75
0.329549,6177.0
0.328268,6177.25
0.329549,6177.5
0.33083,6177.75
0.33083,6178.0
0.328268,6178.25
0.33083,6178.5
0.328268,6178.75
0.326987,6179.0
0.328268,6179.25
0.329549,6179.5
0.328268,6179.75
0.329549,6180.0
0.328268,6180.25
0.329549,6180.5
0.328268,6180.75
0.329549,6181.0
0.329549,6181.25
0.329549,6181.5
0.328268,6181.75
0.33083,6182.0
0.328268,6182.25
0.328268,6182.5
0.326987,6182.75
0.326987,6183.0
0.328268,6183.25
0.328268,6183.5
0.328268,6183.75
0.328268,6184.0
0.329549,6184.25
0.328268,6184.5
0.329549,6184.75
0.328268,6185.0
0.328268,6185.25
0.328268,6185.5
0.328268,6185.75
0.329549,6186.0
0.328268,6186.25
0.328268,6186.5
0.329549,6186.75
0.329549,6187.0
0.328268,6187.25
0.329549,6187.5
0.328268,6187.75
0.328268,6188.0
0.326987,6188.25
0.328268,6188.5
0.328268,6188.75
0.328268,6189.0
0.328268,6189.25
0.328268,6189.5
0.326987,6189.75
0.325705,6190.0
0.326987,6190.25
0.325705,6190.5
0.325705,6190.75
0.326987,6191.0
0.326987,6191.25
0.328268,6191.5
0.328268,6191.75
0.328268,6192.0
0.328268,6192.25
0.329549,6192.5
0.328268,6192.75
0.328268,6193.0
0.326987,6193.25
0.326987,6193.5
0.326987,6193.75
0.328268,6194.0
0.328268,6194.25
0.325705,6194.5
0.328268,6194.75
0.328268,6195.0
0.326987,6195.25
0.326987,6195.5
0.326987,6195.75
0.326987,6196.0
0.325705,6196.25
0.326987,6196.5
0.325705,6196.75
0.328268,6197.0
0.326987,6197.25
0.326987,6197.5
0.326987,6197.75
0.325705,6198.0
0.326987,6198.25
0.328268,6198.5
0.326987,6198.75
0.325705,6199.0
0.324424,6199.25
0.325705,6199.5
0.326987,6199.75
0.325705,6200.0
0.326987,6200.25
0.326987,6200.5
0.328268,6200.75
0.328268,6201.0
0.328268,6201.25
0.326987,6201.5
0.325705,6201.75
0.326987,6202.0
0.326987,6202.25
0.328268,6202.5
0.326987,6202.75
0.326987,6203.0
0.326987,6203.25
0.326987,6203.5
0.328268,6203.75
0.328268,6204.0
0.326987,6204.25
0.326987,6204.5
0.325705,6204.75
0.326987,6205.0
0.326987,6205.25
0.325705,6205.5
0.325705,6205.75
0.326987,6206.0
0.325705,6206.25
0.326987,6206.5
0.326987,6206.75
0.325705,6207.0
0.326987,6207.25
0.326987,6207.5
0.326987,6207.75
0.326987,6208.0
0.325705,6208.25
0.325705,6208.5
0.326987,6208.75
0.326987,6209.0
0.325705,6209.25
0.328268,6209.5
0.325705,6209.75
0.326987,6210.0
0.326987,6210.25
0.326987,6210.5
0.328268,6210.75
0.325705,6211.0
0.326987,6211.25
0.326987,6211.5
0.325705,6211.75
0.326987,6212.0
0.325705,6212.25
0.324424,6212.5
0.325705,6212.75
0.325705,6213.0
0.325705,6213.25
0.325705,6213.5
0.325705,6213.75
0.324424,6214.0
0.324424,6214.25
0.321862,6214.5
0.323143,6214.75
0.324424,6215.0
0.323143,6215.25
0.33083,6215.5
0.624238,6215.75
0.537112,6216.0
0.480737,6216.25
0.396174,6216.5
0.357737,6216.75
0.350049,6217.0
0.343643,6217.25
0.332112,6217.5
0.339799,6217.75
0.339799,6218.0
0.335955,6218.25
0.33083,6218.5
0.325705,6218.75
0.328268,6219.0
0.326987,6219.25
0.326987,6219.5
0.325705,6219.75
0.325705,6220.0
0.326987,6220.25
0.325705,6220.5
0.325705,6220.75
0.323143,6221.0
0.324424,6221.25
0.324424,6221.5
0.325705,6221.75
0.321862,6222.0
0.323143,6222.25
0.323143,6222.5
0.323143,6222.75
0.321862,6223.0
0.325705,6223.25
0.323143,6223.5
0.323143,6223.75
0.319299,6224.0
0.321862,6224.25
0.324424,6224.5
0.329549,6224.75
0.329549,6225.0
0.335955,6225.25
0.339799,6225.5
0.329549,6225.75
0.338518,6226.0
0.332112,6226.25
0.329549,6226.5
0.332112,6226.75
0.329549,6227.0
0.332112,6227.25
0.328268,6227.5
0.329549,6227.75
0.328268,6228.0
0.326987,6228.25
0.324424,6228.5
0.324424,6228.75
0.321862,6229.0
0.323143,6229.25
0.32058,6229.5
0.321862,6229.75
0.324424,6230.0
0.326987,6230.25
0.329549,6230.5
0.326987,6230.75
0.328268,6231.0
0.328268,6231.25
0.329549,6231.5
0.329549,6231.75
0.328268,6232.0
0.326987,6232.25
0.326987,6232.5
0.326987,6232.75
0.325705,6233.0
0.326987,6233.25
0.326987,6233.5
0.326987,6233.75
0.326987,6234.0
0.325705,6234.25
0.324424,6234.5
0.325705,6234.75
0.325705,6235.0
0.325705,6235.25
0.324424,6235.5
0.325705,6235.75
0.325705,6236.0
0.325705,6236.25
0.324424,6236.5
0.326987,6236.75
0.324424,6237.0
0.324424,6237.25
0.324424,6237.5
0.325705,6237.75
0.325705,6238.0
0.325705,6238.25
0.325705,6238.5
0.325705,6238.75
0.324424,6239.0
0.325705,6239.25
0.324424,6239.5
0.326987,6239.75
0.325705,6240.0
0.325705,6240.25
0.323143,6240.5
0.325705,6240.75
0.324424,6241.0
0.324424,6241.25
0.325705,6241.5
0.324424,6241.75
0.325705,6242.0
0.325705,6242.25
0.325705,6242.5
0.324424,6242.75
0.323143,6243.0
0.324424,6243.25
0.324424,6243.5
0.324424,6243.75
0.324424,6244.0
0.325705,6244.25
0.325705,6244.5
0.326987,6244.75
0.325705,6245.0
0.325705,6245.25
0.324424,6245.5
0.324424,6245.75
0.324424,6246.0
0.326987,6246.25
0.325705,6246.5
0.326987,6246.75
0.325705,6247.0
0.325705,6247.25
0.325705,6247.5
0.324424,6247.75
0.326987,6248.0
0.325705,6248.25
0.325705,6248.5
0.325705,6248.75
0.324424,6249.0
0.325705,6249.25
0.324424,6249.5
0.325705,6249.75
0.325705,6250.0
0.326987,6250.25
0.325705,6250.5
0.326987,6250.75
0.324424,6251.0
0.325705,6251.25
0.324424,6251.5
0.325705,6251.75
0.326987,6252.0
0.325705,6252.25
0.326987,6252.5
0.326987,6252.75
0.325705,6253.0
0.325705,6253.25
0.325705,6253.5
0.324424,6253.75
0.323143,6254.0
0.324424,6254.25
0.324424,6254.5
0.326987,6254.75
0.325705,6255.0
0.326987,6255.25
0.326987,6255.5
0.325705,6255.75
0.325705,6256.0
0.325705,6256.25
0.325705,6256.5
0.325705,6256.75
0.324424,6257.0
0.325705,6257.25
0.325705,6257.5
0.325705,6257.75
0.325705,6258.0
0.325705,6258.25
0.326987,6258.5
0.325705,6258.75
0.326987,6259.0
0.326987,6259.25
0.326987,6259.5
0.325705,6259.75
0.325705,6260.0
0.326987,6260.25
0.325705,6260.5
0.328268,6260.75
0.326987,6261.0
0.324424,6261.25
0.325705,6261.5
0.325705,6261.75
0.324424,6262.0
0.323143,6262.25
0.324424,6262.5
0.325705,6262.75
0.326987,6263.0
0.325705,6263.25
0.325705,6263.5
0.326987,6263.75
0.324424,6264.0
0.324424,6264.25
0.325705,6264.5
0.325705,6264.75
0.325705,6265.0
0.324424,6265.25
0.325705,6265.5
0.326987,6265.75
0.325705,6266.0
0.325705,6266.25
0.326987,6266.5
0.325705,6266.75
0.324424,6267.0
0.325705,6267.25
0.325705,6267.5
0.325705,6267.75
0.326987,6268.0
0.326987,6268.25
0.326987,6268.5
0.326987,6268.75
0.326987,6269.0
0.328268,6269.25
0.325705,6269.5
0.326987,6269.75
0.326987,6270.0
0.326987,6270.25
0.326987,6270.5
0.328268,6270.75
0.325705,6271.0
0.326987,6271.25
0.326987,6271.5
0.328268,6271.75
0.326987,6272.0
0.325705,6272.25
0.325705,6272.5
0.326987,6272.75
0.325705,6273.0
0.326987,6273.25
0.326987,6273.5
0.328268,6273.75
0.328268,6274.0
0.328268,6274.25
0.329549,6274.5
0.328268,6274.75
0.328268,6275.0
0.326987,6275.25
0.328268,6275.5
0.328268,6275.75
0.326987,6276.0
0.328268,6276.25
0.328268,6276.5
0.329549,6276.75
0.326987,6277.0
0.328268,6277.25
0.326987,6277.5
0.326987,6277.75
0.328268,6278.0
0.329549,6278.25
0.328268,6278.5
0.328268,6278.75
0.326987,6279.0
0.326987,6279.25
0.328268,6279.5
0.326987,6279.75
0.328268,6280.0
0.328268,6280.25
0.326987,6280.5
0.328268,6280.75
0.33083,6281.0
0.328268,6281.25
0.328268,6281.5
0.328268,6281.75
0.328268,6282.0
0.329549,6282.25
0.328268,6282.5
0.33083,6282.75
0.329549,6283.0
0.33083,6283.25
0.328268,6283.5
0.33083,6283.75
0.329549,6284.0
0.33083,6284.25
0.33083,6284.5
0.33083,6284.75
0.329549,6285.0
0.33083,6285.25
0.33083,6285.5
0.332112,6285.75
0.33083,6286.0
0.33083,6286.25
0.332112,6286.5
0.33083,6286.75
0.332112,6287.0
0.332112,6287.25
0.329549,6287.5
0.332112,6287.75
0.33083,6288.0
0.33083,6288.25
0.332112,6288.5
0.329549,6288.75
0.33083,6289.0
0.332112,6289.25
0.33083,6289.5
0.329549,6289.75
0.33083,6290.0
0.332112,6290.25
0.33083,6290.5
0.33083,6290.75
0.33083,6291.0
0.332112,6291.25
0.332112,6291.5
0.33083,6291.75
0.332112,6292.0
0.333393,6292.25
0.332112,6292.5
0.333393,6292.75
0.332112,6293.0
0.333393,6293.25
0.333393,6293.5
0.333393,6293.75
0.332112,6294.0
0.333393,6294.25
0.333393,6294.5
0.334674,6294.75
0.333393,6295.0
0.332112,6295.25
0.332112,6295.5
0.333393,6295.75
0.334674,6296.0
0.333393,6296.25
0.333393,6296.5
0.334674,6296.75
0.332112,6297.0
0.333393,6297.25
0.333393,6297.5
0.332112,6297.75
0.332112,6298.0
0.333393,6298.25
0.332112,6298.5
0.333393,6298.75
0.332112,6299.0
0.332112,6299.25
0.333393,6299.5
0.333393,6299.75
0.332112,6300.0
0.332112,6300.25
0.332112,6300.5
0.33083,6300.75
0.332112,6301.0
0.332112,6301.25
0.332112,6301.5
0.332112,6301.75
0.333393,6302.0
0.332112,6302.25
0.333393,6302.5
0.332112,6302.75
0.332112,6303.0
0.333393,6303.25
0.332112,6303.5
0.329549,6303.75
0.33083,6304.0
0.333393,6304.25
0.332112,6304.5
0.334674,6304.75
0.332112,6305.0
0.332112,6305.25
0.333393,6305.5
0.332112,6305.75
0.332112,6306.0
0.33083,6306.25
0.329549,6306.5
0.332112,6306.75
0.332112,6307.0
0.332112,6307.25
0.333393,6307.5
0.333393,6307.75
0.332112,6308.0
0.332112,6308.25
0.333393,6308.5
0.332112,6308.75
0.332112,6309.0
0.332112,6309.25
0.333393,6309.5
0.332112,6309.75
0.333393,6310.0
0.334674,6310.25
0.333393,6310.5
0.332112,6310.75
0.333393,6311.0
0.333393,6311.25
0.332112,6311.5
0.333393,6311.75
0.333393,6312.0
0.333393,6312.25
0.335955,6312.5
0.334674,6312.75
0.334674,6313.0
0.334674,6313.25
0.334674,6313.5
0.333393,6313.75
0.334674,6314.0
0.334674,6314.25
0.333393,6314.5
0.333393,6314.75
0.333393,6315.0
0.328268,6315.25
0.328268,6315.5
0.328268,6315.75
0.328268,6316.0
0.328268,6316.25
0.326987,6316.5
0.326987,6316.75
0.326987,6317.0
0.325705,6317.25
0.326987,6317.5
0.326987,6317.75
0.328268,6318.0
0.326987,6318.25
0.328268,6318.5
0.329549,6318.75
0.328268,6319.0
0.326987,6319.25
0.326987,6319.5
0.325705,6319.75
0.326987,6320.0
0.328268,6320.25
0.328268,6320.5
0.326987,6320.75
0.325705,6321.0
0.329549,6321.25
0.328268,6321.5
0.326987,6321.75
0.326987,6322.0
0.328268,6322.25
0.326987,6322.5
0.328268,6322.75
0.325705,6323.0
0.325705,6323.25
0.324424,6323.5
0.324424,6323.75
0.324424,6324.0
0.325705,6324.25
0.325705,6324.5
0.324424,6324.75
0.325705,6325.0
0.324424,6325.25
0.324424,6325.5
0.324424,6325.75
0.324424,6326.0
0.325705,6326.25
0.324424,6326.5
0.326987,6326.75
0.325705,6327.0
0.324424,6327.25
0.325705,6327.5
0.325705,6327.75
0.324424,6328.0
0.324424,6328.25
0.324424,6328.5
0.325705,6328.75
0.325705,6329.0
0.324424,6329.25
0.325705,6329.5
0.325705,6329.75
0.324424,6330.0
0.324424,6330.25
0.324424,6330.5
0.325705,6330.75
0.324424,6331.0
0.324424,6331.25
0.325705,6331.5
0.325705,6331.75
0.325705,6332.0
0.326987,6332.25
0.325705,6332.5
0.325705,6332.75
0.325705,6333.0
0.326987,6333.25
0.324424,6333.5
0.323143,6333.75
0.323143,6334.0
0.324424,6334.25
0.325705,6334.5
0.324424,6334.75
0.323143,6335.0
0.324424,6335.25
0.321862,6335.5
0.323143,6335.75
0.324424,6336.0
0.321862,6336.25
0.321862,6336.5
0.324424,6336.75
0.324424,6337.0
0.325705,6337.25
0.324424,6337.5
0.324424,6337.75
0.324424,6338.0
0.325705,6338.25
0.324424,6338.5
0.325705,6338.75
0.325705,6339.0
0.325705,6339.25
0.324424,6339.5
0.325705,6339.75
0.324424,6340.0
0.325705,6340.25
0.324424,6340.5
0.324424,6340.75
0.326987,6341.0
0.326987,6341.25
0.329549,6341.5
0.321862,6341.75
0.323143,6342.0
0.337237,6342.25
0.315455,6342.5
0.31033,6342.75
0.309049,6343.0
0.311612,6343.25
0.315455,6343.5
0.315455,6343.75
0.314174,6344.0
0.31033,6344.25
0.309049,6344.5
0.309049,6344.75
0.312893,6345.0
0.318018,6345.25
0.316737,6345.5
0.315455,6345.75
0.314174,6346.0
0.314174,6346.25
0.315455,6346.5
0.314174,6346.75
0.312893,6347.0
0.307768,6347.25
0.305205,6347.5
0.306487,6347.75
0.309049,6348.0
0.307768,6348.25
0.306487,6348.5
0.307768,6348.75
0.307768,6349.0
0.306487,6349.25
0.305205,6349.5
0.306487,6349.75
0.306487,6350.0
0.305205,6350.25
0.306487,6350.5
0.306487,6350.75
0.305205,6351.0
0.305205,6351.25
0.305205,6351.5
0.306487,6351.75
0.306487,6352.0
0.306487,6352.25
0.305205,6352.5
0.305205,6352.75
0.306487,6353.0
0.306487,6353.25
0.306487,6353.5
0.307768,6353.75
0.309049,6354.0
0.315455,6354.25
0.323143,6354.5
0.328268,6354.75
0.328268,6355.0
0.326987,6355.25
0.323143,6355.5
0.32058,6355.75
0.321862,6356.0
0.324424,6356.25
0.326987,6356.5
0.321862,6356.75
0.323143,6357.0
0.325705,6357.25
0.328268,6357.5
0.325705,6357.75
0.325705,6358.0
0.326987,6358.25
0.325705,6358.5
0.328268,6358.75
0.326987,6359.0
0.328268,6359.25
0.328268,6359.5
0.329549,6359.75
0.329549,6360.0
0.328268,6360.25
0.329549,6360.5
0.33083,6360.75
0.329549,6361.0
0.328268,6361.25
0.328268,6361.5
0.329549,6361.75
0.329549,6362.0
0.33083,6362.25
0.33083,6362.5
0.329549,6362.75
0.329549,6363.0
0.328268,6363.25
0.329549,6363.5
0.329549,6363.75
0.328268,6364.0
0.328268,6364.25
0.328268,6364.5
0.329549,6364.75
0.328268,6365.0
0.329549,6365.25
0.329549,6365.5
0.329549,6365.75
0.329549,6366.0
0.332112,6366.25
0.33083,6366.5
0.329549,6366.75
0.329549,6367.0
0.33083,6367.25
0.33083,6367.5
0.33083,6367.75
0.33083,6368.0
0.332112,6368.25
0.33083,6368.5
0.33083,6368.75
0.332112,6369.0
0.33083,6369.25
0.33083,6369.5
0.328268,6369.75
0.314174,6370.0
0.315455,6370.25
0.314174,6370.5
0.311612,6370.75
0.307768,6371.0
0.314174,6371.25
0.315455,6371.5
0.318018,6371.75
0.318018,6372.0
0.311612,6372.25
0.311612,6372.5
0.31033,6372.75
0.305205,6373.0
0.303924,6373.25
0.301362,6373.5
0.303924,6373.75
0.305205,6374.0
0.306487,6374.25
0.309049,6374.5
0.307768,6374.75
0.306487,6375.0
0.314174,6375.25
0.321862,6375.5
0.318018,6375.75
0.318018,6376.0
0.32058,6376.25
0.32058,6376.5
0.32058,6376.75
0.319299,6377.0
0.321862,6377.25
0.318018,6377.5
0.314174,6377.75
0.316737,6378.0
0.318018,6378.25
0.321862,6378.5
0.318018,6378.75
0.318018,6379.0
0.318018,6379.25
0.315455,6379.5
0.314174,6379.75
0.316737,6380.0
0.323143,6380.25
0.324424,6380.5
0.315455,6380.75
0.324424,6381.0
0.33083,6381.25
0.442299,6381.5
0.379518,6381.75
0.343643,6382.0
0.342362,6382.25
0.34108,6382.5
0.34108,6382.75
0.338518,6383.0
0.4833,6383.25
1.094458,6383.5
1.427653,6383.75
1.617278,6384.0
0.944719,6384.25
0.64865,6384.5
0.520525,6384.75
0.4539,6385.0
0.47305,6385.25
0.438456,6385.5
0.412831,6385.75
0.400018,6386.0
0.394893,6386.25
0.392331,6386.5
0.400018,6386.75
0.397456,6387.0
0.538394,6387.25
0.580675,6387.5
0.475612,6387.75
0.412831,6388.0
0.396174,6388.25
0.383362,6388.5
0.371831,6388.75
0.369268,6389.0
0.369268,6389.25
0.365424,6389.5
0.364143,6389.75
0.36158,6390.0
0.359018,6390.25
0.359018,6390.5
0.356455,6390.75
0.355174,6391.0
0.353893,6391.25
0.355174,6391.5
0.352612,6391.75
0.352612,6392.0
0.35133,6392.25
0.35133,6392.5
0.352612,6392.75
0.348768,6393.0
0.347487,6393.25
0.347487,6393.5
0.348768,6393.75
0.348768,6394.0
0.344924,6394.25
0.346205,6394.5
0.343643,6394.75
0.343643,6395.0
0.346205,6395.25
0.344924,6395.5
0.343643,6395.75
0.342362,6396.0
0.343643,6396.25
0.34108,6396.5
0.339799,6396.75
0.342362,6397.0
0.344924,6397.25
0.348768,6397.5
0.347487,6397.75
0.34108,6398.0
0.337237,6398.25
0.342362,6398.5
0.338518,6398.75
0.339799,6399.0
0.339799,6399.25
0.339799,6399.5
0.337237,6399.75
0.335955,6400.0
0.335955,6400.25
0.337237,6400.5
0.334674,6400.75
0.335955,6401.0
0.335955,6401.25
0.334674,6401.5
0.335955,6401.75
0.333393,6402.0
0.335955,6402.25
0.334674,6402.5
0.334674,6402.75
0.333393,6403.0
0.334674,6403.25
0.333393,6403.5
0.335955,6403.75
0.332112,6404.0
0.332112,6404.25
0.332112,6404.5
0.333393,6404.75
0.332112,6405.0
0.329549,6405.25
0.333393,6405.5
0.332112,6405.75
0.333393,6406.0
0.33083,6406.25
0.333393,6406.5
0.333393,6406.75
0.332112,6407.0
0.33083,6407.25
0.332112,6407.5
0.33083,6407.75
0.329549,6408.0
0.329549,6408.25
0.329549,6408.5
0.33083,6408.75
0.329549,6409.0
0.33083,6409.25
0.33083,6409.5
0.329549,6409.75
0.33083,6410.0
0.328268,6410.25
0.329549,6410.5
0.328268,6410.75
0.329549,6411.0
0.328268,6411.25
0.328268,6411.5
0.328268,6411.75
0.33083,6412.0
0.328268,6412.25
0.326987,6412.5
0.328268,6412.75
0.329549,6413.0
0.328268,6413.25
0.326987,6413.5
0.328268,6413.75
0.326987,6414.0
0.326987,6414.25
0.326987,6414.5
0.328268,6414.75
0.329549,6415.0
0.328268,6415.25
0.350049,6415.5
0.329549,6415.75
0.32058,6416.0
0.343643,6416.25
0.511487,6416.5
0.353893,6416.75
0.355174,6417.0
0.346205,6417.25
0.329549,6417.5
0.329549,6417.75
0.332112,6418.0
0.335955,6418.25
0.33083,6418.5
0.339799,6418.75
0.332112,6419.0
0.332112,6419.25
0.328268,6419.5
0.424362,6419.75
0.335955,6420.0
0.328268,6420.25
0.328268,6420.5
0.328268,6420.75
0.326987,6421.0
0.328268,6421.25
0.323143,6421.5
0.321862,6421.75
0.323143,6422.0
0.324424,6422.25
0.324424,6422.5
0.324424,6422.75
0.323143,6423.0
0.323143,6423.25
0.324424,6423.5
0.321862,6423.75
0.32058,6424.0
0.319299,6424.25
0.321862,6424.5
0.323143,6424.75
0.321862,6425.0
0.323143,6425.25
0.321862,6425.5
0.323143,6425.75
0.324424,6426.0
0.321862,6426.25
0.321862,6426.5
0.321862,6426.75
0.323143,6427.0
0.323143,6427.25
0.32058,6427.5
0.32058,6427.75
0.32058,6428.0
0.319299,6428.25
0.319299,6428.5
0.318018,6428.75
0.318018,6429.0
0.318018,6429.25
0.318018,6429.5
0.315455,6429.75
0.315455,6430.0
0.315455,6430.25
0.316737,6430.5
0.315455,6430.75
0.315455,6431.0
0.315455,6431.25
0.315455,6431.5
0.316737,6431.75
0.314174,6432.0
0.315455,6432.25
0.314174,6432.5
0.314174,6432.75
0.314174,6433.0
0.312893,6433.25
0.315455,6433.5
0.314174,6433.75
0.314174,6434.0
0.314174,6434.25
0.312893,6434.5
0.311612,6434.75
0.314174,6435.0
0.312893,6435.25
0.312893,6435.5
0.312893,6435.75
0.312893,6436.0
0.314174,6436.25
0.311612,6436.5
0.312893,6436.75
0.31033,6437.0
0.31033,6437.25
0.311612,6437.5
0.311612,6437.75
0.31033,6438.0
0.31033,6438.25
0.309049,6438.5
0.309049,6438.75
0.31033,6439.0
0.309049,6439.25
0.307768,6439.5
0.307768,6439.75
0.338518,6440.0
0.423081,6440.25
0.321862,6440.5
0.318018,6440.75
0.316737,6441.0
0.314174,6441.25
0.311612,6441.5
0.312893,6441.75
0.309049,6442.0
0.307768,6442.25
0.31033,6442.5
0.307768,6442.75
0.307768,6443.0
0.307768,6443.25
0.306487,6443.5
0.306487,6443.75
0.305205,6444.0
0.305205,6444.25
0.303924,6444.5
0.302643,6444.75
0.302643,6445.0
0.302643,6445.25
0.30008,6445.5
0.301362,6445.75
0.301362,6446.0
0.30008,6446.25
0.30008,6446.5
0.30008,6446.75
0.30008,6447.0
0.301362,6447.25
0.30008,6447.5
0.301362,6447.75
0.301362,6448.0
0.298799,6448.25
0.297518,6448.5
0.298799,6448.75
0.297518,6449.0
0.298799,6449.25
0.298799,6449.5
0.298799,6449.75
0.298799,6450.0
0.297518,6450.25
0.298799,6450.5
0.297518,6450.75
0.297518,6451.0
0.298799,6451.25
0.298799,6451.5
0.296237,6451.75
0.297518,6452.0
0.298799,6452.25
0.298799,6452.5
0.306487,6452.75
0.305205,6453.0
0.302643,6453.25
0.306487,6453.5
0.303924,6453.75
0.305205,6454.0
0.307768,6454.25
0.305205,6454.5
0.303924,6454.75
0.306487,6455.0
0.306487,6455.25
0.306487,6455.5
0.303924,6455.75
0.309049,6456.0
0.305205,6456.25
0.306487,6456.5
0.305205,6456.75
0.307768,6457.0
0.306487,6457.25
0.306487,6457.5
0.306487,6457.75
0.307768,6458.0
0.305205,6458.25
0.306487,6458.5
0.306487,6458.75
0.307768,6459.0
0.306487,6459.25
0.307768,6459.5
0.307768,6459.75
0.305205,6460.0
0.303924,6460.25
0.307768,6460.5
0.306487,6460.75
0.309049,6461.0
0.307768,6461.25
0.309049,6461.5
0.307768,6461.75
0.309049,6462.0
0.307768,6462.25
0.307768,6462.5
0.307768,6462.75
0.307768,6463.0
0.307768,6463.25
0.307768,6463.5
0.309049,6463.75
0.309049,6464.0
0.306487,6464.25
0.309049,6464.5
0.309049,6464.75
0.307768,6465.0
0.309049,6465.25
0.311612,6465.5
0.315455,6465.75
0.324424,6466.0
0.32058,6466.25
0.316737,6466.5
0.315455,6466.75
0.315455,6467.0
0.315455,6467.25
0.312893,6467.5
0.316737,6467.75
0.318018,6468.0
0.318018,6468.25
0.316737,6468.5
0.312893,6468.75
0.315455,6469.0
0.318018,6469.25
0.316737,6469.5
0.316737,6469.75
0.318018,6470.0
0.315455,6470.25
0.316737,6470.5
0.316737,6470.75
0.314174,6471.0
0.315455,6471.25
0.314174,6471.5
0.314174,6471.75
0.314174,6472.0
0.314174,6472.25
0.312893,6472.5
0.314174,6472.75
0.314174,6473.0
0.312893,6473.25
0.314174,6473.5
0.311612,6473.75
0.312893,6474.0
0.312893,6474.25
0.311612,6474.5
0.311612,6474.75
0.312893,6475.0
0.312893,6475.25
0.312893,6475.5
0.311612,6475.75
0.311612,6476.0
0.312893,6476.25
0.311612,6476.5
0.31033,6476.75
0.311612,6477.0
0.31033,6477.25
0.314174,6477.5
0.311612,6477.75
0.312893,6478.0
0.314174,6478.25
0.311612,6478.5
0.311612,6478.75
0.312893,6479.0
0.314174,6479.25
0.312893,6479.5
0.312893,6479.75
0.31033,6480.0
0.311612,6480.25
0.311612,6480.5
0.312893,6480.75
0.311612,6481.0
0.314174,6481.25
0.314174,6481.5
0.312893,6481.75
0.314174,6482.0
0.311612,6482.25
0.311612,6482.5
0.309049,6482.75
0.31033,6483.0
0.309049,6483.25
0.307768,6483.5
0.307768,6483.75
0.306487,6484.0
0.306487,6484.25
0.305205,6484.5
0.305205,6484.75
0.305205,6485.0
0.305205,6485.25
0.305205,6485.5
0.305205,6485.75
0.305205,6486.0
0.303924,6486.25
0.303924,6486.5
0.301362,6486.75
0.302643,6487.0
0.303924,6487.25
0.303924,6487.5
0.305205,6487.75
0.303924,6488.0
0.303924,6488.25
0.303924,6488.5
0.303924,6488.75
0.303924,6489.0
0.302643,6489.25
0.305205,6489.5
0.302643,6489.75
0.303924,6490.0
0.302643,6490.25
0.301362,6490.5
0.302643,6490.75
0.302643,6491.0
0.301362,6491.25
0.302643,6491.5
0.302643,6491.75
0.301362,6492.0
0.301362,6492.25
0.301362,6492.5
0.301362,6492.75
