EDA_Raw,Time_Seconds
0.547723,0.0
0.481218,0.25
0.518239,0.5
0.440223,0.75
0.391623,1.0
0.376276,1.25
0.386507,1.5
0.381392,1.75
0.381392,2.0
0.380113,2.25
0.38395,2.5
0.385229,2.75
0.391623,3.0
0.398018,3.25
0.398018,3.5
0.39546,3.75
0.39546,4.0
0.39546,4.25
0.391623,4.5
0.392902,4.75
0.391623,5.0
0.389065,5.25
0.394181,5.5
0.451734,5.75
0.38395,6.0
0.415923,6.25
0.357092,6.5
0.351976,6.75
0.353255,7.0
0.355813,7.25
0.355813,7.5
0.35965,7.75
0.364765,8.0
0.367323,8.25
0.368602,8.5
0.37116,8.75
0.374997,9.0
0.373718,9.25
0.380113,9.5
0.377555,9.75
0.377555,10.0
0.368602,10.25
0.386507,10.5
0.414644,10.75
0.401855,11.0
0.400576,11.25
0.403134,11.5
0.391623,11.75
0.473476,12.0
0.624391,12.25
0.73438,12.5
0.793212,12.75
0.825185,13.0
0.850764,13.25
0.871227,13.5
0.887853,13.75
0.896806,14.0
0.912153,14.25
0.919827,14.5
0.926222,14.75
0.92878,15.0
0.935174,15.25
0.941569,15.5
0.946685,15.75
0.954359,16.0
0.962032,16.25
0.969706,16.5
0.97738,16.75
0.986332,17.0
0.983774,17.25
0.987611,17.5
0.982495,17.75
0.992727,18.0
0.98889,18.25
0.996564,18.5
0.991448,18.75
0.997843,19.0
0.996564,19.25
1.0004,19.5
0.997843,19.75
1.004237,20.0
1.006795,20.25
1.001679,20.5
1.008074,20.75
1.009353,21.0
1.011911,21.25
1.018306,21.5
1.018306,21.75
1.022143,22.0
1.0247,22.25
1.027258,22.5
1.034932,22.75
1.042606,23.0
1.042606,23.25
1.051558,23.5
1.057953,23.75
0.994075,24.0
0.996633,24.25
0.997912,24.5
1.004306,24.75
1.000469,25.0
1.000469,25.25
0.999191,25.5
0.999191,25.75
0.997912,26.0
0.98768,26.25
1.000469,26.5
0.999191,26.75
1.009422,27.0
1.005585,27.25
1.008143,27.5
1.006864,27.75
1.01198,28.0
1.017096,28.25
1.018375,28.5
1.006864,28.75
1.022211,29.0
1.022211,29.25
1.022211,29.5
1.019654,29.75
1.018375,30.0
1.028606,30.25
1.037559,30.5
1.043954,30.75
1.032443,31.0
1.046511,31.25
1.059301,31.5
1.081043,31.75
1.041396,32.0
0.83037,32.25
0.690965,32.5
0.682012,32.75
0.683291,33.0
0.713986,33.25
0.744681,33.5
0.713986,33.75
0.710149,34.0
0.707591,34.25
0.614228,34.5
0.528539,34.75
0.481218,35.0
0.600091,35.25
0.634623,35.5
0.671712,35.75
0.693454,36.0
0.720312,36.25
0.832859,36.5
0.873785,36.75
0.875064,37.0
0.864832,37.25
0.895527,37.5
0.917269,37.75
0.930059,38.0
0.954359,38.25
0.962032,38.5
0.968427,38.75
0.972264,39.0
0.970985,39.25
0.979937,39.5
0.979937,39.75
0.981216,40.0
0.994006,40.25
0.995285,40.5
0.997843,40.75
0.999122,41.0
1.001679,41.25
1.011911,41.5
1.03749,41.75
1.066905,42.0
1.003027,42.25
0.996633,42.5
0.992796,42.75
0.999191,43.0
0.994075,43.25
0.991517,43.5
0.981285,43.75
0.980006,44.0
0.985122,44.25
0.98768,44.5
0.969775,44.75
0.956985,45.0
0.949312,45.25
0.949312,45.5
0.945475,45.75
0.941638,46.0
0.925012,46.25
0.931406,46.5
0.931406,46.75
0.931406,47.0
0.925012,47.25
0.923733,47.5
0.919896,47.75
0.918617,48.0
0.916059,48.25
0.913501,48.5
0.912222,48.75
0.913501,49.0
0.908386,49.25
0.907107,49.5
0.904549,49.75
0.901991,50.0
0.899433,50.25
0.896875,50.5
0.893038,50.75
0.895596,51.0
0.895596,51.25
0.894317,51.5
0.894317,51.75
0.891759,52.0
0.887922,52.25
0.885364,52.5
0.884086,52.75
0.880249,53.0
0.87897,53.25
0.873854,53.5
0.871296,53.75
0.868738,54.0
0.858507,54.25
0.85467,54.5
0.859786,54.75
0.855949,55.0
0.849554,55.25
0.849554,55.5
0.848275,55.75
0.844438,56.0
0.840601,56.25
0.836765,56.5
0.834207,56.75
0.827812,57.0
0.826533,57.25
0.820138,57.5
0.821417,57.75
0.820138,58.0
0.820138,58.25
0.820138,58.5
0.823975,58.75
0.822696,59.0
0.827812,59.25
0.826533,59.5
0.825254,59.75
0.821417,60.0
0.827812,60.25
0.831649,60.5
0.834207,60.75
0.843159,61.0
0.845717,61.25
0.846996,61.5
0.844438,61.75
0.845717,62.0
0.844438,62.25
0.843159,62.5
0.843159,62.75
0.843159,63.0
0.84188,63.25
0.835486,63.5
0.845717,63.75
0.845717,64.0
0.846996,64.25
0.844438,64.5
0.844438,64.75
0.844438,65.0
0.840601,65.25
0.843159,65.5
0.836765,65.75
0.826533,66.0
0.84188,66.25
0.792002,66.5
0.784328,66.75
0.752354,67.0
0.743402,67.25
0.744681,67.5
0.743402,67.75
0.743402,68.0
0.751075,68.25
0.752354,68.5
0.761307,68.75
0.761307,69.0
0.777933,69.25
0.793281,69.5
0.818859,69.75
0.835486,70.0
0.844438,70.25
0.85467,70.5
0.861065,70.75
0.864901,71.0
0.863622,71.25
0.861065,71.5
0.853391,71.75
0.853391,72.0
0.848275,72.25
0.848275,72.5
0.84188,72.75
0.84188,73.0
0.839323,73.25
0.836765,73.5
0.836765,73.75
0.835486,74.0
0.843159,74.25
0.862343,74.5
0.871296,74.75
0.871296,75.0
0.877691,75.25
0.880249,75.5
0.908386,75.75
0.907107,76.0
0.913501,76.25
0.904549,76.5
0.774096,76.75
0.754912,77.0
0.795838,77.25
0.813744,77.5
0.81758,77.75
0.81758,78.0
0.803512,78.25
0.786886,78.5
0.783049,78.75
0.802233,79.0
0.75747,79.25
0.743402,79.5
0.728054,79.75
0.712707,80.0
0.703754,80.25
0.698639,80.5
0.69736,80.75
0.689686,81.0
0.687128,81.25
0.675618,81.5
0.679455,81.75
0.671781,82.0
0.66027,82.25
0.657713,82.5
0.653876,82.75
0.646202,83.0
0.589929,83.25
0.589929,83.5
0.586092,83.75
0.589929,84.0
0.586092,84.25
0.58865,84.5
0.58865,84.75
0.593765,85.0
0.592486,85.25
0.589929,85.5
0.589929,85.75
0.583534,86.0
0.57586,86.25
0.578418,86.5
0.578418,86.75
0.57586,87.0
0.577139,87.25
0.57586,87.5
0.579697,87.75
0.582255,88.0
0.589929,88.25
0.619344,88.5
0.657713,88.75
0.722939,89.0
0.74596,89.25
0.758749,89.5
0.747239,89.75
0.731891,90.0
0.722939,90.25
0.717823,90.5
0.715265,90.75
0.711428,91.0
0.711428,91.25
0.70887,91.5
0.707591,91.75
0.706312,92.0
0.706312,92.25
0.69736,92.5
0.703754,92.75
0.699918,93.0
0.698639,93.25
0.694802,93.5
0.692244,93.75
0.693523,94.0
0.688407,94.25
0.690965,94.5
0.685849,94.75
0.689686,95.0
0.68457,95.25
0.68457,95.5
0.682012,95.75
0.683291,96.0
0.687128,96.25
0.689686,96.5
0.69736,96.75
0.698639,97.0
0.701197,97.25
0.679455,97.5
0.679455,97.75
0.680734,98.0
0.676897,98.25
0.679455,98.5
0.679455,98.75
0.679455,99.0
0.675618,99.25
0.674339,99.5
0.671781,99.75
0.670502,100.0
0.665386,100.25
0.665386,100.5
0.661549,100.75
0.66027,101.0
0.658991,101.25
0.655155,101.5
0.650039,101.75
0.650039,102.0
0.64876,102.25
0.644923,102.5
0.642365,102.75
0.638528,103.0
0.639807,103.25
0.63597,103.5
0.63597,103.75
0.637249,104.0
0.634692,104.25
0.634692,104.5
0.633413,104.75
0.637249,105.0
0.633413,105.25
0.632134,105.5
0.628297,105.75
0.629576,106.0
0.618065,106.25
0.62446,106.5
0.623181,106.75
0.619344,107.0
0.620623,107.25
0.618065,107.5
0.619344,107.75
0.616786,108.0
0.614228,108.25
0.612949,108.5
0.612949,108.75
0.612949,109.0
0.609113,109.25
0.609113,109.5
0.605276,109.75
0.605276,110.0
0.601439,110.25
0.603997,110.5
0.602718,110.75
0.606555,111.0
0.603997,111.25
0.602718,111.5
0.60016,111.75
0.597602,112.0
0.583534,112.25
0.57586,112.5
0.57586,112.75
0.573302,113.0
0.57586,113.25
0.573302,113.5
0.573302,113.75
0.56435,114.0
0.572023,114.25
0.569465,114.5
0.570744,114.75
0.570744,115.0
0.570744,115.25
0.570744,115.5
0.568186,115.75
0.574581,116.0
0.570744,116.25
0.569465,116.5
0.565629,116.75
0.569465,117.0
0.561792,117.25
0.565629,117.5
0.561792,117.75
0.561792,118.0
0.561792,118.25
0.559234,118.5
0.560513,118.75
0.560513,119.0
0.563071,119.25
0.563071,119.5
0.566908,119.75
0.56435,120.0
0.566908,120.25
0.556676,120.5
0.56435,120.75
0.56435,121.0
0.560513,121.25
0.561792,121.5
0.557955,121.75
0.554118,122.0
0.552839,122.25
0.554118,122.5
0.549002,122.75
0.552839,123.0
0.549002,123.25
0.550281,123.5
0.549002,123.75
0.549002,124.0
0.549002,124.25
0.545165,124.5
0.547723,124.75
0.543886,125.0
0.545165,125.25
0.542608,125.5
0.545165,125.75
0.542608,126.0
0.538771,126.25
0.54005,126.5
0.541329,126.75
0.541329,127.0
0.54005,127.25
0.54005,127.5
0.538771,127.75
0.538771,128.0
0.537492,128.25
0.54005,128.5
0.538771,128.75
0.54005,129.0
0.538771,129.25
0.538771,129.5
0.54005,129.75
0.542608,130.0
0.541329,130.25
0.542608,130.5
0.534934,130.75
0.538771,131.0
0.54005,131.25
0.541329,131.5
0.541329,131.75
0.545165,132.0
0.545165,132.25
0.545165,132.5
0.543886,132.75
0.543886,133.0
0.542608,133.25
0.54005,133.5
0.538771,133.75
0.541329,134.0
0.538771,134.25
0.538771,134.5
0.538771,134.75
0.536213,135.0
0.536213,135.25
0.536213,135.5
0.534934,135.75
0.532376,136.0
0.534934,136.25
0.546444,136.5
0.557955,136.75
0.627018,137.0
0.687128,137.25
0.728054,137.5
0.740844,137.75
0.780491,138.0
0.797117,138.25
0.809907,138.5
0.81758,138.75
0.826533,139.0
0.835486,139.25
0.84188,139.5
0.853391,139.75
0.859786,140.0
0.86618,140.25
0.857228,140.5
0.850833,140.75
0.852112,141.0
0.853391,141.25
0.84188,141.5
0.848275,141.75
0.845717,142.0
0.846996,142.25
0.848275,142.5
0.849554,142.75
0.844438,143.0
0.75747,143.25
0.698639,143.5
0.693523,143.75
0.690965,144.0
0.689686,144.25
0.698639,144.5
0.698639,144.75
0.706312,145.0
0.711428,145.25
0.717823,145.5
0.730612,145.75
0.786886,146.0
0.797117,146.25
0.825254,146.5
0.840601,146.75
0.840601,147.0
0.86618,147.25
0.919896,147.5
0.971054,147.75
1.006864,148.0
1.037559,148.25
1.070811,148.5
1.095111,148.75
1.097669,149.0
1.105343,149.25
1.111738,149.5
1.116853,149.75
1.124527,150.0
1.141153,150.25
1.142432,150.5
1.142432,150.75
1.142432,151.0
1.128364,151.25
1.116853,151.5
1.098948,151.75
1.097669,152.0
1.095111,152.25
1.097669,152.5
1.119411,152.75
1.137316,153.0
1.153943,153.25
1.188474,153.5
1.188474,153.75
1.21789,154.0
1.228121,154.25
1.231958,154.5
1.24219,154.75
1.24219,155.0
1.233237,155.25
1.230679,155.5
1.220448,155.75
1.206379,156.0
1.201264,156.25
1.191032,156.5
1.19359,156.75
1.185916,157.0
1.187195,157.25
1.185916,157.5
1.180801,157.75
1.171848,158.0
1.174406,158.25
1.196148,158.5
1.182079,158.75
1.187195,159.0
1.187195,159.25
1.183358,159.5
1.179522,159.75
1.180801,160.0
1.165453,160.25
1.175685,160.5
1.178243,160.75
1.198706,161.0
1.201264,161.25
1.199985,161.5
1.233237,161.75
1.235795,162.0
1.226843,162.25
1.219169,162.5
1.220448,162.75
1.221727,163.0
1.231958,163.25
1.231958,163.5
1.247306,163.75
1.244748,164.0
1.243469,164.25
1.244748,164.5
1.279279,164.75
1.294626,165.0
1.260095,165.25
1.240911,165.5
1.221727,165.75
1.212774,166.0
1.183358,166.25
1.198706,166.5
1.221727,166.75
1.225564,167.0
1.212774,167.25
1.196148,167.5
1.137316,167.75
1.001748,168.0
1.152664,168.25
1.269048,168.5
1.271605,168.75
1.248585,169.0
1.267769,169.25
1.258816,169.5
1.2294,169.75
1.248585,170.0
1.261374,170.25
1.254979,170.5
1.258816,170.75
1.307416,171.0
1.336832,171.25
1.301021,171.5
1.274163,171.75
1.272884,172.0
1.324042,172.25
1.334274,172.5
1.278,172.75
1.341947,173.0
1.344505,173.25
1.3023,173.5
1.33939,173.75
1.368805,174.0
1.393105,174.25
1.356016,174.5
1.286953,174.75
1.293348,175.0
1.344505,175.25
1.402058,175.5
1.347063,175.75
1.408453,176.0
1.418684,176.25
1.389268,176.5
1.386711,176.75
1.414847,177.0
1.417405,177.25
1.4238,177.5
1.477515,177.75
1.471121,178.0
1.503094,178.25
1.515983,178.5
1.53133,178.75
1.537725,179.0
1.541562,179.25
1.536446,179.5
1.475057,179.75
1.478893,180.0
1.492962,180.25
1.503193,180.5
1.524935,180.75
1.547956,181.0
1.550514,181.25
1.541562,181.5
1.504472,181.75
1.508309,182.0
1.517262,182.25
1.491683,182.5
1.494241,182.75
1.499356,183.0
1.476335,183.25
1.457151,183.5
1.439246,183.75
1.429015,184.0
1.436688,184.25
1.418783,184.5
1.394483,184.75
1.402157,185.0
1.302399,185.25
1.37402,185.5
1.412388,185.75
1.431572,186.0
1.316467,186.25
1.292168,186.5
1.382973,186.75
1.394483,187.0
1.417504,187.25
1.426457,187.5
1.405994,187.75
1.412388,188.0
1.417504,188.25
1.420062,188.5
1.414946,188.75
1.452036,189.0
1.489125,189.25
1.365067,189.5
1.238452,189.75
1.294725,190.0
1.345883,190.25
1.339489,190.5
1.34972,190.75
1.363788,191.0
1.371462,191.25
1.429015,191.5
1.49552,191.75
1.503193,192.0
1.508309,192.25
1.50703,192.5
1.296004,192.75
1.399599,193.0
1.437967,193.25
1.455872,193.5
1.455872,193.75
1.466104,194.0
1.467383,194.25
1.490404,194.5
1.518541,194.75
1.559467,195.0
1.577372,195.25
1.496799,195.5
1.487846,195.75
1.513425,196.0
1.512146,196.25
1.528772,196.5
1.54284,196.75
1.551793,197.0
1.550514,197.25
1.550514,197.5
1.550514,197.75
1.553072,198.0
1.559467,198.25
1.562025,198.5
1.559467,198.75
1.554351,199.0
1.549235,199.25
1.546677,199.5
1.544119,199.75
1.537725,200.0
1.537725,200.25
1.535167,200.5
1.536446,200.75
1.536446,201.0
1.533888,201.25
1.533888,201.5
1.532609,201.75
1.524935,202.0
1.530051,202.25
1.530051,202.5
1.528772,202.75
1.528772,203.0
1.527493,203.25
1.528772,203.5
1.523656,203.75
1.526214,204.0
1.522377,204.25
1.526214,204.5
1.515983,204.75
1.526214,205.0
1.515983,205.25
1.521098,205.5
1.521098,205.75
1.521098,206.0
1.505751,206.25
1.513425,206.5
1.517262,206.75
1.513425,207.0
1.514704,207.25
1.508309,207.5
1.512146,207.75
1.50703,208.0
1.508309,208.25
1.504472,208.5
1.505751,208.75
1.503193,209.0
1.504472,209.25
1.504472,209.5
1.500635,209.75
1.491683,210.0
1.492962,210.25
1.496799,210.5
1.49552,210.75
1.49552,211.0
1.494241,211.25
1.494241,211.5
1.492962,211.75
1.494241,212.0
1.490404,212.25
1.491683,212.5
1.485288,212.75
1.485288,213.0
1.489125,213.25
1.517262,213.5
1.503193,213.75
1.45843,214.0
1.515983,214.25
1.588882,214.5
1.570977,214.75
1.568419,215.0
1.565861,215.25
1.590161,215.5
1.596556,215.75
1.602951,216.0
1.59144,216.25
1.573535,216.5
1.572256,216.75
1.574814,217.0
1.582488,217.25
1.574814,217.5
1.576093,217.75
1.559467,218.0
1.558188,218.25
1.551793,218.5
1.556909,218.75
1.540283,219.0
1.549235,219.25
1.560746,219.5
1.540283,219.75
1.53133,220.0
1.523656,220.25
1.526214,220.5
1.527493,220.75
1.498078,221.0
1.380415,221.25
1.464825,221.5
1.550514,221.75
1.549235,222.0
1.537725,222.25
1.536446,222.5
1.530051,222.75
1.540283,223.0
1.532609,223.25
1.53133,223.5
1.533888,223.75
1.533888,224.0
1.541562,224.25
1.541562,224.5
1.547956,224.75
1.554351,225.0
1.551793,225.25
1.550514,225.5
1.550514,225.75
1.547956,226.0
1.53133,226.25
1.539004,226.5
1.533888,226.75
1.539004,227.0
1.536446,227.25
1.535167,227.5
1.535167,227.75
1.535167,228.0
1.53133,228.25
1.523656,228.5
1.532609,228.75
1.535167,229.0
1.528772,229.25
1.523656,229.5
1.517262,229.75
1.524935,230.0
1.523656,230.25
1.523656,230.5
1.522377,230.75
1.513425,231.0
1.508309,231.25
1.519819,231.5
1.519819,231.75
1.518541,232.0
1.514704,232.25
1.515983,232.5
1.518541,232.75
1.517262,233.0
1.515983,233.25
1.517262,233.5
1.517262,233.75
1.515983,234.0
1.515983,234.25
1.513425,234.5
1.512146,234.75
1.505751,235.0
1.505751,235.25
1.508309,235.5
1.501914,235.75
1.505751,236.0
1.500635,236.25
1.503193,236.5
1.499356,236.75
1.496799,237.0
1.492962,237.25
1.490404,237.5
1.486567,237.75
1.491683,238.0
1.487846,238.25
1.492962,238.5
1.492962,238.75
1.496799,239.0
1.503193,239.25
1.504472,239.5
1.512146,239.75
1.509588,240.0
1.508309,240.25
1.500635,240.5
1.509588,240.75
1.500635,241.0
1.508309,241.25
1.50703,241.5
1.508309,241.75
1.505751,242.0
1.50703,242.25
1.505751,242.5
1.504472,242.75
1.498078,243.0
1.48273,243.25
1.487846,243.5
1.48273,243.75
1.484009,244.0
1.478893,244.25
1.478893,244.5
1.475057,244.75
1.478893,245.0
1.475057,245.25
1.472499,245.5
1.467383,245.75
1.467383,246.0
1.450757,246.25
1.468662,246.5
1.444362,246.75
1.408551,247.0
1.404715,247.25
1.411109,247.5
1.412388,247.75
1.418783,248.0
1.421341,248.25
1.418783,248.5
1.421341,248.75
1.427736,249.0
1.42262,249.25
1.413667,249.5
1.417504,249.75
1.416225,250.0
1.418783,250.25
1.414946,250.5
1.408551,250.75
1.403436,251.0
1.405994,251.25
1.397041,251.5
1.399599,251.75
1.395762,252.0
1.399599,252.25
1.416225,252.5
1.418783,252.75
1.429015,253.0
1.423899,253.25
1.417504,253.5
1.413667,253.75
1.414946,254.0
1.407272,254.25
1.405994,254.5
1.397041,254.75
1.395762,255.0
1.384251,255.25
1.391925,255.5
1.344604,255.75
1.322862,256.0
1.312631,256.25
1.298562,256.5
1.294725,256.75
1.278099,257.0
1.279378,257.25
1.27682,257.5
1.281936,257.75
1.285773,258.0
1.283215,258.25
1.280657,258.5
1.279378,258.75
1.284494,259.0
1.283215,259.25
1.30112,259.5
1.317746,259.75
1.33821,260.0
1.335652,260.25
1.342046,260.5
1.339489,260.75
1.340767,261.0
1.335652,261.25
1.336931,261.5
1.335652,261.75
1.339489,262.0
1.334373,262.25
1.329257,262.5
1.330536,262.75
1.331815,263.0
1.326699,263.25
1.329257,263.5
1.317746,263.75
1.324141,264.0
1.321583,264.25
1.319025,264.5
1.319025,264.75
1.317746,265.0
1.311352,265.25
1.315189,265.5
1.312631,265.75
1.310073,266.0
1.296004,266.25
1.303678,266.5
1.311352,266.75
1.330536,267.0
1.327978,267.25
1.324141,267.5
1.343325,267.75
1.377857,268.0
1.386809,268.25
1.389367,268.5
1.399599,268.75
1.404715,269.0
1.320304,269.25
1.211594,269.5
1.145089,269.75
1.11951,270.0
1.22822,270.25
1.249962,270.5
1.278099,270.75
1.371462,271.0
1.368904,271.25
1.368904,271.5
1.391925,271.75
1.395762,272.0
1.284494,272.25
1.324141,272.5
1.336931,272.75
1.348441,273.0
1.353557,273.25
1.358673,273.5
1.359951,273.75
1.37402,274.0
1.376578,274.25
1.380415,274.5
1.382973,274.75
1.38553,275.0
1.38553,275.25
1.38553,275.5
1.384251,275.75
1.377857,276.0
1.372741,276.25
1.371462,276.5
1.368904,276.75
1.365067,277.0
1.365067,277.25
1.362509,277.5
1.363788,277.75
1.353557,278.0
1.36123,278.25
1.359951,278.5
1.357394,278.75
1.350999,279.0
1.357394,279.25
1.356115,279.5
1.359951,279.75
1.359951,280.0
1.358673,280.25
1.357394,280.5
1.354836,280.75
1.357394,281.0
1.350999,281.25
1.353557,281.5
1.344604,281.75
1.354836,282.0
1.347162,282.25
1.34972,282.5
1.344604,282.75
1.350999,283.0
1.343325,283.25
1.344604,283.5
1.345883,283.75
1.347162,284.0
1.336931,284.25
1.330536,284.5
1.303678,284.75
1.299841,285.0
1.324141,285.25
1.317746,285.5
1.271704,285.75
1.275541,286.0
1.26531,286.25
1.274262,286.5
1.279378,286.75
1.279378,287.0
1.283215,287.25
1.293446,287.5
1.298562,287.75
1.302399,288.0
1.303678,288.25
1.299841,288.5
1.292168,288.75
1.260194,289.0
1.258915,289.25
1.256357,289.5
1.260194,289.75
1.125905,290.0
0.931505,290.25
0.845717,290.5
0.792002,290.75
0.973612,291.0
1.197427,291.25
1.230679,291.5
1.248585,291.75
1.249864,292.0
1.258816,292.25
1.257537,292.5
1.267769,292.75
1.295905,293.0
1.189753,293.25
1.171848,293.5
1.2294,293.75
1.219169,294.0
1.261374,294.25
1.298463,294.5
1.308695,294.75
1.31509,295.0
1.33939,295.25
1.335553,295.5
1.353458,295.75
1.3509,296.0
1.330437,296.25
1.3023,296.5
1.309974,296.75
1.317647,297.0
1.321484,297.25
1.317647,297.5
1.31509,297.75
1.322763,298.0
1.325321,298.25
1.349621,298.5
1.348342,298.75
1.354737,299.0
1.3509,299.25
1.330437,299.5
1.341947,299.75
1.336832,300.0
1.356016,300.25
1.361132,300.5
1.354737,300.75
1.349621,301.0
1.345784,301.25
1.341947,301.5
1.330437,301.75
1.330437,302.0
1.321484,302.25
1.322763,302.5
1.318926,302.75
1.320205,303.0
1.316369,303.25
1.318926,303.5
1.311253,303.75
1.324042,304.0
1.316369,304.25
1.316369,304.5
1.313811,304.75
1.31509,305.0
1.303579,305.25
1.306137,305.5
1.309974,305.75
1.321484,306.0
1.128364,306.25
1.02349,306.5
0.978727,306.75
0.777933,307.0
0.696081,307.25
1.066975,307.5
1.246027,307.75
1.09639,308.0
1.022211,308.25
1.235795,308.5
1.284395,308.75
1.051627,309.0
0.836765,309.25
0.826533,309.5
0.980006,309.75
1.045233,310.0
1.074648,310.25
1.095111,310.5
1.082322,310.75
1.08488,311.0
1.087438,311.25
1.088717,311.5
1.089996,311.75
1.091274,312.0
1.093832,312.25
1.091274,312.5
1.088717,312.75
1.089996,313.0
1.086159,313.25
1.083601,313.5
1.081043,313.75
1.082322,314.0
1.078485,314.25
1.077206,314.5
1.070811,314.75
1.073369,315.0
1.138595,315.25
1.164174,315.5
1.184637,315.75
1.189753,316.0
1.191032,316.25
1.194869,316.5
1.156501,316.75
1.164174,317.0
1.176964,317.25
1.184637,317.5
1.197427,317.75
1.206379,318.0
1.214053,318.25
1.221727,318.5
1.225564,318.75
1.225564,319.0
1.224285,319.25
1.221727,319.5
1.215332,319.75
1.21789,320.0
1.223006,320.25
1.210216,320.5
1.212774,320.75
1.228121,321.0
1.2294,321.25
1.202543,321.5
1.220448,321.75
1.207658,322.0
1.178243,322.25
1.188474,322.5
1.197427,322.75
1.201264,323.0
1.215332,323.25
1.196148,323.5
1.162895,323.75
1.146269,324.0
1.150106,324.25
1.160337,324.5
1.165453,324.75
1.166732,325.0
1.194869,325.25
1.214053,325.5
1.211495,325.75
1.187195,326.0
1.184637,326.25
1.230679,326.5
1.243469,326.75
1.244748,327.0
1.244748,327.25
1.24219,327.5
1.243469,327.75
1.240911,328.0
1.240911,328.25
1.231958,328.5
1.237074,328.75
1.231958,329.0
1.230679,329.25
1.225564,329.5
1.224285,329.75
1.219169,330.0
1.220448,330.25
1.224285,330.5
1.21789,330.75
1.208937,331.0
1.207658,331.25
1.208937,331.5
1.208937,331.75
1.207658,332.0
1.203822,332.25
1.201264,332.5
1.199985,332.75
1.199985,333.0
1.196148,333.25
1.19359,333.5
1.192311,333.75
1.185916,334.0
1.189753,334.25
1.187195,334.5
1.187195,334.75
1.187195,335.0
1.185916,335.25
1.183358,335.5
1.180801,335.75
1.178243,336.0
1.161616,336.25
1.119411,336.5
1.073369,336.75
1.003027,337.0
1.106622,337.25
1.129643,337.5
1.132201,337.75
1.128364,338.0
1.127085,338.25
1.128364,338.5
1.127085,338.75
1.127085,339.0
1.128364,339.25
1.137316,339.5
1.130922,339.75
1.079764,340.0
1.029885,340.25
1.069532,340.5
1.115574,340.75
1.12069,341.0
1.123248,341.25
1.13348,341.5
1.130922,341.75
1.139874,342.0
1.130922,342.25
1.147548,342.5
1.123248,342.75
1.127085,343.0
1.088717,343.25
1.128364,343.5
1.139874,343.75
1.153943,344.0
1.168011,344.25
1.146269,344.5
1.125806,344.75
1.098948,345.0
1.111738,345.25
1.113016,345.5
1.115574,345.75
1.121969,346.0
1.041396,346.25
0.804791,346.5
0.703754,346.75
0.713986,347.0
0.729333,347.25
0.762586,347.5
0.799675,347.75
0.839323,348.0
0.909664,348.25
0.936522,348.5
1.03628,348.75
1.083601,349.0
1.026048,349.25
0.995354,349.5
0.994075,349.75
0.990238,350.0
0.98768,350.25
1.003027,350.5
1.015817,350.75
1.02349,351.0
1.02349,351.25
1.028606,351.5
1.028606,351.75
1.033722,352.0
1.029885,352.25
1.032443,352.5
1.028606,352.75
1.031164,353.0
1.02349,353.25
1.027327,353.5
1.024769,353.75
1.024769,354.0
1.02349,354.25
1.02349,354.5
1.019654,354.75
1.022211,355.0
1.020933,355.25
1.019654,355.5
1.017096,355.75
1.014538,356.0
1.015817,356.25
1.014538,356.5
1.013259,356.75
1.014538,357.0
1.013259,357.25
1.013259,357.5
1.018375,357.75
1.026048,358.0
1.022211,358.25
1.02349,358.5
1.017096,358.75
1.022211,359.0
1.019654,359.25
1.019654,359.5
1.019654,359.75
1.017096,360.0
1.018375,360.25
1.018375,360.5
1.018375,360.75
1.017096,361.0
1.015817,361.25
1.009422,361.5
1.014538,361.75
1.01198,362.0
1.013259,362.25
1.013259,362.5
1.014538,362.75
1.015817,363.0
1.020933,363.25
1.024769,363.5
1.086159,363.75
1.081043,364.0
1.077206,364.25
1.06058,364.5
1.038838,364.75
1.005585,365.0
1.059301,365.25
1.083601,365.5
1.123248,365.75
1.113016,366.0
1.106622,366.25
1.115574,366.5
1.146269,366.75
1.147548,367.0
1.152664,367.25
1.156501,367.5
1.153943,367.75
1.152664,368.0
1.124527,368.25
0.901991,368.5
0.930128,368.75
0.991517,369.0
0.997912,369.25
1.068254,369.5
1.101506,369.75
1.123248,370.0
1.13348,370.25
1.138595,370.5
1.141153,370.75
1.107901,371.0
1.116853,371.25
1.110459,371.5
1.098948,371.75
1.100227,372.0
1.105343,372.25
1.083601,372.5
1.065696,372.75
1.064417,373.0
1.032443,373.25
0.861065,373.5
0.949312,373.75
0.964659,374.0
0.983843,374.25
1.005585,374.5
1.03628,374.75
1.045233,375.0
1.070811,375.25
1.081043,375.5
1.082322,375.75
1.089996,376.0
1.095111,376.25
1.09639,376.5
1.101506,376.75
1.102785,377.0
1.106622,377.25
1.104064,377.5
1.106622,377.75
1.101506,378.0
1.106622,378.25
1.106622,378.5
1.106622,378.75
1.098948,379.0
1.106622,379.25
1.105343,379.5
1.105343,379.75
1.10918,380.0
1.105343,380.25
1.105343,380.5
1.100227,380.75
1.106622,381.0
1.105343,381.25
1.102785,381.5
1.104064,381.75
1.106622,382.0
1.102785,382.25
1.102785,382.5
1.104064,382.75
1.104064,383.0
1.101506,383.25
1.097669,383.5
1.101506,383.75
1.100227,384.0
1.09639,384.25
1.097669,384.5
1.095111,384.75
1.095111,385.0
1.09639,385.25
1.09639,385.5
1.093832,385.75
1.092553,386.0
1.078485,386.25
1.088717,386.5
1.087438,386.75
1.091274,387.0
1.086159,387.25
1.087438,387.5
1.08488,387.75
1.08488,388.0
1.08488,388.25
1.08488,388.5
1.082322,388.75
1.082322,389.0
1.081043,389.25
1.08488,389.5
1.081043,389.75
1.082322,390.0
1.078485,390.25
1.078485,390.5
1.075927,390.75
1.081043,391.0
1.074648,391.25
1.073369,391.5
1.068254,391.75
1.074648,392.0
1.068254,392.25
1.069532,392.5
1.066975,392.75
1.069532,393.0
1.065696,393.25
1.064417,393.5
1.059301,393.75
1.061859,394.0
1.06058,394.25
1.055464,394.5
1.059301,394.75
1.056743,395.0
1.056743,395.25
1.059301,395.5
1.058022,395.75
1.055464,396.0
1.058022,396.25
1.055464,396.5
1.054185,396.75
1.052906,397.0
1.04779,397.25
1.051627,397.5
1.050348,397.75
1.04779,398.0
1.04779,398.25
1.046511,398.5
1.046511,398.75
1.045233,399.0
1.045233,399.25
1.042675,399.5
1.043954,399.75
1.038838,400.0
1.041396,400.25
1.037559,400.5
1.040117,400.75
1.037559,401.0
1.040117,401.25
1.038838,401.5
1.03628,401.75
1.03628,402.0
1.03628,402.25
1.033722,402.5
1.031164,402.75
1.033722,403.0
1.041396,403.25
1.042675,403.5
1.042675,403.75
1.040117,404.0
1.041396,404.25
1.040117,404.5
1.040117,404.75
1.040117,405.0
1.040117,405.25
1.033722,405.5
1.035001,405.75
1.037559,406.0
1.024769,406.25
1.032443,406.5
1.031164,406.75
1.035001,407.0
1.031164,407.25
1.033722,407.5
1.028606,407.75
1.032443,408.0
1.024769,408.25
1.028606,408.5
1.026048,408.75
1.029885,409.0
1.026048,409.25
1.027327,409.5
1.026048,409.75
1.02349,410.0
1.026048,410.25
1.02349,410.5
1.020933,410.75
1.018375,411.0
1.022211,411.25
1.018375,411.5
1.019654,411.75
1.018375,412.0
1.017096,412.25
1.015817,412.5
1.015817,412.75
1.015817,413.0
1.015817,413.25
1.013259,413.5
1.009422,413.75
1.010701,414.0
1.01198,414.25
1.005585,414.5
1.01198,414.75
1.01198,415.0
1.010701,415.25
1.010701,415.5
1.008143,415.75
1.008143,416.0
1.008143,416.25
1.003027,416.5
1.006864,416.75
1.006864,417.0
1.003027,417.25
1.003027,417.5
1.001748,417.75
1.003027,418.0
0.997912,418.25
1.000469,418.5
0.996633,418.75
0.999191,419.0
0.991517,419.25
0.994075,419.5
0.98768,419.75
0.992796,420.0
0.990238,420.25
0.991517,420.5
0.990238,420.75
0.991517,421.0
0.992796,421.25
0.988959,421.5
0.98768,421.75
0.983843,422.0
0.986401,422.25
0.985122,422.5
0.985122,422.75
0.982564,423.0
0.982564,423.25
0.981285,423.5
0.982564,423.75
0.981285,424.0
0.982564,424.25
0.980006,424.5
0.977448,424.75
0.977448,425.0
0.977448,425.25
0.97617,425.5
0.977448,425.75
0.968496,426.0
0.967217,426.25
0.973612,426.5
0.973612,426.75
0.972333,427.0
0.973612,427.25
0.968496,427.5
0.972333,427.75
0.971054,428.0
0.971054,428.25
0.969775,428.5
0.967217,428.75
0.968496,429.0
0.967217,429.25
0.971054,429.5
0.969775,429.75
0.954427,430.0
0.910943,430.25
0.876412,430.5
0.910943,430.75
0.913501,431.0
0.905828,431.25
0.910943,431.5
0.901991,431.75
0.907107,432.0
0.918617,432.25
0.930128,432.5
0.936522,432.75
0.940359,433.0
0.95187,433.25
0.955706,433.5
0.962101,433.75
0.968496,434.0
0.974891,434.25
0.971054,434.5
0.97617,434.75
0.980006,435.0
0.982564,435.25
0.980006,435.5
0.972333,435.75
0.964659,436.0
0.96338,436.25
0.95187,436.5
0.912222,436.75
0.870017,437.0
0.859786,437.25
0.871296,437.5
0.89048,437.75
0.917338,438.0
0.937801,438.25
0.95187,438.5
0.96338,438.75
0.972333,439.0
0.974891,439.25
0.97617,439.5
0.982564,439.75
0.986401,440.0
0.988959,440.25
0.988959,440.5
0.991517,440.75
0.995354,441.0
0.992796,441.25
0.997912,441.5
0.997912,441.75
0.997912,442.0
0.997912,442.25
0.999191,442.5
0.997912,442.75
1.000469,443.0
0.999191,443.25
1.000469,443.5
0.999191,443.75
0.999191,444.0
1.000469,444.25
1.000469,444.5
0.999191,444.75
1.000469,445.0
0.997912,445.25
0.997912,445.5
0.997912,445.75
1.000469,446.0
0.988959,446.25
0.995354,446.5
0.991517,446.75
0.997912,447.0
0.994075,447.25
0.995354,447.5
0.994075,447.75
0.997912,448.0
0.992796,448.25
0.995354,448.5
0.995354,448.75
0.997912,449.0
0.994075,449.25
0.990238,449.5
0.992796,449.75
0.991517,450.0
0.991517,450.25
0.992796,450.5
0.991517,450.75
0.990238,451.0
0.991517,451.25
0.988959,451.5
0.991517,451.75
0.991517,452.0
0.988959,452.25
0.992796,452.5
0.994075,452.75
0.994075,453.0
0.991517,453.25
0.990238,453.5
0.985122,453.75
0.98768,454.0
0.991517,454.25
0.986401,454.5
0.986401,454.75
0.981285,455.0
0.985122,455.25
0.983843,455.5
0.985122,455.75
0.97617,456.0
0.983843,456.25
0.974891,456.5
0.983843,456.75
0.974891,457.0
0.981285,457.25
0.972333,457.5
0.977448,457.75
0.973612,458.0
0.980006,458.25
0.972333,458.5
0.978727,458.75
0.977448,459.0
0.978727,459.25
0.97617,459.5
0.977448,459.75
0.978727,460.0
0.97617,460.25
0.972333,460.5
0.972333,460.75
0.973612,461.0
0.972333,461.25
0.972333,461.5
0.971054,461.75
0.972333,462.0
0.971054,462.25
0.972333,462.5
0.971054,462.75
0.965938,463.0
0.967217,463.25
0.967217,463.5
0.968496,463.75
0.968496,464.0
0.96338,464.25
0.967217,464.5
0.964659,464.75
0.964659,465.0
0.965938,465.25
0.964659,465.5
0.962101,465.75
0.960822,466.0
0.953149,466.25
0.954427,466.5
0.958264,466.75
0.960822,467.0
0.955706,467.25
0.958264,467.5
0.954427,467.75
0.956985,468.0
0.95187,468.25
0.95187,468.5
0.948033,468.75
0.954427,469.0
0.949312,469.25
0.949312,469.5
0.941638,469.75
0.949312,470.0
0.946754,470.25
0.949312,470.5
0.949312,470.75
0.949312,471.0
0.946754,471.25
0.944196,471.5
0.949312,471.75
0.949312,472.0
0.946754,472.25
0.944196,472.5
0.944196,472.75
0.944196,473.0
0.949312,473.25
0.950591,473.5
0.948033,473.75
0.946754,474.0
0.942917,474.25
0.946754,474.5
0.944196,474.75
0.944196,475.0
0.945475,475.25
0.946754,475.5
0.945475,475.75
0.945475,476.0
0.946754,476.25
0.944196,476.5
0.946754,476.75
0.941638,477.0
0.946754,477.25
0.942917,477.5
0.944196,477.75
0.942917,478.0
0.944196,478.25
0.941638,478.5
0.944196,478.75
0.944196,479.0
0.942917,479.25
0.940359,479.5
0.940359,479.75
0.941638,480.0
0.935243,480.25
0.93908,480.5
0.93908,480.75
0.93908,481.0
0.93908,481.25
0.937801,481.5
0.937801,481.75
0.936522,482.0
0.935243,482.25
0.931406,482.5
0.935243,482.75
0.92757,483.0
0.933964,483.25
0.932685,483.5
0.932685,483.75
0.933964,484.0
0.932685,484.25
0.932685,484.5
0.928849,484.75
0.930128,485.0
0.925012,485.25
0.928849,485.5
0.926291,485.75
0.926291,486.0
0.916059,486.25
0.922454,486.5
0.922454,486.75
0.922454,487.0
0.922454,487.25
0.922454,487.5
0.921175,487.75
0.919896,488.0
0.919896,488.25
0.919896,488.5
0.918617,488.75
0.921175,489.0
0.919896,489.25
0.918617,489.5
0.918617,489.75
0.919896,490.0
0.918617,490.25
0.918617,490.5
0.913501,490.75
0.917338,491.0
0.913501,491.25
0.916059,491.5
0.913501,491.75
0.917338,492.0
0.913501,492.25
0.916059,492.5
0.916059,492.75
0.917338,493.0
0.912222,493.25
0.910943,493.5
0.912222,493.75
0.912222,494.0
0.910943,494.25
0.912222,494.5
0.909664,494.75
0.909664,495.0
0.908386,495.25
0.908386,495.5
0.907107,495.75
0.910943,496.0
0.904549,496.25
0.907107,496.5
0.905828,496.75
0.908386,497.0
0.904549,497.25
0.907107,497.5
0.904549,497.75
0.905828,498.0
0.905828,498.25
0.905828,498.5
0.90327,498.75
0.901991,499.0
0.900712,499.25
0.900712,499.5
0.900712,499.75
0.904549,500.0
0.900712,500.25
0.901991,500.5
0.900712,500.75
0.905828,501.0
0.900712,501.25
0.900712,501.5
0.895596,501.75
0.90327,502.0
0.898154,502.25
0.899433,502.5
0.896875,502.75
0.900712,503.0
0.896875,503.25
0.898154,503.5
0.899433,503.75
0.899433,504.0
0.895596,504.25
0.894317,504.5
0.894317,504.75
0.898154,505.0
0.894317,505.25
0.893038,505.5
0.891759,505.75
0.895596,506.0
0.885364,506.25
0.893038,506.5
0.89048,506.75
0.894317,507.0
0.887922,507.25
0.891759,507.5
0.889201,507.75
0.894317,508.0
0.89048,508.25
0.89048,508.5
0.889201,508.75
0.894317,509.0
0.893038,509.25
0.891759,509.5
0.891759,509.75
0.891759,510.0
0.884086,510.25
0.89048,510.5
0.89048,510.75
0.891759,511.0
0.89048,511.25
0.89048,511.5
0.889201,511.75
0.889201,512.0
0.889201,512.25
0.889201,512.5
0.886643,512.75
0.889201,513.0
0.887922,513.25
0.887922,513.5
0.887922,513.75
0.886643,514.0
0.887922,514.25
0.887922,514.5
0.887922,514.75
0.886643,515.0
0.886643,515.25
0.881528,515.5
0.885364,515.75
0.882807,516.0
0.885364,516.25
0.882807,516.5
0.884086,516.75
0.882807,517.0
0.884086,517.25
0.885364,517.5
0.884086,517.75
0.882807,518.0
0.882807,518.25
0.882807,518.5
0.882807,518.75
0.884086,519.0
0.884086,519.25
0.881528,519.5
0.884086,519.75
0.881528,520.0
0.882807,520.25
0.880249,520.5
0.881528,520.75
0.876412,521.0
0.881528,521.25
0.877691,521.5
0.880249,521.75
0.877691,522.0
0.880249,522.25
0.877691,522.5
0.87897,522.75
0.87897,523.0
0.877691,523.25
0.877691,523.5
0.876412,523.75
0.876412,524.0
0.875133,524.25
0.876412,524.5
0.877691,524.75
0.877691,525.0
0.87897,525.25
0.875133,525.5
0.876412,525.75
0.875133,526.0
0.86618,526.25
0.868738,526.5
0.873854,526.75
0.871296,527.0
0.872575,527.25
0.870017,527.5
0.871296,527.75
0.868738,528.0
0.868738,528.25
0.870017,528.5
0.868738,528.75
0.870017,529.0
0.868738,529.25
0.870017,529.5
0.862343,529.75
0.868738,530.0
0.868738,530.25
0.862343,530.5
0.868738,530.75
0.867459,531.0
0.867459,531.25
0.867459,531.5
0.867459,531.75
0.864901,532.0
0.86618,532.25
0.86618,532.5
0.868738,532.75
0.863622,533.0
0.873854,533.25
0.863622,533.5
0.86618,533.75
0.845717,534.0
0.843159,534.25
0.818859,534.5
0.80607,534.75
0.795838,535.0
0.777933,535.25
0.811186,535.5
0.836765,535.75
0.861065,536.0
0.877691,536.25
0.873854,536.5
0.885364,536.75
0.881528,537.0
0.891759,537.25
0.881528,537.5
0.889201,537.75
0.87897,538.0
0.875133,538.25
0.867459,538.5
0.876412,538.75
0.876412,539.0
0.873854,539.25
0.876412,539.5
0.872575,539.75
0.872575,540.0
0.864901,540.25
0.868738,540.5
0.867459,540.75
0.867459,541.0
0.86618,541.25
0.86618,541.5
0.867459,541.75
0.868738,542.0
0.86618,542.25
0.867459,542.5
0.867459,542.75
0.864901,543.0
0.867459,543.25
0.86618,543.5
0.864901,543.75
0.867459,544.0
0.86618,544.25
0.864901,544.5
0.863622,544.75
0.867459,545.0
0.862343,545.25
0.864901,545.5
0.861065,545.75
0.863622,546.0
0.852112,546.25
0.861065,546.5
0.857228,546.75
0.861065,547.0
0.857228,547.25
0.855949,547.5
0.85467,547.75
0.862343,548.0
0.861065,548.25
0.864901,548.5
0.86618,548.75
0.867459,549.0
0.863622,549.25
0.862343,549.5
0.857228,549.75
0.861065,550.0
0.853391,550.25
0.857228,550.5
0.858507,550.75
0.859786,551.0
0.853391,551.25
0.855949,551.5
0.846996,551.75
0.846996,552.0
0.838044,552.25
0.836765,552.5
0.834207,552.75
0.840601,553.0
0.843159,553.25
0.855949,553.5
0.857228,553.75
0.857228,554.0
0.853391,554.25
0.849554,554.5
0.849554,554.75
0.848275,555.0
0.844438,555.25
0.845717,555.5
0.843159,555.75
0.845717,556.0
0.835486,556.25
0.84188,556.5
0.831649,556.75
0.84188,557.0
0.840601,557.25
0.843159,557.5
0.840601,557.75
0.840601,558.0
0.839323,558.25
0.839323,558.5
0.832928,558.75
0.84188,559.0
0.836765,559.25
0.827812,559.5
0.827812,559.75
0.836765,560.0
0.835486,560.25
0.835486,560.5
0.834207,560.75
0.834207,561.0
0.834207,561.25
0.832928,561.5
0.825254,561.75
0.834207,562.0
0.822696,562.25
0.831649,562.5
0.829091,562.75
0.83037,563.0
0.827812,563.25
0.827812,563.5
0.826533,563.75
0.829091,564.0
0.827812,564.25
0.827812,564.5
0.826533,564.75
0.825254,565.0
0.825254,565.25
0.825254,565.5
0.825254,565.75
0.823975,566.0
0.816302,566.25
0.822696,566.5
0.821417,566.75
0.823975,567.0
0.821417,567.25
0.820138,567.5
0.81758,567.75
0.820138,568.0
0.818859,568.25
0.820138,568.5
0.820138,568.75
0.81758,569.0
0.816302,569.25
0.81758,569.5
0.81758,569.75
0.815023,570.0
0.81758,570.25
0.815023,570.5
0.81758,570.75
0.816302,571.0
0.816302,571.25
0.813744,571.5
0.816302,571.75
0.813744,572.0
0.81758,572.25
0.81758,572.5
0.816302,572.75
0.815023,573.0
0.809907,573.25
0.809907,573.5
0.802233,573.75
0.809907,574.0
0.813744,574.25
0.812465,574.5
0.812465,574.75
0.811186,575.0
0.807349,575.25
0.807349,575.5
0.815023,575.75
0.813744,576.0
0.81758,576.25
0.815023,576.5
0.816302,576.75
0.81758,577.0
0.81758,577.25
0.816302,577.5
0.818859,577.75
0.809907,578.0
0.816302,578.25
0.816302,578.5
0.816302,578.75
0.818859,579.0
0.81758,579.25
0.818859,579.5
0.821417,579.75
0.831649,580.0
0.818859,580.25
0.809907,580.5
0.811186,580.75
0.812465,581.0
0.812465,581.25
0.811186,581.5
0.811186,581.75
0.808628,582.0
0.807349,582.25
0.809907,582.5
0.807349,582.75
0.808628,583.0
0.808628,583.25
0.809907,583.5
0.808628,583.75
0.807349,584.0
0.804791,584.25
0.799675,584.5
0.80607,584.75
0.799675,585.0
0.807349,585.25
0.798396,585.5
0.80607,585.75
0.804791,586.0
0.797117,586.25
0.804791,586.5
0.803512,586.75
0.803512,587.0
0.804791,587.25
0.802233,587.5
0.802233,587.75
0.800954,588.0
0.802233,588.25
0.800954,588.5
0.800954,588.75
0.800954,589.0
0.799675,589.25
0.798396,589.5
0.795838,589.75
0.797117,590.0
0.795838,590.25
0.795838,590.5
0.795838,590.75
0.797117,591.0
0.797117,591.25
0.794559,591.5
0.795838,591.75
0.794559,592.0
0.795838,592.25
0.789444,592.5
0.793281,592.75
0.789444,593.0
0.792002,593.25
0.790723,593.5
0.792002,593.75
0.792002,594.0
0.792002,594.25
0.792002,594.5
0.795838,594.75
0.799675,595.0
0.800954,595.25
0.799675,595.5
0.799675,595.75
0.793281,596.0
0.794559,596.25
0.793281,596.5
0.794559,596.75
0.793281,597.0
0.793281,597.25
0.788165,597.5
0.785607,597.75
0.78177,598.0
0.784328,598.25
0.78177,598.5
0.783049,598.75
0.78177,599.0
0.78177,599.25
0.78177,599.5
0.78177,599.75
0.780491,600.0
0.780491,600.25
0.779212,600.5
0.777933,600.75
0.776654,601.0
0.779212,601.25
0.776654,601.5
0.779212,601.75
0.776654,602.0
0.776654,602.25
0.776654,602.5
0.78177,602.75
0.780491,603.0
0.783049,603.25
0.780491,603.5
0.783049,603.75
0.780491,604.0
0.784328,604.25
0.78177,604.5
0.785607,604.75
0.783049,605.0
0.785607,605.25
0.784328,605.5
0.783049,605.75
0.78177,606.0
0.775375,606.25
0.780491,606.5
0.780491,606.75
0.78177,607.0
0.78177,607.25
0.780491,607.5
0.78177,607.75
0.78177,608.0
0.783049,608.25
0.783049,608.5
0.784328,608.75
0.779212,609.0
0.783049,609.25
0.780491,609.5
0.783049,609.75
0.783049,610.0
0.783049,610.25
0.779212,610.5
0.78177,610.75
0.783049,611.0
0.780491,611.25
0.777933,611.5
0.779212,611.75
0.779212,612.0
0.780491,612.25
0.777933,612.5
0.779212,612.75
0.779212,613.0
0.779212,613.25
0.777933,613.5
0.777933,613.75
0.775375,614.0
0.776654,614.25
0.77026,614.5
0.775375,614.75
0.772817,615.0
0.775375,615.25
0.772817,615.5
0.776654,615.75
0.777933,616.0
0.785607,616.25
0.78177,616.5
0.78177,616.75
0.775375,617.0
0.772817,617.25
0.772817,617.5
0.772817,617.75
0.771538,618.0
0.774096,618.25
0.774096,618.5
0.775375,618.75
0.777933,619.0
0.777933,619.25
0.776654,619.5
0.776654,619.75
0.772817,620.0
0.776654,620.25
0.774096,620.5
0.774096,620.75
0.771538,621.0
0.774096,621.25
0.772817,621.5
0.772817,621.75
0.771538,622.0
0.771538,622.25
0.77026,622.5
0.768981,622.75
0.771538,623.0
0.77026,623.25
0.768981,623.5
0.768981,623.75
0.771538,624.0
0.771538,624.25
0.774096,624.5
0.777933,624.75
0.776654,625.0
0.766423,625.25
0.77026,625.5
0.771538,625.75
0.771538,626.0
0.762586,626.25
0.767702,626.5
0.765144,626.75
0.768981,627.0
0.766423,627.25
0.767702,627.5
0.765144,627.75
0.767702,628.0
0.762586,628.25
0.763865,628.5
0.760028,628.75
0.765144,629.0
0.761307,629.25
0.763865,629.5
0.761307,629.75
0.765144,630.0
0.763865,630.25
0.762586,630.5
0.761307,630.75
0.765144,631.0
0.765144,631.25
0.763865,631.5
0.763865,631.75
0.766423,632.0
0.762586,632.25
0.763865,632.5
0.761307,632.75
0.765144,633.0
0.761307,633.25
0.761307,633.5
0.75747,633.75
0.762586,634.0
0.756191,634.25
0.758749,634.5
0.758749,634.75
0.760028,635.0
0.754912,635.25
0.75747,635.5
0.758749,635.75
0.758749,636.0
0.754912,636.25
0.753633,636.5
0.754912,636.75
0.756191,637.0
0.753633,637.25
0.753633,637.5
0.754912,637.75
0.75747,638.0
0.754912,638.25
0.75747,638.5
0.756191,638.75
0.760028,639.0
0.756191,639.25
0.768981,639.5
0.793281,639.75
0.786886,640.0
0.783049,640.25
0.783049,640.5
0.780491,640.75
0.783049,641.0
0.78177,641.25
0.780491,641.5
0.779212,641.75
0.78177,642.0
0.780491,642.25
0.783049,642.5
0.780491,642.75
0.783049,643.0
0.78177,643.25
0.78177,643.5
0.78177,643.75
0.784328,644.0
0.779212,644.25
0.780491,644.5
0.776654,644.75
0.780491,645.0
0.776654,645.25
0.779212,645.5
0.772817,645.75
0.780491,646.0
0.771538,646.25
0.776654,646.5
0.780491,646.75
0.779212,647.0
0.777933,647.25
0.777933,647.5
0.779212,647.75
0.780491,648.0
0.780491,648.25
0.78177,648.5
0.78177,648.75
0.783049,649.0
0.780491,649.25
0.780491,649.5
0.780491,649.75
0.779212,650.0
0.779212,650.25
0.779212,650.5
0.779212,650.75
0.780491,651.0
0.780491,651.25
0.780491,651.5
0.779212,651.75
0.78177,652.0
0.780491,652.25
0.780491,652.5
0.780491,652.75
0.78177,653.0
0.78177,653.25
0.780491,653.5
0.780491,653.75
0.779212,654.0
0.779212,654.25
0.779212,654.5
0.777933,654.75
0.78177,655.0
0.777933,655.25
0.777933,655.5
0.775375,655.75
0.780491,656.0
0.777933,656.25
0.780491,656.5
0.777933,656.75
0.78177,657.0
0.777933,657.25
0.78177,657.5
0.777933,657.75
0.777933,658.0
0.774096,658.25
0.772817,658.5
0.772817,658.75
0.775375,659.0
0.771538,659.25
0.771538,659.5
0.772817,659.75
0.774096,660.0
0.774096,660.25
0.774096,660.5
0.772817,660.75
0.774096,661.0
0.77026,661.25
0.774096,661.5
0.771538,661.75
0.775375,662.0
0.771538,662.25
0.774096,662.5
0.772817,662.75
0.775375,663.0
0.776654,663.25
0.775375,663.5
0.774096,663.75
0.776654,664.0
0.774096,664.25
0.772817,664.5
0.774096,664.75
0.776654,665.0
0.774096,665.25
0.777933,665.5
0.776654,665.75
0.780491,666.0
0.77026,666.25
0.776654,666.5
0.775375,666.75
0.780491,667.0
0.775375,667.25
0.776654,667.5
0.776654,667.75
0.777933,668.0
0.774096,668.25
0.776654,668.5
0.776654,668.75
0.777933,669.0
0.774096,669.25
0.774096,669.5
0.774096,669.75
0.777933,670.0
0.775375,670.25
0.776654,670.5
0.775375,670.75
0.777933,671.0
0.775375,671.25
0.777933,671.5
0.775375,671.75
0.776654,672.0
0.772817,672.25
0.774096,672.5
0.765144,672.75
0.772817,673.0
0.77026,673.25
0.767702,673.5
0.774096,673.75
0.779212,674.0
0.783049,674.25
0.783049,674.5
0.783049,674.75
0.783049,675.0
0.784328,675.25
0.784328,675.5
0.783049,675.75
0.786886,676.0
0.783049,676.25
0.784328,676.5
0.783049,676.75
0.786886,677.0
0.783049,677.25
0.78177,677.5
0.776654,677.75
0.780491,678.0
0.776654,678.25
0.779212,678.5
0.774096,678.75
0.777933,679.0
0.774096,679.25
0.775375,679.5
0.776654,679.75
0.777933,680.0
0.772817,680.25
0.771538,680.5
0.771538,680.75
0.772817,681.0
0.774096,681.25
0.772817,681.5
0.772817,681.75
0.772817,682.0
0.771538,682.25
0.772817,682.5
0.775375,682.75
0.772817,683.0
0.771538,683.25
0.772817,683.5
0.771538,683.75
0.772817,684.0
0.774096,684.25
0.775375,684.5
0.772817,684.75
0.774096,685.0
0.774096,685.25
0.774096,685.5
0.774096,685.75
0.772817,686.0
0.766423,686.25
0.77026,686.5
0.772817,686.75
0.771538,687.0
0.772817,687.25
0.772817,687.5
0.774096,687.75
0.774096,688.0
0.774096,688.25
0.774096,688.5
0.77026,688.75
0.774096,689.0
0.771538,689.25
0.774096,689.5
0.774096,689.75
0.772817,690.0
0.771538,690.25
0.772817,690.5
0.771538,690.75
0.772817,691.0
0.771538,691.25
0.77026,691.5
0.772817,691.75
0.772817,692.0
0.772817,692.25
0.772817,692.5
0.772817,692.75
0.772817,693.0
0.772817,693.25
0.775375,693.5
0.774096,693.75
0.766423,694.0
0.77026,694.25
0.771538,694.5
0.771538,694.75
0.774096,695.0
0.77026,695.25
0.77026,695.5
0.771538,695.75
0.77026,696.0
0.771538,696.25
0.77026,696.5
0.771538,696.75
0.768981,697.0
0.771538,697.25
0.767702,697.5
0.772817,697.75
0.771538,698.0
0.771538,698.25
0.77026,698.5
0.771538,698.75
0.771538,699.0
0.772817,699.25
0.77026,699.5
0.768981,699.75
0.772817,700.0
0.771538,700.25
0.77026,700.5
0.772817,700.75
0.77026,701.0
0.768981,701.25
0.768981,701.5
0.77026,701.75
0.768981,702.0
0.771538,702.25
0.766423,702.5
0.77026,702.75
0.767702,703.0
0.771538,703.25
0.766423,703.5
0.767702,703.75
0.77026,704.0
0.766423,704.25
0.767702,704.5
0.766423,704.75
0.763865,705.0
0.763865,705.25
0.763865,705.5
0.765144,705.75
0.767702,706.0
0.760028,706.25
0.763865,706.5
0.766423,706.75
0.766423,707.0
0.767702,707.25
0.765144,707.5
0.766423,707.75
0.763865,708.0
0.766423,708.25
0.762586,708.5
0.766423,708.75
0.765144,709.0
0.766423,709.25
0.763865,709.5
0.766423,709.75
0.766423,710.0
0.766423,710.25
0.763865,710.5
0.763865,710.75
0.766423,711.0
0.765144,711.25
0.763865,711.5
0.766423,711.75
0.763865,712.0
0.767702,712.25
0.765144,712.5
0.767702,712.75
0.763865,713.0
0.766423,713.25
0.760028,713.5
0.766423,713.75
0.765144,714.0
0.766423,714.25
0.763865,714.5
0.765144,714.75
0.763865,715.0
0.767702,715.25
0.765144,715.5
0.766423,715.75
0.767702,716.0
0.766423,716.25
0.767702,716.5
0.766423,716.75
0.767702,717.0
0.767702,717.25
0.766423,717.5
0.767702,717.75
0.767702,718.0
0.768981,718.25
0.767702,718.5
0.767702,718.75
0.765144,719.0
0.767702,719.25
0.768981,719.5
0.767702,719.75
0.766423,720.0
0.77026,720.25
0.767702,720.5
0.761307,720.75
0.77026,721.0
0.762586,721.25
0.768981,721.5
0.765144,721.75
0.77026,722.0
0.766423,722.25
0.768981,722.5
0.768981,722.75
0.771538,723.0
0.768981,723.25
0.768981,723.5
0.77026,723.75
0.771538,724.0
0.767702,724.25
0.767702,724.5
0.767702,724.75
0.77026,725.0
0.767702,725.25
0.771538,725.5
0.767702,725.75
0.768981,726.0
0.760028,726.25
0.766423,726.5
0.766423,726.75
0.766423,727.0
0.761307,727.25
0.765144,727.5
0.762586,727.75
0.766423,728.0
0.763865,728.25
0.768981,728.5
0.763865,728.75
0.765144,729.0
0.768981,729.25
0.77026,729.5
0.77026,729.75
0.772817,730.0
0.77026,730.25
0.774096,730.5
0.774096,730.75
0.776654,731.0
0.776654,731.25
0.776654,731.5
0.775375,731.75
0.776654,732.0
0.776654,732.25
0.775375,732.5
0.775375,732.75
0.775375,733.0
0.775375,733.25
0.774096,733.5
0.776654,733.75
0.775375,734.0
0.775375,734.25
0.776654,734.5
0.779212,734.75
0.776654,735.0
0.779212,735.25
0.775375,735.5
0.777933,735.75
0.776654,736.0
0.776654,736.25
0.772817,736.5
0.776654,736.75
0.776654,737.0
0.776654,737.25
0.777933,737.5
0.777933,737.75
0.777933,738.0
0.775375,738.25
0.775375,738.5
0.776654,738.75
0.777933,739.0
0.776654,739.25
0.776654,739.5
0.777933,739.75
0.779212,740.0
0.771538,740.25
0.777933,740.5
0.775375,740.75
0.776654,741.0
0.776654,741.25
0.775375,741.5
0.775375,741.75
0.776654,742.0
0.774096,742.25
0.77026,742.5
0.774096,742.75
0.777933,743.0
0.775375,743.25
0.776654,743.5
0.771538,743.75
0.774096,744.0
0.771538,744.25
0.772817,744.5
0.77026,744.75
0.776654,745.0
0.774096,745.25
0.775375,745.5
0.775375,745.75
0.775375,746.0
0.765144,746.25
0.772817,746.5
0.775375,746.75
0.775375,747.0
0.775375,747.25
0.767702,747.5
0.774096,747.75
0.777933,748.0
0.776654,748.25
0.776654,748.5
0.776654,748.75
0.774096,749.0
0.772817,749.25
0.774096,749.5
0.767702,749.75
0.774096,750.0
0.775375,750.25
0.774096,750.5
0.774096,750.75
0.774096,751.0
0.777933,751.25
0.774096,751.5
0.775375,751.75
0.772817,752.0
0.775375,752.25
0.772817,752.5
0.775375,752.75
0.771538,753.0
0.774096,753.25
0.772817,753.5
0.775375,753.75
0.776654,754.0
0.775375,754.25
0.774096,754.5
0.772817,754.75
0.774096,755.0
0.772817,755.25
0.771538,755.5
0.774096,755.75
0.775375,756.0
0.774096,756.25
0.774096,756.5
0.77026,756.75
0.776654,757.0
0.774096,757.25
0.772817,757.5
0.774096,757.75
0.774096,758.0
0.774096,758.25
0.775375,758.5
0.775375,758.75
0.776654,759.0
0.774096,759.25
0.775375,759.5
0.772817,759.75
0.776654,760.0
0.771538,760.25
0.775375,760.5
0.774096,760.75
0.779212,761.0
0.774096,761.25
0.779212,761.5
0.776654,761.75
0.779212,762.0
0.777933,762.25
0.779212,762.5
0.775375,762.75
0.776654,763.0
0.775375,763.25
0.775375,763.5
0.774096,763.75
0.777933,764.0
0.774096,764.25
0.775375,764.5
0.775375,764.75
0.776654,765.0
0.776654,765.25
0.775375,765.5
0.772817,765.75
0.776654,766.0
0.767702,766.25
0.774096,766.5
0.772817,766.75
0.774096,767.0
0.771538,767.25
0.775375,767.5
0.775375,767.75
0.775375,768.0
0.774096,768.25
0.772817,768.5
0.775375,768.75
0.776654,769.0
0.776654,769.25
0.772817,769.5
0.774096,769.75
0.775375,770.0
0.776654,770.25
0.777933,770.5
0.776654,770.75
0.775375,771.0
0.774096,771.25
0.775375,771.5
0.776654,771.75
0.77026,772.0
0.776654,772.25
0.776654,772.5
0.777933,772.75
0.779212,773.0
0.777933,773.25
0.775375,773.5
0.776654,773.75
0.772817,774.0
0.776654,774.25
0.774096,774.5
0.776654,774.75
0.777933,775.0
0.777933,775.25
0.774096,775.5
0.777933,775.75
0.776654,776.0
0.777933,776.25
0.775375,776.5
0.772817,776.75
0.775375,777.0
0.775375,777.25
0.774096,777.5
0.774096,777.75
0.775375,778.0
0.775375,778.25
0.774096,778.5
0.774096,778.75
0.774096,779.0
0.772817,779.25
0.77026,779.5
0.774096,779.75
0.771538,780.0
0.774096,780.25
0.772817,780.5
0.774096,780.75
0.774096,781.0
0.774096,781.25
0.774096,781.5
0.775375,781.75
0.774096,782.0
0.772817,782.25
0.775375,782.5
0.774096,782.75
0.774096,783.0
0.775375,783.25
0.772817,783.5
0.772817,783.75
0.774096,784.0
0.775375,784.25
0.771538,784.5
0.772817,784.75
0.771538,785.0
0.772817,785.25
0.767702,785.5
0.774096,785.75
0.774096,786.0
0.767702,786.25
0.772817,786.5
0.772817,786.75
0.776654,787.0
0.771538,787.25
0.771538,787.5
0.767702,787.75
0.772817,788.0
0.768981,788.25
0.771538,788.5
0.768981,788.75
0.772817,789.0
0.77026,789.25
0.771538,789.5
0.771538,789.75
0.772817,790.0
0.771538,790.25
0.77026,790.5
0.771538,790.75
0.77026,791.0
0.771538,791.25
0.771538,791.5
0.771538,791.75
0.771538,792.0
0.772817,792.25
0.772817,792.5
0.772817,792.75
0.77026,793.0
0.767702,793.25
0.77026,793.5
0.77026,793.75
0.771538,794.0
0.768981,794.25
0.768981,794.5
0.77026,794.75
0.771538,795.0
0.771538,795.25
0.77026,795.5
0.77026,795.75
0.766423,796.0
0.77026,796.25
0.77026,796.5
0.771538,796.75
0.771538,797.0
0.771538,797.25
0.771538,797.5
0.77026,797.75
0.774096,798.0
0.77026,798.25
0.77026,798.5
0.766423,798.75
0.771538,799.0
0.767702,799.25
0.768981,799.5
0.768981,799.75
0.771538,800.0
0.767702,800.25
0.77026,800.5
0.771538,800.75
0.77026,801.0
0.771538,801.25
0.767702,801.5
0.77026,801.75
0.77026,802.0
0.771538,802.25
0.762586,802.5
0.77026,802.75
0.768981,803.0
0.768981,803.25
0.77026,803.5
0.77026,803.75
0.768981,804.0
0.767702,804.25
0.768981,804.5
0.768981,804.75
0.768981,805.0
0.77026,805.25
0.768981,805.5
0.77026,805.75
0.767702,806.0
0.762586,806.25
0.768981,806.5
0.768981,806.75
0.767702,807.0
0.77026,807.25
0.768981,807.5
0.771538,807.75
0.771538,808.0
0.771538,808.25
0.768981,808.5
0.77026,808.75
0.771538,809.0
0.771538,809.25
0.768981,809.5
0.767702,809.75
0.768981,810.0
0.768981,810.25
0.768981,810.5
0.767702,810.75
0.771538,811.0
0.77026,811.25
0.768981,811.5
0.774096,811.75
0.771538,812.0
0.762586,812.25
0.767702,812.5
0.762586,812.75
0.768981,813.0
0.768981,813.25
0.768981,813.5
0.768981,813.75
0.772817,814.0
0.77026,814.25
0.771538,814.5
0.77026,814.75
0.771538,815.0
0.768981,815.25
0.77026,815.5
0.768981,815.75
0.77026,816.0
0.768981,816.25
0.77026,816.5
0.766423,816.75
0.77026,817.0
0.77026,817.25
0.77026,817.5
0.766423,817.75
0.767702,818.0
0.767702,818.25
0.768981,818.5
0.767702,818.75
0.767702,819.0
0.767702,819.25
0.767702,819.5
0.766423,819.75
0.768981,820.0
0.767702,820.25
0.767702,820.5
0.766423,820.75
0.77026,821.0
0.766423,821.25
0.77026,821.5
0.768981,821.75
0.768981,822.0
0.768981,822.25
0.768981,822.5
0.768981,822.75
0.768981,823.0
0.768981,823.25
0.766423,823.5
0.767702,823.75
0.766423,824.0
0.768981,824.25
0.767702,824.5
0.768981,824.75
0.766423,825.0
0.77026,825.25
0.77026,825.5
0.77026,825.75
0.767702,826.0
0.760028,826.25
0.767702,826.5
0.768981,826.75
0.767702,827.0
0.767702,827.25
0.768981,827.5
0.768981,827.75
0.767702,828.0
0.77026,828.25
0.768981,828.5
0.767702,828.75
0.766423,829.0
0.768981,829.25
0.767702,829.5
0.768981,829.75
0.77026,830.0
0.767702,830.25
0.768981,830.5
0.768981,830.75
0.772817,831.0
0.768981,831.25
0.768981,831.5
0.765144,831.75
0.771538,832.0
0.766423,832.25
0.771538,832.5
0.767702,832.75
0.77026,833.0
0.766423,833.25
0.768981,833.5
0.768981,833.75
0.77026,834.0
0.767702,834.25
0.765144,834.5
0.768981,834.75
0.767702,835.0
0.768981,835.25
0.767702,835.5
0.77026,835.75
0.77026,836.0
0.766423,836.25
0.771538,836.5
0.77026,836.75
0.77026,837.0
0.766423,837.25
0.768981,837.5
0.767702,837.75
0.77026,838.0
0.77026,838.25
0.768981,838.5
0.77026,838.75
0.767702,839.0
0.768981,839.25
0.767702,839.5
0.767702,839.75
0.766423,840.0
0.77026,840.25
0.767702,840.5
0.768981,840.75
0.768981,841.0
0.768981,841.25
0.767702,841.5
0.768981,841.75
0.77026,842.0
0.760028,842.25
0.762586,842.5
0.753633,842.75
0.753633,843.0
0.744681,843.25
0.738286,843.5
0.729333,843.75
0.731891,844.0
0.726775,844.25
0.725497,844.5
0.724218,844.75
0.724218,845.0
0.719102,845.25
0.719102,845.5
0.719102,845.75
0.717823,846.0
0.711428,846.25
0.716544,846.5
0.717823,846.75
0.716544,847.0
0.715265,847.25
0.713986,847.5
0.713986,847.75
0.712707,848.0
0.710149,848.25
0.711428,848.5
0.705033,848.75
0.710149,849.0
0.711428,849.25
0.711428,849.5
0.711428,849.75
0.712707,850.0
0.713986,850.25
0.712707,850.5
0.706312,850.75
0.711428,851.0
0.712707,851.25
0.711428,851.5
0.70887,851.75
0.710149,852.0
0.711428,852.25
0.70887,852.5
0.707591,852.75
0.710149,853.0
0.706312,853.25
0.707591,853.5
0.705033,853.75
0.719102,854.0
0.72166,854.25
0.724218,854.5
0.719102,854.75
0.734449,855.0
0.743402,855.25
0.737007,855.5
0.748518,855.75
0.749796,856.0
0.751075,856.25
0.749796,856.5
0.753633,856.75
0.752354,857.0
0.754912,857.25
0.754912,857.5
0.756191,857.75
0.754912,858.0
0.756191,858.25
0.758749,858.5
0.75747,858.75
0.760028,859.0
0.75747,859.25
0.760028,859.5
0.758749,859.75
0.761307,860.0
0.75747,860.25
0.761307,860.5
0.760028,860.75
0.761307,861.0
0.760028,861.25
0.761307,861.5
0.762586,861.75
0.760028,862.0
0.762586,862.25
0.760028,862.5
0.763865,862.75
0.762586,863.0
0.763865,863.25
0.762586,863.5
0.763865,863.75
0.763865,864.0
0.765144,864.25
0.762586,864.5
0.763865,864.75
0.762586,865.0
0.762586,865.25
0.762586,865.5
0.763865,865.75
0.763865,866.0
0.756191,866.25
0.763865,866.5
0.763865,866.75
0.766423,867.0
0.762586,867.25
0.762586,867.5
0.763865,867.75
0.765144,868.0
0.762586,868.25
0.762586,868.5
0.762586,868.75
0.765144,869.0
0.765144,869.25
0.766423,869.5
0.763865,869.75
0.765144,870.0
0.763865,870.25
0.758749,870.5
0.765144,870.75
0.765144,871.0
0.765144,871.25
0.763865,871.5
0.765144,871.75
0.763865,872.0
0.765144,872.25
0.763865,872.5
0.765144,872.75
0.763865,873.0
0.765144,873.25
0.763865,873.5
0.766423,873.75
0.767702,874.0
0.767702,874.25
0.766423,874.5
0.767702,874.75
0.77026,875.0
0.766423,875.25
0.767702,875.5
0.758749,875.75
0.77026,876.0
0.767702,876.25
0.77026,876.5
0.765144,876.75
0.768981,877.0
0.765144,877.25
0.766423,877.5
0.767702,877.75
0.768981,878.0
0.767702,878.25
0.767702,878.5
0.766423,878.75
0.767702,879.0
0.766423,879.25
0.767702,879.5
0.766423,879.75
0.768981,880.0
0.768981,880.25
0.768981,880.5
0.768981,880.75
0.768981,881.0
0.766423,881.25
0.768981,881.5
0.767702,881.75
0.77026,882.0
0.768981,882.25
0.768981,882.5
0.768981,882.75
0.763865,883.0
0.77026,883.25
0.767702,883.5
0.77026,883.75
0.766423,884.0
0.768981,884.25
0.767702,884.5
0.768981,884.75
0.765144,885.0
0.77026,885.25
0.768981,885.5
0.77026,885.75
0.768981,886.0
0.762586,886.25
0.767702,886.5
0.767702,886.75
0.767702,887.0
0.767702,887.25
0.771538,887.5
0.77026,887.75
0.77026,888.0
0.771538,888.25
0.77026,888.5
0.771538,888.75
0.771538,889.0
0.771538,889.25
0.77026,889.5
0.772817,889.75
0.77026,890.0
0.772817,890.25
0.772817,890.5
0.774096,890.75
0.774096,891.0
0.774096,891.25
0.772817,891.5
0.774096,891.75
0.775375,892.0
0.774096,892.25
0.776654,892.5
0.775375,892.75
0.776654,893.0
0.774096,893.25
0.776654,893.5
0.775375,893.75
0.776654,894.0
0.777933,894.25
0.777933,894.5
0.777933,894.75
0.775375,895.0
0.776654,895.25
0.776654,895.5
0.779212,895.75
0.780491,896.0
0.777933,896.25
0.779212,896.5
0.779212,896.75
0.780491,897.0
0.779212,897.25
0.777933,897.5
0.776654,897.75
0.78177,898.0
0.772817,898.25
0.780491,898.5
0.780491,898.75
0.78177,899.0
0.777933,899.25
0.78177,899.5
0.774096,899.75
0.78177,900.0
0.779212,900.25
0.779212,900.5
0.780491,900.75
0.780491,901.0
0.779212,901.25
0.777933,901.5
0.779212,901.75
0.783049,902.0
0.779212,902.25
0.78177,902.5
0.779212,902.75
0.780491,903.0
0.777933,903.25
0.780491,903.5
0.779212,903.75
0.783049,904.0
0.780491,904.25
0.78177,904.5
0.783049,904.75
0.78177,905.0
0.78177,905.25
0.784328,905.5
0.783049,905.75
0.78177,906.0
0.774096,906.25
0.779212,906.5
0.780491,906.75
0.78177,907.0
0.78177,907.25
0.780491,907.5
0.78177,907.75
0.783049,908.0
0.783049,908.25
0.784328,908.5
0.780491,908.75
0.784328,909.0
0.78177,909.25
0.78177,909.5
0.783049,909.75
0.776654,910.0
0.784328,910.25
0.777933,910.5
0.784328,910.75
0.785607,911.0
0.783049,911.25
0.78177,911.5
0.784328,911.75
0.78177,912.0
0.783049,912.25
0.783049,912.5
0.784328,912.75
0.783049,913.0
0.785607,913.25
0.784328,913.5
0.785607,913.75
0.784328,914.0
0.783049,914.25
0.784328,914.5
0.784328,914.75
0.783049,915.0
0.785607,915.25
0.783049,915.5
0.785607,915.75
0.785607,916.0
0.786886,916.25
0.785607,916.5
0.785607,916.75
0.78177,917.0
0.785607,917.25
0.785607,917.5
0.786886,917.75
0.784328,918.0
0.785607,918.25
0.786886,918.5
0.786886,918.75
0.789444,919.0
0.786886,919.25
0.786886,919.5
0.783049,919.75
0.786886,920.0
0.780491,920.25
0.788165,920.5
0.786886,920.75
0.788165,921.0
0.785607,921.25
0.786886,921.5
0.788165,921.75
0.790723,922.0
0.785607,922.25
0.785607,922.5
0.784328,922.75
0.786886,923.0
0.785607,923.25
0.786886,923.5
0.784328,923.75
0.785607,924.0
0.784328,924.25
0.788165,924.5
0.784328,924.75
0.786886,925.0
0.78177,925.25
0.785607,925.5
0.783049,925.75
0.786886,926.0
0.775375,926.25
0.785607,926.5
0.783049,926.75
0.785607,927.0
0.785607,927.25
0.785607,927.5
0.784328,927.75
0.784328,928.0
0.785607,928.25
0.785607,928.5
0.785607,928.75
0.786886,929.0
0.785607,929.25
0.786886,929.5
0.786886,929.75
0.788165,930.0
0.788165,930.25
0.779212,930.5
0.785607,930.75
0.788165,931.0
0.785607,931.25
0.785607,931.5
0.786886,931.75
0.785607,932.0
0.785607,932.25
0.785607,932.5
0.788165,932.75
0.786886,933.0
0.788165,933.25
0.783049,933.5
0.788165,933.75
0.786886,934.0
0.788165,934.25
0.784328,934.5
0.788165,934.75
0.786886,935.0
0.786886,935.25
0.786886,935.5
0.788165,935.75
0.788165,936.0
0.786886,936.25
0.788165,936.5
0.788165,936.75
0.789444,937.0
0.789444,937.25
0.788165,937.5
0.789444,937.75
0.788165,938.0
0.790723,938.25
0.789444,938.5
0.788165,938.75
0.786886,939.0
0.785607,939.25
0.783049,939.5
0.771538,939.75
0.725497,940.0
0.710149,940.25
0.734449,940.5
0.752354,940.75
0.766423,941.0
0.77026,941.25
0.780491,941.5
0.783049,941.75
0.789444,942.0
0.779212,942.25
0.779212,942.5
0.774096,942.75
0.777933,943.0
0.772817,943.25
0.776654,943.5
0.775375,943.75
0.772817,944.0
0.77026,944.25
0.767702,944.5
0.768981,944.75
0.767702,945.0
0.767702,945.25
0.758749,945.5
0.754912,945.75
0.749796,946.0
0.749796,946.25
0.756191,946.5
0.756191,946.75
0.754912,947.0
0.752354,947.25
0.754912,947.5
0.758749,947.75
0.75747,948.0
0.760028,948.25
0.75747,948.5
0.756191,948.75
0.75747,949.0
0.760028,949.25
0.756191,949.5
0.75747,949.75
0.754912,950.0
0.756191,950.25
0.754912,950.5
0.75747,950.75
0.753633,951.0
0.756191,951.25
0.75747,951.5
0.756191,951.75
0.75747,952.0
0.75747,952.25
0.756191,952.5
0.754912,952.75
0.754912,953.0
0.756191,953.25
0.75747,953.5
0.756191,953.75
0.75747,954.0
0.75747,954.25
0.75747,954.5
0.758749,954.75
0.75747,955.0
0.756191,955.25
0.754912,955.5
0.754912,955.75
0.756191,956.0
0.756191,956.25
0.756191,956.5
0.754912,956.75
0.756191,957.0
0.754912,957.25
0.756191,957.5
0.754912,957.75
0.753633,958.0
0.751075,958.25
0.753633,958.5
0.751075,958.75
0.753633,959.0
0.751075,959.25
0.753633,959.5
0.754912,959.75
0.756191,960.0
0.752354,960.25
0.754912,960.5
0.753633,960.75
0.751075,961.0
0.753633,961.25
0.752354,961.5
0.754912,961.75
0.756191,962.0
0.753633,962.25
0.754912,962.5
0.756191,962.75
0.756191,963.0
0.756191,963.25
0.754912,963.5
0.753633,963.75
0.749796,964.0
0.753633,964.25
0.748518,964.5
0.756191,964.75
0.756191,965.0
0.754912,965.25
0.753633,965.5
0.756191,965.75
0.756191,966.0
0.748518,966.25
0.751075,966.5
0.754912,966.75
0.753633,967.0
0.756191,967.25
0.753633,967.5
0.762586,967.75
0.763865,968.0
0.768981,968.25
0.77026,968.5
0.768981,968.75
0.766423,969.0
0.766423,969.25
0.766423,969.5
0.766423,969.75
0.765144,970.0
0.766423,970.25
0.765144,970.5
0.766423,970.75
0.766423,971.0
0.767702,971.25
0.765144,971.5
0.766423,971.75
0.765144,972.0
0.766423,972.25
0.763865,972.5
0.766423,972.75
0.765144,973.0
0.767702,973.25
0.763865,973.5
0.766423,973.75
0.766423,974.0
0.766423,974.25
0.763865,974.5
0.763865,974.75
0.768981,975.0
0.768981,975.25
0.77026,975.5
0.768981,975.75
0.766423,976.0
0.766423,976.25
0.766423,976.5
0.763865,976.75
0.761307,977.0
0.765144,977.25
0.763865,977.5
0.762586,977.75
0.75747,978.0
0.752354,978.25
0.766423,978.5
0.774096,978.75
0.774096,979.0
0.771538,979.25
0.775375,979.5
0.774096,979.75
0.777933,980.0
0.766423,980.25
0.766423,980.5
0.761307,980.75
0.762586,981.0
0.761307,981.25
0.762586,981.5
0.753633,981.75
0.785607,982.0
0.780491,982.25
0.776654,982.5
0.77026,982.75
0.763865,983.0
0.771538,983.25
0.775375,983.5
0.775375,983.75
0.774096,984.0
0.772817,984.25
0.776654,984.5
0.780491,984.75
0.784328,985.0
0.78177,985.25
0.780491,985.5
0.775375,985.75
0.774096,986.0
0.766423,986.25
0.766423,986.5
0.774096,986.75
0.774096,987.0
0.776654,987.25
0.780491,987.5
0.784328,987.75
0.783049,988.0
0.78177,988.25
0.776654,988.5
0.774096,988.75
0.776654,989.0
0.775375,989.25
0.784328,989.5
0.780491,989.75
0.774096,990.0
0.774096,990.25
0.774096,990.5
0.775375,990.75
0.775375,991.0
0.774096,991.25
0.775375,991.5
0.774096,991.75
0.774096,992.0
0.771538,992.25
0.768981,992.5
0.772817,992.75
0.768981,993.0
0.77026,993.25
0.766423,993.5
0.767702,993.75
0.762586,994.0
0.765144,994.25
0.761307,994.5
0.762586,994.75
0.761307,995.0
0.762586,995.25
0.760028,995.5
0.761307,995.75
0.761307,996.0
0.760028,996.25
0.75747,996.5
0.756191,996.75
0.75747,997.0
0.758749,997.25
0.756191,997.5
0.75747,997.75
0.75747,998.0
0.756191,998.25
0.75747,998.5
0.756191,998.75
0.756191,999.0
0.754912,999.25
0.751075,999.5
0.754912,999.75
0.753633,1000.0
0.752354,1000.25
0.751075,1000.5
0.74596,1000.75
0.752354,1001.0
0.752354,1001.25
0.753633,1001.5
0.749796,1001.75
0.752354,1002.0
0.748518,1002.25
0.751075,1002.5
0.747239,1002.75
0.752354,1003.0
0.748518,1003.25
0.749796,1003.5
0.747239,1003.75
0.748518,1004.0
0.748518,1004.25
0.748518,1004.5
0.747239,1004.75
0.74596,1005.0
0.747239,1005.25
0.74596,1005.5
0.74596,1005.75
0.747239,1006.0
0.738286,1006.25
0.744681,1006.5
0.74596,1006.75
0.748518,1007.0
0.74596,1007.25
0.74596,1007.5
0.743402,1007.75
0.744681,1008.0
0.74596,1008.25
0.744681,1008.5
0.742123,1008.75
0.743402,1009.0
0.744681,1009.25
0.743402,1009.5
0.744681,1009.75
0.743402,1010.0
0.743402,1010.25
0.740844,1010.5
0.743402,1010.75
0.734449,1011.0
0.743402,1011.25
0.742123,1011.5
0.743402,1011.75
0.743402,1012.0
0.743402,1012.25
0.742123,1012.5
0.742123,1012.75
0.739565,1013.0
0.739565,1013.25
0.739565,1013.5
0.739565,1013.75
0.740844,1014.0
0.740844,1014.25
0.740844,1014.5
0.739565,1014.75
0.740844,1015.0
0.740844,1015.25
0.740844,1015.5
0.740844,1015.75
0.737007,1016.0
0.742123,1016.25
0.738286,1016.5
0.740844,1016.75
0.735728,1017.0
0.739565,1017.25
0.737007,1017.5
0.739565,1017.75
0.738286,1018.0
0.738286,1018.25
0.738286,1018.5
0.737007,1018.75
0.737007,1019.0
0.737007,1019.25
0.735728,1019.5
0.738286,1019.75
0.737007,1020.0
0.737007,1020.25
0.737007,1020.5
0.738286,1020.75
0.737007,1021.0
0.737007,1021.25
0.73317,1021.5
0.735728,1021.75
0.73317,1022.0
0.737007,1022.25
0.735728,1022.5
0.737007,1022.75
0.73317,1023.0
0.735728,1023.25
0.734449,1023.5
0.735728,1023.75
0.734449,1024.0
0.734449,1024.25
0.734449,1024.5
0.734449,1024.75
0.73317,1025.0
0.731891,1025.25
0.734449,1025.5
0.734449,1025.75
0.734449,1026.0
0.726775,1026.25
0.734449,1026.5
0.73317,1026.75
0.730612,1027.0
0.73317,1027.25
0.730612,1027.5
0.73317,1027.75
0.73317,1028.0
0.73317,1028.25
0.73317,1028.5
0.734449,1028.75
0.734449,1029.0
0.731891,1029.25
0.730612,1029.5
0.730612,1029.75
0.73317,1030.0
0.730612,1030.25
0.730612,1030.5
0.730612,1030.75
0.731891,1031.0
0.734449,1031.25
0.747239,1031.5
0.763865,1031.75
0.762586,1032.0
0.756191,1032.25
0.743402,1032.5
0.742123,1032.75
0.739565,1033.0
0.739565,1033.25
0.739565,1033.5
0.751075,1033.75
0.753633,1034.0
0.751075,1034.25
0.743402,1034.5
0.743402,1034.75
0.740844,1035.0
0.738286,1035.25
0.739565,1035.5
0.738286,1035.75
0.738286,1036.0
0.739565,1036.25
0.749796,1036.5
0.744681,1036.75
0.743402,1037.0
0.74596,1037.25
0.744681,1037.5
0.742123,1037.75
0.743402,1038.0
0.749796,1038.25
0.747239,1038.5
0.74596,1038.75
0.744681,1039.0
0.747239,1039.25
0.744681,1039.5
0.74596,1039.75
0.748518,1040.0
0.747239,1040.25
0.748518,1040.5
0.74596,1040.75
0.747239,1041.0
0.744681,1041.25
0.744681,1041.5
0.74596,1041.75
0.74596,1042.0
0.743402,1042.25
0.739565,1042.5
0.751075,1042.75
0.756191,1043.0
0.753633,1043.25
0.747239,1043.5
0.748518,1043.75
0.74596,1044.0
0.747239,1044.25
0.748518,1044.5
0.748518,1044.75
0.747239,1045.0
0.743402,1045.25
0.74596,1045.5
0.744681,1045.75
0.74596,1046.0
0.737007,1046.25
0.743402,1046.5
0.739565,1046.75
0.744681,1047.0
0.740844,1047.25
0.740844,1047.5
0.739565,1047.75
0.740844,1048.0
0.740844,1048.25
0.742123,1048.5
0.738286,1048.75
0.738286,1049.0
0.737007,1049.25
0.739565,1049.5
0.742123,1049.75
0.743402,1050.0
0.744681,1050.25
0.747239,1050.5
0.747239,1050.75
0.749796,1051.0
0.748518,1051.25
0.748518,1051.5
0.744681,1051.75
0.748518,1052.0
0.744681,1052.25
0.747239,1052.5
0.74596,1052.75
0.74596,1053.0
0.74596,1053.25
0.743402,1053.5
0.744681,1053.75
0.742123,1054.0
0.742123,1054.25
0.740844,1054.5
0.744681,1054.75
0.739565,1055.0
0.744681,1055.25
0.743402,1055.5
0.743402,1055.75
0.742123,1056.0
0.74596,1056.25
0.747239,1056.5
0.744681,1056.75
0.743402,1057.0
0.744681,1057.25
0.742123,1057.5
0.743402,1057.75
0.744681,1058.0
0.740844,1058.25
0.743402,1058.5
0.743402,1058.75
0.742123,1059.0
0.743402,1059.25
0.743402,1059.5
0.743402,1059.75
0.742123,1060.0
0.743402,1060.25
0.744681,1060.5
0.743402,1060.75
0.743402,1061.0
0.743402,1061.25
0.743402,1061.5
0.743402,1061.75
0.747239,1062.0
0.743402,1062.25
0.743402,1062.5
0.735728,1062.75
0.744681,1063.0
0.738286,1063.25
0.743402,1063.5
0.737007,1063.75
0.74596,1064.0
0.742123,1064.25
0.744681,1064.5
0.744681,1064.75
0.74596,1065.0
0.744681,1065.25
0.742123,1065.5
0.744681,1065.75
0.74596,1066.0
0.737007,1066.25
0.739565,1066.5
0.743402,1066.75
0.744681,1067.0
0.742123,1067.25
0.744681,1067.5
0.740844,1067.75
0.743402,1068.0
0.739565,1068.25
0.742123,1068.5
0.740844,1068.75
0.743402,1069.0
0.740844,1069.25
0.743402,1069.5
0.742123,1069.75
0.743402,1070.0
0.742123,1070.25
0.744681,1070.5
0.743402,1070.75
0.742123,1071.0
0.744681,1071.25
0.744681,1071.5
0.742123,1071.75
0.74596,1072.0
0.744681,1072.25
0.742123,1072.5
0.747239,1072.75
0.737007,1073.0
0.743402,1073.25
0.743402,1073.5
0.742123,1073.75
0.74596,1074.0
0.751075,1074.25
0.751075,1074.5
0.751075,1074.75
0.756191,1075.0
0.760028,1075.25
0.760028,1075.5
0.762586,1075.75
0.752354,1076.0
0.749796,1076.25
0.754912,1076.5
0.742123,1076.75
0.738286,1077.0
0.754912,1077.25
0.754912,1077.5
0.756191,1077.75
0.75747,1078.0
0.754912,1078.25
0.756191,1078.5
0.754912,1078.75
0.756191,1079.0
0.754912,1079.25
0.75747,1079.5
0.753633,1079.75
0.753633,1080.0
0.758749,1080.25
0.756191,1080.5
0.751075,1080.75
0.754912,1081.0
0.753633,1081.25
0.754912,1081.5
0.753633,1081.75
0.752354,1082.0
0.751075,1082.25
0.752354,1082.5
0.751075,1082.75
0.748518,1083.0
0.749796,1083.25
0.751075,1083.5
0.748518,1083.75
0.753633,1084.0
0.753633,1084.25
0.756191,1084.5
0.75747,1084.75
0.760028,1085.0
0.760028,1085.25
0.766423,1085.5
0.777933,1085.75
0.780491,1086.0
0.779212,1086.25
0.779212,1086.5
0.780491,1086.75
0.772817,1087.0
0.743402,1087.25
0.685849,1087.5
0.734449,1087.75
0.756191,1088.0
0.780491,1088.25
0.790723,1088.5
0.793281,1088.75
0.784328,1089.0
0.788165,1089.25
0.789444,1089.5
0.789444,1089.75
0.789444,1090.0
0.792002,1090.25
0.795838,1090.5
0.795838,1090.75
0.793281,1091.0
0.786886,1091.25
0.793281,1091.5
0.792002,1091.75
0.790723,1092.0
0.793281,1092.25
0.789444,1092.5
0.789444,1092.75
0.785607,1093.0
0.785607,1093.25
0.784328,1093.5
0.777933,1093.75
0.786886,1094.0
0.784328,1094.25
0.785607,1094.5
0.784328,1094.75
0.785607,1095.0
0.78177,1095.25
0.78177,1095.5
0.779212,1095.75
0.786886,1096.0
0.783049,1096.25
0.786886,1096.5
0.784328,1096.75
0.786886,1097.0
0.780491,1097.25
0.783049,1097.5
0.78177,1097.75
0.783049,1098.0
0.78177,1098.25
0.777933,1098.5
0.78177,1098.75
0.779212,1099.0
0.779212,1099.25
0.776654,1099.5
0.780491,1099.75
0.777933,1100.0
0.779212,1100.25
0.780491,1100.5
0.779212,1100.75
0.777933,1101.0
0.776654,1101.25
0.777933,1101.5
0.777933,1101.75
0.780491,1102.0
0.780491,1102.25
0.777933,1102.5
0.779212,1102.75
0.776654,1103.0
0.777933,1103.25
0.775375,1103.5
0.776654,1103.75
0.775375,1104.0
0.775375,1104.25
0.774096,1104.5
0.775375,1104.75
0.776654,1105.0
0.775375,1105.25
0.774096,1105.5
0.776654,1105.75
0.777933,1106.0
0.77026,1106.25
0.774096,1106.5
0.765144,1106.75
0.776654,1107.0
0.771538,1107.25
0.774096,1107.5
0.772817,1107.75
0.775375,1108.0
0.772817,1108.25
0.775375,1108.5
0.775375,1108.75
0.775375,1109.0
0.772817,1109.25
0.771538,1109.5
0.771538,1109.75
0.77026,1110.0
0.77026,1110.25
0.771538,1110.5
0.771538,1110.75
0.772817,1111.0
0.771538,1111.25
0.771538,1111.5
0.771538,1111.75
0.774096,1112.0
0.77026,1112.25
0.774096,1112.5
0.772817,1112.75
0.774096,1113.0
0.775375,1113.25
0.774096,1113.5
0.774096,1113.75
0.772817,1114.0
0.774096,1114.25
0.772817,1114.5
0.772817,1114.75
0.768981,1115.0
0.77026,1115.25
0.768981,1115.5
0.77026,1115.75
0.767702,1116.0
0.771538,1116.25
0.77026,1116.5
0.771538,1116.75
0.771538,1117.0
0.771538,1117.25
0.77026,1117.5
0.767702,1117.75
0.77026,1118.0
0.768981,1118.25
0.77026,1118.5
0.768981,1118.75
0.768981,1119.0
0.768981,1119.25
0.768981,1119.5
0.77026,1119.75
0.77026,1120.0
0.766423,1120.25
0.766423,1120.5
0.767702,1120.75
0.766423,1121.0
0.760028,1121.25
0.767702,1121.5
0.758749,1121.75
0.767702,1122.0
0.766423,1122.25
0.767702,1122.5
0.765144,1122.75
0.767702,1123.0
0.762586,1123.25
0.765144,1123.5
0.758749,1123.75
0.767702,1124.0
0.760028,1124.25
0.766423,1124.5
0.762586,1124.75
0.765144,1125.0
0.765144,1125.25
0.766423,1125.5
0.762586,1125.75
0.762586,1126.0
0.754912,1126.25
0.760028,1126.5
0.760028,1126.75
0.762586,1127.0
0.761307,1127.25
0.762586,1127.5
0.760028,1127.75
0.763865,1128.0
0.762586,1128.25
0.762586,1128.5
0.761307,1128.75
0.762586,1129.0
0.761307,1129.25
0.762586,1129.5
0.762586,1129.75
0.761307,1130.0
0.758749,1130.25
0.761307,1130.5
0.761307,1130.75
0.761307,1131.0
0.761307,1131.25
0.75747,1131.5
0.758749,1131.75
0.760028,1132.0
0.760028,1132.25
0.758749,1132.5
0.758749,1132.75
0.758749,1133.0
0.760028,1133.25
0.761307,1133.5
0.760028,1133.75
0.762586,1134.0
0.758749,1134.25
0.760028,1134.5
0.760028,1134.75
0.761307,1135.0
0.761307,1135.25
0.760028,1135.5
0.761307,1135.75
0.760028,1136.0
0.761307,1136.25
0.753633,1136.5
0.760028,1136.75
0.760028,1137.0
0.760028,1137.25
0.75747,1137.5
0.760028,1137.75
0.758749,1138.0
0.75747,1138.25
0.754912,1138.5
0.75747,1138.75
0.75747,1139.0
0.75747,1139.25
0.756191,1139.5
0.75747,1139.75
0.756191,1140.0
0.756191,1140.25
0.75747,1140.5
0.754912,1140.75
0.75747,1141.0
0.756191,1141.25
0.756191,1141.5
0.758749,1141.75
0.756191,1142.0
0.754912,1142.25
0.753633,1142.5
0.753633,1142.75
0.754912,1143.0
0.751075,1143.25
0.754912,1143.5
0.751075,1143.75
0.752354,1144.0
0.753633,1144.25
0.754912,1144.5
0.756191,1144.75
0.756191,1145.0
0.753633,1145.25
0.75747,1145.5
0.75747,1145.75
0.758749,1146.0
0.752354,1146.25
0.748518,1146.5
0.752354,1146.75
0.751075,1147.0
0.753633,1147.25
0.753633,1147.5
0.754912,1147.75
0.748518,1148.0
0.751075,1148.25
0.747239,1148.5
0.749796,1148.75
0.744681,1149.0
0.747239,1149.25
0.747239,1149.5
0.74596,1149.75
0.747239,1150.0
0.74596,1150.25
0.74596,1150.5
0.743402,1150.75
0.743402,1151.0
0.742123,1151.25
0.744681,1151.5
0.740844,1151.75
0.743402,1152.0
0.742123,1152.25
0.742123,1152.5
0.742123,1152.75
0.743402,1153.0
0.739565,1153.25
0.739565,1153.5
0.738286,1153.75
0.739565,1154.0
0.737007,1154.25
0.738286,1154.5
0.735728,1154.75
0.735728,1155.0
0.735728,1155.25
0.738286,1155.5
0.735728,1155.75
0.738286,1156.0
0.73317,1156.25
0.735728,1156.5
0.73317,1156.75
0.735728,1157.0
0.731891,1157.25
0.735728,1157.5
0.734449,1157.75
0.735728,1158.0
0.735728,1158.25
0.734449,1158.5
0.734449,1158.75
0.731891,1159.0
0.730612,1159.25
0.722939,1159.5
0.730612,1159.75
0.731891,1160.0
0.731891,1160.25
0.731891,1160.5
0.730612,1160.75
0.730612,1161.0
0.726775,1161.25
0.726775,1161.5
0.725497,1161.75
0.728054,1162.0
0.725497,1162.25
0.726775,1162.5
0.728054,1162.75
0.728054,1163.0
0.726775,1163.25
0.72166,1163.5
0.729333,1163.75
0.729333,1164.0
0.728054,1164.25
0.724218,1164.5
0.726775,1164.75
0.724218,1165.0
0.726775,1165.25
0.72166,1165.5
0.725497,1165.75
0.722939,1166.0
0.719102,1166.25
0.724218,1166.5
0.724218,1166.75
0.722939,1167.0
0.724218,1167.25
0.722939,1167.5
0.722939,1167.75
0.722939,1168.0
0.722939,1168.25
0.722939,1168.5
0.722939,1168.75
0.72166,1169.0
0.722939,1169.25
0.720381,1169.5
0.722939,1169.75
0.720381,1170.0
0.722939,1170.25
0.720381,1170.5
0.722939,1170.75
0.72166,1171.0
0.72166,1171.25
0.719102,1171.5
0.72166,1171.75
0.724218,1172.0
0.720381,1172.25
0.72166,1172.5
0.720381,1172.75
0.72166,1173.0
0.715265,1173.25
0.720381,1173.5
0.713986,1173.75
0.716544,1174.0
0.703754,1174.25
0.719102,1174.5
0.722939,1174.75
0.724218,1175.0
0.722939,1175.25
0.725497,1175.5
0.726775,1175.75
0.731891,1176.0
0.73317,1176.25
0.737007,1176.5
0.735728,1176.75
0.738286,1177.0
0.735728,1177.25
0.735728,1177.5
0.734449,1177.75
0.734449,1178.0
0.730612,1178.25
0.73317,1178.5
0.729333,1178.75
0.73317,1179.0
0.731891,1179.25
0.731891,1179.5
0.730612,1179.75
0.731891,1180.0
0.730612,1180.25
0.728054,1180.5
0.726775,1180.75
0.725497,1181.0
0.728054,1181.25
0.726775,1181.5
0.729333,1181.75
0.725497,1182.0
0.729333,1182.25
0.728054,1182.5
0.729333,1182.75
0.728054,1183.0
0.728054,1183.25
0.725497,1183.5
0.725497,1183.75
0.724218,1184.0
0.725497,1184.25
0.724218,1184.5
0.725497,1184.75
0.724218,1185.0
0.725497,1185.25
0.725497,1185.5
0.725497,1185.75
0.724218,1186.0
0.717823,1186.25
0.72166,1186.5
0.722939,1186.75
0.724218,1187.0
0.722939,1187.25
0.724218,1187.5
0.722939,1187.75
0.724218,1188.0
0.722939,1188.25
0.722939,1188.5
0.715265,1188.75
0.724218,1189.0
0.719102,1189.25
0.720381,1189.5
0.719102,1189.75
0.722939,1190.0
0.716544,1190.25
0.720381,1190.5
0.720381,1190.75
0.720381,1191.0
0.72166,1191.25
0.720381,1191.5
0.719102,1191.75
0.717823,1192.0
0.717823,1192.25
0.717823,1192.5
0.717823,1192.75
0.719102,1193.0
0.719102,1193.25
0.719102,1193.5
0.719102,1193.75
0.719102,1194.0
0.716544,1194.25
0.716544,1194.5
0.716544,1194.75
0.717823,1195.0
0.716544,1195.25
0.716544,1195.5
0.716544,1195.75
0.716544,1196.0
0.715265,1196.25
0.713986,1196.5
0.715265,1196.75
0.715265,1197.0
0.715265,1197.25
0.712707,1197.5
0.716544,1197.75
0.711428,1198.0
0.713986,1198.25
0.707591,1198.5
0.711428,1198.75
0.70887,1199.0
0.710149,1199.25
0.710149,1199.5
0.710149,1199.75
0.711428,1200.0
0.707591,1200.25
0.711428,1200.5
0.70887,1200.75
0.711428,1201.0
0.703754,1201.25
0.711428,1201.5
0.70887,1201.75
0.711428,1202.0
0.710149,1202.25
0.710149,1202.5
0.707591,1202.75
0.70887,1203.0
0.706312,1203.25
0.706312,1203.5
0.705033,1203.75
0.707591,1204.0
0.70887,1204.25
0.706312,1204.5
0.707591,1204.75
0.70887,1205.0
0.707591,1205.25
0.707591,1205.5
0.707591,1205.75
0.699918,1206.0
0.699918,1206.25
0.706312,1206.5
0.703754,1206.75
0.703754,1207.0
0.706312,1207.25
0.703754,1207.5
0.705033,1207.75
0.703754,1208.0
0.703754,1208.25
0.699918,1208.5
0.702476,1208.75
0.699918,1209.0
0.703754,1209.25
0.702476,1209.5
0.703754,1209.75
0.702476,1210.0
0.702476,1210.25
0.701197,1210.5
0.703754,1210.75
0.703754,1211.0
0.699918,1211.25
0.702476,1211.5
0.699918,1211.75
0.703754,1212.0
0.701197,1212.25
0.702476,1212.5
0.698639,1212.75
0.702476,1213.0
0.702476,1213.25
0.701197,1213.5
0.699918,1213.75
0.698639,1214.0
0.698639,1214.25
0.698639,1214.5
0.69736,1214.75
0.698639,1215.0
0.702476,1215.25
0.710149,1215.5
0.715265,1215.75
0.712707,1216.0
0.710149,1216.25
0.694802,1216.5
0.66027,1216.75
0.66027,1217.0
0.642365,1217.25
0.655155,1217.5
0.661549,1217.75
0.675618,1218.0
0.669223,1218.25
0.64876,1218.5
0.679455,1218.75
0.692244,1219.0
0.693523,1219.25
0.693523,1219.5
0.689686,1219.75
0.682012,1220.0
0.674339,1220.25
0.698639,1220.5
0.699918,1220.75
0.702476,1221.0
0.702476,1221.25
0.69736,1221.5
0.693523,1221.75
0.701197,1222.0
0.703754,1222.25
0.712707,1222.5
0.705033,1222.75
0.715265,1223.0
0.703754,1223.25
0.664107,1223.5
0.639807,1223.75
0.623181,1224.0
0.611671,1224.25
0.603997,1224.5
0.593765,1224.75
0.570744,1225.0
0.51575,1225.25
0.508076,1225.5
0.514471,1225.75
0.514471,1226.0
0.508076,1226.25
0.505518,1226.5
0.574512,1226.75
0.568117,1227.0
0.571954,1227.25
0.569396,1227.5
0.566839,1227.75
0.571954,1228.0
0.569396,1228.25
0.56556,1228.5
0.564281,1228.75
0.561723,1229.0
0.557886,1229.25
0.559165,1229.5
0.560444,1229.75
0.557886,1230.0
0.555328,1230.25
0.551491,1230.5
0.550212,1230.75
0.542539,1231.0
0.538702,1231.25
0.533586,1231.5
0.525912,1231.75
0.531028,1232.0
0.527191,1232.25
0.525912,1232.5
0.523354,1232.75
0.522075,1233.0
0.51696,1233.25
0.51696,1233.5
0.513123,1233.75
0.513123,1234.0
0.510565,1234.25
0.511844,1234.5
0.509286,1234.75
0.510565,1235.0
0.513123,1235.25
0.509286,1235.5
0.51696,1235.75
0.51696,1236.0
0.51696,1236.25
0.51696,1236.5
0.514402,1236.75
0.493939,1237.0
0.537423,1237.25
0.639738,1237.5
0.583465,1237.75
0.648691,1238.0
0.690896,1238.25
0.702407,1238.5
0.701128,1238.75
0.708801,1239.0
0.711359,1239.25
0.711359,1239.5
0.715196,1239.75
0.720312,1240.0
0.713917,1240.25
0.72287,1240.5
0.727985,1240.75
0.729264,1241.0
0.726707,1241.25
0.726707,1241.5
0.730543,1241.75
0.733101,1242.0
0.731822,1242.25
0.73438,1242.5
0.735659,1242.75
0.738217,1243.0
0.740775,1243.25
0.745891,1243.5
0.745891,1243.75
0.749727,1244.0
0.744612,1244.25
0.749727,1244.5
0.749727,1244.75
0.748449,1245.0
0.751006,1245.25
0.751006,1245.5
0.754843,1245.75
0.753564,1246.0
0.74717,1246.25
0.754843,1246.5
0.75868,1246.75
0.756122,1247.0
0.761238,1247.25
0.761238,1247.5
0.761238,1247.75
0.761238,1248.0
0.761238,1248.25
0.763796,1248.5
0.761238,1248.75
0.765075,1249.0
0.762517,1249.25
0.763796,1249.5
0.759959,1249.75
0.765075,1250.0
0.765075,1250.25
0.759959,1250.5
0.767633,1250.75
0.765075,1251.0
0.766354,1251.25
0.765075,1251.5
0.766354,1251.75
0.765075,1252.0
0.766354,1252.25
0.763796,1252.5
0.767633,1252.75
0.768912,1253.0
0.768912,1253.25
0.768912,1253.5
0.770191,1253.75
0.77147,1254.0
0.770191,1254.25
0.767633,1254.5
0.770191,1254.75
0.772748,1255.0
0.770191,1255.25
0.774027,1255.5
0.774027,1255.75
0.775306,1256.0
0.772748,1256.25
0.772748,1256.5
0.775306,1256.75
0.775306,1257.0
0.780422,1257.25
0.776585,1257.5
0.779143,1257.75
0.775306,1258.0
0.780422,1258.25
0.779143,1258.5
0.780422,1258.75
0.781701,1259.0
0.780422,1259.25
0.779143,1259.5
0.777864,1259.75
0.781701,1260.0
0.777864,1260.25
0.779143,1260.5
0.774027,1260.75
0.779143,1261.0
0.777864,1261.25
0.779143,1261.5
0.779143,1261.75
0.780422,1262.0
0.779143,1262.25
0.780422,1262.5
0.78298,1262.75
0.779143,1263.0
0.780422,1263.25
0.775306,1263.5
0.78298,1263.75
0.781701,1264.0
0.781701,1264.25
0.779143,1264.5
0.774027,1264.75
0.784259,1265.0
0.780422,1265.25
0.78298,1265.5
0.780422,1265.75
0.78298,1266.0
0.770191,1266.25
0.779143,1266.5
0.780422,1266.75
0.78298,1267.0
0.781701,1267.25
0.78298,1267.5
0.784259,1267.75
0.784259,1268.0
0.784259,1268.25
0.78298,1268.5
0.785538,1268.75
0.780422,1269.0
0.786817,1269.25
0.784259,1269.5
0.784259,1269.75
0.78298,1270.0
0.784259,1270.25
0.784259,1270.5
0.785538,1270.75
0.785538,1271.0
0.785538,1271.25
0.786817,1271.5
0.78298,1271.75
0.788096,1272.0
0.785538,1272.25
0.786817,1272.5
0.781701,1272.75
0.788096,1273.0
0.784259,1273.25
0.785538,1273.5
0.786817,1273.75
0.785538,1274.0
0.784259,1274.25
0.78298,1274.5
0.784259,1274.75
0.785538,1275.0
0.785538,1275.25
0.785538,1275.5
0.785538,1275.75
0.785538,1276.0
0.785538,1276.25
0.780422,1276.5
0.786817,1276.75
0.785538,1277.0
0.78298,1277.25
0.784259,1277.5
0.788096,1277.75
0.785538,1278.0
0.786817,1278.25
0.785538,1278.5
0.78298,1278.75
0.784259,1279.0
0.785538,1279.25
0.785538,1279.5
0.785538,1279.75
0.78298,1280.0
0.785538,1280.25
0.785538,1280.5
0.785538,1280.75
0.785538,1281.0
0.785538,1281.25
0.788096,1281.5
0.785538,1281.75
0.789375,1282.0
0.785538,1282.25
0.786817,1282.5
0.78298,1282.75
0.788096,1283.0
0.784259,1283.25
0.786817,1283.5
0.786817,1283.75
0.788096,1284.0
0.788096,1284.25
0.788096,1284.5
0.788096,1284.75
0.790654,1285.0
0.790654,1285.25
0.785538,1285.5
0.791933,1285.75
0.786817,1286.0
0.781701,1286.25
0.788096,1286.5
0.791933,1286.75
0.789375,1287.0
0.790654,1287.25
0.789375,1287.5
0.789375,1287.75
0.790654,1288.0
0.785538,1288.25
0.788096,1288.5
0.789375,1288.75
0.791933,1289.0
0.78298,1289.25
0.790654,1289.5
0.789375,1289.75
0.791933,1290.0
0.790654,1290.25
0.789375,1290.5
0.786817,1290.75
0.786817,1291.0
0.788096,1291.25
0.789375,1291.5
0.786817,1291.75
0.790654,1292.0
0.789375,1292.25
0.789375,1292.5
0.789375,1292.75
0.790654,1293.0
0.788096,1293.25
0.789375,1293.5
0.786817,1293.75
0.793212,1294.0
0.791933,1294.25
0.790654,1294.5
0.790654,1294.75
0.789375,1295.0
0.788096,1295.25
0.788096,1295.5
0.791933,1295.75
0.786817,1296.0
0.788096,1296.25
0.785538,1296.5
0.789375,1296.75
0.788096,1297.0
0.789375,1297.25
0.786817,1297.5
0.791933,1297.75
0.790654,1298.0
0.790654,1298.25
0.790654,1298.5
0.790654,1298.75
0.793212,1299.0
0.786817,1299.25
0.791933,1299.5
0.789375,1299.75
0.791933,1300.0
0.789375,1300.25
0.790654,1300.5
0.790654,1300.75
0.793212,1301.0
0.791933,1301.25
0.791933,1301.5
0.789375,1301.75
0.788096,1302.0
0.789375,1302.25
0.790654,1302.5
0.791933,1302.75
0.794491,1303.0
0.790654,1303.25
0.789375,1303.5
0.791933,1303.75
0.795769,1304.0
0.793212,1304.25
0.791933,1304.5
0.788096,1304.75
0.790654,1305.0
0.790654,1305.25
0.788096,1305.5
0.790654,1305.75
0.788096,1306.0
0.78298,1306.25
0.790654,1306.5
0.791933,1306.75
0.789375,1307.0
0.790654,1307.25
0.788096,1307.5
0.785538,1307.75
0.790654,1308.0
0.791933,1308.25
0.791933,1308.5
0.789375,1308.75
0.793212,1309.0
0.790654,1309.25
0.786817,1309.5
0.790654,1309.75
0.793212,1310.0
0.788096,1310.25
0.790654,1310.5
0.791933,1310.75
0.791933,1311.0
0.791933,1311.25
0.790654,1311.5
0.791933,1311.75
0.791933,1312.0
0.791933,1312.25
0.790654,1312.5
0.791933,1312.75
0.786817,1313.0
0.791933,1313.25
0.789375,1313.5
0.793212,1313.75
0.786817,1314.0
0.791933,1314.25
0.789375,1314.5
0.790654,1314.75
0.790654,1315.0
0.790654,1315.25
0.790654,1315.5
0.786817,1315.75
0.790654,1316.0
0.789375,1316.25
0.789375,1316.5
0.790654,1316.75
0.791933,1317.0
0.790654,1317.25
0.790654,1317.5
0.795769,1317.75
0.795769,1318.0
0.793212,1318.25
0.790654,1318.5
0.793212,1318.75
0.797048,1319.0
0.793212,1319.25
0.794491,1319.5
0.790654,1319.75
0.790654,1320.0
0.791933,1320.25
0.794491,1320.5
0.791933,1320.75
0.791933,1321.0
0.788096,1321.25
0.791933,1321.5
0.793212,1321.75
0.791933,1322.0
0.790654,1322.25
0.793212,1322.5
0.789375,1322.75
0.790654,1323.0
0.791933,1323.25
0.790654,1323.5
0.791933,1323.75
0.789375,1324.0
0.791933,1324.25
0.791933,1324.5
0.793212,1324.75
0.784259,1325.0
0.791933,1325.25
0.785538,1325.5
0.793212,1325.75
0.788096,1326.0
0.785538,1326.25
0.790654,1326.5
0.789375,1326.75
0.793212,1327.0
0.791933,1327.25
0.791933,1327.5
0.793212,1327.75
0.793212,1328.0
0.790654,1328.25
0.790654,1328.5
0.793212,1328.75
0.791933,1329.0
0.793212,1329.25
0.786817,1329.5
0.790654,1329.75
0.789375,1330.0
0.791933,1330.25
0.788096,1330.5
0.791933,1330.75
0.793212,1331.0
0.791933,1331.25
0.791933,1331.5
0.789375,1331.75
0.788096,1332.0
0.784259,1332.25
0.789375,1332.5
0.789375,1332.75
0.789375,1333.0
0.790654,1333.25
0.790654,1333.5
0.789375,1333.75
0.790654,1334.0
0.789375,1334.25
0.789375,1334.5
0.789375,1334.75
0.786817,1335.0
0.789375,1335.25
0.789375,1335.5
0.790654,1335.75
0.788096,1336.0
0.788096,1336.25
0.786817,1336.5
0.789375,1336.75
0.791933,1337.0
0.78298,1337.25
0.788096,1337.5
0.78298,1337.75
0.789375,1338.0
0.786817,1338.25
0.788096,1338.5
0.784259,1338.75
0.789375,1339.0
0.785538,1339.25
0.788096,1339.5
0.788096,1339.75
0.788096,1340.0
0.786817,1340.25
0.784259,1340.5
0.786817,1340.75
0.786817,1341.0
0.785538,1341.25
0.788096,1341.5
0.786817,1341.75
0.789375,1342.0
0.786817,1342.25
0.786817,1342.5
0.788096,1342.75
0.788096,1343.0
0.784259,1343.25
0.789375,1343.5
0.788096,1343.75
0.786817,1344.0
0.786817,1344.25
0.786817,1344.5
0.786817,1344.75
0.789375,1345.0
0.788096,1345.25
0.781701,1345.5
0.786817,1345.75
0.776585,1346.0
0.779143,1346.25
0.786817,1346.5
0.785538,1346.75
0.784259,1347.0
0.786817,1347.25
0.785538,1347.5
0.785538,1347.75
0.788096,1348.0
0.785538,1348.25
0.784259,1348.5
0.784259,1348.75
0.784259,1349.0
0.786817,1349.25
0.785538,1349.5
0.785538,1349.75
0.784259,1350.0
0.785538,1350.25
0.785538,1350.5
0.785538,1350.75
0.788096,1351.0
0.786817,1351.25
0.781701,1351.5
0.784259,1351.75
0.785538,1352.0
0.784259,1352.25
0.785538,1352.5
0.785538,1352.75
0.784259,1353.0
0.777864,1353.25
0.786817,1353.5
0.784259,1353.75
0.785538,1354.0
0.779143,1354.25
0.785538,1354.5
0.784259,1354.75
0.786817,1355.0
0.78298,1355.25
0.786817,1355.5
0.784259,1355.75
0.786817,1356.0
0.786817,1356.25
0.785538,1356.5
0.784259,1356.75
0.78298,1357.0
0.78298,1357.25
0.784259,1357.5
0.784259,1357.75
0.788096,1358.0
0.784259,1358.25
0.785538,1358.5
0.786817,1358.75
0.788096,1359.0
0.785538,1359.25
0.785538,1359.5
0.78298,1359.75
0.786817,1360.0
0.785538,1360.25
0.784259,1360.5
0.785538,1360.75
0.78298,1361.0
0.78298,1361.25
0.78298,1361.5
0.785538,1361.75
0.784259,1362.0
0.785538,1362.25
0.779143,1362.5
0.78298,1362.75
0.78298,1363.0
0.785538,1363.25
0.781701,1363.5
0.784259,1363.75
0.784259,1364.0
0.785538,1364.25
0.786817,1364.5
0.785538,1364.75
0.786817,1365.0
0.775306,1365.25
0.786817,1365.5
0.784259,1365.75
0.786817,1366.0
0.776585,1366.25
0.78298,1366.5
0.781701,1366.75
0.785538,1367.0
0.784259,1367.25
0.784259,1367.5
0.78298,1367.75
0.780422,1368.0
0.781701,1368.25
0.784259,1368.5
0.78298,1368.75
0.784259,1369.0
0.784259,1369.25
0.78298,1369.5
0.78298,1369.75
0.785538,1370.0
0.784259,1370.25
0.78298,1370.5
0.779143,1370.75
0.78298,1371.0
0.78298,1371.25
0.781701,1371.5
0.78298,1371.75
0.784259,1372.0
0.785538,1372.25
0.78298,1372.5
0.784259,1372.75
0.781701,1373.0
0.784259,1373.25
0.780422,1373.5
0.790654,1373.75
0.78298,1374.0
0.78298,1374.25
0.777864,1374.5
0.762517,1374.75
0.761238,1375.0
0.739496,1375.25
0.753564,1375.5
0.744612,1375.75
0.756122,1376.0
0.748449,1376.25
0.756122,1376.5
0.759959,1376.75
0.766354,1377.0
0.765075,1377.25
0.77147,1377.5
0.781701,1377.75
0.785538,1378.0
0.788096,1378.25
0.793212,1378.5
0.790654,1378.75
0.779143,1379.0
0.784259,1379.25
0.780422,1379.5
0.781701,1379.75
0.775306,1380.0
0.784259,1380.25
0.781701,1380.5
0.78298,1380.75
0.78298,1381.0
0.781701,1381.25
0.780422,1381.5
0.779143,1381.75
0.781701,1382.0
0.781701,1382.25
0.78298,1382.5
0.78298,1382.75
0.784259,1383.0
0.781701,1383.25
0.784259,1383.5
0.784259,1383.75
0.785538,1384.0
0.78298,1384.25
0.779143,1384.5
0.781701,1384.75
0.777864,1385.0
0.781701,1385.25
0.780422,1385.5
0.781701,1385.75
0.78298,1386.0
0.775306,1386.25
0.777864,1386.5
0.784259,1386.75
0.785538,1387.0
0.780422,1387.25
0.784259,1387.5
0.785538,1387.75
0.781701,1388.0
0.780422,1388.25
0.781701,1388.5
0.78298,1388.75
0.780422,1389.0
0.78298,1389.25
0.781701,1389.5
0.774027,1389.75
0.779143,1390.0
0.780422,1390.25
0.780422,1390.5
0.777864,1390.75
0.780422,1391.0
0.776585,1391.25
0.779143,1391.5
0.776585,1391.75
0.781701,1392.0
0.779143,1392.25
0.780422,1392.5
0.774027,1392.75
0.779143,1393.0
0.780422,1393.25
0.772748,1393.5
0.780422,1393.75
0.781701,1394.0
0.777864,1394.25
0.777864,1394.5
0.779143,1394.75
0.779143,1395.0
0.780422,1395.25
0.774027,1395.5
0.779143,1395.75
0.777864,1396.0
0.777864,1396.25
0.776585,1396.5
0.777864,1396.75
0.779143,1397.0
0.779143,1397.25
0.781701,1397.5
0.78298,1397.75
0.785538,1398.0
0.780422,1398.25
0.785538,1398.5
0.784259,1398.75
0.789375,1399.0
0.785538,1399.25
0.785538,1399.5
0.78298,1399.75
0.784259,1400.0
0.78298,1400.25
0.78298,1400.5
0.780422,1400.75
0.779143,1401.0
0.780422,1401.25
0.780422,1401.5
0.777864,1401.75
0.777864,1402.0
0.777864,1402.25
0.77147,1402.5
0.779143,1402.75
0.781701,1403.0
0.780422,1403.25
0.779143,1403.5
0.775306,1403.75
0.779143,1404.0
0.779143,1404.25
0.776585,1404.5
0.776585,1404.75
0.776585,1405.0
0.779143,1405.25
0.777864,1405.5
0.777864,1405.75
0.776585,1406.0
0.770191,1406.25
0.77147,1406.5
0.776585,1406.75
0.775306,1407.0
0.776585,1407.25
0.775306,1407.5
0.776585,1407.75
0.779143,1408.0
0.776585,1408.25
0.777864,1408.5
0.770191,1408.75
0.779143,1409.0
0.772748,1409.25
0.777864,1409.5
0.775306,1409.75
0.777864,1410.0
0.775306,1410.25
0.776585,1410.5
0.772748,1410.75
0.777864,1411.0
0.777864,1411.25
0.776585,1411.5
0.775306,1411.75
0.774027,1412.0
0.775306,1412.25
0.775306,1412.5
0.774027,1412.75
0.772748,1413.0
0.775306,1413.25
0.774027,1413.5
0.775306,1413.75
0.768912,1414.0
0.774027,1414.25
0.775306,1414.5
0.772748,1414.75
0.774027,1415.0
0.774027,1415.25
0.774027,1415.5
0.775306,1415.75
0.772748,1416.0
0.776585,1416.25
0.775306,1416.5
0.776585,1416.75
0.774027,1417.0
0.775306,1417.25
0.770191,1417.5
0.775306,1417.75
0.774027,1418.0
0.775306,1418.25
0.775306,1418.5
0.774027,1418.75
0.77147,1419.0
0.775306,1419.25
0.775306,1419.5
0.767633,1419.75
0.776585,1420.0
0.768912,1420.25
0.775306,1420.5
0.772748,1420.75
0.775306,1421.0
0.770191,1421.25
0.774027,1421.5
0.772748,1421.75
0.774027,1422.0
0.772748,1422.25
0.772748,1422.5
0.77147,1422.75
0.768912,1423.0
0.774027,1423.25
0.775306,1423.5
0.774027,1423.75
0.776585,1424.0
0.774027,1424.25
0.776585,1424.5
0.776585,1424.75
0.776585,1425.0
0.777864,1425.25
0.776585,1425.5
0.772748,1425.75
0.777864,1426.0
0.77147,1426.25
0.772748,1426.5
0.781701,1426.75
0.781701,1427.0
0.78298,1427.25
0.784259,1427.5
0.785538,1427.75
0.785538,1428.0
0.785538,1428.25
0.780422,1428.5
0.785538,1428.75
0.786817,1429.0
0.786817,1429.25
0.780422,1429.5
0.785538,1429.75
0.781701,1430.0
0.78298,1430.25
0.78298,1430.5
0.78298,1430.75
0.780422,1431.0
0.775306,1431.25
0.777864,1431.5
0.779143,1431.75
0.776585,1432.0
0.777864,1432.25
0.779143,1432.5
0.777864,1432.75
0.777864,1433.0
0.779143,1433.25
0.780422,1433.5
0.777864,1433.75
0.772748,1434.0
0.777864,1434.25
0.774027,1434.5
0.777864,1434.75
0.779143,1435.0
0.777864,1435.25
0.775306,1435.5
0.776585,1435.75
0.781701,1436.0
0.776585,1436.25
0.779143,1436.5
0.772748,1436.75
0.779143,1437.0
0.776585,1437.25
0.777864,1437.5
0.777864,1437.75
0.780422,1438.0
0.775306,1438.25
0.776585,1438.5
0.777864,1438.75
0.776585,1439.0
0.775306,1439.25
0.775306,1439.5
0.779143,1439.75
0.779143,1440.0
0.779143,1440.25
0.781701,1440.5
0.78298,1440.75
0.780422,1441.0
0.78298,1441.25
0.78298,1441.5
0.785538,1441.75
0.786817,1442.0
0.789375,1442.25
0.791933,1442.5
0.797048,1442.75
0.799606,1443.0
0.799606,1443.25
0.799606,1443.5
0.800885,1443.75
0.799606,1444.0
0.798327,1444.25
0.795769,1444.5
0.795769,1444.75
0.789375,1445.0
0.793212,1445.25
0.790654,1445.5
0.789375,1445.75
0.786817,1446.0
0.775306,1446.25
0.786817,1446.5
0.785538,1446.75
0.789375,1447.0
0.785538,1447.25
0.786817,1447.5
0.780422,1447.75
0.786817,1448.0
0.78298,1448.25
0.785538,1448.5
0.784259,1448.75
0.785538,1449.0
0.784259,1449.25
0.784259,1449.5
0.78298,1449.75
0.786817,1450.0
0.784259,1450.25
0.780422,1450.5
0.78298,1450.75
0.784259,1451.0
0.785538,1451.25
0.785538,1451.5
0.784259,1451.75
0.777864,1452.0
0.785538,1452.25
0.785538,1452.5
0.785538,1452.75
0.784259,1453.0
0.781701,1453.25
0.78298,1453.5
0.785538,1453.75
0.784259,1454.0
0.784259,1454.25
0.78298,1454.5
0.784259,1454.75
0.78298,1455.0
0.784259,1455.25
0.78298,1455.5
0.78298,1455.75
0.780422,1456.0
0.78298,1456.25
0.781701,1456.5
0.78298,1456.75
0.785538,1457.0
0.78298,1457.25
0.78298,1457.5
0.776585,1457.75
0.785538,1458.0
0.781701,1458.25
0.78298,1458.5
0.776585,1458.75
0.78298,1459.0
0.781701,1459.25
0.781701,1459.5
0.779143,1459.75
0.781701,1460.0
0.777864,1460.25
0.780422,1460.5
0.78298,1460.75
0.785538,1461.0
0.780422,1461.25
0.777864,1461.5
0.781701,1461.75
0.780422,1462.0
0.780422,1462.25
0.779143,1462.5
0.78298,1462.75
0.78298,1463.0
0.781701,1463.25
0.78298,1463.5
0.781701,1463.75
0.78298,1464.0
0.779143,1464.25
0.775306,1464.5
0.780422,1464.75
0.78298,1465.0
0.78298,1465.25
0.78298,1465.5
0.784259,1465.75
0.785538,1466.0
0.779143,1466.25
0.78298,1466.5
0.781701,1466.75
0.779143,1467.0
0.781701,1467.25
0.779143,1467.5
0.780422,1467.75
0.780422,1468.0
0.780422,1468.25
0.777864,1468.5
0.780422,1468.75
0.780422,1469.0
0.779143,1469.25
0.779143,1469.5
0.776585,1469.75
0.781701,1470.0
0.780422,1470.25
0.780422,1470.5
0.779143,1470.75
0.779143,1471.0
0.781701,1471.25
0.780422,1471.5
0.78298,1471.75
0.78298,1472.0
0.781701,1472.25
0.776585,1472.5
0.779143,1472.75
0.781701,1473.0
0.780422,1473.25
0.780422,1473.5
0.779143,1473.75
0.781701,1474.0
0.779143,1474.25
0.779143,1474.5
0.776585,1474.75
0.779143,1475.0
0.774027,1475.25
0.779143,1475.5
0.779143,1475.75
0.779143,1476.0
0.777864,1476.25
0.780422,1476.5
0.777864,1476.75
0.780422,1477.0
0.781701,1477.25
0.779143,1477.5
0.780422,1477.75
0.77147,1478.0
0.779143,1478.25
0.772748,1478.5
0.779143,1478.75
0.77147,1479.0
0.780422,1479.25
0.780422,1479.5
0.781701,1479.75
0.775306,1480.0
0.780422,1480.25
0.775306,1480.5
0.777864,1480.75
0.78298,1481.0
0.780422,1481.25
0.781701,1481.5
0.781701,1481.75
0.78298,1482.0
0.781701,1482.25
0.779143,1482.5
0.780422,1482.75
0.780422,1483.0
0.784259,1483.25
0.780422,1483.5
0.788096,1483.75
0.779143,1484.0
0.780422,1484.25
0.781701,1484.5
0.791933,1484.75
0.798327,1485.0
0.797048,1485.25
0.803443,1485.5
0.806001,1485.75
0.813675,1486.0
0.806001,1486.25
0.822627,1486.5
0.814954,1486.75
0.832859,1487.0
0.860996,1487.25
0.910874,1487.5
0.900643,1487.75
0.944127,1488.0
0.878901,1488.25
0.877622,1488.5
0.895527,1488.75
0.903201,1489.0
0.901922,1489.25
0.896806,1489.5
0.890411,1489.75
0.885296,1490.0
0.88018,1490.25
0.872506,1490.5
0.869948,1490.75
0.871227,1491.0
0.869948,1491.25
0.871227,1491.5
0.868669,1491.75
0.875064,1492.0
0.877622,1492.25
0.88018,1492.5
0.882738,1492.75
0.885296,1493.0
0.884017,1493.25
0.882738,1493.5
0.869948,1493.75
0.873785,1494.0
0.875064,1494.25
0.869948,1494.5
0.887853,1494.75
0.892969,1495.0
0.899364,1495.25
0.89169,1495.5
0.890411,1495.75
0.92878,1496.0
0.955637,1496.25
0.935174,1496.5
0.931338,1496.75
0.937732,1497.0
1.082253,1497.25
1.203822,1497.5
1.101506,1497.75
0.996633,1498.0
0.944196,1498.25
0.907107,1498.5
0.893038,1498.75
0.875133,1499.0
0.880249,1499.25
0.881528,1499.5
0.877691,1499.75
0.877691,1500.0
0.875133,1500.25
0.868738,1500.5
0.867459,1500.75
0.86618,1501.0
0.867459,1501.25
0.861065,1501.5
0.861065,1501.75
0.857228,1502.0
0.855949,1502.25
0.857228,1502.5
0.855949,1502.75
0.861065,1503.0
0.864901,1503.25
0.863622,1503.5
0.863622,1503.75
0.85467,1504.0
0.862343,1504.25
0.859786,1504.5
0.864901,1504.75
0.880249,1505.0
0.887922,1505.25
0.886643,1505.5
0.889201,1505.75
0.89048,1506.0
0.89048,1506.25
0.900712,1506.5
0.913501,1506.75
0.918617,1507.0
0.919896,1507.25
0.923733,1507.5
0.937801,1507.75
0.948033,1508.0
0.948033,1508.25
0.950591,1508.5
0.945475,1508.75
0.941638,1509.0
0.932685,1509.25
0.944196,1509.5
0.945475,1509.75
0.949312,1510.0
0.946754,1510.25
0.941638,1510.5
0.935243,1510.75
0.932685,1511.0
0.935243,1511.25
0.937801,1511.5
0.936522,1511.75
0.93908,1512.0
0.940359,1512.25
0.941638,1512.5
0.941638,1512.75
0.946754,1513.0
0.948033,1513.25
0.955706,1513.5
0.956985,1513.75
0.964659,1514.0
0.960822,1514.25
0.959543,1514.5
0.954427,1514.75
0.950591,1515.0
0.948033,1515.25
0.944196,1515.5
0.941638,1515.75
0.936522,1516.0
0.931406,1516.25
0.923733,1516.5
0.923733,1516.75
0.919896,1517.0
0.923733,1517.25
0.928849,1517.5
0.935243,1517.75
0.936522,1518.0
0.937801,1518.25
0.93908,1518.5
0.936522,1518.75
0.928849,1519.0
0.923733,1519.25
0.923733,1519.5
0.925012,1519.75
0.926291,1520.0
0.92757,1520.25
0.935243,1520.5
0.936522,1520.75
0.941638,1521.0
0.954427,1521.25
0.96338,1521.5
0.968496,1521.75
0.977448,1522.0
0.982564,1522.25
0.986401,1522.5
0.990238,1522.75
0.996633,1523.0
0.997912,1523.25
1.003027,1523.5
0.999191,1523.75
1.001748,1524.0
0.996633,1524.25
0.996633,1524.5
0.994075,1524.75
1.003027,1525.0
1.008143,1525.25
1.013259,1525.5
1.014538,1525.75
1.015817,1526.0
1.006864,1526.25
1.005585,1526.5
1.009422,1526.75
1.004306,1527.0
1.000469,1527.25
0.992796,1527.5
0.994075,1527.75
0.990238,1528.0
0.992796,1528.25
0.991517,1528.5
0.999191,1528.75
1.000469,1529.0
1.003027,1529.25
1.008143,1529.5
1.015817,1529.75
1.028606,1530.0
1.037559,1530.25
1.055464,1530.5
1.061859,1530.75
1.070811,1531.0
1.068254,1531.25
1.079764,1531.5
1.093832,1531.75
1.116853,1532.0
1.129643,1532.25
1.134759,1532.5
1.132201,1532.75
1.124527,1533.0
1.116853,1533.25
1.101506,1533.5
1.098948,1533.75
1.091274,1534.0
1.081043,1534.25
1.077206,1534.5
1.073369,1534.75
1.074648,1535.0
1.074648,1535.25
1.077206,1535.5
1.077206,1535.75
1.08488,1536.0
1.09639,1536.25
1.111738,1536.5
1.128364,1536.75
1.14499,1537.0
1.152664,1537.25
1.151385,1537.5
1.14499,1537.75
1.137316,1538.0
1.129643,1538.25
1.121969,1538.5
1.125806,1538.75
1.123248,1539.0
1.121969,1539.25
1.125806,1539.5
1.13348,1539.75
1.14499,1540.0
1.139874,1540.25
1.152664,1540.5
1.153943,1540.75
1.155222,1541.0
1.14499,1541.25
1.147548,1541.5
1.14499,1541.75
1.148827,1542.0
1.150106,1542.25
1.170569,1542.5
1.19359,1542.75
1.235795,1543.0
1.275442,1543.25
1.299742,1543.5
1.313811,1543.75
1.318926,1544.0
1.331716,1544.25
1.334274,1544.5
1.325321,1544.75
1.324042,1545.0
1.322763,1545.25
1.335553,1545.5
1.357295,1545.75
1.376479,1546.0
1.387989,1546.25
1.412289,1546.5
1.418684,1546.75
1.427637,1547.0
1.425079,1547.25
1.419963,1547.5
1.414847,1547.75
1.414847,1548.0
1.416126,1548.25
1.413568,1548.5
1.417405,1548.75
1.4238,1549.0
1.432752,1549.25
1.441705,1549.5
1.454494,1549.75
1.454494,1550.0
1.450658,1550.25
1.441705,1550.5
1.43531,1550.75
1.422521,1551.0
1.416126,1551.25
1.408453,1551.5
1.408453,1551.75
1.426358,1552.0
1.449379,1552.25
1.491584,1552.5
1.501914,1552.75
1.528772,1553.0
1.532609,1553.25
1.536446,1553.5
1.527493,1553.75
1.518541,1554.0
1.50703,1554.25
1.509588,1554.5
1.527493,1554.75
1.554351,1555.0
1.587604,1555.25
1.619577,1555.5
1.648993,1555.75
1.666898,1556.0
1.668177,1556.25
1.655388,1556.5
1.642598,1556.75
1.624693,1557.0
1.611903,1557.25
1.602951,1557.5
1.588882,1557.75
1.59144,1558.0
1.592719,1558.25
1.597835,1558.5
1.601672,1558.75
1.605509,1559.0
1.600393,1559.25
1.602951,1559.5
1.599114,1559.75
1.597835,1560.0
1.59144,1560.25
1.596556,1560.5
1.609346,1560.75
1.620856,1561.0
1.62853,1561.25
1.632367,1561.5
1.645156,1561.75
1.648993,1562.0
1.673293,1562.25
1.68864,1562.5
1.693756,1562.75
1.691198,1563.0
1.682245,1563.25
1.678409,1563.5
1.672014,1563.75
1.665619,1564.0
1.66434,1564.25
1.661782,1564.5
1.665619,1564.75
1.661782,1565.0
1.666898,1565.25
1.678409,1565.5
1.691198,1565.75
1.697593,1566.0
1.696314,1566.25
1.71294,1566.5
1.721893,1566.75
1.734682,1567.0
1.742356,1567.25
1.751308,1567.5
1.762819,1567.75
1.787119,1568.0
1.796071,1568.25
1.803745,1568.5
1.792235,1568.75
1.802466,1569.0
1.802466,1569.25
1.822929,1569.5
1.861297,1569.75
1.904782,1570.0
1.926524,1570.25
1.950824,1570.5
1.964892,1570.75
1.959776,1571.0
1.945708,1571.25
1.917571,1571.5
1.902224,1571.75
1.877924,1572.0
1.863855,1572.25
1.857461,1572.5
1.885597,1572.75
1.93036,1573.0
1.971287,1573.25
2.011133,1573.5
2.021364,1573.75
2.02648,1574.0
2.007296,1574.25
1.989391,1574.5
1.958696,1574.75
1.940791,1575.0
1.919049,1575.25
1.91777,1575.5
1.913933,1575.75
1.922886,1576.0
1.930559,1576.25
1.949744,1576.5
1.963812,1576.75
1.972765,1577.0
1.979159,1577.25
1.974043,1577.5
1.967649,1577.75
1.96637,1578.0
1.962533,1578.25
1.958696,1578.5
1.956138,1578.75
1.952302,1579.0
1.939512,1579.25
1.922886,1579.5
1.919049,1579.75
1.91777,1580.0
1.911375,1580.25
1.911375,1580.5
1.916491,1580.75
1.912654,1581.0
1.91777,1581.25
1.922886,1581.5
1.940791,1581.75
1.957417,1582.0
1.993228,1582.25
2.018806,1582.5
2.05078,1582.75
2.058454,1583.0
2.061012,1583.25
2.054617,1583.5
2.044385,1583.75
2.032875,1584.0
2.025201,1584.25
2.018806,1584.5
2.009854,1584.75
2.006017,1585.0
2.000901,1585.25
2.012412,1585.5
2.012412,1585.75
2.021364,1586.0
2.003459,1586.25
2.040549,1586.5
2.061012,1586.75
2.082754,1587.0
2.094264,1587.25
2.091706,1587.5
2.077638,1587.75
2.055896,1588.0
2.044385,1588.25
2.022643,1588.5
2.007296,1588.75
2.000901,1589.0
1.994507,1589.25
1.988112,1589.5
1.984275,1589.75
1.982996,1590.0
1.984275,1590.25
1.988112,1590.5
1.995786,1590.75
2.012412,1591.0
2.020086,1591.25
2.020086,1591.5
2.018806,1591.75
2.007296,1592.0
1.998343,1592.25
1.985554,1592.5
1.979159,1592.75
1.970207,1593.0
1.961254,1593.25
1.95358,1593.5
1.956138,1593.75
1.958696,1594.0
1.967649,1594.25
1.991949,1594.5
2.02648,1594.75
2.062291,1595.0
2.081475,1595.25
2.095543,1595.5
2.090427,1595.75
2.090427,1596.0
2.085312,1596.25
2.104496,1596.5
2.131354,1596.75
2.155653,1597.0
2.17228,1597.25
2.187627,1597.5
2.186348,1597.75
2.182511,1598.0
2.165885,1598.25
2.144143,1598.5
2.124959,1598.75
2.103217,1599.0
2.09938,1599.25
2.089149,1599.5
2.086591,1599.75
2.087869,1600.0
2.092985,1600.25
2.162048,1600.5
2.202975,1600.75
2.173559,1601.0
2.141585,1601.25
2.178674,1601.5
2.251574,1601.75
2.242622,1602.0
2.217043,1602.25
2.202975,1602.5
2.236227,1602.75
2.282269,1603.0
2.298895,1603.25
2.318079,1603.5
2.318079,1603.75
2.318079,1604.0
2.301453,1604.25
2.274595,1604.5
2.260527,1604.75
2.233669,1605.0
2.211927,1605.25
2.194022,1605.5
2.179954,1605.75
2.168443,1606.0
2.190185,1606.25
2.284827,1606.5
2.257969,1606.75
2.268201,1607.0
2.255411,1607.25
2.25669,1607.5
2.241343,1607.75
2.231111,1608.0
2.219601,1608.25
2.219601,1608.5
2.225996,1608.75
2.218322,1609.0
2.246459,1609.25
2.266922,1609.5
2.265643,1609.75
2.222159,1610.0
2.251574,1610.25
2.284827,1610.5
2.127517,1610.75
1.536645,1611.0
2.076359,1611.25
2.186348,1611.5
2.214485,1611.75
2.242622,1612.0
2.274595,1612.25
2.306569,1612.5
2.3168,1612.75
2.339821,1613.0
2.304011,1613.25
2.234948,1613.5
2.228553,1613.75
2.236227,1614.0
2.231111,1614.25
2.224716,1614.5
2.214485,1614.75
2.22088,1615.0
2.211927,1615.25
2.202975,1615.5
2.204253,1615.75
2.195301,1616.0
2.194022,1616.25
2.19658,1616.5
2.194022,1616.75
2.188906,1617.0
2.186348,1617.25
2.179954,1617.5
2.165885,1617.75
2.155653,1618.0
2.162048,1618.25
2.169722,1618.5
2.169722,1618.75
2.162048,1619.0
2.158211,1619.25
2.154375,1619.5
2.150538,1619.75
2.155653,1620.0
2.165885,1620.25
2.164606,1620.5
2.163327,1620.75
2.163327,1621.0
2.162048,1621.25
2.15949,1621.5
2.156933,1621.75
2.15949,1622.0
2.155653,1622.25
2.160769,1622.5
2.158211,1622.75
2.153096,1623.0
2.164606,1623.25
2.164606,1623.5
2.155653,1623.75
2.167164,1624.0
2.169722,1624.25
2.169722,1624.5
2.171001,1624.75
2.160769,1625.0
2.164606,1625.25
2.160769,1625.5
2.15949,1625.75
2.146701,1626.0
2.122401,1626.25
2.14798,1626.5
2.173559,1626.75
2.176117,1627.0
2.20809,1627.25
2.200417,1627.5
2.174838,1627.75
2.186348,1628.0
2.191464,1628.25
2.197859,1628.5
2.187627,1628.75
2.181232,1629.0
2.173559,1629.25
2.177396,1629.5
2.173559,1629.75
2.209369,1630.0
2.243901,1630.25
2.298895,1630.5
2.355169,1630.75
2.383306,1631.0
2.384584,1631.25
2.3654,1631.5
2.3411,1631.75
2.315521,1632.0
2.291222,1632.25
2.261806,1632.5
2.246459,1632.75
2.234948,1633.0
2.234948,1633.25
2.224716,1633.5
2.217043,1633.75
2.199138,1634.0
2.201695,1634.25
2.197859,1634.5
2.195301,1634.75
2.202975,1635.0
2.214485,1635.25
2.200417,1635.5
2.202975,1635.75
2.211927,1636.0
2.211927,1636.25
2.209369,1636.5
2.210648,1636.75
2.205532,1637.0
2.197859,1637.25
2.194022,1637.5
2.191464,1637.75
2.188906,1638.0
2.181232,1638.25
2.187627,1638.5
2.179954,1638.75
2.179954,1639.0
2.164606,1639.25
2.171001,1639.5
2.171001,1639.75
2.174838,1640.0
2.173559,1640.25
2.194022,1640.5
2.209369,1640.75
2.209369,1641.0
2.199138,1641.25
2.185069,1641.5
2.177396,1641.75
2.165885,1642.0
2.164606,1642.25
2.171001,1642.5
2.191464,1642.75
2.209369,1643.0
2.241343,1643.25
2.263085,1643.5
2.277153,1643.75
2.268201,1644.0
2.263085,1644.25
2.252853,1644.5
2.240064,1644.75
2.227274,1645.0
2.188906,1645.25
2.190185,1645.5
2.174838,1645.75
2.182511,1646.0
2.140306,1646.25
2.140306,1646.5
2.116006,1646.75
2.095543,1647.0
2.089149,1647.25
2.087869,1647.5
2.081475,1647.75
2.07508,1648.0
2.069964,1648.25
2.071243,1648.5
2.076359,1648.75
2.069964,1649.0
2.067406,1649.25
2.067406,1649.5
2.067406,1649.75
2.062291,1650.0
2.061012,1650.25
2.058454,1650.5
2.061012,1650.75
2.081475,1651.0
2.086591,1651.25
2.090427,1651.5
2.094264,1651.75
2.090427,1652.0
2.085312,1652.25
2.086591,1652.5
2.084033,1652.75
2.081475,1653.0
2.086591,1653.25
2.090427,1653.5
2.092985,1653.75
2.095543,1654.0
2.104496,1654.25
2.109612,1654.5
2.128796,1654.75
2.141585,1655.0
2.139027,1655.25
2.145422,1655.5
2.130075,1655.75
2.13519,1656.0
2.119843,1656.25
2.11217,1656.5
2.092985,1656.75
2.096822,1657.0
2.087869,1657.25
2.090427,1657.5
2.081475,1657.75
2.082754,1658.0
2.069964,1658.25
2.069964,1658.5
2.067406,1658.75
2.069964,1659.0
2.067406,1659.25
2.06357,1659.5
2.064848,1659.75
2.066128,1660.0
2.077638,1660.25
2.077638,1660.5
2.081475,1660.75
2.082754,1661.0
2.085312,1661.25
2.087869,1661.5
2.081475,1661.75
2.072522,1662.0
2.081475,1662.25
2.082754,1662.5
2.082754,1662.75
2.076359,1663.0
2.076359,1663.25
2.064848,1663.5
2.066128,1663.75
2.061012,1664.0
2.057175,1664.25
2.05078,1664.5
2.046943,1664.75
2.032875,1665.0
2.027759,1665.25
2.022643,1665.5
2.03927,1665.75
2.069964,1666.0
2.052059,1666.25
2.058454,1666.5
2.055896,1666.75
2.054617,1667.0
2.046943,1667.25
2.03927,1667.5
2.032875,1667.75
2.03927,1668.0
2.040549,1668.25
2.037991,1668.5
2.030317,1668.75
2.044385,1669.0
2.044385,1669.25
2.054617,1669.5
2.068685,1669.75
2.084033,1670.0
2.081475,1670.25
2.077638,1670.5
2.081475,1670.75
2.086591,1671.0
2.076359,1671.25
2.069964,1671.5
2.061012,1671.75
2.054617,1672.0
2.045664,1672.25
2.046943,1672.5
2.043107,1672.75
2.03927,1673.0
2.031596,1673.25
2.029038,1673.5
2.030317,1673.75
2.034154,1674.0
2.043107,1674.25
2.05078,1674.5
2.055896,1674.75
2.055896,1675.0
2.058454,1675.25
2.048222,1675.5
2.054617,1675.75
2.046943,1676.0
2.05078,1676.25
2.043107,1676.5
2.03927,1676.75
2.052059,1677.0
2.040549,1677.25
2.016249,1677.5
2.016249,1677.75
2.02648,1678.0
2.022643,1678.25
2.021364,1678.5
2.022643,1678.75
2.032875,1679.0
2.040549,1679.25
2.052059,1679.5
2.067406,1679.75
2.085312,1680.0
2.103217,1680.25
2.117285,1680.5
2.126238,1680.75
2.12368,1681.0
2.117285,1681.25
2.100659,1681.5
2.089149,1681.75
2.076359,1682.0
2.064848,1682.25
2.054617,1682.5
2.043107,1682.75
2.035433,1683.0
2.031596,1683.25
2.029038,1683.5
2.023922,1683.75
2.016249,1684.0
2.009854,1684.25
2.013691,1684.5
2.01497,1684.75
2.021364,1685.0
2.018806,1685.25
2.018806,1685.5
2.003459,1685.75
2.016249,1686.0
2.00218,1686.25
2.021364,1686.5
2.023922,1686.75
2.02648,1687.0
2.027759,1687.25
2.031596,1687.5
2.041827,1687.75
2.073801,1688.0
2.104496,1688.25
2.136469,1688.5
2.142864,1688.75
2.150538,1689.0
2.13519,1689.25
2.122401,1689.5
2.098101,1689.75
2.089149,1690.0
2.066128,1690.25
2.057175,1690.5
2.044385,1690.75
2.041827,1691.0
2.040549,1691.25
2.044385,1691.5
2.044385,1691.75
2.044385,1692.0
2.040549,1692.25
2.035433,1692.5
2.052059,1692.75
2.036712,1693.0
2.02648,1693.25
2.013691,1693.5
2.020086,1693.75
2.021364,1694.0
2.02648,1694.25
2.027759,1694.5
2.02648,1694.75
2.021364,1695.0
2.016249,1695.25
2.012412,1695.5
2.009854,1695.75
2.006017,1696.0
2.01497,1696.25
2.013691,1696.5
2.016249,1696.75
2.009854,1697.0
2.01497,1697.25
2.012412,1697.5
2.012412,1697.75
2.022643,1698.0
2.025201,1698.25
2.034154,1698.5
2.035433,1698.75
2.054617,1699.0
2.036712,1699.25
2.035433,1699.5
2.030317,1699.75
2.030317,1700.0
2.01497,1700.25
2.020086,1700.5
2.011133,1700.75
2.01497,1701.0
2.000901,1701.25
1.997064,1701.5
1.993228,1701.75
1.999622,1702.0
1.997064,1702.25
1.999622,1702.5
2.003459,1702.75
2.009854,1703.0
2.013691,1703.25
2.021364,1703.5
2.02648,1703.75
2.01497,1704.0
2.021364,1704.25
2.020086,1704.5
2.011133,1704.75
2.008575,1705.0
2.00218,1705.25
1.995786,1705.5
1.986833,1705.75
1.971486,1706.0
1.957417,1706.25
1.959975,1706.5
1.96637,1706.75
1.970207,1707.0
1.968928,1707.25
1.96637,1707.5
1.96637,1707.75
1.961254,1708.0
1.961254,1708.25
1.951023,1708.5
1.944628,1708.75
1.935675,1709.0
1.94207,1709.25
1.935675,1709.5
1.938233,1709.75
1.96637,1710.0
1.993228,1710.25
1.922886,1710.5
1.922886,1710.75
1.930559,1711.0
1.924165,1711.25
1.879402,1711.5
1.888354,1711.75
1.88196,1712.0
1.856381,1712.25
1.866612,1712.5
1.852544,1712.75
1.855102,1713.0
1.851265,1713.25
1.839754,1713.5
1.843591,1713.75
1.853823,1714.0
1.853823,1714.25
1.862775,1714.5
1.866612,1714.75
1.867891,1715.0
1.866612,1715.25
1.86917,1715.5
1.865333,1715.75
1.865333,1716.0
1.858939,1716.25
1.861496,1716.5
1.85766,1716.75
1.855102,1717.0
1.851265,1717.25
1.852544,1717.5
1.842312,1717.75
1.848707,1718.0
1.846149,1718.25
1.846149,1718.5
1.843591,1718.75
1.839754,1719.0
1.839754,1719.25
1.828244,1719.5
1.823128,1719.75
1.814175,1720.0
1.814175,1720.25
1.805223,1720.5
1.805223,1720.75
1.800107,1721.0
1.797549,1721.25
1.797549,1721.5
1.798828,1721.75
1.797549,1722.0
1.793712,1722.25
1.791155,1722.5
1.788597,1722.75
1.789876,1723.0
1.788597,1723.25
1.787318,1723.5
1.787318,1723.75
1.786039,1724.0
1.782202,1724.25
1.780923,1724.5
1.779644,1724.75
1.778365,1725.0
1.77197,1725.25
1.770692,1725.5
1.768134,1725.75
1.766855,1726.0
1.750228,1726.25
1.757902,1726.5
1.757902,1726.75
1.752786,1727.0
1.751507,1727.25
1.748949,1727.5
1.745113,1727.75
1.734881,1728.0
1.738718,1728.25
1.737439,1728.5
1.73616,1728.75
1.737439,1729.0
1.738718,1729.25
1.733602,1729.5
1.733602,1729.75
1.73616,1730.0
1.73616,1730.25
1.734881,1730.5
1.738718,1730.75
1.737439,1731.0
1.738718,1731.25
1.737439,1731.5
1.732323,1731.75
1.733602,1732.0
1.718255,1732.25
1.722092,1732.5
1.709302,1732.75
1.68756,1733.0
1.681165,1733.25
1.70035,1733.5
1.701628,1733.75
1.716976,1734.0
1.728486,1734.25
1.734881,1734.5
1.737439,1734.75
1.742555,1735.0
1.737439,1735.25
1.734881,1735.5
1.732323,1735.75
1.725928,1736.0
1.723371,1736.25
1.71186,1736.5
1.706744,1736.75
1.693955,1737.0
1.691397,1737.25
1.693955,1737.5
1.696513,1737.75
1.685002,1738.0
1.688839,1738.25
1.681165,1738.5
1.683723,1738.75
1.682444,1739.0
1.681165,1739.25
1.68756,1739.5
1.685002,1739.75
1.683723,1740.0
1.682444,1740.25
1.677329,1740.5
1.677329,1740.75
1.677329,1741.0
1.678607,1741.25
1.679886,1741.5
1.682444,1741.75
1.679886,1742.0
1.683723,1742.25
1.678607,1742.5
1.674771,1742.75
1.664539,1743.0
1.66326,1743.25
1.658144,1743.5
1.647913,1743.75
1.655586,1744.0
1.645355,1744.25
1.641518,1744.5
1.635123,1744.75
1.63896,1745.0
1.630008,1745.25
1.632565,1745.5
1.628729,1745.75
1.628729,1746.0
1.617218,1746.25
1.628729,1746.5
1.632565,1746.75
1.635123,1747.0
1.632565,1747.25
1.631287,1747.5
1.631287,1747.75
1.628729,1748.0
1.628729,1748.25
1.630008,1748.5
1.626171,1748.75
1.613381,1749.0
1.619776,1749.25
1.617218,1749.5
1.613381,1749.75
1.609545,1750.0
1.612102,1750.25
1.617218,1750.5
1.621055,1750.75
1.62745,1751.0
1.62745,1751.25
1.624892,1751.5
1.621055,1751.75
1.617218,1752.0
1.618497,1752.25
1.615939,1752.5
1.612102,1752.75
1.609545,1753.0
1.612102,1753.25
1.600592,1753.5
1.61466,1753.75
1.615939,1754.0
1.610824,1754.25
1.610824,1754.5
1.608266,1754.75
1.609545,1755.0
1.595476,1755.25
1.600592,1755.5
1.596755,1755.75
1.601871,1756.0
1.594197,1756.25
1.596755,1756.5
1.596755,1756.75
1.594197,1757.0
1.59036,1757.25
1.601871,1757.5
1.606987,1757.75
1.606987,1758.0
1.633844,1758.25
1.636402,1758.5
1.672213,1758.75
1.686281,1759.0
1.718255,1759.25
1.696513,1759.5
1.708023,1759.75
1.710581,1760.0
1.724649,1760.25
1.755344,1760.5
1.778365,1760.75
1.805223,1761.0
1.825686,1761.25
1.838475,1761.5
1.841033,1761.75
1.824407,1762.0
1.811618,1762.25
1.805223,1762.5
1.792434,1762.75
1.780923,1763.0
1.783481,1763.25
1.80906,1763.5
1.849986,1763.75
1.82057,1764.0
1.803944,1764.25
1.792434,1764.5
1.782202,1764.75
1.782202,1765.0
1.777086,1765.25
1.778365,1765.5
1.78476,1765.75
1.797549,1766.0
1.782202,1766.25
1.794991,1766.5
1.79627,1766.75
1.791155,1767.0
1.797549,1767.25
1.797549,1767.5
1.794991,1767.75
1.791155,1768.0
1.791155,1768.25
1.78476,1768.5
1.786039,1768.75
1.773249,1769.0
1.77197,1769.25
1.761739,1769.5
1.763018,1769.75
1.756623,1770.0
1.755344,1770.25
1.754065,1770.5
1.755344,1770.75
1.752786,1771.0
1.755344,1771.25
1.754065,1771.5
1.750228,1771.75
1.748949,1772.0
1.741276,1772.25
1.741276,1772.5
1.732323,1772.75
1.73616,1773.0
1.729765,1773.25
1.732323,1773.5
1.724649,1773.75
1.725928,1774.0
1.722092,1774.25
1.722092,1774.5
1.719534,1774.75
1.715697,1775.0
1.714418,1775.25
1.710581,1775.5
1.709302,1775.75
1.708023,1776.0
1.708023,1776.25
1.695234,1776.5
1.702907,1776.75
1.70035,1777.0
1.697792,1777.25
1.691397,1777.5
1.690118,1777.75
1.68756,1778.0
1.685002,1778.25
1.685002,1778.5
1.685002,1778.75
1.683723,1779.0
1.685002,1779.25
1.682444,1779.5
1.682444,1779.75
1.679886,1780.0
1.677329,1780.25
1.672213,1780.5
1.67605,1780.75
1.67605,1781.0
1.672213,1781.25
1.670934,1781.5
1.665818,1781.75
1.664539,1782.0
1.661981,1782.25
1.661981,1782.5
1.658144,1782.75
1.661981,1783.0
1.658144,1783.25
1.66326,1783.5
1.660702,1783.75
1.664539,1784.0
1.66326,1784.25
1.665818,1784.5
1.664539,1784.75
1.658144,1785.0
1.668376,1785.25
1.665818,1785.5
1.665818,1785.75
1.660702,1786.0
1.653029,1786.25
1.655586,1786.5
1.656865,1786.75
1.655586,1787.0
1.654308,1787.25
1.649192,1787.5
1.647913,1787.75
1.649192,1788.0
1.646634,1788.25
1.646634,1788.5
1.642797,1788.75
1.642797,1789.0
1.641518,1789.25
1.641518,1789.5
1.63896,1789.75
1.637681,1790.0
1.633844,1790.25
1.635123,1790.5
1.633844,1790.75
1.631287,1791.0
1.62745,1791.25
1.624892,1791.5
1.623613,1791.75
1.624892,1792.0
1.624892,1792.25
1.630008,1792.5
1.632565,1792.75
1.636402,1793.0
1.63896,1793.25
1.646634,1793.5
1.650471,1793.75
1.653029,1794.0
1.653029,1794.25
1.65175,1794.5
1.647913,1794.75
1.645355,1795.0
1.637681,1795.25
1.633844,1795.5
1.633844,1795.75
1.630008,1796.0
1.626171,1796.25
1.62745,1796.5
1.632565,1796.75
1.630008,1797.0
1.626171,1797.25
1.623613,1797.5
1.621055,1797.75
1.624892,1798.0
1.621055,1798.25
1.621055,1798.5
1.621055,1798.75
1.622334,1799.0
1.624892,1799.25
1.623613,1799.5
1.619776,1799.75
1.623613,1800.0
1.626171,1800.25
1.628729,1800.5
1.632565,1800.75
1.637681,1801.0
1.637681,1801.25
1.635123,1801.5
1.635123,1801.75
1.628729,1802.0
1.630008,1802.25
1.624892,1802.5
1.619776,1802.75
1.598034,1803.0
1.605708,1803.25
1.604429,1803.5
1.605708,1803.75
1.608266,1804.0
1.612102,1804.25
1.612102,1804.5
1.612102,1804.75
1.61466,1805.0
1.606987,1805.25
1.618497,1805.5
1.615939,1805.75
1.624892,1806.0
1.612102,1806.25
1.622334,1806.5
1.622334,1806.75
1.632565,1807.0
1.633844,1807.25
1.637681,1807.5
1.636402,1807.75
1.633844,1808.0
1.633844,1808.25
1.628729,1808.5
1.624892,1808.75
1.619776,1809.0
1.618497,1809.25
1.615939,1809.5
1.613381,1809.75
1.612102,1810.0
1.609545,1810.25
1.600592,1810.5
1.612102,1810.75
1.633844,1811.0
1.668376,1811.25
1.693955,1811.5
1.702907,1811.75
1.710581,1812.0
1.723371,1812.25
1.697792,1812.5
1.754065,1812.75
1.763018,1813.0
1.780923,1813.25
1.759181,1813.5
1.761739,1813.75
1.74767,1814.0
1.734881,1814.25
1.728486,1814.5
1.667097,1814.75
1.754065,1815.0
1.801386,1815.25
1.789876,1815.5
1.755344,1815.75
1.765576,1816.0
1.764297,1816.25
1.775807,1816.5
1.789876,1816.75
1.82057,1817.0
1.83336,1817.25
1.852544,1817.5
1.811618,1817.75
1.79627,1818.0
1.821849,1818.25
1.842312,1818.5
1.839754,1818.75
1.800107,1819.0
1.802665,1819.25
1.79627,1819.5
1.788597,1819.75
1.787318,1820.0
1.778365,1820.25
1.777086,1820.5
1.778365,1820.75
1.774528,1821.0
1.770692,1821.25
1.763018,1821.5
1.756623,1821.75
1.752786,1822.0
1.746392,1822.25
1.73616,1822.5
1.739997,1822.75
1.733602,1823.0
1.731044,1823.25
1.728486,1823.5
1.731044,1823.75
1.725928,1824.0
1.724649,1824.25
1.718255,1824.5
1.722092,1824.75
1.715697,1825.0
1.720813,1825.25
1.723371,1825.5
1.739997,1825.75
1.715697,1826.0
1.67605,1826.25
1.664539,1826.5
1.660702,1826.75
1.653029,1827.0
1.649192,1827.25
1.647913,1827.5
1.647913,1827.75
1.645355,1828.0
1.646634,1828.25
1.645355,1828.5
1.642797,1828.75
1.641518,1829.0
1.641518,1829.25
1.637681,1829.5
1.633844,1829.75
1.630008,1830.0
1.622334,1830.25
1.626171,1830.5
1.623613,1830.75
1.626171,1831.0
1.622334,1831.25
1.621055,1831.5
1.619776,1831.75
1.623613,1832.0
1.618497,1832.25
1.619776,1832.5
1.613381,1832.75
1.618497,1833.0
1.613381,1833.25
1.613381,1833.5
1.612102,1833.75
1.609545,1834.0
1.606987,1834.25
1.605708,1834.5
1.605708,1834.75
1.601871,1835.0
1.60315,1835.25
1.596755,1835.5
1.598034,1835.75
1.592918,1836.0
1.596755,1836.25
1.591639,1836.5
1.591639,1836.75
1.59036,1837.0
1.589081,1837.25
1.586524,1837.5
1.585245,1837.75
1.583966,1838.0
1.582687,1838.25
1.580129,1838.5
1.582687,1838.75
1.665818,1839.0
1.650471,1839.25
1.647913,1839.5
1.641518,1839.75
1.63896,1840.0
1.642797,1840.25
1.642797,1840.5
1.645355,1840.75
1.660702,1841.0
1.670934,1841.25
1.670934,1841.5
1.665818,1841.75
1.664539,1842.0
1.664539,1842.25
1.660702,1842.5
1.641518,1842.75
1.644076,1843.0
1.637681,1843.25
1.641518,1843.5
1.642797,1843.75
1.641518,1844.0
1.659423,1844.25
1.66326,1844.5
1.672213,1844.75
1.674771,1845.0
1.649192,1845.25
1.581408,1845.5
1.576292,1845.75
1.621055,1846.0
1.660702,1846.25
1.673492,1846.5
1.683723,1846.75
1.688839,1847.0
1.713139,1847.25
1.720813,1847.5
1.734881,1847.75
1.73616,1848.0
1.737439,1848.25
1.73616,1848.5
1.734881,1848.75
1.732323,1849.0
1.723371,1849.25
1.725928,1849.5
1.722092,1849.75
1.716976,1850.0
1.902423,1850.25
1.800107,1850.5
1.763018,1850.75
1.773249,1851.0
1.777086,1851.25
1.774528,1851.5
1.761739,1851.75
1.76046,1852.0
1.757902,1852.25
1.803944,1852.5
1.842312,1852.75
1.705465,1853.0
1.838475,1853.25
1.793712,1853.5
1.789876,1853.75
1.779644,1854.0
1.769413,1854.25
1.763018,1854.5
1.754065,1854.75
1.750228,1855.0
1.746392,1855.25
1.739997,1855.5
1.734881,1855.75
1.731044,1856.0
1.725928,1856.25
1.723371,1856.5
1.722092,1856.75
1.716976,1857.0
1.713139,1857.25
1.704186,1857.5
1.704186,1857.75
1.697792,1858.0
1.695234,1858.25
1.686281,1858.5
1.690118,1858.75
1.685002,1859.0
1.685002,1859.25
1.685002,1859.5
1.681165,1859.75
1.679886,1860.0
1.67605,1860.25
1.670934,1860.5
1.668376,1860.75
1.668376,1861.0
1.665818,1861.25
1.66326,1861.5
1.660702,1861.75
1.659423,1862.0
1.655586,1862.25
1.655586,1862.5
1.65175,1862.75
1.65175,1863.0
1.655586,1863.25
1.667097,1863.5
1.679886,1863.75
1.697792,1864.0
1.705465,1864.25
1.715697,1864.5
1.723371,1864.75
1.722092,1865.0
1.710581,1865.25
1.702907,1865.5
1.692676,1865.75
1.68756,1866.0
1.665818,1866.25
1.670934,1866.5
1.66326,1866.75
1.659423,1867.0
1.658144,1867.25
1.655586,1867.5
1.658144,1867.75
1.654308,1868.0
1.658144,1868.25
1.660702,1868.5
1.672213,1868.75
1.674771,1869.0
1.683723,1869.25
1.683723,1869.5
1.681165,1869.75
1.677329,1870.0
1.672213,1870.25
1.661981,1870.5
1.659423,1870.75
1.655586,1871.0
1.650471,1871.25
1.650471,1871.5
1.645355,1871.75
1.646634,1872.0
1.640239,1872.25
1.637681,1872.5
1.630008,1872.75
1.635123,1873.0
1.631287,1873.25
1.630008,1873.5
1.623613,1873.75
1.621055,1874.0
1.619776,1874.25
1.617218,1874.5
1.61466,1874.75
1.61466,1875.0
1.61466,1875.25
1.610824,1875.5
1.609545,1875.75
1.613381,1876.0
1.606987,1876.25
1.606987,1876.5
1.601871,1876.75
1.601871,1877.0
1.598034,1877.25
1.599313,1877.5
1.599313,1877.75
1.598034,1878.0
1.596755,1878.25
1.598034,1878.5
1.599313,1878.75
1.600592,1879.0
1.598034,1879.25
1.591639,1879.5
1.592918,1879.75
1.59036,1880.0
1.589081,1880.25
1.583966,1880.5
1.583966,1880.75
1.577571,1881.0
1.580129,1881.25
1.577571,1881.5
1.577571,1881.75
1.575013,1882.0
1.571176,1882.25
1.571176,1882.5
1.569897,1882.75
1.568618,1883.0
1.564782,1883.25
1.563503,1883.5
1.56606,1883.75
1.564782,1884.0
1.564782,1884.25
1.560945,1884.5
1.559666,1884.75
1.555829,1885.0
1.557108,1885.25
1.55455,1885.5
1.553271,1885.75
1.551992,1886.0
1.541761,1886.25
1.548155,1886.5
1.548155,1886.75
1.548155,1887.0
1.546876,1887.25
1.557108,1887.5
1.553271,1887.75
1.559666,1888.0
1.546876,1888.25
1.545597,1888.5
1.548155,1888.75
1.551992,1889.0
1.543039,1889.25
1.551992,1889.5
1.550713,1889.75
1.55455,1890.0
1.549434,1890.25
1.548155,1890.5
1.550713,1890.75
1.551992,1891.0
1.550713,1891.25
1.550713,1891.5
1.549434,1891.75
1.553271,1892.0
1.546876,1892.25
1.546876,1892.5
1.544318,1892.75
1.543039,1893.0
1.537924,1893.25
1.536645,1893.5
1.537924,1893.75
1.535366,1894.0
1.535366,1894.25
1.531529,1894.5
1.532808,1894.75
1.523855,1895.0
1.53025,1895.25
1.53025,1895.5
1.528971,1895.75
1.51874,1896.0
1.528971,1896.25
1.523855,1896.5
1.526413,1896.75
1.525134,1897.0
1.523855,1897.25
1.517461,1897.5
1.522576,1897.75
1.520018,1898.0
1.522576,1898.25
1.520018,1898.5
1.51874,1898.75
1.517461,1899.0
1.51874,1899.25
1.514903,1899.5
1.517461,1899.75
1.513624,1900.0
1.513624,1900.25
1.509787,1900.5
1.511066,1900.75
1.509787,1901.0
1.507229,1901.25
1.504671,1901.5
1.50595,1901.75
1.500834,1902.0
1.502113,1902.25
1.502113,1902.5
1.499555,1902.75
1.503392,1903.0
1.499555,1903.25
1.498276,1903.5
1.490603,1903.75
1.500834,1904.0
1.49444,1904.25
1.495719,1904.5
1.491882,1904.75
1.496997,1905.0
1.493161,1905.25
1.495719,1905.5
1.49444,1905.75
1.496997,1906.0
1.484208,1906.25
1.49444,1906.5
1.495719,1906.75
1.491882,1907.0
1.49444,1907.25
1.490603,1907.5
1.488045,1907.75
1.485487,1908.0
1.488045,1908.25
1.485487,1908.5
1.484208,1908.75
1.482929,1909.0
1.48165,1909.25
1.477813,1909.5
1.476534,1909.75
1.473976,1910.0
1.472697,1910.25
1.472697,1910.5
1.473976,1910.75
1.468861,1911.0
1.489125,1911.25
1.485288,1911.5
1.486567,1911.75
1.48273,1912.0
1.484009,1912.25
1.476335,1912.5
1.481451,1912.75
1.478893,1913.0
1.477614,1913.25
1.478893,1913.5
1.476335,1913.75
1.469941,1914.0
1.473778,1914.25
1.473778,1914.5
1.472499,1914.75
1.473778,1915.0
1.466104,1915.25
1.47122,1915.5
1.468662,1915.75
1.47122,1916.0
1.462267,1916.25
1.464825,1916.5
1.462267,1916.75
1.463546,1917.0
1.462267,1917.25
1.459709,1917.5
1.455872,1917.75
1.455872,1918.0
1.454593,1918.25
1.453314,1918.5
1.452036,1918.75
1.453314,1919.0
1.450757,1919.25
1.452036,1919.5
1.44692,1919.75
1.452036,1920.0
1.449478,1920.25
1.448199,1920.5
1.44692,1920.75
1.448199,1921.0
1.448199,1921.25
1.449478,1921.5
1.448199,1921.75
1.448199,1922.0
1.441804,1922.25
1.445641,1922.5
1.444362,1922.75
1.443083,1923.0
1.441804,1923.25
1.435409,1923.5
1.439246,1923.75
1.43413,1924.0
1.436688,1924.25
1.431572,1924.5
1.43413,1924.75
1.431572,1925.0
1.431572,1925.25
1.431572,1925.5
1.431572,1925.75
1.430293,1926.0
1.417504,1926.25
1.426457,1926.5
1.426457,1926.75
1.425178,1927.0
1.425178,1927.25
1.425178,1927.5
1.423899,1927.75
1.425178,1928.0
1.425178,1928.25
1.426457,1928.5
1.426457,1928.75
1.425178,1929.0
1.430293,1929.25
1.430293,1929.5
1.429015,1929.75
1.429015,1930.0
1.426457,1930.25
1.423899,1930.5
1.423899,1930.75
1.42262,1931.0
1.418783,1931.25
1.418783,1931.5
1.405994,1931.75
1.418783,1932.0
1.412388,1932.25
1.412388,1932.5
1.405994,1932.75
1.413667,1933.0
1.408551,1933.25
1.408551,1933.5
1.408551,1933.75
1.40983,1934.0
1.404715,1934.25
1.403436,1934.5
1.400878,1934.75
1.403436,1935.0
1.400878,1935.25
1.402157,1935.5
1.39832,1935.75
1.399599,1936.0
1.397041,1936.25
1.39832,1936.5
1.399599,1936.75
1.403436,1937.0
1.407272,1937.25
1.421341,1937.5
1.432851,1937.75
1.444362,1938.0
1.455872,1938.25
1.45843,1938.5
1.487846,1938.75
1.521098,1939.0
1.560746,1939.25
1.595277,1939.5
1.622135,1939.75
1.62853,1940.0
1.634924,1940.25
1.627251,1940.5
1.619577,1940.75
1.608067,1941.0
1.60423,1941.25
1.595277,1941.5
1.590161,1941.75
1.581209,1942.0
1.577372,1942.25
1.572256,1942.5
1.569698,1942.75
1.572256,1943.0
1.573535,1943.25
1.570977,1943.5
1.568419,1943.75
1.56714,1944.0
1.570977,1944.25
1.570977,1944.5
1.574814,1944.75
1.574814,1945.0
1.576093,1945.25
1.565861,1945.5
1.56714,1945.75
1.560746,1946.0
1.544119,1946.25
1.547956,1946.5
1.54284,1946.75
1.539004,1947.0
1.536446,1947.25
1.53133,1947.5
1.527493,1947.75
1.528772,1948.0
1.517262,1948.25
1.521098,1948.5
1.515983,1948.75
1.518541,1949.0
1.510867,1949.25
1.512146,1949.5
1.509588,1949.75
1.513425,1950.0
1.508309,1950.25
1.50703,1950.5
1.504472,1950.75
1.501914,1951.0
1.503193,1951.25
1.499356,1951.5
1.498078,1951.75
1.496799,1952.0
1.49552,1952.25
1.494241,1952.5
1.491683,1952.75
1.484009,1953.0
1.490404,1953.25
1.486567,1953.5
1.48273,1953.75
1.484009,1954.0
1.484009,1954.25
1.484009,1954.5
1.481451,1954.75
1.477614,1955.0
1.477614,1955.25
1.476335,1955.5
1.478893,1955.75
1.475057,1956.0
1.473778,1956.25
1.467383,1956.5
1.472499,1956.75
1.47122,1957.0
1.47122,1957.25
1.464825,1957.5
1.47122,1957.75
1.468662,1958.0
1.472499,1958.25
1.472499,1958.5
1.472499,1958.75
1.469941,1959.0
1.467383,1959.25
1.468662,1959.5
1.466104,1959.75
1.464825,1960.0
1.454593,1960.25
1.462267,1960.5
1.45843,1960.75
1.460988,1961.0
1.450757,1961.25
1.457151,1961.5
1.453314,1961.75
1.452036,1962.0
1.453314,1962.25
1.454593,1962.5
1.450757,1962.75
1.452036,1963.0
1.450757,1963.25
1.449478,1963.5
1.44692,1963.75
1.450757,1964.0
1.444362,1964.25
1.444362,1964.5
1.436688,1964.75
1.441804,1965.0
1.441804,1965.25
1.441804,1965.5
1.440525,1965.75
1.440525,1966.0
1.427736,1966.25
1.435409,1966.5
1.435409,1966.75
1.43413,1967.0
1.43413,1967.25
1.429015,1967.5
1.429015,1967.75
1.427736,1968.0
1.430293,1968.25
1.429015,1968.5
1.430293,1968.75
1.429015,1969.0
1.427736,1969.25
1.426457,1969.5
1.426457,1969.75
1.423899,1970.0
1.421341,1970.25
1.426457,1970.5
1.423899,1970.75
1.43413,1971.0
1.435409,1971.25
1.436688,1971.5
1.435409,1971.75
1.437967,1972.0
1.429015,1972.25
1.436688,1972.5
1.436688,1972.75
1.441804,1973.0
1.445641,1973.25
1.453314,1973.5
1.45843,1973.75
1.467383,1974.0
1.47122,1974.25
1.475057,1974.5
1.473778,1974.75
1.476335,1975.0
1.464825,1975.25
1.459709,1975.5
1.466104,1975.75
1.473778,1976.0
1.472499,1976.25
1.476335,1976.5
1.477614,1976.75
1.478893,1977.0
1.476335,1977.25
1.472499,1977.5
1.469941,1977.75
1.463546,1978.0
1.460988,1978.25
1.455872,1978.5
1.462267,1978.75
1.463546,1979.0
1.464825,1979.25
1.463546,1979.5
1.463546,1979.75
1.45843,1980.0
1.459709,1980.25
1.457151,1980.5
1.454593,1980.75
1.452036,1981.0
1.444362,1981.25
1.448199,1981.5
1.444362,1981.75
1.441804,1982.0
1.439246,1982.25
1.439246,1982.5
1.437967,1982.75
1.439246,1983.0
1.437967,1983.25
1.435409,1983.5
1.432851,1983.75
1.429015,1984.0
1.429015,1984.25
1.427736,1984.5
1.429015,1984.75
1.427736,1985.0
1.425178,1985.25
1.426457,1985.5
1.426457,1985.75
1.429015,1986.0
1.418783,1986.25
1.423899,1986.5
1.420062,1986.75
1.427736,1987.0
1.423899,1987.25
1.42262,1987.5
1.421341,1987.75
1.412388,1988.0
1.414946,1988.25
1.416225,1988.5
1.416225,1988.75
1.413667,1989.0
1.412388,1989.25
1.404715,1989.5
1.40983,1989.75
1.408551,1990.0
1.40983,1990.25
1.402157,1990.5
1.403436,1990.75
1.402157,1991.0
1.403436,1991.25
1.402157,1991.5
1.402157,1991.75
1.400878,1992.0
1.39832,1992.25
1.399599,1992.5
1.393204,1992.75
1.393204,1993.0
1.394483,1993.25
1.395762,1993.5
1.393204,1993.75
1.395762,1994.0
1.395762,1994.25
1.393204,1994.5
1.382973,1994.75
1.388088,1995.0
1.382973,1995.25
1.389367,1995.5
1.388088,1995.75
1.390646,1996.0
1.38553,1996.25
1.38553,1996.5
1.384251,1996.75
1.389367,1997.0
1.382973,1997.25
1.382973,1997.5
1.377857,1997.75
1.382973,1998.0
1.376578,1998.25
1.379136,1998.5
1.37402,1998.75
1.379136,1999.0
1.37402,1999.25
1.375299,1999.5
1.375299,1999.75
1.37402,2000.0
1.370183,2000.25
1.367625,2000.5
1.371462,2000.75
1.368904,2001.0
1.368904,2001.25
1.367625,2001.5
1.367625,2001.75
1.366346,2002.0
1.362509,2002.25
1.366346,2002.5
1.365067,2002.75
1.363788,2003.0
1.362509,2003.25
1.365067,2003.5
1.368904,2003.75
1.376578,2004.0
1.377857,2004.25
1.380415,2004.5
1.381694,2004.75
1.376578,2005.0
1.382973,2005.25
1.371462,2005.5
1.376578,2005.75
1.372741,2006.0
1.367625,2006.25
1.37402,2006.5
1.375299,2006.75
1.372741,2007.0
1.37402,2007.25
1.365067,2007.5
1.371462,2007.75
1.365067,2008.0
1.370183,2008.25
1.359951,2008.5
1.363788,2008.75
1.366346,2009.0
1.36123,2009.25
1.362509,2009.5
1.362509,2009.75
1.36123,2010.0
1.359951,2010.25
1.357394,2010.5
1.356115,2010.75
1.356115,2011.0
1.354836,2011.25
1.34972,2011.5
1.352278,2011.75
1.352278,2012.0
1.34972,2012.25
1.34972,2012.5
1.34972,2012.75
1.347162,2013.0
1.348441,2013.25
1.352278,2013.5
1.354836,2013.75
1.36123,2014.0
1.36123,2014.25
1.367625,2014.5
1.367625,2014.75
1.366346,2015.0
1.362509,2015.25
1.362509,2015.5
1.359951,2015.75
1.356115,2016.0
1.353557,2016.25
1.350999,2016.5
1.348441,2016.75
1.345883,2017.0
1.345883,2017.25
1.343325,2017.5
1.343325,2017.75
1.344604,2018.0
1.342046,2018.25
1.340767,2018.5
1.339489,2018.75
1.333094,2019.0
1.33821,2019.25
1.336931,2019.5
1.333094,2019.75
1.336931,2020.0
1.333094,2020.25
1.331815,2020.5
1.333094,2020.75
1.331815,2021.0
1.330536,2021.25
1.329257,2021.5
1.329257,2021.75
1.319025,2022.0
1.327978,2022.25
1.320304,2022.5
1.324141,2022.75
1.321583,2023.0
1.32542,2023.25
1.319025,2023.5
1.324141,2023.75
1.320304,2024.0
1.321583,2024.25
1.322862,2024.5
1.322862,2024.75
1.321583,2025.0
1.320304,2025.25
1.320304,2025.5
1.320304,2025.75
1.320304,2026.0
1.310073,2026.25
1.316467,2026.5
1.316467,2026.75
1.315189,2027.0
1.315189,2027.25
1.31391,2027.5
1.312631,2027.75
1.310073,2028.0
1.312631,2028.25
1.306236,2028.5
1.312631,2028.75
1.311352,2029.0
1.311352,2029.25
1.310073,2029.5
1.311352,2029.75
1.31391,2030.0
1.312631,2030.25
1.31391,2030.5
1.302399,2030.75
1.312631,2031.0
1.306236,2031.25
1.315189,2031.5
1.319025,2031.75
1.330536,2032.0
1.335652,2032.25
1.344604,2032.5
1.353557,2032.75
1.36123,2033.0
1.359951,2033.25
1.359951,2033.5
1.357394,2033.75
1.354836,2034.0
1.350999,2034.25
1.348441,2034.5
1.342046,2034.75
1.343325,2035.0
1.336931,2035.25
1.335652,2035.5
1.333094,2035.75
1.333094,2036.0
1.326699,2036.25
1.329257,2036.5
1.326699,2036.75
1.327978,2037.0
1.316467,2037.25
1.322862,2037.5
1.315189,2037.75
1.321583,2038.0
1.315189,2038.25
1.320304,2038.5
1.311352,2038.75
1.315189,2039.0
1.317746,2039.25
1.316467,2039.5
1.316467,2039.75
1.315189,2040.0
1.316467,2040.25
1.316467,2040.5
1.312631,2040.75
1.317746,2041.0
1.312631,2041.25
1.312631,2041.5
1.306236,2041.75
1.311352,2042.0
1.304957,2042.25
1.308794,2042.5
1.304957,2042.75
1.308794,2043.0
1.303678,2043.25
1.306236,2043.5
1.306236,2043.75
1.306236,2044.0
1.30112,2044.25
1.299841,2044.5
1.298562,2044.75
1.30112,2045.0
1.297283,2045.25
1.298562,2045.5
1.296004,2045.75
1.297283,2046.0
1.287052,2046.25
1.294725,2046.5
1.292168,2046.75
1.294725,2047.0
1.280657,2047.25
1.292168,2047.5
1.28961,2047.75
1.292168,2048.0
1.284494,2048.25
1.290889,2048.5
1.287052,2048.75
1.290889,2049.0
1.28961,2049.25
1.28961,2049.5
1.284494,2049.75
1.287052,2050.0
1.284494,2050.25
1.283215,2050.5
1.283215,2050.75
1.284494,2051.0
1.281936,2051.25
1.283215,2051.5
1.280657,2051.75
1.281936,2052.0
1.280657,2052.25
1.280657,2052.5
1.27682,2052.75
1.280657,2053.0
1.27682,2053.25
1.27682,2053.5
1.275541,2053.75
1.278099,2054.0
1.272983,2054.25
1.275541,2054.5
1.272983,2054.75
1.274262,2055.0
1.275541,2055.25
1.270425,2055.5
1.272983,2055.75
1.272983,2056.0
1.275541,2056.25
1.272983,2056.5
1.278099,2056.75
1.279378,2057.0
1.278099,2057.25
1.272983,2057.5
1.27682,2057.75
1.267868,2058.0
1.271704,2058.25
1.266589,2058.5
1.270425,2058.75
1.264031,2059.0
1.270425,2059.25
1.269147,2059.5
1.269147,2059.75
1.269147,2060.0
1.269147,2060.25
1.26531,2060.5
1.26531,2060.75
1.260194,2061.0
1.262752,2061.25
1.257636,2061.5
1.261473,2061.75
1.253799,2062.0
1.261473,2062.25
1.256357,2062.5
1.260194,2062.75
1.258915,2063.0
1.258915,2063.25
1.256357,2063.5
1.253799,2063.75
1.255078,2064.0
1.253799,2064.25
1.253799,2064.5
1.25252,2064.75
1.25252,2065.0
1.255078,2065.25
1.253799,2065.5
1.256357,2065.75
1.255078,2066.0
1.247404,2066.25
1.248683,2066.5
1.253799,2066.75
1.251241,2067.0
1.25252,2067.25
1.249962,2067.5
1.251241,2067.75
1.249962,2068.0
1.248683,2068.25
1.249962,2068.5
1.249962,2068.75
1.24101,2069.0
1.244847,2069.25
1.247404,2069.5
1.244847,2069.75
1.247404,2070.0
1.244847,2070.25
1.243568,2070.5
1.24101,2070.75
1.242289,2071.0
1.242289,2071.25
1.239731,2071.5
1.24101,2071.75
1.237173,2072.0
1.238452,2072.25
1.239731,2072.5
1.237173,2072.75
1.234615,2073.0
1.237173,2073.25
1.237173,2073.5
1.235894,2073.75
1.24101,2074.0
1.237173,2074.25
1.235894,2074.5
1.230778,2074.75
1.234615,2075.0
1.232057,2075.25
1.234615,2075.5
1.233336,2075.75
1.235894,2076.0
1.232057,2076.25
1.232057,2076.5
1.230778,2076.75
1.233336,2077.0
1.232057,2077.25
1.22822,2077.5
1.229499,2077.75
1.224383,2078.0
1.229499,2078.25
1.229499,2078.5
1.22822,2078.75
1.226941,2079.0
1.226941,2079.25
1.22822,2079.5
1.226941,2079.75
1.226941,2080.0
1.223105,2080.25
1.225662,2080.5
1.225662,2080.75
1.223105,2081.0
1.219268,2081.25
1.224383,2081.5
1.223105,2081.75
1.225662,2082.0
1.223105,2082.25
1.221826,2082.5
1.220547,2082.75
1.220547,2083.0
1.220547,2083.25
1.219268,2083.5
1.219268,2083.75
1.221826,2084.0
1.221826,2084.25
1.220547,2084.5
1.219268,2084.75
1.221826,2085.0
1.220547,2085.25
1.217989,2085.5
1.214152,2085.75
1.217989,2086.0
1.209036,2086.25
1.212873,2086.5
1.215431,2086.75
1.212873,2087.0
1.212873,2087.25
1.212873,2087.5
1.214152,2087.75
1.212873,2088.0
1.211594,2088.25
1.209036,2088.5
1.210315,2088.75
1.210315,2089.0
1.209036,2089.25
1.206478,2089.5
1.210315,2089.75
1.207757,2090.0
1.209036,2090.25
1.209036,2090.5
1.206478,2090.75
1.202641,2091.0
1.206478,2091.25
1.202641,2091.5
1.202641,2091.75
1.200084,2092.0
1.202641,2092.25
1.201362,2092.5
1.202641,2092.75
1.200084,2093.0
1.201362,2093.25
1.200084,2093.5
1.200084,2093.75
1.200084,2094.0
1.200084,2094.25
1.198805,2094.5
1.200084,2094.75
1.198805,2095.0
1.198805,2095.25
1.194968,2095.5
1.200084,2095.75
1.200084,2096.0
1.198805,2096.25
1.198805,2096.5
1.194968,2096.75
1.198805,2097.0
1.194968,2097.25
1.196247,2097.5
1.196247,2097.75
1.197526,2098.0
1.193689,2098.25
1.194968,2098.5
1.194968,2098.75
1.197526,2099.0
1.19241,2099.25
1.19241,2099.5
1.191131,2099.75
1.194968,2100.0
1.19241,2100.25
1.196247,2100.5
1.19241,2100.75
1.19241,2101.0
1.246126,2101.25
1.253799,2101.5
1.271704,2101.75
1.261473,2102.0
1.242289,2102.25
1.239731,2102.5
1.237173,2102.75
1.24101,2103.0
1.243568,2103.25
1.247404,2103.5
1.249962,2103.75
1.261473,2104.0
1.269147,2104.25
1.270425,2104.5
1.272983,2104.75
1.270425,2105.0
1.271704,2105.25
1.266589,2105.5
1.26531,2105.75
1.260194,2106.0
1.249962,2106.25
1.249962,2106.5
1.247404,2106.75
1.244847,2107.0
1.242289,2107.25
1.235894,2107.5
1.233336,2107.75
1.232057,2108.0
1.230778,2108.25
1.22822,2108.5
1.22822,2108.75
1.225662,2109.0
1.224383,2109.25
1.223105,2109.5
1.223105,2109.75
1.220547,2110.0
1.219268,2110.25
1.217989,2110.5
1.219268,2110.75
1.217989,2111.0
1.210315,2111.25
1.21671,2111.5
1.214152,2111.75
1.214152,2112.0
1.211594,2112.25
1.211594,2112.5
1.209036,2112.75
1.211594,2113.0
1.20392,2113.25
1.209036,2113.5
1.20392,2113.75
1.209036,2114.0
1.205199,2114.25
1.209036,2114.5
1.209036,2114.75
1.210315,2115.0
1.207757,2115.25
1.209036,2115.5
1.209036,2115.75
1.206478,2116.0
1.206478,2116.25
1.202641,2116.5
1.207757,2116.75
1.206478,2117.0
1.20392,2117.25
1.202641,2117.5
1.20392,2117.75
1.202641,2118.0
1.202641,2118.25
1.197526,2118.5
1.197526,2118.75
1.197526,2119.0
1.196247,2119.25
1.193689,2119.5
1.193689,2119.75
1.19241,2120.0
1.191131,2120.25
1.19241,2120.5
1.193689,2120.75
1.191131,2121.0
1.191131,2121.25
1.189852,2121.5
1.191131,2121.75
1.191131,2122.0
1.182178,2122.25
1.186015,2122.5
1.187294,2122.75
1.191131,2123.0
1.186015,2123.25
1.188573,2123.5
1.186015,2123.75
1.187294,2124.0
1.182178,2124.25
1.187294,2124.5
1.180899,2124.75
1.184736,2125.0
1.182178,2125.25
1.184736,2125.5
1.182178,2125.75
1.183457,2126.0
1.173226,2126.25
1.183457,2126.5
1.179621,2126.75
1.179621,2127.0
1.180899,2127.25
1.179621,2127.5
1.179621,2127.75
1.171947,2128.0
1.179621,2128.25
1.175784,2128.5
1.178342,2128.75
1.182178,2129.0
1.179621,2129.25
1.179621,2129.5
1.177063,2129.75
1.178342,2130.0
1.177063,2130.25
1.175784,2130.5
1.174505,2130.75
1.177063,2131.0
1.177063,2131.25
1.175784,2131.5
1.178342,2131.75
1.179621,2132.0
1.180899,2132.25
1.179621,2132.5
1.183457,2132.75
1.183457,2133.0
1.182178,2133.25
1.182178,2133.5
1.182178,2133.75
1.183457,2134.0
1.179621,2134.25
1.179621,2134.5
1.178342,2134.75
1.178342,2135.0
1.174505,2135.25
1.175784,2135.5
1.171947,2135.75
1.174505,2136.0
1.171947,2136.25
1.173226,2136.5
1.169389,2136.75
1.173226,2137.0
1.174505,2137.25
1.173226,2137.5
1.171947,2137.75
1.16811,2138.0
1.171947,2138.25
1.170668,2138.5
1.170668,2138.75
1.169389,2139.0
1.170668,2139.25
1.162994,2139.5
1.169389,2139.75
1.171947,2140.0
1.169389,2140.25
1.166831,2140.5
1.164273,2140.75
1.165552,2141.0
1.164273,2141.25
1.162994,2141.5
1.164273,2141.75
1.164273,2142.0
1.164273,2142.25
1.161715,2142.5
1.161715,2142.75
1.162994,2143.0
1.162994,2143.25
1.157878,2143.5
1.161715,2143.75
1.157878,2144.0
1.160436,2144.25
1.157878,2144.5
1.160436,2144.75
1.157878,2145.0
1.160436,2145.25
1.161715,2145.5
1.159157,2145.75
1.159157,2146.0
1.148926,2146.25
1.1566,2146.5
1.155321,2146.75
1.157878,2147.0
1.154042,2147.25
1.155321,2147.5
1.154042,2147.75
1.1566,2148.0
1.155321,2148.25
1.154042,2148.5
1.150205,2148.75
1.151484,2149.0
1.150205,2149.25
1.148926,2149.5
1.150205,2149.75
1.150205,2150.0
1.148926,2150.25
1.151484,2150.5
1.150205,2150.75
1.152763,2151.0
1.150205,2151.25
1.151484,2151.5
1.148926,2151.75
1.151484,2152.0
1.150205,2152.25
1.150205,2152.5
1.151484,2152.75
1.151484,2153.0
1.147647,2153.25
1.150205,2153.5
1.148926,2153.75
1.142531,2154.0
1.148926,2154.25
1.145089,2154.5
1.148926,2154.75
1.145089,2155.0
1.147647,2155.25
1.14381,2155.5
1.148926,2155.75
1.146368,2156.0
1.146368,2156.25
1.148926,2156.5
1.148926,2156.75
1.147647,2157.0
1.150205,2157.25
1.1566,2157.5
1.159157,2157.75
1.164273,2158.0
1.166831,2158.25
1.170668,2158.5
1.170668,2158.75
1.174505,2159.0
1.173226,2159.25
1.170668,2159.5
1.16811,2159.75
1.166831,2160.0
1.165552,2160.25
1.162994,2160.5
1.160436,2160.75
1.162994,2161.0
1.157878,2161.25
1.155321,2161.5
1.157878,2161.75
1.1566,2162.0
1.152763,2162.25
1.154042,2162.5
1.150205,2162.75
1.154042,2163.0
1.151484,2163.25
1.152763,2163.5
1.151484,2163.75
1.150205,2164.0
1.150205,2164.25
1.150205,2164.5
1.150205,2164.75
1.141252,2165.0
1.147647,2165.25
1.145089,2165.5
1.147647,2165.75
1.14381,2166.0
1.138694,2166.25
1.142531,2166.5
1.14381,2166.75
1.142531,2167.0
1.14381,2167.25
1.142531,2167.5
1.145089,2167.75
1.141252,2168.0
1.142531,2168.25
1.141252,2168.5
1.139973,2168.75
1.141252,2169.0
1.139973,2169.25
1.138694,2169.5
1.141252,2169.75
1.139973,2170.0
1.142531,2170.25
1.141252,2170.5
1.141252,2170.75
1.139973,2171.0
1.141252,2171.25
1.138694,2171.5
1.141252,2171.75
1.137415,2172.0
1.141252,2172.25
1.137415,2172.5
1.141252,2172.75
1.142531,2173.0
1.139973,2173.25
1.139973,2173.5
1.136136,2173.75
1.138694,2174.0
1.128463,2174.25
1.136136,2174.5
1.134857,2174.75
1.137415,2175.0
1.134857,2175.25
1.133579,2175.5
1.136136,2175.75
1.137415,2176.0
1.133579,2176.25
1.131021,2176.5
1.131021,2176.75
1.131021,2177.0
1.129742,2177.25
1.1323,2177.5
1.1323,2177.75
1.1323,2178.0
1.1323,2178.25
1.134857,2178.5
1.1323,2178.75
1.133579,2179.0
1.129742,2179.25
1.123347,2179.5
1.129742,2179.75
1.131021,2180.0
1.127184,2180.25
1.127184,2180.5
1.128463,2180.75
1.127184,2181.0
1.128463,2181.25
1.125905,2181.5
1.125905,2181.75
1.120789,2182.0
1.125905,2182.25
1.122068,2182.5
1.124626,2182.75
1.123347,2183.0
1.116952,2183.25
1.122068,2183.5
1.122068,2183.75
1.124626,2184.0
1.122068,2184.25
1.120789,2184.5
1.120789,2184.75
1.11951,2185.0
1.11951,2185.25
1.11951,2185.5
1.122068,2185.75
1.122068,2186.0
1.114394,2186.25
1.123347,2186.5
1.129742,2186.75
1.131021,2187.0
1.133579,2187.25
1.128463,2187.5
1.1323,2187.75
1.129742,2188.0
1.131021,2188.25
1.124626,2188.5
1.127184,2188.75
1.124626,2189.0
1.127184,2189.25
1.127184,2189.5
1.127184,2189.75
1.125905,2190.0
1.123347,2190.25
1.127184,2190.5
1.11951,2190.75
1.128463,2191.0
1.131021,2191.25
1.131021,2191.5
1.131021,2191.75
1.129742,2192.0
1.1323,2192.25
1.129742,2192.5
1.128463,2192.75
1.127184,2193.0
1.125905,2193.25
1.122068,2193.5
1.123347,2193.75
1.120789,2194.0
1.11951,2194.25
1.116952,2194.5
1.120789,2194.75
1.11951,2195.0
1.118231,2195.25
1.118231,2195.5
1.114394,2195.75
1.114394,2196.0
1.115673,2196.25
1.116952,2196.5
1.113115,2196.75
1.115673,2197.0
1.115673,2197.25
1.115673,2197.5
1.116952,2197.75
1.115673,2198.0
1.114394,2198.25
1.113115,2198.5
1.113115,2198.75
1.114394,2199.0
1.113115,2199.25
1.114394,2199.5
1.113115,2199.75
1.114394,2200.0
1.113115,2200.25
1.113115,2200.5
1.105442,2200.75
1.113115,2201.0
1.101605,2201.25
1.111836,2201.5
1.104163,2201.75
1.110558,2202.0
1.109279,2202.25
1.110558,2202.5
1.106721,2202.75
1.111836,2203.0
1.111836,2203.25
1.110558,2203.5
1.108,2203.75
1.108,2204.0
1.106721,2204.25
1.108,2204.5
1.104163,2204.75
1.104163,2205.0
1.104163,2205.25
1.105442,2205.5
1.105442,2205.75
1.106721,2206.0
1.097768,2206.25
1.102884,2206.5
1.101605,2206.75
1.104163,2207.0
1.102884,2207.25
1.101605,2207.5
1.101605,2207.75
1.102884,2208.0
1.100326,2208.25
1.092652,2208.5
1.099047,2208.75
1.101605,2209.0
1.100326,2209.25
1.096489,2209.5
1.099047,2209.75
1.096489,2210.0
1.099047,2210.25
1.096489,2210.5
1.099047,2210.75
1.093931,2211.0
1.097768,2211.25
1.096489,2211.5
1.097768,2211.75
1.096489,2212.0
1.093931,2212.25
1.09521,2212.5
1.09521,2212.75
1.092652,2213.0
1.092652,2213.25
1.093931,2213.5
1.092652,2213.75
1.093931,2214.0
1.093931,2214.25
1.093931,2214.5
1.093931,2214.75
1.091373,2215.0
1.093931,2215.25
1.090094,2215.5
1.091373,2215.75
1.091373,2216.0
1.091373,2216.25
1.092652,2216.5
1.091373,2216.75
1.092652,2217.0
1.086258,2217.25
1.091373,2217.5
1.088815,2217.75
1.09521,2218.0
1.091373,2218.25
1.092652,2218.5
1.092652,2218.75
1.097768,2219.0
1.093931,2219.25
1.102884,2219.5
1.106721,2219.75
1.109279,2220.0
1.111836,2220.25
1.114394,2220.5
1.114394,2220.75
1.116952,2221.0
1.116952,2221.25
1.114394,2221.5
1.115673,2221.75
1.115673,2222.0
1.116952,2222.25
1.120789,2222.5
1.115673,2222.75
1.118231,2223.0
1.114394,2223.25
1.115673,2223.5
1.113115,2223.75
1.111836,2224.0
1.110558,2224.25
1.108,2224.5
1.109279,2224.75
1.102884,2225.0
1.105442,2225.25
1.102884,2225.5
1.101605,2225.75
1.101605,2226.0
1.093931,2226.25
1.093931,2226.5
1.099047,2226.75
1.09521,2227.0
1.097768,2227.25
1.092652,2227.5
1.093931,2227.75
1.09521,2228.0
1.093931,2228.25
1.09521,2228.5
1.092652,2228.75
1.092652,2229.0
1.093931,2229.25
1.090094,2229.5
1.092652,2229.75
1.09521,2230.0
1.091373,2230.25
1.091373,2230.5
1.09521,2230.75
1.09521,2231.0
1.090094,2231.25
1.091373,2231.5
1.090094,2231.75
1.091373,2232.0
1.090094,2232.25
1.090094,2232.5
1.086258,2232.75
1.091373,2233.0
1.088815,2233.25
1.087537,2233.5
1.087537,2233.75
1.087537,2234.0
1.0837,2234.25
1.086258,2234.5
1.084979,2234.75
1.088815,2235.0
1.0837,2235.25
1.084979,2235.5
1.086258,2235.75
1.086258,2236.0
1.087537,2236.25
1.078584,2236.5
1.086258,2236.75
1.084979,2237.0
1.086258,2237.25
1.0837,2237.5
1.086258,2237.75
1.0837,2238.0
1.087537,2238.25
1.087537,2238.5
1.090094,2238.75
1.090094,2239.0
1.079863,2239.25
1.086258,2239.5
1.082421,2239.75
1.084979,2240.0
1.076026,2240.25
1.082421,2240.5
1.082421,2240.75
1.082421,2241.0
1.081142,2241.25
1.081142,2241.5
1.082421,2241.75
1.079863,2242.0
1.079863,2242.25
1.079863,2242.5
1.073468,2242.75
1.081142,2243.0
1.078584,2243.25
1.078584,2243.5
1.077305,2243.75
1.078584,2244.0
1.077305,2244.25
1.078584,2244.5
1.077305,2244.75
1.079863,2245.0
1.076026,2245.25
1.077305,2245.5
1.074747,2245.75
1.077305,2246.0
1.065794,2246.25
1.076026,2246.5
1.074747,2246.75
1.076026,2247.0
1.076026,2247.25
1.073468,2247.5
1.073468,2247.75
1.069631,2248.0
1.072189,2248.25
1.067073,2248.5
1.07091,2248.75
1.069631,2249.0
1.07091,2249.25
1.072189,2249.5
1.069631,2249.75
1.068352,2250.0
1.068352,2250.25
1.068352,2250.5
1.068352,2250.75
1.069631,2251.0
1.069631,2251.25
1.072189,2251.5
1.073468,2251.75
1.077305,2252.0
1.073468,2252.25
1.078584,2252.5
1.078584,2252.75
1.077305,2253.0
1.074747,2253.25
1.072189,2253.5
1.073468,2253.75
1.072189,2254.0
1.07091,2254.25
1.068352,2254.5
1.07091,2254.75
1.069631,2255.0
1.07091,2255.25
1.072189,2255.5
1.068352,2255.75
1.065794,2256.0
1.067073,2256.25
1.067073,2256.5
1.067073,2256.75
1.073468,2257.0
1.073468,2257.25
1.069631,2257.5
1.069631,2257.75
1.07091,2258.0
1.076026,2258.25
1.078584,2258.5
1.084979,2258.75
1.074747,2259.0
1.068352,2259.25
1.081142,2259.5
1.0837,2259.75
1.091373,2260.0
1.092652,2260.25
1.100326,2260.5
1.115673,2260.75
1.11951,2261.0
1.122068,2261.25
1.113115,2261.5
1.123347,2261.75
1.139973,2262.0
1.148926,2262.25
1.164273,2262.5
1.175784,2262.75
1.205199,2263.0
1.221826,2263.25
1.221826,2263.5
1.221826,2263.75
1.210315,2264.0
1.196247,2264.25
1.186015,2264.5
1.151484,2264.75
1.198805,2265.0
1.164273,2265.25
1.0837,2265.5
1.099047,2265.75
1.125905,2266.0
1.104163,2266.25
1.1323,2266.5
1.187294,2266.75
1.198805,2267.0
1.184736,2267.25
1.194968,2267.5
1.197526,2267.75
1.202641,2268.0
1.209036,2268.25
1.20392,2268.5
1.223105,2268.75
1.235894,2269.0
1.212873,2269.25
1.198805,2269.5
1.205199,2269.75
1.212873,2270.0
1.201362,2270.25
1.193689,2270.5
1.201362,2270.75
1.206478,2271.0
1.21671,2271.25
1.224383,2271.5
1.234615,2271.75
1.210315,2272.0
1.201362,2272.25
1.210315,2272.5
1.20392,2272.75
1.161715,2273.0
1.183457,2273.25
1.200084,2273.5
1.1566,2273.75
1.188573,2274.0
1.191131,2274.25
1.177063,2274.5
1.170668,2274.75
1.162994,2275.0
1.162994,2275.25
1.165552,2275.5
1.179621,2275.75
1.189852,2276.0
1.200084,2276.25
1.202641,2276.5
1.212873,2276.75
1.207757,2277.0
1.209036,2277.25
1.205199,2277.5
1.19241,2277.75
1.184736,2278.0
1.182178,2278.25
1.178342,2278.5
1.169389,2278.75
1.164273,2279.0
1.1566,2279.25
1.146368,2279.5
1.141252,2279.75
1.142531,2280.0
1.138694,2280.25
1.136136,2280.5
1.129742,2280.75
1.124626,2281.0
1.124626,2281.25
1.123347,2281.5
1.127184,2281.75
1.128463,2282.0
1.129742,2282.25
1.128463,2282.5
1.131021,2282.75
1.134857,2283.0
1.1323,2283.25
1.129742,2283.5
1.129742,2283.75
1.120789,2284.0
1.128463,2284.25
1.128463,2284.5
1.128463,2284.75
1.127184,2285.0
1.128463,2285.25
1.134857,2285.5
1.14381,2285.75
1.1323,2286.0
1.123347,2286.25
1.124626,2286.5
1.123347,2286.75
1.11951,2287.0
1.109279,2287.25
1.099047,2287.5
1.088815,2287.75
1.092652,2288.0
1.087537,2288.25
1.090094,2288.5
1.092652,2288.75
1.097768,2289.0
1.093931,2289.25
1.099047,2289.5
1.101605,2289.75
1.11951,2290.0
1.131021,2290.25
1.141252,2290.5
1.1566,2290.75
1.171947,2291.0
1.184736,2291.25
1.182178,2291.5
1.189852,2291.75
1.184736,2292.0
1.178342,2292.25
1.165552,2292.5
1.165552,2292.75
1.159157,2293.0
1.16811,2293.25
1.170668,2293.5
1.182178,2293.75
1.186015,2294.0
1.183457,2294.25
1.179621,2294.5
1.174505,2294.75
1.175784,2295.0
1.180899,2295.25
1.187294,2295.5
1.19241,2295.75
1.198805,2296.0
1.201362,2296.25
1.205199,2296.5
1.20392,2296.75
1.200084,2297.0
1.189852,2297.25
1.183457,2297.5
1.177063,2297.75
1.171947,2298.0
1.165552,2298.25
1.161715,2298.5
1.157878,2298.75
1.157878,2299.0
1.155321,2299.25
1.1566,2299.5
1.157878,2299.75
1.157878,2300.0
1.155321,2300.25
1.152763,2300.5
1.148926,2300.75
1.147647,2301.0
1.14381,2301.25
1.139973,2301.5
1.145089,2301.75
1.157878,2302.0
1.177063,2302.25
1.189852,2302.5
1.200084,2302.75
1.201362,2303.0
1.211594,2303.25
1.209036,2303.5
1.210315,2303.75
1.202641,2304.0
1.210315,2304.25
1.221826,2304.5
1.237173,2304.75
1.253799,2305.0
1.257636,2305.25
1.25252,2305.5
1.249962,2305.75
1.253799,2306.0
1.244847,2306.25
1.25252,2306.5
1.248683,2306.75
1.246126,2307.0
1.238452,2307.25
1.230778,2307.5
1.221826,2307.75
1.211594,2308.0
1.200084,2308.25
1.19241,2308.5
1.184736,2308.75
1.182178,2309.0
1.175784,2309.25
1.175784,2309.5
1.170668,2309.75
1.166831,2310.0
1.164273,2310.25
1.165552,2310.5
1.164273,2310.75
1.162994,2311.0
1.161715,2311.25
1.162994,2311.5
1.166831,2311.75
1.169389,2312.0
1.169389,2312.25
1.165552,2312.5
1.173226,2312.75
1.171947,2313.0
1.171947,2313.25
1.171947,2313.5
1.177063,2313.75
1.173226,2314.0
1.175784,2314.25
1.170668,2314.5
1.171947,2314.75
1.170668,2315.0
1.170668,2315.25
1.170668,2315.5
1.170668,2315.75
1.170668,2316.0
1.169389,2316.25
1.169389,2316.5
1.169389,2316.75
1.179621,2317.0
1.166831,2317.25
1.16811,2317.5
1.160436,2317.75
1.159157,2318.0
1.1566,2318.25
1.162994,2318.5
1.16811,2318.75
1.170668,2319.0
1.171947,2319.25
1.16811,2319.5
1.165552,2319.75
1.162994,2320.0
1.161715,2320.25
1.155321,2320.5
1.16811,2320.75
1.165552,2321.0
1.164273,2321.25
1.1566,2321.5
1.151484,2321.75
1.145089,2322.0
1.139973,2322.25
1.134857,2322.5
1.131021,2322.75
1.133579,2323.0
1.1323,2323.25
1.133579,2323.5
1.133579,2323.75
1.14381,2324.0
1.147647,2324.25
1.169389,2324.5
1.174505,2324.75
1.183457,2325.0
1.187294,2325.25
1.188573,2325.5
1.187294,2325.75
1.183457,2326.0
1.16811,2326.25
1.164273,2326.5
1.1566,2326.75
1.155321,2327.0
1.150205,2327.25
1.146368,2327.5
1.14381,2327.75
1.152763,2328.0
1.151484,2328.25
1.141252,2328.5
1.138694,2328.75
1.139973,2329.0
1.109279,2329.25
1.074747,2329.5
1.074747,2329.75
1.09521,2330.0
1.102884,2330.25
1.102884,2330.5
1.105442,2330.75
1.105442,2331.0
1.113115,2331.25
1.110558,2331.5
1.110558,2331.75
1.108,2332.0
1.101605,2332.25
1.100326,2332.5
1.09521,2332.75
1.091373,2333.0
1.086258,2333.25
1.088815,2333.5
1.084979,2333.75
1.084979,2334.0
1.079863,2334.25
1.084979,2334.5
1.082421,2334.75
1.097768,2335.0
1.111836,2335.25
1.109279,2335.5
1.097768,2335.75
1.082421,2336.0
1.07091,2336.25
1.065794,2336.5
1.067073,2336.75
1.060679,2337.0
1.0594,2337.25
1.056842,2337.5
1.053005,2337.75
1.051726,2338.0
1.050447,2338.25
1.042773,2338.5
1.053005,2338.75
1.055563,2339.0
1.047889,2339.25
1.063237,2339.5
1.074747,2339.75
1.077305,2340.0
1.087537,2340.25
1.092652,2340.5
1.088815,2340.75
1.087537,2341.0
1.086258,2341.25
1.072189,2341.5
1.072189,2341.75
1.061958,2342.0
1.0594,2342.25
1.054284,2342.5
1.053005,2342.75
1.054284,2343.0
1.055563,2343.25
1.054284,2343.5
1.050447,2343.75
1.051726,2344.0
1.042773,2344.25
1.044052,2344.5
1.047889,2344.75
1.0594,2345.0
1.074747,2345.25
1.226941,2345.5
1.283215,2345.75
1.321583,2346.0
1.327978,2346.25
1.350999,2346.5
1.353557,2346.75
1.345883,2347.0
1.340767,2347.25
1.333094,2347.5
1.327978,2347.75
1.324141,2348.0
1.317746,2348.25
1.312631,2348.5
1.320304,2348.75
1.330536,2349.0
1.321583,2349.25
1.31391,2349.5
1.33821,2349.75
1.353557,2350.0
1.365067,2350.25
1.389367,2350.5
1.417504,2350.75
1.441804,2351.0
1.476335,2351.25
1.512146,2351.5
1.532609,2351.75
1.565861,2352.0
1.569698,2352.25
1.54284,2352.5
1.551793,2352.75
1.576093,2353.0
1.573535,2353.25
1.536446,2353.5
1.503193,2353.75
1.489125,2354.0
1.481451,2354.25
1.496799,2354.5
1.494241,2354.75
1.45843,2355.0
1.44692,2355.25
1.478893,2355.5
1.48273,2355.75
1.487846,2356.0
1.462267,2356.25
1.448199,2356.5
1.49552,2356.75
1.517262,2357.0
1.476335,2357.25
1.455872,2357.5
1.540283,2357.75
1.436688,2358.0
1.42262,2358.25
1.423899,2358.5
1.441804,2358.75
1.450757,2359.0
1.452036,2359.25
1.478893,2359.5
1.431572,2359.75
1.541562,2360.0
1.573535,2360.25
1.576093,2360.5
1.565861,2360.75
1.524935,2361.0
1.526214,2361.25
1.610625,2361.5
1.665619,2361.75
1.734682,2362.0
1.808861,2362.25
1.865134,2362.5
1.868971,2362.75
1.812698,2363.0
1.771771,2363.25
1.817813,2363.5
1.826766,2363.75
1.735961,2364.0
1.668177,2364.25
1.668177,2364.5
1.68864,2364.75
1.698872,2365.0
1.766656,2365.25
1.843392,2365.5
1.847229,2365.75
1.840834,2366.0
1.778166,2366.25
1.81014,2366.5
1.765377,2366.75
1.686082,2367.0
1.641319,2367.25
1.689919,2367.5
1.716777,2367.75
1.706545,2368.0
1.716777,2368.25
1.764098,2368.5
1.780724,2368.75
1.746193,2369.0
1.730845,2369.25
1.719335,2369.5
1.743635,2369.75
1.826766,2370.0
1.825487,2370.25
1.817813,2370.5
1.807582,2370.75
1.78584,2371.0
1.771771,2371.25
1.775608,2371.5
1.742356,2371.75
1.65283,2372.0
1.715498,2372.25
1.758982,2372.5
1.756424,2372.75
1.76154,2373.0
1.765377,2373.25
1.770493,2373.5
1.802466,2373.75
1.784561,2374.0
1.81014,2374.25
1.856182,2374.5
1.899666,2374.75
1.912455,2375.0
1.911176,2375.25
1.920129,2375.5
1.925245,2375.75
1.895829,2376.0
1.932918,2376.25
1.925245,2376.5
1.907339,2376.75
1.895829,2377.0
1.880482,2377.25
1.876645,2377.5
1.867692,2377.75
1.849787,2378.0
1.815256,2378.25
1.851066,2378.5
1.872808,2378.75
1.826766,2379.0
1.802466,2379.25
1.811419,2379.5
1.820371,2379.75
1.831882,2380.0
1.822929,2380.25
1.840834,2380.5
1.853624,2380.75
1.843392,2381.0
1.826766,2381.25
1.816535,2381.5
1.830603,2381.75
1.874087,2382.0
1.854903,2382.25
1.848508,2382.5
1.792235,2382.75
1.780724,2383.0
1.867692,2383.25
1.836998,2383.5
1.854903,2383.75
1.826766,2384.0
1.839556,2384.25
1.835719,2384.5
1.842113,2384.75
1.817813,2385.0
1.838277,2385.25
1.87025,2385.5
1.985355,2385.75
2.05078,2386.0
2.081475,2386.25
2.114727,2386.5
2.076359,2386.75
2.058454,2387.0
2.008575,2387.25
2.084033,2387.5
2.150538,2387.75
2.098101,2388.0
1.954859,2388.25
2.003459,2388.5
2.068685,2388.75
2.004738,2389.0
2.007296,2389.25
2.021364,2389.5
2.025201,2389.75
1.985554,2390.0
1.911375,2390.25
2.021364,2390.5
1.986833,2390.75
1.962533,2391.0
1.984275,2391.25
1.959975,2391.5
1.916491,2391.75
1.879402,2392.0
1.951023,2392.25
1.962533,2392.5
1.96637,2392.75
2.119843,2393.0
2.200417,2393.25
2.228553,2393.5
2.227274,2393.75
2.237506,2394.0
2.202975,2394.25
2.191464,2394.5
2.137748,2394.75
2.089149,2395.0
2.034154,2395.25
2.025201,2395.5
2.027759,2395.75
2.035433,2396.0
2.03927,2396.25
2.016249,2396.5
2.035433,2396.75
2.044385,2397.0
2.01497,2397.25
2.008575,2397.5
2.030317,2397.75
2.016249,2398.0
2.021364,2398.25
2.036712,2398.5
2.048222,2398.75
2.080196,2399.0
2.07508,2399.25
2.160769,2399.5
2.144143,2399.75
2.092985,2400.0
2.084033,2400.25
2.14798,2400.5
2.064848,2400.75
1.965091,2401.0
1.99067,2401.25
1.956138,2401.5
1.979159,2401.75
2.041827,2402.0
2.027759,2402.25
2.117285,2402.5
2.136469,2402.75
2.144143,2403.0
2.121122,2403.25
2.11089,2403.5
2.081475,2403.75
2.054617,2404.0
2.01497,2404.25
2.008575,2404.5
2.006017,2404.75
2.007296,2405.0
1.993228,2405.25
1.999622,2405.5
1.999622,2405.75
2.000901,2406.0
1.988112,2406.25
2.007296,2406.5
2.008575,2406.75
2.017528,2407.0
2.027759,2407.25
2.031596,2407.5
2.041827,2407.75
2.045664,2408.0
2.045664,2408.25
2.037991,2408.5
2.031596,2408.75
2.018806,2409.0
2.008575,2409.25
1.999622,2409.5
1.99067,2409.75
1.986833,2410.0
1.981717,2410.25
1.985554,2410.5
1.985554,2410.75
1.982996,2411.0
1.976601,2411.25
1.976601,2411.5
1.991949,2411.75
2.007296,2412.0
2.021364,2412.25
2.029038,2412.5
2.029038,2412.75
2.021364,2413.0
2.020086,2413.25
2.031596,2413.5
2.055896,2413.75
2.089149,2414.0
2.101938,2414.25
2.113448,2414.5
2.108333,2414.75
2.104496,2415.0
2.090427,2415.25
2.081475,2415.5
2.066128,2415.75
2.067406,2416.0
2.069964,2416.25
2.091706,2416.5
2.121122,2416.75
2.132632,2417.0
2.149259,2417.25
2.149259,2417.5
2.149259,2417.75
2.137748,2418.0
2.128796,2418.25
2.11089,2418.5
2.109612,2418.75
2.100659,2419.0
2.09938,2419.25
2.090427,2419.5
2.085312,2419.75
2.076359,2420.0
2.064848,2420.25
2.053338,2420.5
2.040549,2420.75
2.032875,2421.0
2.022643,2421.25
2.029038,2421.5
2.021364,2421.75
2.02648,2422.0
2.021364,2422.25
2.018806,2422.5
2.011133,2422.75
2.011133,2423.0
2.006017,2423.25
2.004738,2423.5
2.00218,2423.75
2.006017,2424.0
2.01497,2424.25
2.020086,2424.5
2.020086,2424.75
2.022643,2425.0
2.022643,2425.25
2.025201,2425.5
2.036712,2425.75
2.05078,2426.0
2.044385,2426.25
2.055896,2426.5
2.053338,2426.75
2.045664,2427.0
2.045664,2427.25
2.040549,2427.5
2.037991,2427.75
2.032875,2428.0
2.029038,2428.25
2.022643,2428.5
2.025201,2428.75
2.017528,2429.0
2.01497,2429.25
2.00218,2429.5
2.003459,2429.75
1.995786,2430.0
1.99067,2430.25
1.986833,2430.5
1.981717,2430.75
1.976601,2431.0
1.971486,2431.25
1.965091,2431.5
1.959975,2431.75
1.959975,2432.0
1.952302,2432.25
1.959975,2432.5
1.958696,2432.75
1.974043,2433.0
1.979159,2433.25
1.981717,2433.5
1.979159,2433.75
1.979159,2434.0
1.972765,2434.25
1.963812,2434.5
1.957417,2434.75
1.954859,2435.0
1.951023,2435.25
1.947186,2435.5
1.943349,2435.75
1.94207,2436.0
1.939512,2436.25
1.936954,2436.5
1.934396,2436.75
1.935675,2437.0
1.938233,2437.25
1.940791,2437.5
1.94207,2437.75
1.959975,2438.0
1.97788,2438.25
1.995786,2438.5
2.011133,2438.75
2.009854,2439.0
2.013691,2439.25
2.004738,2439.5
1.998343,2439.75
1.989391,2440.0
1.980438,2440.25
1.968928,2440.5
1.965091,2440.75
1.959975,2441.0
1.94207,2441.25
1.944628,2441.5
1.933117,2441.75
1.930559,2442.0
1.922886,2442.25
1.920328,2442.5
1.912654,2442.75
1.912654,2443.0
1.90626,2443.25
1.919049,2443.5
1.934396,2443.75
1.956138,2444.0
1.96637,2444.25
1.986833,2444.5
1.997064,2444.75
1.999622,2445.0
1.999622,2445.25
1.993228,2445.5
1.986833,2445.75
1.96637,2446.0
1.957417,2446.25
1.954859,2446.5
1.951023,2446.75
1.944628,2447.0
1.939512,2447.25
1.938233,2447.5
1.943349,2447.75
1.943349,2448.0
1.943349,2448.25
1.939512,2448.5
1.935675,2448.75
1.936954,2449.0
1.930559,2449.25
1.931838,2449.5
1.934396,2449.75
1.943349,2450.0
1.948465,2450.25
1.956138,2450.5
1.963812,2450.75
1.967649,2451.0
1.958696,2451.25
1.947186,2451.5
1.948465,2451.75
1.951023,2452.0
1.938233,2452.25
1.933117,2452.5
1.94207,2452.75
1.984275,2453.0
2.045664,2453.25
2.11089,2453.5
2.149259,2453.75
2.173559,2454.0
2.177396,2454.25
2.178674,2454.5
2.158211,2454.75
2.122401,2455.0
2.108333,2455.25
2.092985,2455.5
2.086591,2455.75
2.080196,2456.0
2.078917,2456.25
2.069964,2456.5
2.062291,2456.75
2.049501,2457.0
2.044385,2457.25
2.027759,2457.5
2.017528,2457.75
2.008575,2458.0
2.000901,2458.25
1.991949,2458.5
1.988112,2458.75
1.985554,2459.0
1.976601,2459.25
1.972765,2459.5
1.962533,2459.75
1.96637,2460.0
1.963812,2460.25
1.981717,2460.5
2.004738,2460.75
2.046943,2461.0
2.061012,2461.25
2.069964,2461.5
2.067406,2461.75
2.058454,2462.0
2.040549,2462.25
2.021364,2462.5
2.011133,2462.75
1.997064,2463.0
1.988112,2463.25
1.976601,2463.5
1.972765,2463.75
1.979159,2464.0
1.984275,2464.25
1.999622,2464.5
2.007296,2464.75
2.008575,2465.0
2.000901,2465.25
1.997064,2465.5
1.993228,2465.75
1.984275,2466.0
1.972765,2466.25
1.981717,2466.5
1.99067,2466.75
2.003459,2467.0
2.021364,2467.25
2.037991,2467.5
2.041827,2467.75
2.037991,2468.0
2.03927,2468.25
2.030317,2468.5
2.020086,2468.75
2.012412,2469.0
2.007296,2469.25
1.999622,2469.5
1.985554,2469.75
1.993228,2470.0
1.984275,2470.25
1.989391,2470.5
2.007296,2470.75
2.055896,2471.0
2.091706,2471.25
2.117285,2471.5
2.132632,2471.75
2.137748,2472.0
2.126238,2472.25
2.105775,2472.5
2.084033,2472.75
2.064848,2473.0
2.048222,2473.25
2.032875,2473.5
2.025201,2473.75
2.020086,2474.0
2.01497,2474.25
2.009854,2474.5
2.006017,2474.75
1.99067,2475.0
1.997064,2475.25
1.994507,2475.5
1.99067,2475.75
1.986833,2476.0
1.985554,2476.25
1.989391,2476.5
1.998343,2476.75
1.999622,2477.0
2.006017,2477.25
2.004738,2477.5
2.003459,2477.75
1.997064,2478.0
2.000901,2478.25
2.017528,2478.5
2.046943,2478.75
2.071243,2479.0
2.095543,2479.25
2.098101,2479.5
2.095543,2479.75
2.085312,2480.0
2.068685,2480.25
2.054617,2480.5
2.043107,2480.75
2.03927,2481.0
2.025201,2481.25
2.021364,2481.5
2.007296,2481.75
2.011133,2482.0
2.00218,2482.25
2.006017,2482.5
2.004738,2482.75
2.007296,2483.0
2.006017,2483.25
2.008575,2483.5
2.011133,2483.75
2.016249,2484.0
2.022643,2484.25
2.021364,2484.5
2.02648,2484.75
2.016249,2485.0
2.020086,2485.25
2.011133,2485.5
2.009854,2485.75
2.003459,2486.0
1.988112,2486.25
1.997064,2486.5
1.993228,2486.75
1.989391,2487.0
1.984275,2487.25
1.988112,2487.5
1.993228,2487.75
1.988112,2488.0
1.988112,2488.25
1.989391,2488.5
2.00218,2488.75
2.01497,2489.0
2.027759,2489.25
2.034154,2489.5
2.035433,2489.75
2.02648,2490.0
2.023922,2490.25
2.013691,2490.5
1.999622,2490.75
2.000901,2491.0
1.99067,2491.25
1.982996,2491.5
1.97788,2491.75
1.979159,2492.0
1.968928,2492.25
1.967649,2492.5
1.961254,2492.75
1.967649,2493.0
1.967649,2493.25
1.967649,2493.5
1.968928,2493.75
1.970207,2494.0
1.963812,2494.25
1.963812,2494.5
1.963812,2494.75
1.96637,2495.0
1.971486,2495.25
1.967649,2495.5
1.981717,2495.75
1.981717,2496.0
1.991949,2496.25
1.993228,2496.5
1.997064,2496.75
1.989391,2497.0
1.986833,2497.25
1.980438,2497.5
1.975322,2497.75
1.970207,2498.0
1.962533,2498.25
1.961254,2498.5
1.957417,2498.75
1.956138,2499.0
1.952302,2499.25
1.952302,2499.5
1.935675,2499.75
1.956138,2500.0
1.958696,2500.25
1.959975,2500.5
2.034154,2500.75
2.053338,2501.0
2.057175,2501.25
2.078917,2501.5
2.06357,2501.75
2.076359,2502.0
2.045664,2502.25
2.036712,2502.5
2.046943,2502.75
2.030317,2503.0
2.013691,2503.25
1.999622,2503.5
1.988112,2503.75
1.981717,2504.0
1.975322,2504.25
1.972765,2504.5
1.974043,2504.75
1.970207,2505.0
1.967649,2505.25
1.96637,2505.5
1.963812,2505.75
1.957417,2506.0
1.940791,2506.25
1.943349,2506.5
1.948465,2506.75
1.945907,2507.0
1.947186,2507.25
1.944628,2507.5
1.943349,2507.75
1.94207,2508.0
1.938233,2508.25
2.011133,2508.5
2.040549,2508.75
2.012412,2509.0
1.972765,2509.25
1.948465,2509.5
1.915212,2509.75
1.888354,2510.0
1.887075,2510.25
1.80906,2510.5
1.902423,2510.75
1.930559,2511.0
1.957417,2511.25
1.984275,2511.5
1.999622,2511.75
1.96637,2512.0
1.974043,2512.25
1.997064,2512.5
1.988112,2512.75
1.963812,2513.0
1.986833,2513.25
1.984275,2513.5
1.988112,2513.75
2.000901,2514.0
2.008575,2514.25
1.951023,2514.5
1.722092,2514.75
1.985554,2515.0
1.993228,2515.25
2.007296,2515.5
2.058454,2515.75
2.061012,2516.0
2.064848,2516.25
2.071243,2516.5
2.07508,2516.75
2.068685,2517.0
2.077638,2517.25
2.07508,2517.5
2.077638,2517.75
2.072522,2518.0
2.072522,2518.25
2.066128,2518.5
2.069964,2518.75
2.069964,2519.0
2.077638,2519.25
2.086591,2519.5
2.098101,2519.75
2.109612,2520.0
2.121122,2520.25
2.13519,2520.5
2.141585,2520.75
2.136469,2521.0
2.13519,2521.25
2.124959,2521.5
2.116006,2521.75
2.107054,2522.0
2.094264,2522.25
2.086591,2522.5
2.085312,2522.75
2.078917,2523.0
2.081475,2523.25
2.078917,2523.5
2.077638,2523.75
2.078917,2524.0
2.094264,2524.25
2.124959,2524.5
2.156933,2524.75
2.204253,2525.0
2.228553,2525.25
2.241343,2525.5
2.228553,2525.75
2.228553,2526.0
2.186348,2526.25
2.182511,2526.5
2.163327,2526.75
2.158211,2527.0
2.141585,2527.25
2.132632,2527.5
2.126238,2527.75
2.118564,2528.0
2.107054,2528.25
2.098101,2528.5
2.09938,2528.75
2.094264,2529.0
2.089149,2529.25
2.084033,2529.5
2.081475,2529.75
2.077638,2530.0
2.081475,2530.25
2.081475,2530.5
2.077638,2530.75
2.062291,2531.0
2.05078,2531.25
2.044385,2531.5
2.045664,2531.75
2.046943,2532.0
2.044385,2532.25
2.044385,2532.5
2.041827,2532.75
2.040549,2533.0
2.043107,2533.25
2.03927,2533.5
2.043107,2533.75
2.03927,2534.0
2.055896,2534.25
2.068685,2534.5
2.084033,2534.75
2.087869,2535.0
2.107054,2535.25
2.11217,2535.5
2.116006,2535.75
2.11089,2536.0
2.086591,2536.25
2.089149,2536.5
2.091706,2536.75
2.087869,2537.0
2.073801,2537.25
2.068685,2537.5
2.073801,2537.75
2.069964,2538.0
2.071243,2538.25
2.064848,2538.5
2.058454,2538.75
2.062291,2539.0
2.061012,2539.25
2.053338,2539.5
2.053338,2539.75
2.055896,2540.0
2.048222,2540.25
2.048222,2540.5
2.041827,2540.75
2.043107,2541.0
2.037991,2541.25
2.040549,2541.5
2.032875,2541.75
2.035433,2542.0
2.025201,2542.25
2.032875,2542.5
2.027759,2542.75
2.036712,2543.0
2.032875,2543.25
2.044385,2543.5
2.05078,2543.75
2.054617,2544.0
2.054617,2544.25
2.052059,2544.5
2.048222,2544.75
2.036712,2545.0
2.032875,2545.25
2.027759,2545.5
2.02648,2545.75
2.021364,2546.0
2.003459,2546.25
2.00218,2546.5
2.007296,2546.75
2.012412,2547.0
2.012412,2547.25
2.007296,2547.5
2.00218,2547.75
2.006017,2548.0
2.004738,2548.25
1.994507,2548.5
1.994507,2548.75
1.991949,2549.0
1.985554,2549.25
1.984275,2549.5
1.988112,2549.75
1.986833,2550.0
1.99067,2550.25
1.989391,2550.5
1.997064,2550.75
1.998343,2551.0
1.998343,2551.25
1.99067,2551.5
1.993228,2551.75
1.994507,2552.0
1.985554,2552.25
1.981717,2552.5
1.967649,2552.75
1.975322,2553.0
1.965091,2553.25
1.971486,2553.5
1.967649,2553.75
1.976601,2554.0
1.972765,2554.25
1.975322,2554.5
1.976601,2554.75
1.980438,2555.0
1.974043,2555.25
1.970207,2555.5
1.96637,2555.75
1.957417,2556.0
1.95358,2556.25
1.951023,2556.5
1.947186,2556.75
1.944628,2557.0
1.944628,2557.25
1.944628,2557.5
1.943349,2557.75
1.944628,2558.0
1.938233,2558.25
1.935675,2558.5
1.929281,2558.75
1.931838,2559.0
1.929281,2559.25
1.928002,2559.5
1.926723,2559.75
1.928002,2560.0
1.928002,2560.25
1.928002,2560.5
1.936954,2560.75
1.934396,2561.0
1.951023,2561.25
1.957417,2561.5
1.99067,2561.75
1.995786,2562.0
2.011133,2562.25
2.009854,2562.5
2.004738,2562.75
2.004738,2563.0
1.997064,2563.25
1.986833,2563.5
1.979159,2563.75
1.974043,2564.0
1.959975,2564.25
1.957417,2564.5
1.959975,2564.75
1.957417,2565.0
1.956138,2565.25
1.95358,2565.5
1.957417,2565.75
1.957417,2566.0
1.947186,2566.25
1.959975,2566.5
1.965091,2566.75
1.958696,2567.0
1.963812,2567.25
1.952302,2567.5
1.949744,2567.75
1.94207,2568.0
1.940791,2568.25
1.936954,2568.5
1.938233,2568.75
1.940791,2569.0
1.944628,2569.25
1.948465,2569.5
1.939512,2569.75
1.943349,2570.0
1.938233,2570.25
1.936954,2570.5
1.933117,2570.75
1.934396,2571.0
1.921607,2571.25
1.928002,2571.5
1.928002,2571.75
1.931838,2572.0
1.925444,2572.25
1.921607,2572.5
1.920328,2572.75
1.921607,2573.0
1.915212,2573.25
1.913933,2573.5
1.908817,2573.75
1.90626,2574.0
1.903702,2574.25
1.903702,2574.5
1.901144,2574.75
1.897307,2575.0
1.892191,2575.25
1.897307,2575.5
1.897307,2575.75
1.898586,2576.0
1.89347,2576.25
1.896028,2576.5
1.896028,2576.75
1.896028,2577.0
1.896028,2577.25
1.89347,2577.5
1.896028,2577.75
1.889633,2578.0
1.894749,2578.25
1.892191,2578.5
1.898586,2578.75
1.902423,2579.0
1.904981,2579.25
1.908817,2579.5
1.908817,2579.75
1.907538,2580.0
1.899865,2580.25
1.90626,2580.5
1.896028,2580.75
1.902423,2581.0
1.890912,2581.25
1.89347,2581.5
1.884517,2581.75
1.885796,2582.0
1.879402,2582.25
1.88196,2582.5
1.883239,2582.75
1.88196,2583.0
1.876844,2583.25
1.873007,2583.5
1.883239,2583.75
1.887075,2584.0
1.892191,2584.25
1.885796,2584.5
1.892191,2584.75
1.888354,2585.0
1.889633,2585.25
1.885796,2585.5
1.883239,2585.75
1.879402,2586.0
1.860218,2586.25
1.866612,2586.5
1.862775,2586.75
1.873007,2587.0
1.870449,2587.25
1.875565,2587.5
1.883239,2587.75
1.899865,2588.0
1.90626,2588.25
1.912654,2588.5
1.903702,2588.75
1.897307,2589.0
1.894749,2589.25
1.890912,2589.5
1.884517,2589.75
1.883239,2590.0
1.875565,2590.25
1.873007,2590.5
1.873007,2590.75
1.865333,2591.0
1.867891,2591.25
1.866612,2591.5
1.862775,2591.75
1.862775,2592.0
1.861496,2592.25
1.849986,2592.5
1.846149,2592.75
1.818012,2593.0
1.773249,2593.25
1.78476,2593.5
1.819291,2593.75
1.800107,2594.0
1.786039,2594.25
1.787318,2594.5
1.789876,2594.75
1.788597,2595.0
1.798828,2595.25
1.797549,2595.5
1.780923,2595.75
1.801386,2596.0
1.82057,2596.25
1.826965,2596.5
1.830802,2596.75
1.83336,2597.0
1.83336,2597.25
1.838475,2597.5
1.84487,2597.75
1.851265,2598.0
1.855102,2598.25
1.855102,2598.5
1.851265,2598.75
1.843591,2599.0
1.843591,2599.25
1.838475,2599.5
1.835918,2599.75
1.82057,2600.0
1.821849,2600.25
1.816733,2600.5
1.815454,2600.75
1.812897,2601.0
1.82057,2601.25
1.829523,2601.5
1.841033,2601.75
1.848707,2602.0
1.848707,2602.25
1.849986,2602.5
1.835918,2602.75
1.839754,2603.0
1.835918,2603.25
1.855102,2603.5
1.876844,2603.75
1.885796,2604.0
1.878123,2604.25
1.875565,2604.5
1.86917,2604.75
1.860218,2605.0
1.847428,2605.25
1.838475,2605.5
1.839754,2605.75
1.834639,2606.0
1.812897,2606.25
1.821849,2606.5
1.82057,2606.75
1.818012,2607.0
1.819291,2607.25
1.82057,2607.5
1.816733,2607.75
1.810339,2608.0
1.810339,2608.25
1.812897,2608.5
1.815454,2608.75
1.816733,2609.0
1.816733,2609.25
1.812897,2609.5
1.811618,2609.75
1.803944,2610.0
1.803944,2610.25
1.798828,2610.5
1.798828,2610.75
1.792434,2611.0
1.794991,2611.25
1.793712,2611.5
1.794991,2611.75
1.797549,2612.0
1.792434,2612.25
1.792434,2612.5
1.789876,2612.75
1.792434,2613.0
1.793712,2613.25
1.788597,2613.5
1.775807,2613.75
1.782202,2614.0
1.775807,2614.25
1.778365,2614.5
1.775807,2614.75
1.774528,2615.0
1.782202,2615.25
1.791155,2615.5
1.82057,2615.75
1.853823,2616.0
1.823128,2616.25
1.825686,2616.5
1.855102,2616.75
1.860218,2617.0
1.865333,2617.25
1.847428,2617.5
1.866612,2617.75
1.876844,2618.0
1.885796,2618.25
1.896028,2618.5
1.907538,2618.75
1.916491,2619.0
1.915212,2619.25
1.926723,2619.5
1.913933,2619.75
1.949744,2620.0
1.959975,2620.25
1.970207,2620.5
1.97788,2620.75
1.968928,2621.0
1.959975,2621.25
1.947186,2621.5
1.938233,2621.75
1.921607,2622.0
1.919049,2622.25
1.908817,2622.5
1.902423,2622.75
1.898586,2623.0
1.890912,2623.25
1.884517,2623.5
1.88196,2623.75
1.878123,2624.0
1.875565,2624.25
1.879402,2624.5
1.870449,2624.75
1.875565,2625.0
1.870449,2625.25
1.871728,2625.5
1.865333,2625.75
1.879402,2626.0
1.860218,2626.25
1.874286,2626.5
1.874286,2626.75
1.879402,2627.0
1.887075,2627.25
1.910096,2627.5
1.938233,2627.75
1.965091,2628.0
1.979159,2628.25
1.989391,2628.5
1.991949,2628.75
1.988112,2629.0
1.971486,2629.25
1.963812,2629.5
1.945907,2629.75
1.939512,2630.0
1.921607,2630.25
1.919049,2630.5
1.907538,2630.75
1.910096,2631.0
1.90626,2631.25
1.904981,2631.5
1.892191,2631.75
1.896028,2632.0
1.897307,2632.25
1.894749,2632.5
1.894749,2632.75
1.83336,2633.0
1.852544,2633.25
1.875565,2633.5
1.873007,2633.75
1.704186,2634.0
1.846149,2634.25
1.791155,2634.5
1.826965,2634.75
1.814175,2635.0
1.803944,2635.25
1.743834,2635.5
1.738718,2635.75
1.741276,2636.0
1.741276,2636.25
1.739997,2636.5
1.774528,2636.75
1.78476,2637.0
1.786039,2637.25
1.778365,2637.5
1.782202,2637.75
1.783481,2638.0
1.801386,2638.25
1.834639,2638.5
1.86917,2638.75
1.860218,2639.0
1.860218,2639.25
1.830802,2639.5
1.757902,2639.75
1.745113,2640.0
1.742555,2640.25
1.745113,2640.5
1.74767,2640.75
1.750228,2641.0
1.751507,2641.25
1.756623,2641.5
1.755344,2641.75
1.754065,2642.0
1.74767,2642.25
1.742555,2642.5
1.739997,2642.75
1.731044,2643.0
1.728486,2643.25
1.718255,2643.5
1.714418,2643.75
1.710581,2644.0
1.709302,2644.25
1.705465,2644.5
1.697792,2644.75
1.704186,2645.0
1.693955,2645.25
1.70035,2645.5
1.696513,2645.75
1.696513,2646.0
1.679886,2646.25
1.68756,2646.5
1.681165,2646.75
1.686281,2647.0
1.677329,2647.25
1.678607,2647.5
1.67605,2647.75
1.677329,2648.0
1.672213,2648.25
1.677329,2648.5
1.672213,2648.75
1.670934,2649.0
1.667097,2649.25
1.664539,2649.5
1.661981,2649.75
1.661981,2650.0
1.658144,2650.25
1.658144,2650.5
1.656865,2650.75
1.659423,2651.0
1.653029,2651.25
1.654308,2651.5
1.649192,2651.75
1.649192,2652.0
1.642797,2652.25
1.645355,2652.5
1.640239,2652.75
1.644076,2653.0
1.642797,2653.25
1.644076,2653.5
1.63896,2653.75
1.641518,2654.0
1.637681,2654.25
1.654308,2654.5
1.670934,2654.75
1.678607,2655.0
1.683723,2655.25
1.685002,2655.5
1.677329,2655.75
1.701628,2656.0
1.705465,2656.25
1.705465,2656.5
1.708023,2656.75
1.71186,2657.0
1.710581,2657.25
1.692676,2657.5
1.693955,2657.75
1.702907,2658.0
1.679886,2658.25
1.674771,2658.5
1.661981,2658.75
1.702907,2659.0
1.708023,2659.25
1.70035,2659.5
1.705465,2659.75
1.713139,2660.0
1.835918,2660.25
1.751507,2660.5
1.728486,2660.75
1.716976,2661.0
1.709302,2661.25
1.705465,2661.5
1.701628,2661.75
1.704186,2662.0
1.701628,2662.25
1.702907,2662.5
1.705465,2662.75
1.705465,2663.0
1.704186,2663.25
1.699071,2663.5
1.704186,2663.75
1.702907,2664.0
1.70035,2664.25
1.695234,2664.5
1.691397,2664.75
1.690118,2665.0
1.688839,2665.25
1.683723,2665.5
1.686281,2665.75
1.677329,2666.0
1.668376,2666.25
1.672213,2666.5
1.673492,2666.75
1.669655,2667.0
1.67605,2667.25
1.67605,2667.5
1.679886,2667.75
1.682444,2668.0
1.686281,2668.25
1.688839,2668.5
1.68756,2668.75
1.693955,2669.0
1.692676,2669.25
1.692676,2669.5
1.692676,2669.75
1.692676,2670.0
1.692676,2670.25
1.696513,2670.5
1.699071,2670.75
1.70035,2671.0
1.695234,2671.25
1.704186,2671.5
1.71186,2671.75
1.728486,2672.0
1.738718,2672.25
1.74767,2672.5
1.748949,2672.75
1.751507,2673.0
1.746392,2673.25
1.746392,2673.5
1.73616,2673.75
1.733602,2674.0
1.719534,2674.25
1.720813,2674.5
1.713139,2674.75
1.713139,2675.0
1.702907,2675.25
1.704186,2675.5
1.70035,2675.75
1.695234,2676.0
1.692676,2676.25
1.68756,2676.5
1.685002,2676.75
1.678607,2677.0
1.678607,2677.25
1.674771,2677.5
1.674771,2677.75
1.66326,2678.0
1.669655,2678.25
1.665818,2678.5
1.664539,2678.75
1.661981,2679.0
1.661981,2679.25
1.658144,2679.5
1.656865,2679.75
1.665818,2680.0
1.670934,2680.25
1.650471,2680.5
1.645355,2680.75
1.645355,2681.0
1.661981,2681.25
1.681165,2681.5
1.679886,2681.75
1.696513,2682.0
1.681165,2682.25
1.659423,2682.5
1.670934,2682.75
1.679886,2683.0
1.670934,2683.25
1.679886,2683.5
1.654308,2683.75
1.65175,2684.0
1.659423,2684.25
1.659423,2684.5
1.649192,2684.75
1.658144,2685.0
1.654308,2685.25
1.667097,2685.5
1.660702,2685.75
1.656865,2686.0
1.674771,2686.25
1.664539,2686.5
1.637681,2686.75
1.645355,2687.0
1.605708,2687.25
1.617218,2687.5
1.539203,2687.75
1.458629,2688.0
1.655388,2688.25
1.619577,2688.5
1.663061,2688.75
1.689919,2689.0
1.700151,2689.25
1.697593,2689.5
1.696314,2689.75
1.691198,2690.0
1.682245,2690.25
1.668177,2690.5
1.668177,2690.75
1.679688,2691.0
1.686082,2691.25
1.689919,2691.5
1.692477,2691.75
1.683524,2692.0
1.68864,2692.25
1.683524,2692.5
1.678409,2692.75
1.672014,2693.0
1.672014,2693.25
1.661782,2693.5
1.665619,2693.75
1.663061,2694.0
1.663061,2694.25
1.659224,2694.5
1.655388,2694.75
1.65283,2695.0
1.650272,2695.25
1.645156,2695.5
1.641319,2695.75
1.64004,2696.0
1.629809,2696.25
1.632367,2696.5
1.62853,2696.75
1.625972,2697.0
1.624693,2697.25
1.631088,2697.5
1.624693,2697.75
1.631088,2698.0
1.62853,2698.25
1.623414,2698.5
1.61574,2698.75
1.618298,2699.0
1.619577,2699.25
1.618298,2699.5
1.614461,2699.75
1.617019,2700.0
1.61574,2700.25
1.617019,2700.5
1.613182,2700.75
1.617019,2701.0
1.610625,2701.25
1.610625,2701.5
1.605509,2701.75
1.608067,2702.0
1.605509,2702.25
1.60423,2702.5
1.601672,2702.75
1.600393,2703.0
1.601672,2703.25
1.599114,2703.5
1.599114,2703.75
1.596556,2704.0
1.596556,2704.25
1.590161,2704.5
1.593998,2704.75
1.590161,2705.0
1.590161,2705.25
1.585046,2705.5
1.586325,2705.75
1.582488,2706.0
1.576093,2706.25
1.585046,2706.5
1.582488,2706.75
1.582488,2707.0
1.583767,2707.25
1.59144,2707.5
1.602951,2707.75
1.606788,2708.0
1.609346,2708.25
1.610625,2708.5
1.609346,2708.75
1.606788,2709.0
1.605509,2709.25
1.600393,2709.5
1.596556,2709.75
1.587604,2710.0
1.586325,2710.25
1.581209,2710.5
1.57993,2710.75
1.57993,2711.0
1.576093,2711.25
1.574814,2711.5
1.570977,2711.75
1.570977,2712.0
1.56714,2712.25
1.565861,2712.5
1.559467,2712.75
1.564583,2713.0
1.559467,2713.25
1.559467,2713.5
1.556909,2713.75
1.559467,2714.0
1.551793,2714.25
1.553072,2714.5
1.554351,2714.75
1.551793,2715.0
1.554351,2715.25
1.549235,2715.5
1.551793,2715.75
1.553072,2716.0
1.550514,2716.25
1.546677,2716.5
1.547956,2716.75
1.546677,2717.0
1.541562,2717.25
1.545398,2717.5
1.54284,2717.75
1.54284,2718.0
1.536446,2718.25
1.532609,2718.5
1.539004,2718.75
1.537725,2719.0
1.536446,2719.25
1.532609,2719.5
1.533888,2719.75
1.53133,2720.0
1.53133,2720.25
1.528772,2720.5
1.527493,2720.75
1.524935,2721.0
1.526214,2721.25
1.522377,2721.5
1.523656,2721.75
1.522377,2722.0
1.522377,2722.25
1.519819,2722.5
1.522377,2722.75
1.519819,2723.0
1.519819,2723.25
1.519819,2723.5
1.515983,2723.75
1.519819,2724.0
1.515983,2724.25
1.515983,2724.5
1.510867,2724.75
1.515983,2725.0
1.510867,2725.25
1.510867,2725.5
1.512146,2725.75
1.512146,2726.0
1.498078,2726.25
1.500635,2726.5
1.504472,2726.75
1.501914,2727.0
1.500635,2727.25
1.501914,2727.5
1.501914,2727.75
1.500635,2728.0
1.500635,2728.25
1.499356,2728.5
1.498078,2728.75
1.499356,2729.0
1.492962,2729.25
1.496799,2729.5
1.49552,2729.75
1.498078,2730.0
1.496799,2730.25
1.492962,2730.5
1.491683,2730.75
1.489125,2731.0
1.490404,2731.25
1.486567,2731.5
1.490404,2731.75
1.486567,2732.0
1.490404,2732.25
1.486567,2732.5
1.486567,2732.75
1.48273,2733.0
1.486567,2733.25
1.48273,2733.5
1.484009,2733.75
1.484009,2734.0
1.48273,2734.25
1.481451,2734.5
1.477614,2734.75
1.477614,2735.0
1.473778,2735.25
1.477614,2735.5
1.476335,2735.75
1.477614,2736.0
1.476335,2736.25
1.476335,2736.5
1.469941,2736.75
1.480172,2737.0
1.475057,2737.25
1.47122,2737.5
1.47122,2737.75
1.472499,2738.0
1.469941,2738.25
1.469941,2738.5
1.467383,2738.75
1.468662,2739.0
1.466104,2739.25
1.466104,2739.5
1.460988,2739.75
1.462267,2740.0
1.455872,2740.25
1.460988,2740.5
1.459709,2740.75
1.460988,2741.0
1.455872,2741.25
1.45843,2741.5
1.455872,2741.75
1.457151,2742.0
1.457151,2742.25
1.455872,2742.5
1.455872,2742.75
1.444362,2743.0
1.453314,2743.25
1.449478,2743.5
1.452036,2743.75
1.449478,2744.0
1.449478,2744.25
1.44692,2744.5
1.44692,2744.75
1.44692,2745.0
1.445641,2745.25
1.443083,2745.5
1.440525,2745.75
1.441804,2746.0
1.431572,2746.25
1.436688,2746.5
1.437967,2746.75
1.435409,2747.0
1.435409,2747.25
1.436688,2747.5
1.437967,2747.75
1.436688,2748.0
1.436688,2748.25
1.429015,2748.5
1.432851,2748.75
1.432851,2749.0
1.432851,2749.25
1.430293,2749.5
1.425178,2749.75
1.432851,2750.0
1.431572,2750.25
1.432851,2750.5
1.427736,2750.75
1.431572,2751.0
1.42262,2751.25
1.425178,2751.5
1.421341,2751.75
1.426457,2752.0
1.42262,2752.25
1.42262,2752.5
1.420062,2752.75
1.42262,2753.0
1.421341,2753.25
1.42262,2753.5
1.416225,2753.75
1.416225,2754.0
1.416225,2754.25
1.416225,2754.5
1.413667,2754.75
1.414946,2755.0
1.411109,2755.25
1.411109,2755.5
1.411109,2755.75
1.412388,2756.0
1.411109,2756.25
1.411109,2756.5
1.404715,2756.75
1.408551,2757.0
1.407272,2757.25
1.407272,2757.5
1.405994,2757.75
1.408551,2758.0
1.405994,2758.25
1.405994,2758.5
1.407272,2758.75
1.39832,2759.0
1.404715,2759.25
1.39832,2759.5
1.402157,2759.75
1.39832,2760.0
1.399599,2760.25
1.39832,2760.5
1.39832,2760.75
1.395762,2761.0
1.397041,2761.25
1.395762,2761.5
1.395762,2761.75
1.394483,2762.0
1.390646,2762.25
1.390646,2762.5
1.390646,2762.75
1.390646,2763.0
1.390646,2763.25
1.391925,2763.5
1.389367,2763.75
1.386809,2764.0
1.390646,2764.25
1.388088,2764.5
1.388088,2764.75
1.386809,2765.0
1.388088,2765.25
1.386809,2765.5
1.379136,2765.75
1.386809,2766.0
1.376578,2766.25
1.38553,2766.5
1.38553,2766.75
1.390646,2767.0
1.38553,2767.25
1.386809,2767.5
1.382973,2767.75
1.386809,2768.0
1.381694,2768.25
1.384251,2768.5
1.382973,2768.75
1.386809,2769.0
1.382973,2769.25
1.381694,2769.5
1.380415,2769.75
1.379136,2770.0
1.377857,2770.25
1.37402,2770.5
1.377857,2770.75
1.376578,2771.0
1.372741,2771.25
1.37402,2771.5
1.372741,2771.75
1.371462,2772.0
1.372741,2772.25
1.372741,2772.5
1.370183,2772.75
1.362509,2773.0
1.366346,2773.25
1.362509,2773.5
1.367625,2773.75
1.370183,2774.0
1.365067,2774.25
1.365067,2774.5
1.366346,2774.75
1.363788,2775.0
1.365067,2775.25
1.362509,2775.5
1.363788,2775.75
1.358673,2776.0
1.362509,2776.25
1.359951,2776.5
1.363788,2776.75
1.362509,2777.0
1.366346,2777.25
1.362509,2777.5
1.365067,2777.75
1.363788,2778.0
1.362509,2778.25
1.358673,2778.5
1.357394,2778.75
1.359951,2779.0
1.357394,2779.25
1.354836,2779.5
1.356115,2779.75
1.353557,2780.0
1.352278,2780.25
1.352278,2780.5
1.352278,2780.75
1.352278,2781.0
1.352278,2781.25
1.34972,2781.5
1.350999,2781.75
1.352278,2782.0
1.34972,2782.25
1.347162,2782.5
1.34972,2782.75
1.34972,2783.0
1.345883,2783.25
1.347162,2783.5
1.343325,2783.75
1.343325,2784.0
1.339489,2784.25
1.343325,2784.5
1.331815,2784.75
1.342046,2785.0
1.33821,2785.25
1.33821,2785.5
1.335652,2785.75
1.33821,2786.0
1.32542,2786.25
1.333094,2786.5
1.330536,2786.75
1.329257,2787.0
1.329257,2787.25
1.329257,2787.5
1.327978,2787.75
1.330536,2788.0
1.327978,2788.25
1.32542,2788.5
1.326699,2788.75
1.327978,2789.0
1.326699,2789.25
1.32542,2789.5
1.320304,2789.75
1.324141,2790.0
1.32542,2790.25
1.32542,2790.5
1.324141,2790.75
1.324141,2791.0
1.32542,2791.25
1.324141,2791.5
1.32542,2791.75
1.32542,2792.0
1.322862,2792.25
1.316467,2792.5
1.320304,2792.75
1.317746,2793.0
1.319025,2793.25
1.317746,2793.5
1.319025,2793.75
1.316467,2794.0
1.316467,2794.25
1.316467,2794.5
1.315189,2794.75
1.312631,2795.0
1.311352,2795.25
1.311352,2795.5
1.311352,2795.75
1.312631,2796.0
1.312631,2796.25
1.311352,2796.5
1.310073,2796.75
1.311352,2797.0
1.310073,2797.25
1.310073,2797.5
1.302399,2797.75
1.308794,2798.0
1.307515,2798.25
1.302399,2798.5
1.304957,2798.75
1.304957,2799.0
1.303678,2799.25
1.306236,2799.5
1.302399,2799.75
1.304957,2800.0
1.30112,2800.25
1.302399,2800.5
1.297283,2800.75
1.299841,2801.0
1.297283,2801.25
1.298562,2801.5
1.298562,2801.75
1.296004,2802.0
1.294725,2802.25
1.294725,2802.5
1.294725,2802.75
1.297283,2803.0
1.296004,2803.25
1.292168,2803.5
1.294725,2803.75
1.290889,2804.0
1.293446,2804.25
1.28961,2804.5
1.292168,2804.75
1.287052,2805.0
1.288331,2805.25
1.288331,2805.5
1.288331,2805.75
1.287052,2806.0
1.275541,2806.25
1.284494,2806.5
1.281936,2806.75
1.281936,2807.0
1.281936,2807.25
1.284494,2807.5
1.283215,2807.75
1.281936,2808.0
1.275541,2808.25
1.280657,2808.5
1.278099,2808.75
1.279378,2809.0
1.278099,2809.25
1.27682,2809.5
1.275541,2809.75
1.278099,2810.0
1.275541,2810.25
1.27682,2810.5
1.274262,2810.75
1.275541,2811.0
1.272983,2811.25
1.272983,2811.5
1.266589,2811.75
1.272983,2812.0
1.269147,2812.25
1.270425,2812.5
1.269147,2812.75
1.269147,2813.0
1.26531,2813.25
1.267868,2813.5
1.267868,2813.75
1.26531,2814.0
1.266589,2814.25
1.261473,2814.5
1.264031,2814.75
1.261473,2815.0
1.262752,2815.25
1.257636,2815.5
1.262752,2815.75
1.260194,2816.0
1.261473,2816.25
1.261473,2816.5
1.260194,2816.75
1.258915,2817.0
1.255078,2817.25
1.255078,2817.5
1.253799,2817.75
1.256357,2818.0
1.253799,2818.25
1.256357,2818.5
1.247404,2818.75
1.255078,2819.0
1.253799,2819.25
1.253799,2819.5
1.249962,2819.75
1.251241,2820.0
1.248683,2820.25
1.248683,2820.5
1.248683,2820.75
1.249962,2821.0
1.246126,2821.25
1.246126,2821.5
1.246126,2821.75
1.248683,2822.0
1.244847,2822.25
1.246126,2822.5
1.242289,2822.75
1.244847,2823.0
1.242289,2823.25
1.242289,2823.5
1.242289,2823.75
1.235894,2824.0
1.24101,2824.25
1.239731,2824.5
1.239731,2824.75
1.237173,2825.0
1.237173,2825.25
1.235894,2825.5
1.237173,2825.75
1.233336,2826.0
1.229499,2826.25
1.232057,2826.5
1.233336,2826.75
1.232057,2827.0
1.233336,2827.25
1.233336,2827.5
1.233336,2827.75
1.233336,2828.0
1.233336,2828.25
1.232057,2828.5
1.230778,2828.75
1.234615,2829.0
1.223105,2829.25
1.230778,2829.5
1.230778,2829.75
1.230778,2830.0
1.230778,2830.25
1.22822,2830.5
1.226941,2830.75
1.219268,2831.0
1.225662,2831.25
1.224383,2831.5
1.223105,2831.75
1.221826,2832.0
1.223105,2832.25
1.223105,2832.5
1.223105,2832.75
1.224383,2833.0
1.220547,2833.25
1.220547,2833.5
1.219268,2833.75
1.219268,2834.0
1.21671,2834.25
1.219268,2834.5
1.219268,2834.75
1.21671,2835.0
1.217989,2835.25
1.215431,2835.5
1.21671,2835.75
1.214152,2836.0
1.214152,2836.25
1.211594,2836.5
1.214152,2836.75
1.209036,2837.0
1.212873,2837.25
1.211594,2837.5
1.211594,2837.75
1.209036,2838.0
1.211594,2838.25
1.211594,2838.5
1.209036,2838.75
1.210315,2839.0
1.200084,2839.25
1.209036,2839.5
1.207757,2839.75
1.209036,2840.0
1.202641,2840.25
1.207757,2840.5
1.205199,2840.75
1.207757,2841.0
1.206478,2841.25
1.206478,2841.5
1.201362,2841.75
1.201362,2842.0
1.201362,2842.25
1.200084,2842.5
1.200084,2842.75
1.201362,2843.0
1.200084,2843.25
1.200084,2843.5
1.201362,2843.75
1.20392,2844.0
1.200084,2844.25
1.200084,2844.5
1.197526,2844.75
1.201362,2845.0
1.196247,2845.25
1.191131,2845.5
1.198805,2845.75
1.197526,2846.0
1.186015,2846.25
1.193689,2846.5
1.194968,2846.75
1.19241,2847.0
1.194968,2847.25
1.189852,2847.5
1.19241,2847.75
1.184736,2848.0
1.19241,2848.25
1.188573,2848.5
1.191131,2848.75
1.191131,2849.0
1.191131,2849.25
1.188573,2849.5
1.191131,2849.75
1.189852,2850.0
1.187294,2850.25
1.189852,2850.5
1.186015,2850.75
1.188573,2851.0
1.179621,2851.25
1.187294,2851.5
1.187294,2851.75
1.188573,2852.0
1.187294,2852.25
1.187294,2852.5
1.184736,2852.75
1.186015,2853.0
1.186015,2853.25
1.184736,2853.5
1.183457,2853.75
1.186015,2854.0
1.182178,2854.25
1.180899,2854.5
1.180899,2854.75
1.184736,2855.0
1.180899,2855.25
1.180899,2855.5
1.175784,2855.75
1.180899,2856.0
1.177063,2856.25
1.178342,2856.5
1.174505,2856.75
1.178342,2857.0
1.175784,2857.25
1.177063,2857.5
1.177063,2857.75
1.178342,2858.0
1.174505,2858.25
1.174505,2858.5
1.174505,2858.75
1.174505,2859.0
1.175784,2859.25
1.174505,2859.5
1.170668,2859.75
1.174505,2860.0
1.173226,2860.25
1.174505,2860.5
1.173226,2860.75
1.173226,2861.0
1.170668,2861.25
1.171947,2861.5
1.170668,2861.75
1.173226,2862.0
1.170668,2862.25
1.162994,2862.5
1.16811,2862.75
1.169389,2863.0
1.169389,2863.25
1.166831,2863.5
1.169389,2863.75
1.165552,2864.0
1.16811,2864.25
1.164273,2864.5
1.166831,2864.75
1.160436,2865.0
1.157878,2865.25
1.162994,2865.5
1.162994,2865.75
1.164273,2866.0
1.157878,2866.25
1.160436,2866.5
1.159157,2866.75
1.161715,2867.0
1.160436,2867.25
1.161715,2867.5
1.160436,2867.75
1.160436,2868.0
1.160436,2868.25
1.159157,2868.5
1.160436,2868.75
1.161715,2869.0
1.159157,2869.25
1.1566,2869.5
1.159157,2869.75
1.1566,2870.0
1.150205,2870.25
1.157878,2870.5
1.157878,2870.75
1.1566,2871.0
1.1566,2871.25
1.1566,2871.5
1.154042,2871.75
1.1566,2872.0
1.151484,2872.25
1.154042,2872.5
1.151484,2872.75
1.155321,2873.0
1.147647,2873.25
1.152763,2873.5
1.151484,2873.75
1.152763,2874.0
1.154042,2874.25
1.152763,2874.5
1.151484,2874.75
1.148926,2875.0
1.150205,2875.25
1.150205,2875.5
1.151484,2875.75
1.150205,2876.0
1.150205,2876.25
1.150205,2876.5
1.148926,2876.75
1.150205,2877.0
1.148926,2877.25
1.141252,2877.5
1.147647,2877.75
1.147647,2878.0
1.145089,2878.25
1.145089,2878.5
1.146368,2878.75
1.145089,2879.0
1.142531,2879.25
1.142531,2879.5
1.14381,2879.75
1.139973,2880.0
1.14381,2880.25
1.139973,2880.5
1.141252,2880.75
1.139973,2881.0
1.141252,2881.25
1.137415,2881.5
1.141252,2881.75
1.141252,2882.0
1.139973,2882.25
1.141252,2882.5
1.139973,2882.75
1.141252,2883.0
1.136136,2883.25
1.138694,2883.5
1.134857,2883.75
1.138694,2884.0
1.134857,2884.25
1.136136,2884.5
1.134857,2884.75
1.137415,2885.0
1.134857,2885.25
1.136136,2885.5
1.133579,2885.75
1.134857,2886.0
1.124626,2886.25
1.129742,2886.5
1.1323,2886.75
1.1323,2887.0
1.1323,2887.25
1.124626,2887.5
1.1323,2887.75
1.133579,2888.0
1.131021,2888.25
1.129742,2888.5
1.124626,2888.75
1.125905,2889.0
1.125905,2889.25
1.124626,2889.5
1.127184,2889.75
1.124626,2890.0
1.127184,2890.25
1.125905,2890.5
1.125905,2890.75
1.125905,2891.0
1.124626,2891.25
1.122068,2891.5
1.123347,2891.75
1.124626,2892.0
1.123347,2892.25
1.123347,2892.5
1.122068,2892.75
1.123347,2893.0
1.118231,2893.25
1.11951,2893.5
1.118231,2893.75
1.122068,2894.0
1.118231,2894.25
1.120789,2894.5
1.118231,2894.75
1.11951,2895.0
1.11951,2895.25
1.11951,2895.5
1.11951,2895.75
1.113115,2896.0
1.11951,2896.25
1.118231,2896.5
1.118231,2896.75
1.116952,2897.0
1.11951,2897.25
1.109279,2897.5
1.116952,2897.75
1.111836,2898.0
1.115673,2898.25
1.114394,2898.5
1.115673,2898.75
1.115673,2899.0
1.114394,2899.25
1.115673,2899.5
1.113115,2899.75
1.113115,2900.0
1.114394,2900.25
1.114394,2900.5
1.114394,2900.75
1.113115,2901.0
1.114394,2901.25
1.113115,2901.5
1.114394,2901.75
1.114394,2902.0
1.106721,2902.25
1.111836,2902.5
1.110558,2902.75
1.110558,2903.0
1.110558,2903.25
1.111836,2903.5
1.109279,2903.75
1.109279,2904.0
1.108,2904.25
1.109279,2904.5
1.106721,2904.75
1.108,2905.0
1.105442,2905.25
1.108,2905.5
1.109279,2905.75
1.106721,2906.0
1.097768,2906.25
1.099047,2906.5
1.106721,2906.75
1.106721,2907.0
1.106721,2907.25
1.105442,2907.5
1.105442,2907.75
1.101605,2908.0
1.105442,2908.25
1.099047,2908.5
1.102884,2908.75
1.101605,2909.0
1.104163,2909.25
1.102884,2909.5
1.102884,2909.75
1.104163,2910.0
1.102884,2910.25
1.102884,2910.5
1.100326,2910.75
1.104163,2911.0
1.09521,2911.25
1.101605,2911.5
1.100326,2911.75
1.102884,2912.0
1.097768,2912.25
1.100326,2912.5
1.099047,2912.75
1.09521,2913.0
1.099047,2913.25
1.097768,2913.5
1.096489,2913.75
1.097768,2914.0
1.097768,2914.25
1.093931,2914.5
1.097768,2914.75
1.100326,2915.0
1.09521,2915.25
1.100326,2915.5
1.099047,2915.75
1.099047,2916.0
1.093931,2916.25
1.088815,2916.5
1.09521,2916.75
1.096489,2917.0
1.096489,2917.25
1.092652,2917.5
1.09521,2917.75
1.09521,2918.0
1.093931,2918.25
1.092652,2918.5
1.09521,2918.75
1.091373,2919.0
1.092652,2919.25
1.090094,2919.5
1.092652,2919.75
1.091373,2920.0
1.092652,2920.25
1.090094,2920.5
1.092652,2920.75
1.091373,2921.0
1.090094,2921.25
1.091373,2921.5
1.088815,2921.75
1.091373,2922.0
1.0837,2922.25
1.090094,2922.5
1.082421,2922.75
1.091373,2923.0
1.090094,2923.25
1.090094,2923.5
1.090094,2923.75
1.090094,2924.0
1.087537,2924.25
1.086258,2924.5
1.086258,2924.75
1.087537,2925.0
1.086258,2925.25
1.088815,2925.5
1.084979,2925.75
1.087537,2926.0
1.078584,2926.25
1.084979,2926.5
1.081142,2926.75
1.084979,2927.0
1.0837,2927.25
1.084979,2927.5
1.082421,2927.75
1.084979,2928.0
1.0837,2928.25
1.0837,2928.5
1.081142,2928.75
1.0837,2929.0
1.082421,2929.25
1.082421,2929.5
1.0837,2929.75
1.082421,2930.0
1.0837,2930.25
1.077305,2930.5
1.082421,2930.75
1.078584,2931.0
1.081142,2931.25
1.078584,2931.5
1.081142,2931.75
1.081142,2932.0
1.081142,2932.25
1.077305,2932.5
1.078584,2932.75
1.078584,2933.0
1.076026,2933.25
1.077305,2933.5
1.077305,2933.75
1.074747,2934.0
1.078584,2934.25
1.076026,2934.5
1.077305,2934.75
1.077305,2935.0
1.076026,2935.25
1.073468,2935.5
1.076026,2935.75
1.076026,2936.0
1.074747,2936.25
1.076026,2936.5
1.067073,2936.75
1.073468,2937.0
1.074747,2937.25
1.076026,2937.5
1.073468,2937.75
1.076026,2938.0
1.07091,2938.25
1.073468,2938.5
1.07091,2938.75
1.074747,2939.0
1.069631,2939.25
1.074747,2939.5
1.072189,2939.75
1.072189,2940.0
1.072189,2940.25
1.07091,2940.5
1.068352,2940.75
1.069631,2941.0
1.068352,2941.25
1.068352,2941.5
1.069631,2941.75
1.069631,2942.0
1.068352,2942.25
1.07091,2942.5
1.068352,2942.75
1.07091,2943.0
1.068352,2943.25
1.069631,2943.5
1.067073,2943.75
1.069631,2944.0
1.064516,2944.25
1.067073,2944.5
1.065794,2944.75
1.069631,2945.0
1.064516,2945.25
1.067073,2945.5
1.065794,2945.75
1.065794,2946.0
1.056842,2946.25
1.061958,2946.5
1.064516,2946.75
1.060679,2947.0
1.064516,2947.25
1.0594,2947.5
1.065794,2947.75
1.063237,2948.0
1.063237,2948.25
1.063237,2948.5
1.063237,2948.75
1.061958,2949.0
1.060679,2949.25
1.060679,2949.5
1.0594,2949.75
1.0594,2950.0
1.060679,2950.25
1.060679,2950.5
1.060679,2950.75
1.0594,2951.0
1.0594,2951.25
1.060679,2951.5
1.060679,2951.75
1.061958,2952.0
1.053005,2952.25
1.0594,2952.5
1.0594,2952.75
1.061958,2953.0
1.056842,2953.25
1.058121,2953.5
1.058121,2953.75
1.060679,2954.0
1.058121,2954.25
1.058121,2954.5
1.056842,2954.75
1.060679,2955.0
1.056842,2955.25
1.058121,2955.5
1.056842,2955.75
1.056842,2956.0
1.055563,2956.25
1.056842,2956.5
1.058121,2956.75
1.050447,2957.0
1.056842,2957.25
1.055563,2957.5
1.056842,2957.75
1.053005,2958.0
1.058121,2958.25
1.055563,2958.5
1.055563,2958.75
1.056842,2959.0
1.056842,2959.25
1.055563,2959.5
1.055563,2959.75
1.055563,2960.0
1.053005,2960.25
1.054284,2960.5
1.04661,2960.75
1.054284,2961.0
1.055563,2961.25
1.054284,2961.5
1.053005,2961.75
1.053005,2962.0
1.056842,2962.25
1.054284,2962.5
1.053005,2962.75
1.053005,2963.0
1.053005,2963.25
1.051726,2963.5
1.050447,2963.75
1.050447,2964.0
1.050447,2964.25
1.053005,2964.5
1.050447,2964.75
1.051726,2965.0
1.047889,2965.25
1.050447,2965.5
1.047889,2965.75
1.049168,2966.0
1.040216,2966.25
1.047889,2966.5
1.049168,2966.75
1.049168,2967.0
1.049168,2967.25
1.047889,2967.5
1.049168,2967.75
1.049168,2968.0
1.049168,2968.25
1.04661,2968.5
1.047889,2968.75
1.044052,2969.0
1.04661,2969.25
1.045331,2969.5
1.047889,2969.75
1.042773,2970.0
1.045331,2970.25
1.04661,2970.5
1.04661,2970.75
1.044052,2971.0
1.042773,2971.25
1.041495,2971.5
1.044052,2971.75
1.044052,2972.0
1.040216,2972.25
1.041495,2972.5
1.042773,2972.75
1.042773,2973.0
1.045331,2973.25
1.044052,2973.5
1.042773,2973.75
1.042773,2974.0
1.042773,2974.25
1.041495,2974.5
1.041495,2974.75
1.044052,2975.0
1.041495,2975.25
1.042773,2975.5
1.040216,2975.75
1.041495,2976.0
1.040216,2976.25
1.040216,2976.5
1.038937,2976.75
1.041495,2977.0
1.040216,2977.25
1.041495,2977.5
1.040216,2977.75
1.038937,2978.0
1.036379,2978.25
1.040216,2978.5
1.040216,2978.75
1.041495,2979.0
1.038937,2979.25
1.037658,2979.5
1.040216,2979.75
1.037658,2980.0
1.040216,2980.25
1.029984,2980.5
1.038937,2980.75
1.037658,2981.0
1.038937,2981.25
1.038937,2981.5
1.038937,2981.75
1.036379,2982.0
1.036379,2982.25
1.0351,2982.5
1.037658,2982.75
1.036379,2983.0
1.036379,2983.25
1.0351,2983.5
1.036379,2983.75
1.0351,2984.0
1.0351,2984.25
1.036379,2984.5
1.0351,2984.75
1.032542,2985.0
1.0351,2985.25
1.033821,2985.5
1.027426,2985.75
1.036379,2986.0
1.026147,2986.25
1.031263,2986.5
1.031263,2986.75
1.036379,2987.0
1.031263,2987.25
1.033821,2987.5
1.028705,2987.75
1.033821,2988.0
1.029984,2988.25
1.032542,2988.5
1.027426,2988.75
1.031263,2989.0
1.028705,2989.25
1.031263,2989.5
1.031263,2989.75
1.029984,2990.0
1.028705,2990.25
1.027426,2990.5
1.029984,2990.75
1.028705,2991.0
1.028705,2991.25
1.028705,2991.5
1.028705,2991.75
1.031263,2992.0
1.029984,2992.25
1.024868,2992.5
1.032542,2992.75
1.031263,2993.0
1.028705,2993.25
1.027426,2993.5
1.027426,2993.75
1.029984,2994.0
1.029984,2994.25
1.027426,2994.5
1.024868,2994.75
1.027426,2995.0
1.028705,2995.25
1.024868,2995.5
1.026147,2995.75
1.024868,2996.0
1.026147,2996.25
1.024868,2996.5
1.026147,2996.75
1.023589,2997.0
1.026147,2997.25
1.024868,2997.5
1.024868,2997.75
1.028705,2998.0
1.024868,2998.25
1.024868,2998.5
1.021031,2998.75
1.026147,2999.0
1.021031,2999.25
1.023589,2999.5
1.021031,2999.75
1.023589,3000.0
1.02231,3000.25
1.02231,3000.5
1.019753,3000.75
1.023589,3001.0
1.023589,3001.25
1.013358,3001.5
1.02231,3001.75
1.021031,3002.0
1.02231,3002.25
1.021031,3002.5
1.02231,3002.75
1.019753,3003.0
1.02231,3003.25
1.021031,3003.5
1.021031,3003.75
1.02231,3004.0
1.02231,3004.25
1.02231,3004.5
1.019753,3004.75
1.018474,3005.0
1.018474,3005.25
1.02231,3005.5
1.013358,3005.75
1.02231,3006.0
1.013358,3006.25
1.019753,3006.5
1.018474,3006.75
1.019753,3007.0
1.017195,3007.25
1.015916,3007.5
1.015916,3007.75
1.017195,3008.0
1.017195,3008.25
1.018474,3008.5
1.017195,3008.75
1.017195,3009.0
1.018474,3009.25
1.017195,3009.5
1.015916,3009.75
1.015916,3010.0
1.015916,3010.25
1.015916,3010.5
1.018474,3010.75
1.015916,3011.0
1.014637,3011.25
1.015916,3011.5
1.018474,3011.75
1.014637,3012.0
1.017195,3012.25
1.014637,3012.5
1.017195,3012.75
1.017195,3013.0
1.015916,3013.25
1.013358,3013.5
1.014637,3013.75
1.017195,3014.0
1.014637,3014.25
1.014637,3014.5
1.014637,3014.75
1.015916,3015.0
1.013358,3015.25
1.014637,3015.5
1.014637,3015.75
1.015916,3016.0
1.014637,3016.25
1.014637,3016.5
1.015916,3016.75
1.014637,3017.0
1.014637,3017.25
1.013358,3017.5
1.014637,3017.75
1.012079,3018.0
1.014637,3018.25
1.0108,3018.5
1.013358,3018.75
1.013358,3019.0
1.012079,3019.25
1.0108,3019.5
1.012079,3019.75
1.013358,3020.0
1.012079,3020.25
1.012079,3020.5
1.009521,3020.75
1.013358,3021.0
1.008242,3021.25
1.012079,3021.5
1.0108,3021.75
1.012079,3022.0
1.009521,3022.25
1.0108,3022.5
1.0108,3022.75
1.013358,3023.0
1.009521,3023.25
1.008242,3023.5
1.008242,3023.75
1.008242,3024.0
1.009521,3024.25
1.009521,3024.5
1.009521,3024.75
1.012079,3025.0
1.012079,3025.25
1.0108,3025.5
1.013358,3025.75
1.009521,3026.0
1.003126,3026.25
1.008242,3026.5
1.006963,3026.75
1.009521,3027.0
1.009521,3027.25
1.008242,3027.5
1.008242,3027.75
1.005684,3028.0
1.0108,3028.25
1.009521,3028.5
1.009521,3028.75
1.008242,3029.0
1.009521,3029.25
1.008242,3029.5
1.006963,3029.75
1.005684,3030.0
1.006963,3030.25
1.006963,3030.5
1.005684,3030.75
1.009521,3031.0
1.006963,3031.25
1.006963,3031.5
1.004405,3031.75
1.005684,3032.0
1.003126,3032.25
1.006963,3032.5
1.005684,3032.75
1.008242,3033.0
1.004405,3033.25
1.005684,3033.5
1.005684,3033.75
1.005684,3034.0
1.005684,3034.25
1.003126,3034.5
1.004405,3034.75
0.999289,3035.0
1.004405,3035.25
1.001847,3035.5
1.005684,3035.75
1.000568,3036.0
1.004405,3036.25
1.003126,3036.5
1.003126,3036.75
1.004405,3037.0
1.003126,3037.25
1.003126,3037.5
1.003126,3037.75
1.003126,3038.0
1.000568,3038.25
1.004405,3038.5
0.995453,3038.75
1.004405,3039.0
1.004405,3039.25
1.001847,3039.5
1.000568,3039.75
1.003126,3040.0
1.000568,3040.25
0.999289,3040.5
1.000568,3040.75
1.003126,3041.0
1.000568,3041.25
1.000568,3041.5
0.999289,3041.75
1.001847,3042.0
1.000568,3042.25
0.992895,3042.5
1.000568,3042.75
1.000568,3043.0
1.000568,3043.25
0.999289,3043.5
1.001847,3043.75
0.996732,3044.0
0.996732,3044.25
0.996732,3044.5
0.996732,3044.75
0.996732,3045.0
0.99801,3045.25
0.996732,3045.5
0.999289,3045.75
1.000568,3046.0
0.991616,3046.25
0.994174,3046.5
0.990337,3046.75
1.000568,3047.0
0.999289,3047.25
0.999289,3047.5
0.99801,3047.75
0.999289,3048.0
0.994174,3048.25
0.996732,3048.5
0.992895,3048.75
0.99801,3049.0
0.994174,3049.25
0.995453,3049.5
0.994174,3049.75
0.996732,3050.0
0.995453,3050.25
0.995453,3050.5
0.995453,3050.75
0.995453,3051.0
0.996732,3051.25
0.995453,3051.5
0.995453,3051.75
0.989058,3052.0
0.995453,3052.25
0.992895,3052.5
0.996732,3052.75
0.995453,3053.0
0.995453,3053.25
0.995453,3053.5
0.992895,3053.75
0.991616,3054.0
0.992895,3054.25
0.992895,3054.5
0.990337,3054.75
0.992895,3055.0
0.992895,3055.25
0.991616,3055.5
0.992895,3055.75
0.992895,3056.0
0.992895,3056.25
0.990337,3056.5
0.992895,3056.75
0.990337,3057.0
0.992895,3057.25
0.992895,3057.5
0.992895,3057.75
0.991616,3058.0
0.991616,3058.25
0.991616,3058.5
0.991616,3058.75
0.992895,3059.0
0.989058,3059.25
0.992895,3059.5
0.989058,3059.75
0.992895,3060.0
0.990337,3060.25
0.991616,3060.5
0.987779,3060.75
0.990337,3061.0
0.990337,3061.25
0.990337,3061.5
0.989058,3061.75
0.989058,3062.0
0.990337,3062.25
0.989058,3062.5
0.989058,3062.75
0.987779,3063.0
0.990337,3063.25
0.989058,3063.5
0.987779,3063.75
0.990337,3064.0
0.987779,3064.25
0.987779,3064.5
0.9865,3064.75
0.987779,3065.0
0.987779,3065.25
0.987779,3065.5
0.985221,3065.75
0.987779,3066.0
0.981384,3066.25
1.017096,3066.5
1.019654,3066.75
1.019654,3067.0
1.019654,3067.25
1.009422,3067.5
1.019654,3067.75
1.019654,3068.0
1.019654,3068.25
1.018375,3068.5
1.018375,3068.75
1.015817,3069.0
1.018375,3069.25
1.018375,3069.5
1.019654,3069.75
1.017096,3070.0
1.013259,3070.25
1.015817,3070.5
1.017096,3070.75
1.018375,3071.0
1.014538,3071.25
1.017096,3071.5
1.017096,3071.75
1.018375,3072.0
1.019654,3072.25
1.017096,3072.5
1.015817,3072.75
1.014538,3073.0
1.015817,3073.25
1.014538,3073.5
1.015817,3073.75
1.018375,3074.0
1.014538,3074.25
1.014538,3074.5
1.013259,3074.75
1.015817,3075.0
1.015817,3075.25
1.014538,3075.5
1.01198,3075.75
1.017096,3076.0
1.014538,3076.25
1.014538,3076.5
1.014538,3076.75
1.014538,3077.0
1.014538,3077.25
1.013259,3077.5
1.014538,3077.75
1.013259,3078.0
1.013259,3078.25
1.009422,3078.5
1.013259,3078.75
1.013259,3079.0
1.013259,3079.25
1.010701,3079.5
1.013259,3079.75
1.015817,3080.0
1.013259,3080.25
1.015817,3080.5
1.01198,3080.75
1.014538,3081.0
1.008143,3081.25
1.01198,3081.5
1.009422,3081.75
1.01198,3082.0
1.010701,3082.25
1.01198,3082.5
1.010701,3082.75
1.013259,3083.0
1.010701,3083.25
1.01198,3083.5
1.010701,3083.75
1.008143,3084.0
1.010701,3084.25
1.010701,3084.5
1.008143,3084.75
1.010701,3085.0
1.010701,3085.25
1.009422,3085.5
1.01198,3085.75
1.01198,3086.0
1.004306,3086.25
1.009422,3086.5
1.006864,3086.75
1.009422,3087.0
1.008143,3087.25
1.008143,3087.5
1.009422,3087.75
1.008143,3088.0
1.008143,3088.25
1.008143,3088.5
1.009422,3088.75
1.006864,3089.0
1.006864,3089.25
1.004306,3089.5
1.006864,3089.75
1.004306,3090.0
1.006864,3090.25
1.005585,3090.5
1.006864,3090.75
1.005585,3091.0
1.006864,3091.25
1.008143,3091.5
1.008143,3091.75
1.009422,3092.0
0.996633,3092.25
1.006864,3092.5
1.004306,3092.75
1.006864,3093.0
1.004306,3093.25
1.005585,3093.5
1.003027,3093.75
1.005585,3094.0
1.004306,3094.25
1.004306,3094.5
1.004306,3094.75
1.001748,3095.0
1.005585,3095.25
1.004306,3095.5
1.005585,3095.75
1.001748,3096.0
1.005585,3096.25
1.003027,3096.5
1.004306,3096.75
1.004306,3097.0
1.004306,3097.25
1.001748,3097.5
0.999191,3097.75
1.003027,3098.0
1.001748,3098.25
1.000469,3098.5
1.000469,3098.75
1.001748,3099.0
1.001748,3099.25
0.999191,3099.5
1.000469,3099.75
0.999191,3100.0
0.995354,3100.25
0.985122,3100.5
0.981285,3100.75
0.983843,3101.0
0.981285,3101.25
0.988959,3101.5
0.988959,3101.75
0.991517,3102.0
0.991517,3102.25
0.994075,3102.5
0.991517,3102.75
0.990238,3103.0
0.988959,3103.25
0.992796,3103.5
0.991517,3103.75
1.003027,3104.0
1.004306,3104.25
1.038838,3104.5
1.068254,3104.75
1.078485,3105.0
1.340668,3105.25
1.444263,3105.5
1.269048,3105.75
1.183358,3106.0
1.151385,3106.25
1.15778,3106.5
1.155222,3106.75
1.128364,3107.0
1.146269,3107.25
1.150106,3107.5
1.284395,3107.75
1.309974,3108.0
1.321484,3108.25
1.320205,3108.5
1.317647,3108.75
1.322763,3109.0
1.318926,3109.25
1.316369,3109.5
1.307416,3109.75
1.316369,3110.0
1.316369,3110.25
1.318926,3110.5
1.3266,3110.75
1.331716,3111.0
1.329158,3111.25
1.325321,3111.5
1.3266,3111.75
1.325321,3112.0
1.320205,3112.25
1.320205,3112.5
1.322763,3112.75
1.321484,3113.0
1.320205,3113.25
1.311253,3113.5
1.31509,3113.75
1.311253,3114.0
1.307416,3114.25
1.313811,3114.5
1.321484,3114.75
1.3266,3115.0
1.331716,3115.25
1.334274,3115.5
1.335553,3115.75
1.330437,3116.0
1.329158,3116.25
1.322763,3116.5
1.318926,3116.75
1.311253,3117.0
1.322763,3117.25
1.331716,3117.5
1.335553,3117.75
1.344505,3118.0
1.344505,3118.25
1.344505,3118.5
1.338111,3118.75
1.340668,3119.0
1.331716,3119.25
1.330437,3119.5
1.321484,3119.75
1.3266,3120.0
1.327879,3120.25
1.3266,3120.5
1.322763,3120.75
1.3266,3121.0
1.318926,3121.25
1.313811,3121.5
1.321484,3121.75
1.321484,3122.0
1.321484,3122.25
1.311253,3122.5
1.31509,3122.75
1.31509,3123.0
1.318926,3123.25
1.3266,3123.5
1.330437,3123.75
1.334274,3124.0
1.352179,3124.25
1.367526,3124.5
1.379037,3124.75
1.404616,3125.0
1.404616,3125.25
1.419963,3125.5
1.430194,3125.75
1.442984,3126.0
1.432752,3126.25
1.4481,3126.5
1.445542,3126.75
1.4481,3127.0
1.445542,3127.25
1.445542,3127.5
1.437868,3127.75
1.425079,3128.0
1.4238,3128.25
1.419963,3128.5
1.413568,3128.75
1.412289,3129.0
1.425079,3129.25
1.442984,3129.5
1.460889,3129.75
1.471121,3130.0
1.476237,3130.25
1.474958,3130.5
1.471121,3130.75
1.466005,3131.0
1.463447,3131.25
1.457052,3131.5
1.455773,3131.75
1.449379,3132.0
1.449379,3132.25
1.444263,3132.5
1.444263,3132.75
1.439147,3133.0
1.43531,3133.25
1.428916,3133.5
1.427637,3133.75
1.430194,3134.0
1.439147,3134.25
1.449379,3134.5
1.457052,3134.75
1.468563,3135.0
1.476237,3135.25
1.474958,3135.5
1.474958,3135.75
1.478794,3136.0
1.467284,3136.25
1.473679,3136.5
1.48391,3136.75
1.500536,3137.0
1.509588,3137.25
1.536446,3137.5
1.559467,3137.75
1.570977,3138.0
1.576093,3138.25
1.570977,3138.5
1.572256,3138.75
1.564583,3139.0
1.560746,3139.25
1.549235,3139.5
1.545398,3139.75
1.541562,3140.0
1.537725,3140.25
1.537725,3140.5
1.537725,3140.75
1.539004,3141.0
1.537725,3141.25
1.536446,3141.5
1.530051,3141.75
1.533888,3142.0
1.541562,3142.25
1.562025,3142.5
1.576093,3142.75
1.590161,3143.0
1.581209,3143.25
1.593998,3143.5
1.597835,3143.75
1.614461,3144.0
1.622135,3144.25
1.632367,3144.5
1.636203,3144.75
1.638761,3145.0
1.62853,3145.25
1.620856,3145.5
1.609346,3145.75
1.602951,3146.0
1.583767,3146.25
1.59144,3146.5
1.588882,3146.75
1.597835,3147.0
1.608067,3147.25
1.623414,3147.5
1.631088,3147.75
1.634924,3148.0
1.636203,3148.25
1.629809,3148.5
1.625972,3148.75
1.625972,3149.0
1.623414,3149.25
1.643877,3149.5
1.684803,3149.75
1.734682,3150.0
1.79735,3150.25
1.842113,3150.5
1.866413,3150.75
1.881761,3151.0
1.868971,3151.25
1.842113,3151.5
1.825487,3151.75
1.803745,3152.0
1.803745,3152.25
1.789677,3152.5
1.78584,3152.75
1.787119,3153.0
1.792235,3153.25
1.78584,3153.5
1.775608,3153.75
1.769214,3154.0
1.780724,3154.25
1.792235,3154.5
1.833161,3154.75
1.861297,3155.0
1.876645,3155.25
1.87025,3155.5
1.889434,3155.75
1.895829,3156.0
1.89455,3156.25
1.885597,3156.5
1.879203,3156.75
1.875366,3157.0
1.871529,3157.25
1.867692,3157.5
1.85874,3157.75
1.872808,3158.0
1.871529,3158.25
1.907339,3158.5
1.938034,3158.75
1.973845,3159.0
1.940791,3159.25
1.938233,3159.5
1.938233,3159.75
1.939512,3160.0
1.936954,3160.25
1.940791,3160.5
1.911375,3160.75
1.902423,3161.0
1.908817,3161.25
1.920328,3161.5
1.933117,3161.75
1.931838,3162.0
1.924165,3162.25
1.916491,3162.5
1.913933,3162.75
1.912654,3163.0
1.904981,3163.25
1.896028,3163.5
1.887075,3163.75
1.889633,3164.0
1.920328,3164.25
1.939512,3164.5
1.958696,3164.75
1.972765,3165.0
1.944628,3165.25
1.931838,3165.5
1.928002,3165.75
1.913933,3166.0
1.910096,3166.25
1.926723,3166.5
1.95358,3166.75
1.959975,3167.0
1.974043,3167.25
1.985554,3167.5
1.988112,3167.75
1.981717,3168.0
1.968928,3168.25
1.957417,3168.5
1.936954,3168.75
1.935675,3169.0
1.944628,3169.25
1.962533,3169.5
1.967649,3169.75
1.970207,3170.0
1.96637,3170.25
1.965091,3170.5
1.958696,3170.75
1.967649,3171.0
1.962533,3171.25
1.967649,3171.5
1.963812,3171.75
1.957417,3172.0
1.95358,3172.25
1.943349,3172.5
1.944628,3172.75
1.944628,3173.0
1.938233,3173.25
1.936954,3173.5
1.933117,3173.75
1.934396,3174.0
1.925444,3174.25
1.920328,3174.5
1.911375,3174.75
1.920328,3175.0
1.916491,3175.25
1.921607,3175.5
1.919049,3175.75
1.924165,3176.0
1.912654,3176.25
1.91777,3176.5
1.916491,3176.75
1.913933,3177.0
1.912654,3177.25
1.910096,3177.5
1.913933,3177.75
1.921607,3178.0
1.915212,3178.25
1.912654,3178.5
1.912654,3178.75
1.912654,3179.0
1.908817,3179.25
1.907538,3179.5
1.90626,3179.75
1.926723,3180.0
1.922886,3180.25
1.929281,3180.5
1.903702,3180.75
1.890912,3181.0
1.885796,3181.25
1.876844,3181.5
1.858939,3181.75
1.884517,3182.0
1.903702,3182.25
1.915212,3182.5
1.935675,3182.75
1.939512,3183.0
1.952302,3183.25
1.968928,3183.5
1.995786,3183.75
2.054617,3184.0
2.114727,3184.25
2.163327,3184.5
2.195301,3184.75
2.218322,3185.0
2.225996,3185.25
2.241343,3185.5
2.24518,3185.75
2.254132,3186.0
2.22088,3186.25
2.213206,3186.5
2.195301,3186.75
2.176117,3187.0
2.163327,3187.25
2.145422,3187.5
2.131354,3187.75
2.117285,3188.0
2.101938,3188.25
2.084033,3188.5
2.080196,3188.75
2.068685,3189.0
2.066128,3189.25
2.057175,3189.5
2.057175,3189.75
2.05078,3190.0
2.048222,3190.25
2.045664,3190.5
2.043107,3190.75
2.036712,3191.0
2.030317,3191.25
2.031596,3191.5
2.030317,3191.75
2.025201,3192.0
2.022643,3192.25
2.022643,3192.5
2.020086,3192.75
2.023922,3193.0
2.01497,3193.25
2.017528,3193.5
1.986833,3193.75
1.980438,3194.0
1.997064,3194.25
2.007296,3194.5
2.003459,3194.75
1.974043,3195.0
1.95358,3195.25
1.958696,3195.5
2.008575,3195.75
2.02648,3196.0
2.025201,3196.25
2.017528,3196.5
1.981717,3196.75
1.96637,3197.0
1.934396,3197.25
1.898586,3197.5
1.860218,3197.75
1.855102,3198.0
1.876844,3198.25
1.956138,3198.5
1.998343,3198.75
2.021364,3199.0
2.034154,3199.25
2.034154,3199.5
2.044385,3199.75
2.041827,3200.0
2.041827,3200.25
2.036712,3200.5
2.032875,3200.75
2.031596,3201.0
2.02648,3201.25
2.025201,3201.5
2.009854,3201.75
2.018806,3202.0
2.009854,3202.25
2.016249,3202.5
2.021364,3202.75
2.031596,3203.0
2.030317,3203.25
2.03927,3203.5
2.034154,3203.75
2.035433,3204.0
2.027759,3204.25
2.021364,3204.5
2.012412,3204.75
2.006017,3205.0
2.00218,3205.25
1.997064,3205.5
1.993228,3205.75
1.994507,3206.0
1.982996,3206.25
1.993228,3206.5
1.998343,3206.75
1.998343,3207.0
1.995786,3207.25
1.995786,3207.5
1.989391,3207.75
1.991949,3208.0
1.991949,3208.25
2.02648,3208.5
2.05078,3208.75
2.076359,3209.0
2.053338,3209.25
2.05078,3209.5
2.053338,3209.75
2.053338,3210.0
2.05078,3210.25
2.043107,3210.5
2.055896,3210.75
2.068685,3211.0
2.062291,3211.25
2.094264,3211.5
2.105775,3211.75
2.043107,3212.0
1.988112,3212.25
1.920328,3212.5
2.250295,3212.75
2.360285,3213.0
2.153096,3213.25
2.122401,3213.5
2.087869,3213.75
2.087869,3214.0
2.081475,3214.25
2.092985,3214.5
2.11089,3214.75
2.139027,3215.0
2.173559,3215.25
2.177396,3215.5
2.177396,3215.75
2.167164,3216.0
2.171001,3216.25
2.160769,3216.5
2.164606,3216.75
2.149259,3217.0
2.133912,3217.25
2.122401,3217.5
2.124959,3217.75
2.121122,3218.0
2.113448,3218.25
2.091706,3218.5
2.077638,3218.75
2.072522,3219.0
2.072522,3219.25
2.069964,3219.5
2.087869,3219.75
2.109612,3220.0
2.108333,3220.25
2.104496,3220.5
2.084033,3220.75
2.067406,3221.0
2.034154,3221.25
1.997064,3221.5
2.00218,3221.75
1.998343,3222.0
1.986833,3222.25
1.994507,3222.5
1.994507,3222.75
2.00218,3223.0
1.999622,3223.25
2.009854,3223.5
2.012412,3223.75
2.025201,3224.0
2.012412,3224.25
2.013691,3224.5
2.004738,3224.75
2.000901,3225.0
1.991949,3225.25
1.982996,3225.5
1.989391,3225.75
1.991949,3226.0
1.981717,3226.25
1.997064,3226.5
2.004738,3226.75
2.008575,3227.0
2.020086,3227.25
2.025201,3227.5
2.029038,3227.75
2.030317,3228.0
2.045664,3228.25
2.059733,3228.5
2.081475,3228.75
2.092985,3229.0
2.098101,3229.25
2.090427,3229.5
2.080196,3229.75
2.069964,3230.0
2.055896,3230.25
2.044385,3230.5
2.036712,3230.75
2.037991,3231.0
2.035433,3231.25
2.029038,3231.5
2.030317,3231.75
2.02648,3232.0
2.025201,3232.25
2.018806,3232.5
2.012412,3232.75
2.009854,3233.0
1.989391,3233.25
1.999622,3233.5
1.993228,3233.75
1.982996,3234.0
1.974043,3234.25
1.968928,3234.5
1.961254,3234.75
1.961254,3235.0
1.952302,3235.25
1.957417,3235.5
1.958696,3235.75
1.96637,3236.0
1.961254,3236.25
1.965091,3236.5
1.959975,3236.75
1.958696,3237.0
1.954859,3237.25
1.947186,3237.5
1.939512,3237.75
1.936954,3238.0
1.933117,3238.25
1.930559,3238.5
1.929281,3238.75
1.931838,3239.0
1.934396,3239.25
1.934396,3239.5
1.935675,3239.75
1.94207,3240.0
1.943349,3240.25
1.96637,3240.5
1.991949,3240.75
2.016249,3241.0
2.03927,3241.25
2.061012,3241.5
2.078917,3241.75
2.100659,3242.0
2.131354,3242.25
2.15949,3242.5
2.199138,3242.75
2.217043,3243.0
2.222159,3243.25
2.222159,3243.5
2.229832,3243.75
2.242622,3244.0
2.264364,3244.25
2.284827,3244.5
2.295058,3244.75
2.291222,3245.0
2.272038,3245.25
2.246459,3245.5
2.217043,3245.75
2.199138,3246.0
2.156933,3246.25
2.160769,3246.5
2.146701,3246.75
2.137748,3247.0
2.132632,3247.25
2.127517,3247.5
2.119843,3247.75
2.116006,3248.0
2.107054,3248.25
2.105775,3248.5
2.11217,3248.75
2.128796,3249.0
2.169722,3249.25
2.229832,3249.5
2.297616,3249.75
2.346216,3250.0
2.382027,3250.25
2.42679,3250.5
2.444695,3250.75
2.448532,3251.0
2.442137,3251.25
2.416558,3251.5
2.388421,3251.75
2.367958,3252.0
2.347495,3252.25
2.332148,3252.5
2.319358,3252.75
2.315521,3253.0
2.30529,3253.25
2.295058,3253.5
2.277153,3253.75
2.275874,3254.0
2.25669,3254.25
2.242622,3254.5
2.238785,3254.75
2.242622,3255.0
2.243901,3255.25
2.257969,3255.5
2.273316,3255.75
2.296337,3256.0
2.321916,3256.25
2.332148,3256.5
2.348774,3256.75
2.375632,3257.0
2.352611,3257.25
2.359006,3257.5
2.364121,3257.75
2.373074,3258.0
2.385863,3258.25
2.40249,3258.5
2.412721,3258.75
2.429348,3259.0
2.435742,3259.25
2.430626,3259.5
2.424232,3259.75
2.406327,3260.0
2.401211,3260.25
2.393537,3260.5
2.429348,3260.75
2.596889,3261.0
2.857274,3261.25
2.795884,3261.5
2.763911,3261.75
2.769027,3262.0
2.7767,3262.25
2.747284,3262.5
2.7038,3262.75
2.666711,3263.0
2.632179,3263.25
2.600206,3263.5
2.578464,3263.75
2.551606,3264.0
2.528585,3264.25
2.504285,3264.5
2.491496,3264.75
2.477427,3265.0
2.471033,3265.25
2.456964,3265.5
2.456964,3265.75
2.451849,3266.0
2.430106,3266.25
2.43778,3266.5
2.430106,3266.75
2.423712,3267.0
2.418596,3267.25
2.410922,3267.5
2.407085,3267.75
2.404527,3268.0
2.395575,3268.25
2.396854,3268.5
2.384064,3268.75
2.38918,3269.0
2.381506,3269.25
2.387901,3269.5
2.381506,3269.75
2.38918,3270.0
2.400691,3270.25
2.424991,3270.5
2.448012,3270.75
2.471033,3271.0
2.487659,3271.25
2.496611,3271.5
2.491496,3271.75
2.509401,3272.0
2.523469,3272.25
2.543932,3272.5
2.552885,3272.75
2.55928,3273.0
2.542654,3273.25
2.526027,3273.5
2.496611,3273.75
2.488938,3274.0
2.464638,3274.25
2.453127,3274.5
2.436501,3274.75
2.427548,3275.0
2.414759,3275.25
2.409643,3275.5
2.403249,3275.75
2.399412,3276.0
2.391738,3276.25
2.385343,3276.5
2.382786,3276.75
2.381506,3277.0
2.373833,3277.25
2.371275,3277.5
2.366159,3277.75
2.368717,3278.0
2.358485,3278.25
2.355928,3278.5
2.352091,3278.75
2.352091,3279.0
2.338022,3279.25
2.341859,3279.5
2.336744,3279.75
2.334186,3280.0
2.336744,3280.25
2.335464,3280.5
2.336744,3280.75
2.341859,3281.0
2.349533,3281.25
2.357207,3281.5
2.375112,3281.75
2.37767,3282.0
2.393017,3282.25
2.405807,3282.5
2.451849,3282.75
2.48638,3283.0
2.528585,3283.25
2.54649,3283.5
2.55928,3283.75
2.560559,3284.0
2.555443,3284.25
2.547769,3284.5
2.536259,3284.75
2.527306,3285.0
2.509401,3285.25
2.503006,3285.5
2.503006,3285.75
2.509401,3286.0
2.511959,3286.25
2.558001,3286.5
2.598927,3286.75
2.624506,3287.0
2.621948,3287.25
2.620669,3287.5
2.609159,3287.75
2.593811,3288.0
2.566953,3288.25
2.552885,3288.5
2.550327,3288.75
2.589974,3289.0
2.632179,3289.25
2.680779,3289.5
2.697406,3289.75
2.710195,3290.0
2.7038,3290.25
2.729379,3290.5
2.748563,3290.75
2.767748,3291.0
2.769027,3291.25
2.762632,3291.5
2.734495,3291.75
2.708916,3292.0
2.678221,3292.25
2.669269,3292.5
2.661595,3292.75
2.656479,3293.0
2.661595,3293.25
2.687174,3293.5
2.719148,3293.75
2.769027,3294.0
2.853437,3294.25
2.90971,3294.5
2.948079,3294.75
2.981331,3295.0
3.004657,3295.25
3.01361,3295.5
2.980357,3295.75
2.975241,3296.0
3.005936,3296.25
3.080115,3296.5
3.142783,3296.75
3.183709,3297.0
3.178594,3297.25
3.151736,3297.5
3.094183,3297.75
3.034073,3298.0
2.973963,3298.25
2.924084,3298.5
2.898505,3298.75
2.886994,3299.0
2.870368,3299.25
2.870368,3299.5
2.863973,3299.75
2.858858,3300.0
2.842231,3300.25
2.823047,3300.5
2.802584,3300.75
2.793632,3301.0
2.778284,3301.25
2.774447,3301.5
2.765495,3301.75
2.768053,3302.0
2.779563,3302.25
2.800026,3302.5
2.815373,3302.75
2.825605,3303.0
2.823047,3303.25
2.824326,3303.5
2.834558,3303.75
2.849905,3304.0
2.879321,3304.25
2.893389,3304.5
2.899784,3304.75
2.901063,3305.0
2.893389,3305.25
2.879321,3305.5
2.855021,3305.75
2.837116,3306.0
2.79491,3306.25
2.788516,3306.5
2.771889,3306.75
2.755263,3307.0
2.748868,3307.25
2.732242,3307.5
2.732242,3307.75
2.722011,3308.0
2.706663,3308.25
2.714337,3308.5
2.737358,3308.75
2.742474,3309.0
2.737358,3309.25
2.722011,3309.5
2.733521,3309.75
2.723289,3310.0
2.728405,3310.25
2.732242,3310.5
2.760379,3310.75
2.768053,3311.0
2.796189,3311.25
2.806421,3311.5
2.792352,3311.75
2.771889,3312.0
2.761658,3312.25
2.727126,3312.5
2.723289,3312.75
2.713058,3313.0
2.722011,3313.25
2.681084,3313.5
2.67469,3313.75
2.668295,3314.0
2.62609,3314.25
2.57749,3314.5
2.589,3314.75
2.610743,3315.0
2.622253,3315.25
2.619695,3315.5
2.618416,3315.75
2.606906,3316.0
2.591558,3316.25
2.574932,3316.5
2.567258,3316.75
2.557027,3317.0
2.551911,3317.25
2.54168,3317.5
2.536564,3317.75
2.532727,3318.0
2.536564,3318.25
2.542958,3318.5
2.546795,3318.75
2.546795,3319.0
2.549353,3319.25
2.546795,3319.5
2.546795,3319.75
2.536564,3320.0
2.531448,3320.25
2.51738,3320.5
2.521216,3320.75
2.519938,3321.0
2.521216,3321.25
2.518659,3321.5
2.521216,3321.75
2.539122,3322.0
2.559585,3322.25
2.548074,3322.5
2.562143,3322.75
2.576211,3323.0
2.502032,3323.25
2.57749,3323.5
2.631206,3323.75
2.659342,3324.0
2.700269,3324.25
2.725847,3324.5
2.7591,3324.75
2.770611,3325.0
2.782121,3325.25
2.778284,3325.5
2.784679,3325.75
2.773168,3326.0
2.761658,3326.25
2.765495,3326.5
2.7591,3326.75
2.741195,3327.0
2.729684,3327.25
2.714337,3327.5
2.714337,3327.75
2.724568,3328.0
2.739916,3328.25
2.753984,3328.5
2.757821,3328.75
2.757821,3329.0
2.748868,3329.25
2.733521,3329.5
2.722011,3329.75
2.705384,3330.0
2.690037,3330.25
2.677248,3330.5
2.664458,3330.75
2.656785,3331.0
2.651669,3331.25
2.645274,3331.5
2.636321,3331.75
2.633764,3332.0
2.610743,3332.25
2.609463,3332.5
2.600511,3332.75
2.606906,3333.0
2.6133,3333.25
2.62609,3333.5
2.619695,3333.75
2.624811,3334.0
2.624811,3334.25
2.6376,3334.5
2.62609,3334.75
2.618416,3335.0
2.599232,3335.25
2.633764,3335.5
2.618416,3335.75
2.623532,3336.0
2.624811,3336.25
2.620974,3336.5
2.6133,3336.75
2.600511,3337.0
2.60179,3337.25
2.594116,3337.5
2.599232,3337.75
2.596674,3338.0
2.597953,3338.25
2.595395,3338.5
2.597953,3338.75
2.608185,3339.0
2.614579,3339.25
2.619695,3339.5
2.617137,3339.75
2.620974,3340.0
2.620974,3340.25
2.623532,3340.5
2.623532,3340.75
2.622253,3341.0
2.617137,3341.25
2.614579,3341.5
2.609463,3341.75
2.594116,3342.0
2.573653,3342.25
2.571095,3342.5
2.574932,3342.75
2.590279,3343.0
2.590279,3343.25
2.586442,3343.5
2.576211,3343.75
2.571095,3344.0
2.559585,3344.25
2.555748,3344.5
2.550632,3344.75
2.548074,3345.0
2.550632,3345.25
2.557027,3345.5
2.563421,3345.75
2.545516,3346.0
2.649111,3346.25
2.655505,3346.5
2.49308,3346.75
2.638879,3347.0
2.572374,3347.25
2.525053,3347.5
2.587722,3347.75
2.441922,3348.0
2.615553,3348.25
2.540096,3348.5
2.53498,3348.75
2.517075,3349.0
2.504285,3349.25
2.485101,3349.5
2.465917,3349.75
2.450569,3350.0
2.432664,3350.25
2.418596,3350.5
2.433943,3350.75
2.315001,3351.0
2.303491,3351.25
2.362322,3351.5
2.211407,3351.75
2.28047,3352.0
2.40197,3352.25
2.36488,3352.5
2.334186,3352.75
2.422433,3353.0
2.43778,3353.25
2.430106,3353.5
2.427548,3353.75
2.412201,3354.0
2.403249,3354.25
2.381506,3354.5
2.380228,3354.75
2.373833,3355.0
2.369996,3355.25
2.369996,3355.5
2.366159,3355.75
2.391738,3356.0
2.386622,3356.25
2.174318,3356.5
2.080955,3356.75
1.935155,3357.0
1.922886,3357.25
1.944628,3357.5
1.913933,3357.75
2.008575,3358.0
2.3168,3358.25
2.296337,3358.5
2.3411,3358.75
2.339821,3359.0
2.35389,3359.25
2.094264,3359.5
1.596755,3359.75
1.612102,3360.0
2.237506,3360.25
2.237506,3360.5
2.297616,3360.75
2.301453,3361.0
2.2925,3361.25
2.304011,3361.5
2.325753,3361.75
2.343658,3362.0
2.311685,3362.25
2.307848,3362.5
2.293779,3362.75
2.293779,3363.0
2.327032,3363.25
2.338542,3363.5
2.325753,3363.75
2.330869,3364.0
2.334706,3364.25
2.330869,3364.5
2.330869,3364.75
2.332148,3365.0
2.334706,3365.25
2.356448,3365.5
2.398653,3365.75
2.445974,3366.0
2.4626,3366.25
2.517075,3366.5
2.536259,3366.75
2.543932,3367.0
2.54649,3367.25
2.53498,3367.5
2.519633,3367.75
2.485101,3368.0
2.47359,3368.25
2.442896,3368.5
2.417317,3368.75
2.387901,3369.0
2.375112,3369.25
2.359765,3369.5
2.349533,3369.75
2.330349,3370.0
2.325233,3370.25
2.311165,3370.5
2.30477,3370.75
2.298375,3371.0
2.290702,3371.25
2.285586,3371.5
2.284307,3371.75
2.28047,3372.0
2.275354,3372.25
2.271517,3372.5
2.263844,3372.75
2.267681,3373.0
2.25617,3373.25
2.251054,3373.5
2.24466,3373.75
2.242102,3374.0
2.229312,3374.25
2.226754,3374.5
2.221639,3374.75
2.219081,3375.0
2.211407,3375.25
2.205012,3375.5
2.201175,3375.75
2.203733,3376.0
2.20757,3376.25
2.217802,3376.5
2.226754,3376.75
2.239544,3377.0
2.249775,3377.25
2.263844,3377.5
2.272796,3377.75
2.275354,3378.0
2.266402,3378.25
2.266402,3378.5
2.261286,3378.75
2.260007,3379.0
2.262565,3379.25
2.258728,3379.5
2.257449,3379.75
2.248496,3380.0
2.24466,3380.25
2.235707,3380.5
2.228033,3380.75
2.217802,3381.0
2.217802,3381.25
2.211407,3381.5
2.20757,3381.75
2.201175,3382.0
2.201175,3382.25
2.197339,3382.5
2.201175,3382.75
2.222918,3383.0
2.217802,3383.25
2.235707,3383.5
2.226754,3383.75
2.261286,3384.0
2.239544,3384.25
2.24466,3384.5
2.225475,3384.75
2.194781,3385.0
2.173039,3385.25
2.162807,3385.5
2.167923,3385.75
2.176876,3386.0
2.206291,3386.25
2.272796,3386.5
2.283028,3386.75
2.295817,3387.0
2.298375,3387.25
2.291981,3387.5
2.290702,3387.75
2.294538,3388.0
2.290702,3388.25
2.277912,3388.5
2.295817,3388.75
2.315001,3389.0
2.320117,3389.25
2.322675,3389.5
2.303491,3389.75
2.30477,3390.0
2.298375,3390.25
2.300933,3390.5
2.312443,3390.75
2.332907,3391.0
2.352091,3391.25
2.36488,3391.5
2.368717,3391.75
2.363601,3392.0
2.359765,3392.25
2.348254,3392.5
2.330349,3392.75
2.31628,3393.0
2.30477,3393.25
2.302212,3393.5
2.303491,3393.75
2.311165,3394.0
2.307328,3394.25
2.300933,3394.5
2.288144,3394.75
2.285586,3395.0
2.272796,3395.25
2.263844,3395.5
2.254891,3395.75
2.247217,3396.0
2.24466,3396.25
2.249775,3396.5
2.252333,3396.75
2.254891,3397.0
2.25617,3397.25
2.252333,3397.5
2.260007,3397.75
2.257449,3398.0
2.254891,3398.25
2.253612,3398.5
2.263844,3398.75
2.28047,3399.0
2.299654,3399.25
2.306049,3399.5
2.308607,3399.75
2.306049,3400.0
2.294538,3400.25
2.285586,3400.5
2.272796,3400.75
2.261286,3401.0
2.247217,3401.25
2.239544,3401.5
2.233149,3401.75
2.23187,3402.0
2.228033,3402.25
2.221639,3402.5
2.216523,3402.75
2.208849,3403.0
2.202454,3403.25
2.199897,3403.5
2.201175,3403.75
2.201175,3404.0
2.193502,3404.25
2.193502,3404.5
2.188386,3404.75
2.194781,3405.0
2.194781,3405.25
2.198617,3405.5
2.193502,3405.75
2.194781,3406.0
2.178154,3406.25
2.184549,3406.5
2.179433,3406.75
2.175596,3407.0
2.169202,3407.25
2.167923,3407.5
2.167923,3407.75
2.169202,3408.0
2.169202,3408.25
2.165365,3408.5
2.167923,3408.75
2.160249,3409.0
2.162807,3409.25
2.151297,3409.5
2.150018,3409.75
2.148739,3410.0
2.155133,3410.25
2.169202,3410.5
2.187107,3410.75
2.203733,3411.0
2.219081,3411.25
2.225475,3411.5
2.226754,3411.75
2.222918,3412.0
2.22036,3412.25
2.210128,3412.5
2.202454,3412.75
2.192223,3413.0
2.189665,3413.25
2.178154,3413.5
2.17176,3413.75
2.160249,3414.0
2.157691,3414.25
2.150018,3414.5
2.150018,3414.75
2.14746,3415.0
2.146181,3415.25
2.141065,3415.5
2.142344,3415.75
2.142344,3416.0
2.138507,3416.25
2.138507,3416.5
2.137228,3416.75
2.142344,3417.0
2.142344,3417.25
2.141065,3417.5
2.137228,3417.75
2.13467,3418.0
2.130834,3418.25
2.13467,3418.5
2.137228,3418.75
2.137228,3419.0
2.138507,3419.25
2.135949,3419.5
2.137228,3419.75
2.130834,3420.0
2.126997,3420.25
2.120602,3420.5
2.118044,3420.75
2.121881,3421.0
2.121881,3421.25
2.12316,3421.5
2.119323,3421.75
2.114207,3422.0
2.105255,3422.25
2.102697,3422.5
2.091186,3422.75
2.092465,3423.0
2.078397,3423.25
2.083513,3423.5
2.079676,3423.75
2.084792,3424.0
2.083513,3424.25
2.084792,3424.5
2.082234,3424.75
2.083513,3425.0
2.082234,3425.25
2.084792,3425.5
2.080955,3425.75
2.084792,3426.0
2.075839,3426.25
2.089907,3426.5
2.092465,3426.75
2.102697,3427.0
2.103976,3427.25
2.112928,3427.5
2.112928,3427.75
2.119323,3428.0
2.11037,3428.25
2.107813,3428.5
2.096302,3428.75
2.093744,3429.0
2.089907,3429.25
2.086071,3429.5
2.087349,3429.75
2.089907,3430.0
2.084792,3430.25
2.080955,3430.5
2.080955,3430.75
2.075839,3431.0
2.068165,3431.25
2.064328,3431.5
2.060492,3431.75
2.047702,3432.0
2.052818,3432.25
2.054097,3432.5
2.048981,3432.75
2.043865,3433.0
2.041307,3433.25
2.042586,3433.5
2.046423,3433.75
2.051539,3434.0
2.060492,3434.25
2.068165,3434.5
2.072002,3434.75
2.072002,3435.0
2.07456,3435.25
2.069444,3435.5
2.064328,3435.75
2.055376,3436.0
2.052818,3436.25
2.03875,3436.5
2.036192,3436.75
2.029797,3437.0
2.031076,3437.25
2.033634,3437.5
2.059213,3437.75
2.138507,3438.0
2.234428,3438.25
2.236986,3438.5
2.167923,3438.75
2.156412,3439.0
2.126997,3439.25
2.13467,3439.5
2.151297,3439.75
2.173039,3440.0
2.201175,3440.25
2.229312,3440.5
2.257449,3440.75
2.279191,3441.0
2.288144,3441.25
2.283028,3441.5
2.277912,3441.75
2.263844,3442.0
2.247217,3442.25
2.229312,3442.5
2.22036,3442.75
2.212686,3443.0
2.202454,3443.25
2.19606,3443.5
2.188386,3443.75
2.178154,3444.0
2.167923,3444.25
2.160249,3444.5
2.153855,3444.75
2.144902,3445.0
2.142344,3445.25
2.138507,3445.5
2.133391,3445.75
2.130834,3446.0
2.112928,3446.25
2.118044,3446.5
2.114207,3446.75
2.11037,3447.0
2.102697,3447.25
2.106534,3447.5
2.101418,3447.75
2.102697,3448.0
2.096302,3448.25
2.092465,3448.5
2.087349,3448.75
2.089907,3449.0
2.087349,3449.25
2.095023,3449.5
2.092465,3449.75
2.101418,3450.0
2.09886,3450.25
2.101418,3450.5
2.096302,3450.75
2.097581,3451.0
2.092465,3451.25
2.089907,3451.5
2.088628,3451.75
2.087349,3452.0
2.079676,3452.25
2.073281,3452.5
2.070723,3452.75
2.066886,3453.0
2.06305,3453.25
2.057934,3453.5
2.054097,3453.75
2.048981,3454.0
2.046423,3454.25
2.042586,3454.5
2.040029,3454.75
2.03875,3455.0
2.036192,3455.25
2.040029,3455.5
2.040029,3455.75
2.043865,3456.0
2.041307,3456.25
2.037471,3456.5
2.032355,3456.75
2.029797,3457.0
2.027239,3457.25
2.024681,3457.5
2.023402,3457.75
2.018286,3458.0
2.023402,3458.25
2.024681,3458.5
2.036192,3458.75
2.041307,3459.0
2.056655,3459.25
2.068165,3459.5
2.075839,3459.75
2.079676,3460.0
2.075839,3460.25
2.069444,3460.5
2.059213,3460.75
2.051539,3461.0
2.042586,3461.25
2.037471,3461.5
2.031076,3461.75
2.02596,3462.0
2.023402,3462.25
2.020844,3462.5
2.018286,3462.75
2.022123,3463.0
2.019565,3463.25
2.042586,3463.5
2.057934,3463.75
2.072002,3464.0
2.07456,3464.25
2.079676,3464.5
2.073281,3464.75
2.068165,3465.0
2.061771,3465.25
2.060492,3465.5
2.057934,3465.75
2.061771,3466.0
2.042586,3466.25
2.048981,3466.5
2.042586,3466.75
2.040029,3467.0
2.028518,3467.25
2.029797,3467.5
2.036192,3467.75
2.047702,3468.0
2.059213,3468.25
2.057934,3468.5
2.059213,3468.75
2.048981,3469.0
2.05026,3469.25
2.05026,3469.5
2.054097,3469.75
2.047702,3470.0
2.047702,3470.25
2.047702,3470.5
2.054097,3470.75
2.060492,3471.0
2.064328,3471.25
2.057934,3471.5
2.055376,3471.75
2.054097,3472.0
2.048981,3472.25
2.042586,3472.5
2.034913,3472.75
2.024681,3473.0
2.018286,3473.25
2.015729,3473.5
2.018286,3473.75
2.023402,3474.0
2.01445,3474.25
2.005497,3474.5
2.004218,3474.75
2.008055,3475.0
2.006776,3475.25
1.999102,3475.5
1.981197,3475.75
1.985034,3476.0
1.982476,3476.25
1.987592,3476.5
1.99015,3476.75
1.997823,3477.0
1.996544,3477.25
1.999102,3477.5
1.996544,3477.75
1.995265,3478.0
1.996544,3478.25
1.999102,3478.5
2.00166,3478.75
2.006776,3479.0
2.009334,3479.25
2.008055,3479.5
2.00166,3479.75
1.982476,3480.0
1.988871,3480.25
1.981197,3480.5
1.985034,3480.75
1.982476,3481.0
1.982476,3481.25
1.97736,3481.5
1.97736,3481.75
1.974802,3482.0
1.969687,3482.25
1.962013,3482.5
1.972765,3482.75
1.972765,3483.0
1.970207,3483.25
1.96637,3483.5
1.963812,3483.75
1.959975,3484.0
1.954859,3484.25
1.948465,3484.5
1.949744,3484.75
1.947186,3485.0
1.931838,3485.25
1.930559,3485.5
1.924165,3485.75
1.930559,3486.0
1.910096,3486.25
1.922886,3486.5
1.912654,3486.75
1.925444,3487.0
1.925444,3487.25
1.934396,3487.5
1.931838,3487.75
1.930559,3488.0
1.922886,3488.25
1.922886,3488.5
1.920328,3488.75
1.925444,3489.0
1.928002,3489.25
1.928002,3489.5
1.925444,3489.75
1.922886,3490.0
1.926723,3490.25
1.924165,3490.5
1.915212,3490.75
1.919049,3491.0
1.920328,3491.25
1.91777,3491.5
1.915212,3491.75
1.913933,3492.0
1.907538,3492.25
1.910096,3492.5
1.902423,3492.75
1.908817,3493.0
1.902423,3493.25
1.902423,3493.5
1.89347,3493.75
1.897307,3494.0
1.887075,3494.25
1.884517,3494.5
1.875565,3494.75
1.890912,3495.0
1.902423,3495.25
1.924165,3495.5
1.94207,3495.75
1.95358,3496.0
1.956138,3496.25
1.95358,3496.5
1.954859,3496.75
1.951023,3497.0
1.94207,3497.25
1.935675,3497.5
1.928002,3497.75
1.922886,3498.0
1.920328,3498.25
1.920328,3498.5
1.911375,3498.75
1.908817,3499.0
1.902423,3499.25
1.904981,3499.5
1.90626,3499.75
1.901144,3500.0
1.908817,3500.25
1.910096,3500.5
1.911375,3500.75
1.910096,3501.0
1.907538,3501.25
1.902423,3501.5
1.898586,3501.75
1.889633,3502.0
1.890912,3502.25
1.883239,3502.5
1.879402,3502.75
1.880681,3503.0
1.902423,3503.25
1.892191,3503.5
1.889633,3503.75
1.904981,3504.0
1.920328,3504.25
1.926723,3504.5
1.936954,3504.75
1.949744,3505.0
1.954859,3505.25
1.962533,3505.5
1.985554,3505.75
2.01497,3506.0
2.020086,3506.25
2.03927,3506.5
2.054617,3506.75
2.064848,3507.0
2.062291,3507.25
2.053338,3507.5
2.049501,3507.75
2.036712,3508.0
2.022643,3508.25
2.004738,3508.5
1.997064,3508.75
1.986833,3509.0
1.982996,3509.25
1.979159,3509.5
1.975322,3509.75
1.972765,3510.0
1.968928,3510.25
1.975322,3510.5
1.976601,3510.75
1.979159,3511.0
1.979159,3511.25
1.980438,3511.5
1.97788,3511.75
1.97788,3512.0
1.979159,3512.25
1.981717,3512.5
1.986833,3512.75
1.985554,3513.0
1.995786,3513.25
1.995786,3513.5
1.994507,3513.75
1.993228,3514.0
1.976601,3514.25
1.974043,3514.5
1.967649,3514.75
1.972765,3515.0
1.974043,3515.25
1.976601,3515.5
1.971486,3515.75
1.980438,3516.0
1.975322,3516.25
1.972765,3516.5
1.965091,3516.75
1.962533,3517.0
1.95358,3517.25
1.938233,3517.5
1.94207,3517.75
1.952302,3518.0
1.959975,3518.25
1.957417,3518.5
1.961254,3518.75
1.956138,3519.0
1.949744,3519.25
1.948465,3519.5
1.943349,3519.75
1.929281,3520.0
1.934396,3520.25
1.930559,3520.5
1.926723,3520.75
1.920328,3521.0
1.915212,3521.25
1.913933,3521.5
1.911375,3521.75
1.907538,3522.0
1.907538,3522.25
1.902423,3522.5
1.896028,3522.75
1.890912,3523.0
1.885796,3523.25
1.867891,3523.5
1.870449,3523.75
1.876844,3524.0
1.879402,3524.25
1.896028,3524.5
1.898586,3524.75
1.890912,3525.0
1.894749,3525.25
1.901144,3525.5
1.90626,3525.75
1.912654,3526.0
1.902423,3526.25
1.911375,3526.5
1.907538,3526.75
1.90626,3527.0
1.90626,3527.25
1.902423,3527.5
1.897307,3527.75
1.897307,3528.0
1.89347,3528.25
1.892191,3528.5
1.885796,3528.75
1.892191,3529.0
1.885796,3529.25
1.883239,3529.5
1.884517,3529.75
1.885796,3530.0
1.88196,3530.25
1.880681,3530.5
1.874286,3530.75
1.876844,3531.0
1.873007,3531.25
1.879402,3531.5
1.88196,3531.75
1.896028,3532.0
1.901144,3532.25
1.919049,3532.5
1.922886,3532.75
1.931838,3533.0
1.925444,3533.25
1.928002,3533.5
1.921607,3533.75
1.920328,3534.0
1.911375,3534.25
1.902423,3534.5
1.889633,3534.75
1.880681,3535.0
1.880681,3535.25
1.876844,3535.5
1.871728,3535.75
1.873007,3536.0
1.865333,3536.25
1.866612,3536.5
1.862775,3536.75
1.866612,3537.0
1.867891,3537.25
1.86917,3537.5
1.870449,3537.75
1.879402,3538.0
1.883239,3538.25
1.885796,3538.5
1.887075,3538.75
1.884517,3539.0
1.879402,3539.25
1.874286,3539.5
1.870449,3539.75
1.865333,3540.0
1.85766,3540.25
1.853823,3540.5
1.851265,3540.75
1.855102,3541.0
1.851265,3541.25
1.852544,3541.5
1.855102,3541.75
1.855102,3542.0
1.852544,3542.25
1.848707,3542.5
1.84487,3542.75
1.846149,3543.0
1.837197,3543.25
1.838475,3543.5
1.834639,3543.75
1.83336,3544.0
1.830802,3544.25
1.826965,3544.5
1.832081,3544.75
1.834639,3545.0
1.834639,3545.25
1.835918,3545.5
1.837197,3545.75
1.837197,3546.0
1.824407,3546.25
1.83336,3546.5
1.832081,3546.75
1.830802,3547.0
1.828244,3547.25
1.823128,3547.5
1.821849,3547.75
1.82057,3548.0
1.815454,3548.25
1.814175,3548.5
1.806502,3548.75
1.801386,3549.0
1.806502,3549.25
1.805223,3549.5
1.803944,3549.75
1.805223,3550.0
1.803944,3550.25
1.800107,3550.5
1.801386,3550.75
1.800107,3551.0
1.805223,3551.25
1.805223,3551.5
1.816733,3551.75
1.82057,3552.0
1.829523,3552.25
1.830802,3552.5
1.832081,3552.75
1.830802,3553.0
1.825686,3553.25
1.82057,3553.5
1.824407,3553.75
1.82057,3554.0
1.824407,3554.25
1.821849,3554.5
1.802665,3554.75
1.812897,3555.0
1.821849,3555.25
1.837197,3555.5
1.83336,3555.75
1.842312,3556.0
1.848707,3556.25
1.91777,3556.5
1.972765,3556.75
2.023922,3557.0
2.073801,3557.25
2.113448,3557.5
2.163327,3557.75
2.187627,3558.0
2.206811,3558.25
2.229832,3558.5
2.284827,3558.75
2.344937,3559.0
2.385863,3559.25
2.428069,3559.5
2.447253,3559.75
2.45109,3560.0
2.42679,3560.25
2.412721,3560.5
2.382027,3560.75
2.356448,3561.0
2.343658,3561.25
2.335985,3561.5
2.332148,3561.75
2.315521,3562.0
2.266922,3562.25
2.237506,3562.5
2.209369,3562.75
2.178674,3563.0
2.182511,3563.25
2.167164,3563.5
2.163327,3563.75
2.153096,3564.0
2.165885,3564.25
2.192743,3564.5
2.22088,3564.75
2.243901,3565.0
2.250295,3565.25
2.25669,3565.5
2.247737,3565.75
2.234948,3566.0
2.204253,3566.25
2.197859,3566.5
2.200417,3566.75
2.197859,3567.0
2.174838,3567.25
2.142864,3567.5
2.149259,3567.75
2.131354,3568.0
2.19658,3568.25
2.264364,3568.5
2.214485,3568.75
2.187627,3569.0
2.18379,3569.25
2.190185,3569.5
2.200417,3569.75
2.199138,3570.0
2.197859,3570.25
2.191464,3570.5
2.186348,3570.75
2.186348,3571.0
2.182511,3571.25
2.169722,3571.5
2.155653,3571.75
2.139027,3572.0
2.146701,3572.25
2.145422,3572.5
2.136469,3572.75
2.130075,3573.0
2.139027,3573.25
2.128796,3573.5
2.153096,3573.75
2.213206,3574.0
2.254132,3574.25
2.2925,3574.5
2.325753,3574.75
2.295058,3575.0
2.229832,3575.25
2.339821,3575.5
2.394816,3575.75
2.300174,3576.0
2.342379,3576.25
2.307848,3576.5
2.293779,3576.75
2.264364,3577.0
2.236227,3577.25
2.236227,3577.5
2.231111,3577.75
2.217043,3578.0
2.227274,3578.25
2.339821,3578.5
2.291222,3578.75
2.215764,3579.0
2.218322,3579.25
2.210648,3579.5
2.242622,3579.75
2.288664,3580.0
2.370516,3580.25
2.405048,3580.5
2.443416,3580.75
2.476668,3581.0
2.514517,3581.25
2.529864,3581.5
2.520911,3581.75
2.537538,3582.0
2.519633,3582.25
2.549048,3582.5
2.554164,3582.75
2.592532,3583.0
2.58358,3583.25
2.565675,3583.5
2.520911,3583.75
2.49789,3584.0
2.472311,3584.25
2.432664,3584.5
2.410922,3584.75
2.38918,3585.0
2.373833,3585.25
2.358485,3585.5
2.346975,3585.75
2.336744,3586.0
2.311165,3586.25
2.313723,3586.5
2.307328,3586.75
2.302212,3587.0
2.291981,3587.25
2.285586,3587.5
2.277912,3587.75
2.270238,3588.0
2.262565,3588.25
2.265123,3588.5
2.265123,3588.75
2.272796,3589.0
2.283028,3589.25
2.294538,3589.5
2.303491,3589.75
2.315001,3590.0
2.323954,3590.25
2.327791,3590.5
2.31628,3590.75
2.31628,3591.0
2.309886,3591.25
2.31628,3591.5
2.312443,3591.75
2.31628,3592.0
2.313723,3592.25
2.320117,3592.5
2.317559,3592.75
2.338022,3593.0
2.350812,3593.25
2.373833,3593.5
2.387901,3593.75
2.412201,3594.0
2.42627,3594.25
2.439059,3594.5
2.448012,3594.75
2.454406,3595.0
2.448012,3595.25
2.444175,3595.5
2.450569,3595.75
2.449291,3596.0
2.442896,3596.25
2.440338,3596.5
2.435222,3596.75
2.416038,3597.0
2.408364,3597.25
2.414759,3597.5
2.38918,3597.75
2.37767,3598.0
2.375112,3598.25
2.366159,3598.5
2.35337,3598.75
2.372554,3599.0
2.358485,3599.25
2.32907,3599.5
2.31628,3599.75
2.303491,3600.0
2.306049,3600.25
2.317559,3600.5
2.312443,3600.75
2.288144,3601.0
2.277912,3601.25
2.271517,3601.5
2.261286,3601.75
2.266402,3602.0
2.274075,3602.25
2.289423,3602.5
2.308607,3602.75
2.331628,3603.0
2.346975,3603.25
2.359765,3603.5
2.358485,3603.75
2.359765,3604.0
2.346975,3604.25
2.339301,3604.5
2.327791,3604.75
2.318838,3605.0
2.306049,3605.25
2.300933,3605.5
2.293259,3605.75
2.288144,3606.0
2.265123,3606.25
2.265123,3606.5
2.265123,3606.75
2.271517,3607.0
2.276633,3607.25
2.290702,3607.5
2.307328,3607.75
2.327791,3608.0
2.330349,3608.25
2.332907,3608.5
2.327791,3608.75
2.320117,3609.0
2.307328,3609.25
2.327791,3609.5
2.346975,3609.75
2.387901,3610.0
2.435222,3610.25
2.481264,3610.5
2.505564,3610.75
2.524748,3611.0
2.524748,3611.25
2.51068,3611.5
2.48638,3611.75
2.463359,3612.0
2.453127,3612.25
2.445454,3612.5
2.436501,3612.75
2.449291,3613.0
2.464638,3613.25
2.494054,3613.5
2.515796,3613.75
2.53498,3614.0
2.528585,3614.25
2.526027,3614.5
2.504285,3614.75
2.495332,3615.0
2.471033,3615.25
2.468475,3615.5
2.456964,3615.75
2.445454,3616.0
2.435222,3616.25
2.424991,3616.5
2.417317,3616.75
2.410922,3617.0
2.40197,3617.25
2.394296,3617.5
2.386622,3617.75
2.393017,3618.0
2.384064,3618.25
2.38918,3618.5
2.37767,3618.75
2.386622,3619.0
2.378949,3619.25
2.37767,3619.5
2.371275,3619.75
2.373833,3620.0
2.367438,3620.25
2.369996,3620.5
2.372554,3620.75
2.398133,3621.0
2.435222,3621.25
2.485101,3621.5
2.542654,3621.75
2.592532,3622.0
2.614274,3622.25
2.615553,3622.5
2.606601,3622.75
2.575906,3623.0
2.54649,3623.25
2.527306,3623.5
2.508122,3623.75
2.500448,3624.0
2.488938,3624.25
2.483822,3624.5
2.472311,3624.75
2.474869,3625.0
2.472311,3625.25
2.48638,3625.5
2.487659,3625.75
2.504285,3626.0
2.487659,3626.25
2.499169,3626.5
2.490217,3626.75
2.483822,3627.0
2.471033,3627.25
2.463359,3627.5
2.458243,3627.75
2.454406,3628.0
2.441617,3628.25
2.432664,3628.5
2.435222,3628.75
2.436501,3629.0
2.436501,3629.25
2.449291,3629.5
2.454406,3629.75
2.464638,3630.0
2.463359,3630.25
2.467196,3630.5
2.460801,3630.75
2.460801,3631.0
2.46208,3631.25
2.479985,3631.5
2.487659,3631.75
2.505564,3632.0
2.514517,3632.25
2.542654,3632.5
2.547769,3632.75
2.552885,3633.0
2.543932,3633.25
2.528585,3633.5
2.518353,3633.75
2.49789,3634.0
2.488938,3634.25
2.479985,3634.5
2.477427,3634.75
2.482543,3635.0
2.500448,3635.25
2.504285,3635.5
2.523469,3635.75
2.515796,3636.0
2.511959,3636.25
2.501727,3636.5
2.488938,3636.75
2.481264,3637.0
2.471033,3637.25
2.460801,3637.5
2.456964,3637.75
2.459522,3638.0
2.476148,3638.25
2.483822,3638.5
2.499169,3638.75
2.503006,3639.0
2.509401,3639.25
2.49789,3639.5
2.503006,3639.75
2.495332,3640.0
2.483822,3640.25
2.472311,3640.5
2.467196,3640.75
2.472311,3641.0
2.478706,3641.25
2.492775,3641.5
2.51068,3641.75
2.528585,3642.0
2.543932,3642.25
2.563117,3642.5
2.564395,3642.75
2.561838,3643.0
2.560559,3643.25
2.556722,3643.5
2.569511,3643.75
2.592532,3644.0
2.624506,3644.25
2.641132,3644.5
2.647527,3644.75
2.633458,3645.0
2.632179,3645.25
2.61939,3645.5
2.604043,3645.75
2.58358,3646.0
2.558001,3646.25
2.55928,3646.5
2.554164,3646.75
2.555443,3647.0
2.545211,3647.25
2.536259,3647.5
2.52219,3647.75
2.54649,3648.0
2.563117,3648.25
2.586138,3648.5
2.593811,3648.75
2.605322,3649.0
2.598927,3649.25
2.602764,3649.5
2.596369,3649.75
2.591253,3650.0
2.581022,3650.25
2.564395,3650.5
2.560559,3650.75
2.552885,3651.0
2.541374,3651.25
2.53498,3651.5
2.529864,3651.75
2.524748,3652.0
2.520911,3652.25
2.52219,3652.5
2.526027,3652.75
2.537538,3653.0
2.552885,3653.25
2.584859,3653.5
2.625785,3653.75
2.665432,3654.0
2.687174,3654.25
2.697406,3654.5
2.69229,3654.75
2.680779,3655.0
2.662874,3655.25
2.646248,3655.5
2.628343,3655.75
2.609159,3656.0
2.600206,3656.25
2.588696,3656.5
2.593811,3656.75
2.605322,3657.0
2.652643,3657.25
2.687174,3657.5
2.702521,3657.75
2.710195,3658.0
2.7038,3658.25
2.689732,3658.5
2.664153,3658.75
2.646248,3659.0
2.628343,3659.25
2.609159,3659.5
2.604043,3659.75
2.59509,3660.0
2.591253,3660.25
2.593811,3660.5
2.60788,3660.75
2.651364,3661.0
2.707637,3661.25
2.754958,3661.5
2.811232,3661.75
2.832974,3662.0
2.853437,3662.25
2.848321,3662.5
2.841926,3662.75
2.844484,3663.0
2.8253,3663.25
2.817626,3663.5
2.804837,3663.75
2.786932,3664.0
2.763911,3664.25
2.7524,3664.5
2.744727,3664.75
2.756237,3665.0
2.771584,3665.25
2.792048,3665.5
2.802279,3665.75
2.81379,3666.0
2.78949,3666.25
2.793326,3666.5
2.783095,3666.75
2.757516,3667.0
2.742169,3667.25
2.726821,3667.5
2.71659,3667.75
2.707637,3668.0
2.702521,3668.25
2.691011,3668.5
2.685895,3668.75
2.676943,3669.0
2.678221,3669.25
2.696127,3669.5
2.715311,3669.75
2.729379,3670.0
2.724263,3670.25
2.71659,3670.5
2.712753,3670.75
2.698685,3671.0
2.685895,3671.25
2.675664,3671.5
2.664153,3671.75
2.657758,3672.0
2.650085,3672.25
2.64369,3672.5
2.651364,3672.75
2.6795,3673.0
2.71659,3673.25
2.785653,3673.5
2.8253,3673.75
2.848321,3674.0
2.864947,3674.25
2.875179,3674.5
2.875179,3674.75
2.876458,3675.0
2.86111,3675.25
2.844484,3675.5
2.815068,3675.75
2.802279,3676.0
2.774142,3676.25
2.746006,3676.5
2.722985,3676.75
2.71659,3677.0
2.708916,3677.25
2.708916,3677.5
2.697406,3677.75
2.676943,3678.0
2.688453,3678.25
2.682058,3678.5
2.6795,3678.75
2.669269,3679.0
2.674385,3679.25
2.669269,3679.5
2.670548,3679.75
2.673106,3680.0
2.676943,3680.25
2.670548,3680.5
2.666711,3680.75
2.670548,3681.0
2.669269,3681.25
2.691011,3681.5
2.748563,3681.75
2.792048,3682.0
2.839368,3682.25
2.854716,3682.5
2.864947,3682.75
2.853437,3683.0
2.829137,3683.25
2.797163,3683.5
2.777979,3683.75
2.753679,3684.0
2.734495,3684.25
2.721706,3684.5
2.717869,3684.75
2.712753,3685.0
2.7038,3685.25
2.699964,3685.5
2.696127,3685.75
2.705079,3686.0
2.671827,3686.25
2.678221,3686.5
2.66799,3686.75
2.670548,3687.0
2.683337,3687.25
2.712753,3687.5
2.731937,3687.75
2.7524,3688.0
2.754958,3688.25
2.758795,3688.5
2.760074,3688.75
2.762632,3689.0
2.766469,3689.25
2.775421,3689.5
2.801,3689.75
2.811232,3690.0
2.81379,3690.25
2.81251,3690.5
2.78949,3690.75
2.777979,3691.0
2.775421,3691.25
2.790769,3691.5
2.808674,3691.75
2.838089,3692.0
2.847042,3692.25
2.848321,3692.5
2.832974,3692.75
2.811232,3693.0
2.78949,3693.25
2.785653,3693.5
2.772863,3693.75
2.763911,3694.0
2.758795,3694.25
2.731937,3694.5
2.735774,3694.75
2.719148,3695.0
2.714032,3695.25
2.706358,3695.5
2.7038,3695.75
2.699964,3696.0
2.707637,3696.25
2.7281,3696.5
2.735774,3696.75
2.737053,3697.0
2.731937,3697.25
2.730658,3697.5
2.730658,3697.75
2.725542,3698.0
2.715311,3698.25
2.707637,3698.5
2.711474,3698.75
2.701242,3699.0
2.698685,3699.25
2.688453,3699.5
2.676943,3699.75
2.661595,3700.0
2.657758,3700.25
2.660316,3700.5
2.651364,3700.75
2.648806,3701.0
2.6552,3701.25
2.652643,3701.5
2.650085,3701.75
2.656479,3702.0
2.662874,3702.25
2.726821,3702.5
2.781816,3702.75
2.845763,3703.0
2.876458,3703.25
2.895642,3703.5
2.893084,3703.75
2.876458,3704.0
2.838089,3704.25
2.809953,3704.5
2.792048,3704.75
2.785653,3705.0
2.771584,3705.25
2.766469,3705.5
2.779258,3705.75
2.81379,3706.0
2.829137,3706.25
2.8739,3706.5
2.894363,3706.75
2.891805,3707.0
2.879016,3707.25
2.870063,3707.5
2.841926,3707.75
2.801,3708.0
2.775421,3708.25
2.771584,3708.5
2.758795,3708.75
2.761353,3709.0
2.766469,3709.25
2.774142,3709.5
2.777979,3709.75
2.784374,3710.0
2.822742,3710.25
2.862389,3710.5
2.895642,3710.75
2.913547,3711.0
2.931452,3711.25
2.936568,3711.5
2.935289,3711.75
2.923779,3712.0
2.913547,3712.25
2.876458,3712.5
2.857274,3712.75
2.836811,3713.0
2.81251,3713.25
2.78949,3713.5
2.771584,3713.75
2.769027,3714.0
2.758795,3714.25
2.760074,3714.5
2.760074,3714.75
2.758795,3715.0
2.7524,3715.25
2.747284,3715.5
2.734495,3715.75
2.730658,3716.0
2.735774,3716.25
2.737053,3716.5
2.744727,3716.75
2.76519,3717.0
2.767748,3717.25
2.774142,3717.5
2.799721,3717.75
2.806116,3718.0
2.804837,3718.25
2.798442,3718.5
2.777979,3718.75
2.784374,3719.0
2.76519,3719.25
2.772863,3719.5
2.747284,3719.75
2.751121,3720.0
2.751121,3720.25
2.748563,3720.5
2.746006,3720.75
2.766469,3721.0
2.775421,3721.25
2.783095,3721.5
2.788211,3721.75
2.795884,3722.0
2.820184,3722.25
2.868784,3722.5
2.926337,3722.75
2.997957,3723.0
3.058373,3723.25
3.071162,3723.5
3.046862,3723.75
3.027678,3724.0
2.993147,3724.25
2.985473,3724.5
3.02512,3724.75
3.105694,3725.0
3.164525,3725.25
3.213125,3725.5
3.238704,3725.75
3.24382,3726.0
3.178594,3726.25
3.154294,3726.5
3.099299,3726.75
3.067325,3727.0
3.044304,3727.25
3.032794,3727.5
3.031515,3727.75
3.034073,3728.0
3.030236,3728.25
3.044304,3728.5
3.044304,3728.75
3.031515,3729.0
3.021283,3729.25
3.008494,3729.5
2.988031,3729.75
2.97652,3730.0
2.948384,3730.25
2.959894,3730.5
2.990589,3730.75
3.040468,3731.0
3.095462,3731.25
3.12232,3731.5
3.119762,3731.75
3.117204,3732.0
3.100578,3732.25
3.087789,3732.5
3.078836,3732.75
3.057094,3733.0
3.040468,3733.25
3.026399,3733.5
3.012331,3733.75
3.002099,3734.0
2.986752,3734.25
2.970126,3734.5
2.968847,3734.75
2.963731,3735.0
2.962452,3735.25
2.967568,3735.5
2.961173,3735.75
2.966289,3736.0
2.977799,3736.25
3.035352,3736.5
3.103136,3736.75
3.161967,3737.0
3.184988,3737.25
3.196499,3737.5
3.187546,3737.75
3.160688,3738.0
3.12232,3738.25
3.083952,3738.5
3.083952,3738.75
3.090346,3739.0
3.077557,3739.25
3.063488,3739.5
3.055815,3739.75
3.048141,3740.0
3.036631,3740.25
3.040468,3740.5
3.034073,3740.75
3.031515,3741.0
3.018726,3741.25
3.02512,3741.5
3.020005,3741.75
3.02512,3742.0
3.022562,3742.25
3.036631,3742.5
3.048141,3742.75
3.077557,3743.0
3.087789,3743.25
3.101857,3743.5
3.09802,3743.75
3.087789,3744.0
3.078836,3744.25
3.072441,3744.5
3.06221,3744.75
3.06221,3745.0
3.063488,3745.25
3.066046,3745.5
3.064768,3745.75
3.082673,3746.0
3.054536,3746.25
3.060931,3746.5
3.048141,3746.75
3.055815,3747.0
3.050699,3747.25
3.040468,3747.5
3.035352,3747.75
3.03791,3748.0
3.031515,3748.25
3.031515,3748.5
3.035352,3748.75
3.035352,3749.0
3.028957,3749.25
3.020005,3749.5
3.014889,3749.75
3.009773,3750.0
2.998262,3750.25
3.012331,3750.5
3.032794,3750.75
3.053257,3751.0
3.054536,3751.25
3.063488,3751.5
3.054536,3751.75
3.051978,3752.0
3.030236,3752.25
3.028957,3752.5
3.016168,3752.75
3.021283,3753.0
3.050699,3753.25
3.103136,3753.5
3.173478,3753.75
3.248935,3754.0
3.284746,3754.25
3.27963,3754.5
3.271956,3754.75
3.271956,3755.0
3.297535,3755.25
3.320556,3755.5
3.329509,3755.75
3.338461,3756.0
3.330788,3756.25
3.31544,3756.5
3.282188,3756.75
3.25533,3757.0
3.233588,3757.25
3.21952,3757.5
3.211846,3757.75
3.21952,3758.0
3.202893,3758.25
3.204172,3758.5
3.202893,3758.75
3.210567,3759.0
3.204172,3759.25
3.201615,3759.5
3.196499,3759.75
3.190104,3760.0
3.181151,3760.25
3.173478,3760.5
3.161967,3760.75
3.160688,3761.0
3.15813,3761.25
3.168362,3761.5
3.173478,3761.75
3.187546,3762.0
3.18243,3762.25
3.178594,3762.5
3.168362,3762.75
3.164525,3763.0
3.140225,3763.25
3.137667,3763.5
3.12232,3763.75
3.124878,3764.0
3.118483,3764.25
3.118483,3764.5
3.138946,3764.75
3.151736,3765.0
3.164525,3765.25
3.172199,3765.5
3.174757,3765.75
3.160688,3766.0
3.142783,3766.25
3.145341,3766.5
3.141504,3766.75
3.140225,3767.0
3.128715,3767.25
3.124878,3767.5
3.12232,3767.75
3.128715,3768.0
3.135109,3768.25
3.138946,3768.5
3.131273,3768.75
3.136388,3769.0
3.160688,3769.25
3.205451,3769.5
3.254051,3769.75
3.288583,3770.0
3.282188,3770.25
3.263004,3770.5
3.247657,3770.75
3.247657,3771.0
3.239983,3771.25
3.218241,3771.5
3.220799,3771.75
3.236146,3772.0
3.251493,3772.25
3.263004,3772.5
3.260446,3772.75
3.256609,3773.0
3.239983,3773.25
3.228472,3773.5
3.209288,3773.75
3.208009,3774.0
3.186267,3774.25
3.186267,3774.5
3.173478,3774.75
3.169641,3775.0
3.160688,3775.25
3.153015,3775.5
3.144062,3775.75
3.147899,3776.0
3.156852,3776.25
3.163246,3776.5
3.156852,3776.75
3.160688,3777.0
3.176036,3777.25
3.193941,3777.5
3.210567,3777.75
3.245099,3778.0
3.275793,3778.25
3.321835,3778.5
3.348693,3778.75
3.369156,3779.0
3.349972,3779.25
3.339741,3779.5
3.333346,3779.75
3.356367,3780.0
3.351251,3780.25
3.35253,3780.5
3.323114,3780.75
3.310325,3781.0
3.280909,3781.25
3.263004,3781.5
3.239983,3781.75
3.222078,3782.0
3.211846,3782.25
3.215683,3782.5
3.211846,3782.75
3.21952,3783.0
3.216962,3783.25
3.210567,3783.5
3.200336,3783.75
3.190104,3784.0
3.202893,3784.25
3.215683,3784.5
3.215683,3784.75
3.21952,3785.0
3.202893,3785.25
3.208009,3785.5
3.216962,3785.75
3.227193,3786.0
3.222078,3786.25
3.241262,3786.5
3.25533,3786.75
3.273235,3787.0
3.260446,3787.25
3.245099,3787.5
3.23103,3787.75
3.24382,3788.0
3.23103,3788.25
3.215683,3788.5
3.215683,3788.75
3.215683,3789.0
3.214404,3789.25
3.202893,3789.5
3.208009,3789.75
3.205451,3790.0
3.20673,3790.25
3.205451,3790.5
3.20673,3790.75
3.213125,3791.0
3.214404,3791.25
3.211846,3791.5
3.211846,3791.75
3.204172,3792.0
3.208009,3792.25
3.202893,3792.5
3.201615,3792.75
3.196499,3793.0
3.202893,3793.25
3.209288,3793.5
3.257888,3793.75
3.294977,3794.0
3.317998,3794.25
3.329509,3794.5
3.32823,3794.75
3.311604,3795.0
3.544371,3795.25
3.570856,3795.5
3.471098,3795.75
3.486446,3796.0
3.504351,3796.25
3.538882,3796.5
3.561903,3796.75
3.584924,3797.0
3.582366,3797.25
3.587482,3797.5
3.588761,3797.75
3.586203,3798.0
3.584924,3798.25
3.568298,3798.5
3.558067,3798.75
3.537603,3799.0
3.528651,3799.25
3.515861,3799.5
3.504351,3799.75
3.497956,3800.0
3.485167,3800.25
3.494119,3800.5
3.49284,3800.75
3.513304,3801.0
3.523535,3801.25
3.536325,3801.5
3.524814,3801.75
3.542719,3802.0
3.527372,3802.25
3.531209,3802.5
3.531209,3802.75
3.568298,3803.0
3.604109,3803.25
3.623293,3803.5
3.633524,3803.75
3.637361,3804.0
3.622014,3804.25
3.609224,3804.5
3.605387,3804.75
3.604109,3805.0
3.592598,3805.25
3.588761,3805.5
3.57853,3805.75
3.577251,3806.0
3.555509,3806.25
3.581088,3806.5
3.595156,3806.75
3.609224,3807.0
3.624572,3807.25
3.636082,3807.5
3.629687,3807.75
3.622014,3808.0
3.609224,3808.25
3.605387,3808.5
3.604109,3808.75
3.601551,3809.0
3.601551,3809.25
3.604109,3809.5
3.616898,3809.75
3.622014,3810.0
3.628408,3810.25
3.618177,3810.5
3.620735,3810.75
3.602829,3811.0
3.602829,3811.25
3.592598,3811.5
3.586203,3811.75
3.582366,3812.0
3.574693,3812.25
3.564461,3812.5
3.558067,3812.75
3.559345,3813.0
3.559345,3813.25
3.551672,3813.5
3.552951,3813.75
3.555509,3814.0
3.551672,3814.25
3.552951,3814.5
3.591319,3814.75
3.62713,3815.0
3.669335,3815.25
3.689798,3815.5
3.712819,3815.75
3.706424,3816.0
3.707703,3816.25
3.688519,3816.5
3.673172,3816.75
3.661661,3817.0
3.643756,3817.25
3.632245,3817.5
3.615619,3817.75
3.595156,3818.0
3.588761,3818.25
3.59004,3818.5
3.584924,3818.75
3.579808,3819.0
3.573414,3819.25
3.569577,3819.5
3.55423,3819.75
3.567019,3820.0
3.567019,3820.25
3.573414,3820.5
3.579808,3820.75
3.591319,3821.0
3.604109,3821.25
3.623293,3821.5
3.624572,3821.75
3.646314,3822.0
3.659103,3822.25
3.67445,3822.5
3.677008,3822.75
3.682124,3823.0
3.671892,3823.25
3.646314,3823.5
3.639919,3823.75
3.688519,3824.0
3.71154,3824.25
3.724329,3824.5
3.737119,3824.75
3.734561,3825.0
3.734561,3825.25
3.766534,3825.5
3.83176,3825.75
3.89315,3826.0
3.908497,3826.25
3.934076,3826.5
3.940471,3826.75
3.921287,3827.0
3.889313,3827.25
3.84455,3827.5
3.829203,3827.75
3.825366,3828.0
3.834318,3828.25
3.850945,3828.5
3.854781,3828.75
3.849666,3829.0
3.835597,3829.25
3.821529,3829.5
3.801066,3829.75
3.779324,3830.0
3.772929,3830.25
3.769092,3830.5
3.794671,3830.75
3.830482,3831.0
3.861176,3831.25
3.873966,3831.5
3.88036,3831.75
3.867571,3832.0
3.858618,3832.25
3.830482,3832.5
3.810019,3832.75
3.785718,3833.0
3.769092,3833.25
3.76014,3833.5
3.767813,3833.75
3.793392,3834.0
3.806182,3834.25
3.813855,3834.5
3.803624,3834.75
3.810019,3835.0
3.797229,3835.25
3.783161,3835.5
3.77165,3835.75
3.767813,3836.0
3.756303,3836.25
3.757582,3836.5
3.770371,3836.75
3.808739,3837.0
3.826645,3837.25
3.848387,3837.5
3.853503,3837.75
3.852224,3838.0
3.826645,3838.25
3.811297,3838.5
3.783161,3838.75
3.776766,3839.0
3.765255,3839.25
3.757582,3839.5
3.743513,3839.75
3.743513,3840.0
3.716655,3840.25
3.724329,3840.5
3.72305,3840.75
3.734561,3841.0
3.732003,3841.25
3.738398,3841.5
3.734561,3841.75
3.757582,3842.0
3.789555,3842.25
3.835597,3842.5
3.865013,3842.75
3.886755,3843.0
3.888034,3843.25
3.876523,3843.5
3.849666,3843.75
3.834318,3844.0
3.810019,3844.25
3.812576,3844.5
3.816413,3844.75
3.826645,3845.0
3.827924,3845.25
3.821529,3845.5
3.806182,3845.75
3.798508,3846.0
3.761419,3846.25
3.763977,3846.5
3.755024,3846.75
3.755024,3847.0
3.746071,3847.25
3.742234,3847.5
3.742234,3847.75
3.73584,3848.0
3.729445,3848.25
3.717934,3848.5
3.72305,3848.75
3.724329,3849.0
3.721771,3849.25
3.715377,3849.5
3.72305,3849.75
3.721771,3850.0
3.716655,3850.25
3.712819,3850.5
3.705145,3850.75
3.696193,3851.0
3.68724,3851.25
3.678287,3851.5
3.685961,3851.75
3.688519,3852.0
3.696193,3852.25
3.697471,3852.5
3.702587,3852.75
3.701308,3853.0
3.697471,3853.25
3.692356,3853.5
3.694913,3853.75
3.685961,3854.0
3.706424,3854.25
3.730724,3854.5
3.755024,3854.75
3.772929,3855.0
3.778045,3855.25
3.778045,3855.5
3.769092,3855.75
3.762697,3856.0
3.748629,3856.25
3.734561,3856.5
3.721771,3856.75
3.720492,3857.0
3.714098,3857.25
3.714098,3857.5
3.728166,3857.75
3.76014,3858.0
3.78444,3858.25
3.801066,3858.5
3.811297,3858.75
3.812576,3859.0
3.79595,3859.25
3.774208,3859.5
3.756303,3859.75
3.746071,3860.0
3.724329,3860.25
3.714098,3860.5
3.69875,3860.75
3.69875,3861.0
3.691077,3861.25
3.707703,3861.5
3.721771,3861.75
3.753745,3862.0
3.755024,3862.25
3.780603,3862.5
3.786998,3862.75
3.780603,3863.0
3.76014,3863.25
3.746071,3863.5
3.726887,3863.75
3.720492,3864.0
3.717934,3864.25
3.716655,3864.5
3.716655,3864.75
3.716655,3865.0
3.721771,3865.25
3.719213,3865.5
3.726887,3865.75
3.751187,3866.0
3.749908,3866.25
3.78444,3866.5
3.790834,3866.75
3.79595,3867.0
3.778045,3867.25
3.763977,3867.5
3.742234,3867.75
3.73584,3868.0
3.716655,3868.25
3.706424,3868.5
3.691077,3868.75
3.683403,3869.0
3.673172,3869.25
3.668056,3869.5
3.661661,3869.75
3.653987,3870.0
3.645035,3870.25
3.643756,3870.5
3.661661,3870.75
3.684682,3871.0
3.69875,3871.25
3.71154,3871.5
3.710261,3871.75
3.71154,3872.0
3.697471,3872.25
3.68724,3872.5
3.671892,3872.75
3.673172,3873.0
3.653987,3873.25
3.666777,3873.5
3.691077,3873.75
3.726887,3874.0
3.748629,3874.25
3.776766,3874.5
3.781882,3874.75
3.772929,3875.0
3.76014,3875.25
3.744792,3875.5
3.733282,3875.75
3.719213,3876.0
3.719213,3876.25
3.71154,3876.5
3.703866,3876.75
3.697471,3877.0
3.694913,3877.25
3.691077,3877.5
3.689798,3877.75
3.678287,3878.0
3.664219,3878.25
3.655266,3878.5
3.642477,3878.75
3.643756,3879.0
3.633524,3879.25
3.633524,3879.5
3.628408,3879.75
3.62713,3880.0
3.620735,3880.25
3.61434,3880.5
3.607945,3880.75
3.609224,3881.0
3.601551,3881.25
3.59004,3881.5
3.595156,3881.75
3.593877,3882.0
3.59004,3882.25
3.588761,3882.5
3.587482,3882.75
3.588761,3883.0
3.583645,3883.25
3.588761,3883.5
3.579808,3883.75
3.577251,3884.0
3.570856,3884.25
3.579808,3884.5
3.57853,3884.75
3.582366,3885.0
3.581088,3885.25
3.573414,3885.5
3.570856,3885.75
3.573414,3886.0
3.563182,3886.25
3.584924,3886.5
3.609224,3886.75
3.602829,3887.0
3.623293,3887.25
3.611782,3887.5
3.61434,3887.75
3.597714,3888.0
3.607945,3888.25
3.610503,3888.5
3.613061,3888.75
3.613061,3889.0
3.606666,3889.25
3.596435,3889.5
3.587482,3889.75
3.596435,3890.0
3.596435,3890.25
3.596435,3890.5
3.596435,3890.75
3.59004,3891.0
3.584924,3891.25
3.583645,3891.5
3.57853,3891.75
3.572135,3892.0
3.570856,3892.25
3.561903,3892.5
3.567019,3892.75
3.558067,3893.0
3.550393,3893.25
3.543998,3893.5
3.536325,3893.75
3.527372,3894.0
3.523535,3894.25
3.522256,3894.5
3.518419,3894.75
3.519698,3895.0
3.508188,3895.25
3.509467,3895.5
3.504351,3895.75
3.490283,3896.0
3.49284,3896.25
3.506909,3896.5
3.490283,3896.75
3.489004,3897.0
3.482609,3897.25
3.480051,3897.5
3.48133,3897.75
3.473656,3898.0
3.483888,3898.25
3.489004,3898.5
3.50563,3898.75
3.506909,3899.0
3.508188,3899.25
3.501793,3899.5
3.499235,3899.75
3.49284,3900.0
3.483888,3900.25
3.471098,3900.5
3.460867,3900.75
3.45703,3901.0
3.454472,3901.25
3.450635,3901.5
3.449356,3901.75
3.448077,3902.0
3.444241,3902.25
3.441683,3902.5
3.437846,3902.75
3.436567,3903.0
3.43273,3903.25
3.425056,3903.5
3.43273,3903.75
3.434009,3904.0
3.434009,3904.25
3.430172,3904.5
3.426335,3904.75
3.422498,3905.0
3.416104,3905.25
3.416104,3905.5
3.416104,3905.75
3.41994,3906.0
3.396919,3906.25
3.416104,3906.5
3.414825,3906.75
3.412267,3907.0
3.400756,3907.25
3.410988,3907.5
3.409709,3907.75
3.434009,3908.0
3.442961,3908.25
3.451914,3908.5
3.454472,3908.75
3.454472,3909.0
3.41994,3909.25
3.515861,3909.5
3.542719,3909.75
3.540161,3910.0
3.543998,3910.25
3.531209,3910.5
3.51714,3910.75
3.537603,3911.0
3.533767,3911.25
3.55423,3911.5
3.55423,3911.75
3.563182,3912.0
3.550393,3912.25
3.540161,3912.5
3.523535,3912.75
3.512025,3913.0
3.497956,3913.25
3.487725,3913.5
3.476214,3913.75
3.473656,3914.0
3.474935,3914.25
3.465982,3914.5
3.465982,3914.75
3.459588,3915.0
3.460867,3915.25
3.45703,3915.5
3.464704,3915.75
3.471098,3916.0
3.483888,3916.25
3.499235,3916.5
3.518419,3916.75
3.522256,3917.0
3.52993,3917.25
3.537603,3917.5
3.538882,3917.75
3.536325,3918.0
3.532488,3918.25
3.526093,3918.5
3.523535,3918.75
3.51714,3919.0
3.510746,3919.25
3.497956,3919.5
3.495398,3919.75
3.476214,3920.0
3.478772,3920.25
3.465982,3920.5
3.465982,3920.75
3.459588,3921.0
3.482609,3921.25
3.514582,3921.5
3.542719,3921.75
3.545277,3922.0
3.564461,3922.25
3.584924,3922.5
3.561903,3922.75
3.551672,3923.0
3.591319,3923.25
3.613061,3923.5
3.646314,3923.75
3.682124,3924.0
3.706424,3924.25
3.703866,3924.5
3.68724,3924.75
3.665498,3925.0
3.643756,3925.25
3.623293,3925.5
3.609224,3925.75
3.602829,3926.0
3.568298,3926.25
3.564461,3926.5
3.549114,3926.75
3.54144,3927.0
3.524814,3927.25
3.513304,3927.5
3.509467,3927.75
3.509467,3928.0
3.504351,3928.25
3.508188,3928.5
3.500514,3928.75
3.503072,3929.0
3.50563,3929.25
3.51714,3929.5
3.524814,3929.75
3.535046,3930.0
3.532488,3930.25
3.523535,3930.5
3.513304,3930.75
3.494119,3931.0
3.485167,3931.25
3.472377,3931.5
3.465982,3931.75
3.449356,3932.0
3.455751,3932.25
3.441683,3932.5
3.436567,3932.75
3.437846,3933.0
3.441683,3933.25
3.442961,3933.5
3.450635,3933.75
3.458309,3934.0
3.459588,3934.25
3.451914,3934.5
3.449356,3934.75
3.441683,3935.0
3.437846,3935.25
3.41994,3935.5
3.414825,3935.75
3.405872,3936.0
3.407151,3936.25
3.395641,3936.5
3.400756,3936.75
3.402035,3937.0
3.395641,3937.25
3.399477,3937.5
3.396919,3937.75
3.395641,3938.0
3.393083,3938.25
3.385409,3938.5
3.377735,3938.75
3.375178,3939.0
3.362388,3939.25
3.355993,3939.5
3.349599,3939.75
3.352157,3940.0
3.345762,3940.25
3.343204,3940.5
3.329136,3940.75
3.321462,3941.0
3.315067,3941.25
3.304836,3941.5
3.297162,3941.75
3.288209,3942.0
3.306115,3942.25
3.307394,3942.5
3.367504,3942.75
3.350878,3943.0
3.350878,3943.25
3.385409,3943.5
3.435288,3943.75
3.459588,3944.0
3.489004,3944.25
3.499235,3944.5
3.495398,3944.75
3.485167,3945.0
3.464704,3945.25
3.463425,3945.5
3.453193,3945.75
3.45703,3946.0
3.427614,3946.25
3.440404,3946.5
3.442961,3946.75
3.445519,3947.0
3.431451,3947.25
3.425056,3947.5
3.423777,3947.75
3.422498,3948.0
3.42122,3948.25
3.425056,3948.5
3.405872,3948.75
3.409709,3949.0
3.413546,3949.25
3.42122,3949.5
3.418662,3949.75
3.407151,3950.0
3.404593,3950.25
3.414825,3950.5
3.42122,3950.75
3.43273,3951.0
3.437846,3951.25
3.440404,3951.5
3.450635,3951.75
3.458309,3952.0
3.464704,3952.25
3.469819,3952.5
3.476214,3952.75
3.46854,3953.0
3.482609,3953.25
3.46854,3953.5
3.476214,3953.75
3.478772,3954.0
3.485167,3954.25
3.504351,3954.5
3.52993,3954.75
3.55423,3955.0
3.568298,3955.25
3.572135,3955.5
3.560624,3955.75
3.559345,3956.0
3.549114,3956.25
3.542719,3956.5
3.536325,3956.75
3.524814,3957.0
3.51714,3957.25
3.499235,3957.5
3.518419,3957.75
3.503072,3958.0
3.503072,3958.25
3.504351,3958.5
3.513304,3958.75
3.518419,3959.0
3.520977,3959.25
3.51714,3959.5
3.514582,3959.75
3.510746,3960.0
3.51714,3960.25
3.52993,3960.5
3.549114,3960.75
3.567019,3961.0
3.574693,3961.25
3.577251,3961.5
3.579808,3961.75
3.561903,3962.0
3.551672,3962.25
3.52993,3962.5
3.514582,3962.75
3.500514,3963.0
3.496677,3963.25
3.491561,3963.5
3.491561,3963.75
3.483888,3964.0
3.483888,3964.25
3.48133,3964.5
3.491561,3964.75
3.489004,3965.0
3.497956,3965.25
3.483888,3965.5
3.487725,3965.75
3.477493,3966.0
3.449356,3966.25
3.450635,3966.5
3.445519,3966.75
3.472377,3967.0
3.510746,3967.25
3.549114,3967.5
3.579808,3967.75
3.600272,3968.0
3.61434,3968.25
3.607945,3968.5
3.601551,3968.75
3.592598,3969.0
3.605387,3969.25
3.611782,3969.5
3.636082,3969.75
3.629687,3970.0
3.624572,3970.25
3.61434,3970.5
3.598993,3970.75
3.581088,3971.0
3.560624,3971.25
3.542719,3971.5
3.545277,3971.75
3.538882,3972.0
3.528651,3972.25
3.524814,3972.5
3.514582,3972.75
3.50563,3973.0
3.496677,3973.25
3.486446,3973.5
3.48133,3973.75
3.487725,3974.0
3.494119,3974.25
3.495398,3974.5
3.491561,3974.75
3.478772,3975.0
3.471098,3975.25
3.469819,3975.5
3.458309,3975.75
3.460867,3976.0
3.459588,3976.25
3.460867,3976.5
3.459588,3976.75
3.464704,3977.0
3.455751,3977.25
3.455751,3977.5
3.449356,3977.75
3.471098,3978.0
3.464704,3978.25
3.472377,3978.5
3.467262,3978.75
3.478772,3979.0
3.478772,3979.25
3.490283,3979.5
3.50563,3979.75
3.515861,3980.0
3.503072,3980.25
3.504351,3980.5
3.494119,3980.75
3.490283,3981.0
3.478772,3981.25
3.460867,3981.5
3.43273,3981.75
3.423777,3982.0
3.403314,3982.25
3.391804,3982.5
3.37262,3982.75
3.363667,3983.0
3.326578,3983.25
3.293325,3983.5
3.280536,3983.75
3.25112,3984.0
3.237052,3984.25
3.197404,3984.5
3.174383,3984.75
3.183336,3985.0
3.242167,3985.25
3.297162,3985.5
3.352157,3985.75
3.353436,3986.0
3.343204,3986.25
3.35983,3986.5
3.371341,3986.75
3.395641,3987.0
3.417383,3987.25
3.428893,3987.5
3.45703,3987.75
3.471098,3988.0
3.477493,3988.25
3.467262,3988.5
3.477493,3988.75
3.532488,3989.0
3.575972,3989.25
3.605387,3989.5
3.613061,3989.75
3.624572,3990.0
3.62585,3990.25
3.633524,3990.5
3.646314,3990.75
3.646314,3991.0
3.666777,3991.25
3.661661,3991.5
3.66294,3991.75
3.656545,3992.0
3.646314,3992.25
3.652708,3992.5
3.666777,3992.75
3.68724,3993.0
3.701308,3993.25
3.708982,3993.5
3.707703,3993.75
3.69875,3994.0
3.684682,3994.25
3.678287,3994.5
3.67445,3994.75
3.668056,3995.0
3.655266,3995.25
3.647593,3995.5
3.648871,3995.75
3.641198,3996.0
3.628408,3996.25
3.619456,3996.5
3.604109,3996.75
3.598993,3997.0
3.591319,3997.25
3.588761,3997.5
3.588761,3997.75
3.587482,3998.0
3.577251,3998.25
3.577251,3998.5
3.550393,3998.75
3.549114,3999.0
3.556787,3999.25
3.575972,3999.5
3.573414,3999.75
3.572135,4000.0
3.569577,4000.25
3.573414,4000.5
3.569577,4000.75
3.567019,4001.0
3.572135,4001.25
3.556787,4001.5
3.552951,4001.75
3.537603,4002.0
3.52993,4002.25
3.526093,4002.5
3.55423,4002.75
3.57853,4003.0
3.630966,4003.25
3.660382,4003.5
3.683403,4003.75
3.68724,4004.0
3.692356,4004.25
3.689798,4004.5
3.668056,4004.75
3.642477,4005.0
3.618177,4005.25
3.611782,4005.5
3.604109,4005.75
3.607945,4006.0
3.575972,4006.25
3.577251,4006.5
3.567019,4006.75
3.564461,4007.0
3.56574,4007.25
3.559345,4007.5
3.55423,4007.75
3.551672,4008.0
3.556787,4008.25
3.556787,4008.5
3.552951,4008.75
3.559345,4009.0
3.552951,4009.25
3.55423,4009.5
3.547835,4009.75
3.559345,4010.0
3.552951,4010.25
3.561903,4010.5
3.560624,4010.75
3.606666,4011.0
3.650151,4011.25
3.703866,4011.5
3.746071,4011.75
3.766534,4012.0
3.776766,4012.25
3.770371,4012.5
3.753745,4012.75
3.730724,4013.0
3.708982,4013.25
3.682124,4013.5
3.666777,4013.75
3.653987,4014.0
3.641198,4014.25
3.628408,4014.5
3.62713,4014.75
3.616898,4015.0
3.615619,4015.25
3.622014,4015.5
3.622014,4015.75
3.62585,4016.0
3.642477,4016.25
3.636082,4016.5
3.622014,4016.75
3.605387,4017.0
3.609224,4017.25
3.61434,4017.5
3.632245,4017.75
3.63864,4018.0
3.659103,4018.25
3.661661,4018.5
3.661661,4018.75
3.651429,4019.0
3.645035,4019.25
3.633524,4019.5
3.622014,4019.75
3.598993,4020.0
3.581088,4020.25
3.558067,4020.5
3.50563,4020.75
3.464704,4021.0
3.444241,4021.25
3.448077,4021.5
3.49284,4021.75
3.490283,4022.0
3.485167,4022.25
3.487725,4022.5
3.489004,4022.75
3.495398,4023.0
3.489004,4023.25
3.491561,4023.5
3.49284,4023.75
3.496677,4024.0
3.489004,4024.25
3.491561,4024.5
3.496677,4024.75
3.504351,4025.0
3.497956,4025.25
3.500514,4025.5
3.496677,4025.75
3.500514,4026.0
3.467262,4026.25
3.48133,4026.5
3.473656,4026.75
3.487725,4027.0
3.476214,4027.25
3.499235,4027.5
3.532488,4027.75
3.600272,4028.0
3.609224,4028.25
3.746071,4028.5
3.826645,4028.75
3.960934,4029.0
3.970033,4029.25
3.921433,4029.5
3.929107,4029.75
3.940618,4030.0
3.943175,4030.25
3.931665,4030.5
3.921433,4030.75
3.907365,4031.0
3.899691,4031.25
3.879228,4031.5
3.858765,4031.75
3.839581,4032.0
3.831907,4032.25
3.831907,4032.5
3.837023,4032.75
3.842139,4033.0
3.835744,4033.25
3.82807,4033.5
3.82935,4033.75
3.833186,4034.0
3.848534,4034.25
3.858765,4034.5
3.894576,4034.75
3.906086,4035.0
3.899691,4035.25
3.954686,4035.5
4.035259,4035.75
4.053164,4036.0
4.054443,4036.25
4.044212,4036.5
4.049328,4036.75
4.026307,4037.0
4.008401,4037.25
3.991775,4037.5
3.961081,4037.75
3.944454,4038.0
3.911202,4038.25
3.903528,4038.5
3.908644,4038.75
3.904807,4039.0
3.898412,4039.25
3.894576,4039.5
3.884344,4039.75
3.883065,4040.0
3.903528,4040.25
3.907365,4040.5
3.902249,4040.75
3.880507,4041.0
3.884344,4041.25
3.90097,4041.5
3.918875,4041.75
3.940618,4042.0
3.955965,4042.25
3.976428,4042.5
3.976428,4042.75
3.970033,4043.0
3.939339,4043.25
3.923991,4043.5
3.90097,4043.75
3.918875,4044.0
3.921433,4044.25
3.94957,4044.5
3.954686,4044.75
3.982823,4045.0
3.972591,4045.25
3.964917,4045.5
3.94957,4045.75
3.948291,4046.0
3.894576,4046.25
3.883065,4046.5
3.863881,4046.75
3.866439,4047.0
3.853649,4047.25
3.86516,4047.5
3.868997,4047.75
3.88946,4048.0
3.888181,4048.25
3.894576,4048.5
3.88946,4048.75
3.893296,4049.0
3.870275,4049.25
3.872833,4049.5
3.862602,4049.75
3.867718,4050.0
3.857486,4050.25
3.856207,4050.5
3.849813,4050.75
3.858765,4051.0
3.854928,4051.25
3.849813,4051.5
3.844697,4051.75
3.843418,4052.0
3.842139,4052.25
3.842139,4052.5
3.849813,4052.75
3.899691,4053.0
3.940618,4053.25
3.985381,4053.5
4.002007,4053.75
4.014796,4054.0
4.002007,4054.25
3.982823,4054.5
3.950849,4054.75
3.935502,4055.0
3.911202,4055.25
3.892018,4055.5
3.881786,4055.75
3.880507,4056.0
3.879228,4056.25
3.883065,4056.5
3.885623,4056.75
3.884344,4057.0
3.881786,4057.25
3.875391,4057.5
3.879228,4057.75
3.879228,4058.0
3.898412,4058.25
3.915039,4058.5
3.944454,4058.75
3.966196,4059.0
3.980265,4059.25
3.989217,4059.5
3.995612,4059.75
3.999449,4060.0
3.99817,4060.25
4.000728,4060.5
3.999449,4060.75
3.984102,4061.0
3.975149,4061.25
3.957244,4061.5
3.945733,4061.75
3.929107,4062.0
3.921433,4062.25
3.907365,4062.5
3.903528,4062.75
3.898412,4063.0
3.903528,4063.25
3.917597,4063.5
3.984102,4063.75
4.063396,4064.0
4.129901,4064.25
4.164433,4064.5
4.175943,4064.75
4.16827,4065.0
4.141412,4065.25
4.114554,4065.5
4.086417,4065.75
4.08258,4066.0
4.045491,4066.25
4.049328,4066.5
4.03398,4066.75
4.025028,4067.0
4.00968,4067.25
4.014796,4067.5
4.031423,4067.75
4.057002,4068.0
4.063396,4068.25
4.069791,4068.5
4.065954,4068.75
4.07107,4069.0
4.062117,4069.25
4.055722,4069.5
4.040375,4069.75
4.03398,4070.0
4.014796,4070.25
3.98666,4070.5
3.898412,4070.75
3.88946,4071.0
3.899691,4071.25
3.907365,4071.5
3.892018,4071.75
3.931665,4072.0
3.952128,4072.25
3.940618,4072.5
3.92527,4072.75
3.917597,4073.0
3.918875,4073.25
3.927828,4073.5
3.926549,4073.75
3.932944,4074.0
3.948291,4074.25
3.961081,4074.5
3.977707,4074.75
4.008401,4075.0
4.035259,4075.25
4.059559,4075.5
4.104322,4075.75
4.160596,4076.0
4.216869,4076.25
4.246285,4076.5
4.242448,4076.75
4.234775,4077.0
4.206638,4077.25
4.170827,4077.5
4.145248,4077.75
4.117112,4078.0
4.100485,4078.25
4.077465,4078.5
4.064675,4078.75
4.054443,4079.0
4.057002,4079.25
4.053164,4079.5
4.063396,4079.75
4.067233,4080.0
4.054443,4080.25
4.050607,4080.5
4.04677,4080.75
4.041654,4081.0
4.04677,4081.25
4.048049,4081.5
4.041654,4081.75
4.039096,4082.0
4.023749,4082.25
4.02247,4082.5
4.021191,4082.75
4.021191,4083.0
4.016075,4083.25
4.02247,4083.5
4.023749,4083.75
4.039096,4084.0
4.042933,4084.25
4.044212,4084.5
4.039096,4084.75
4.032701,4085.0
4.027586,4085.25
4.035259,4085.5
4.030144,4085.75
4.049328,4086.0
4.026307,4086.25
4.05828,4086.5
4.051886,4086.75
4.055722,4087.0
4.037817,4087.25
4.030144,4087.5
4.01096,4087.75
4.018633,4088.0
4.01096,4088.25
4.027586,4088.5
4.054443,4088.75
4.090254,4089.0
4.103044,4089.25
4.109438,4089.5
4.120949,4089.75
4.119669,4090.0
4.110717,4090.25
4.091533,4090.5
4.085138,4090.75
4.065954,4091.0
4.036538,4091.25
4.014796,4091.5
4.014796,4091.75
4.028865,4092.0
4.027586,4092.25
4.012239,4092.5
4.007123,4092.75
4.019912,4093.0
4.012239,4093.25
4.021191,4093.5
4.021191,4093.75
4.02247,4094.0
4.031423,4094.25
4.042933,4094.5
4.035259,4094.75
4.041654,4095.0
4.072349,4095.25
4.110717,4095.5
4.169549,4095.75
4.224543,4096.0
4.285933,4096.25
4.330695,4096.5
4.34988,4096.75
4.352437,4097.0
4.340927,4097.25
4.310232,4097.5
4.289769,4097.75
4.253959,4098.0
4.233496,4098.25
4.214312,4098.5
4.213033,4098.75
4.289769,4099.0
4.412548,4099.25
4.573695,4099.5
4.721962,4099.75
4.721962,4100.0
4.720683,4100.25
4.738588,4100.5
4.696383,4100.75
4.633715,4101.0
4.629878,4101.25
4.64011,4101.5
4.629878,4101.75
4.592789,4102.0
4.564652,4102.25
4.505821,4102.5
4.467452,4102.75
4.427805,4103.0
4.394553,4103.25
4.351068,4103.5
4.284564,4103.75
4.230848,4104.0
4.198874,4104.25
4.200153,4104.5
4.20399,4104.75
4.220616,4105.0
4.214221,4105.25
4.207827,4105.5
4.237242,4105.75
4.257706,4106.0
4.229569,4106.25
4.246195,4106.5
4.229569,4106.75
4.22829,4107.0
4.220616,4107.25
4.207827,4107.5
4.193758,4107.75
4.182248,4108.0
4.165622,4108.25
4.169458,4108.5
4.189921,4108.75
4.214221,4109.0
4.182248,4109.25
4.17969,4109.5
4.172016,4109.75
4.201432,4110.0
4.197595,4110.25
4.174574,4110.5
4.164342,4110.75
4.161785,4111.0
4.169458,4111.25
4.17969,4111.5
4.17969,4111.75
4.152832,4112.0
4.137485,4112.25
4.110627,4112.5
4.111906,4112.75
4.111906,4113.0
4.120859,4113.25
4.1183,4113.5
4.078653,4113.75
4.026217,4114.0
4.028775,4114.25
4.031332,4114.5
4.04668,4114.75
4.047959,4115.0
4.040285,4115.25
4.03389,4115.5
4.031332,4115.75
4.03389,4116.0
4.03389,4116.25
4.045401,4116.5
4.065864,4116.75
4.08249,4117.0
4.090164,4117.25
4.097837,4117.5
4.1183,4117.75
4.10679,4118.0
4.102953,4118.25
4.085048,4118.5
4.076096,4118.75
4.085048,4119.0
4.068422,4119.25
4.060748,4119.5
4.050517,4119.75
4.039006,4120.0
4.019822,4120.25
4.013427,4120.5
4.003196,4120.75
4.015985,4121.0
4.001917,4121.25
4.004475,4121.5
3.99808,4121.75
4.005754,4122.0
3.99808,4122.25
3.995522,4122.5
3.991685,4122.75
3.990406,4123.0
3.991685,4123.25
4.013427,4123.5
4.051795,4123.75
4.100395,4124.0
4.140043,4124.25
4.156669,4124.5
4.183527,4124.75
4.198874,4125.0
4.201432,4125.25
4.161785,4125.5
4.148995,4125.75
4.137485,4126.0
4.09528,4126.25
4.109348,4126.5
4.113185,4126.75
4.110627,4127.0
4.105511,4127.25
4.096559,4127.5
4.09528,4127.75
4.073537,4128.0
4.062027,4128.25
4.027495,4128.5
4.040285,4128.75
4.028775,4129.0
4.040285,4129.25
4.039006,4129.5
4.037727,4129.75
4.049238,4130.0
4.059469,4130.25
4.074817,4130.5
4.08249,4130.75
4.08249,4131.0
4.077374,4131.25
4.067143,4131.5
4.042843,4131.75
4.045401,4132.0
4.032611,4132.25
4.028775,4132.5
4.019822,4132.75
4.02238,4133.0
4.013427,4133.25
4.02238,4133.5
4.026217,4133.75
4.037727,4134.0
4.041564,4134.25
4.07098,4134.5
4.055633,4134.75
4.044122,4135.0
4.018543,4135.25
4.028775,4135.5
4.045401,4135.75
4.081211,4136.0
4.125974,4136.25
4.186085,4136.5
4.1912,4136.75
4.210384,4137.0
4.189921,4137.25
4.196316,4137.5
4.182248,4137.75
4.16818,4138.0
4.146437,4138.25
4.141322,4138.5
4.148995,4138.75
4.160506,4139.0
4.169458,4139.25
4.169458,4139.5
4.13109,4139.75
4.099116,4140.0
4.091443,4140.25
4.079932,4140.5
4.109348,4140.75
4.1183,4141.0
4.125974,4141.25
4.11958,4141.5
4.117022,4141.75
4.148995,4142.0
4.156669,4142.25
4.145158,4142.5
4.138764,4142.75
4.15539,4143.0
4.193758,4143.25
4.202711,4143.5
4.202711,4143.75
4.212943,4144.0
4.197595,4144.25
4.142601,4144.5
4.137485,4144.75
4.132369,4145.0
4.122138,4145.25
4.105511,4145.5
4.102953,4145.75
4.085048,4146.0
4.053074,4146.25
4.056911,4146.5
4.039006,4146.75
4.03389,4147.0
4.017264,4147.25
4.009591,4147.5
4.003196,4147.75
4.009591,4148.0
4.003196,4148.25
4.069701,4148.5
4.054353,4148.75
4.02238,4149.0
4.028775,4149.25
4.051795,4149.5
4.055633,4149.75
4.064585,4150.0
4.053074,4150.25
4.054353,4150.5
4.045401,4150.75
4.028775,4151.0
4.024938,4151.25
4.014706,4151.5
4.000638,4151.75
3.899601,4152.0
3.994333,4152.25
4.136296,4152.5
4.126064,4152.75
4.119669,4153.0
4.108159,4153.25
4.099206,4153.5
4.115833,4153.75
4.159317,4154.0
4.206638,4154.25
4.256516,4154.5
4.305117,4154.75
4.266748,4155.0
4.255238,4155.25
4.245006,4155.5
4.265469,4155.75
4.308953,4156.0
4.398479,4156.25
4.461148,4156.5
4.558257,4156.75
4.637552,4157.0
4.68871,4157.25
4.669525,4157.5
4.613252,4157.75
4.51861,4158.0
4.490473,4158.25
4.436758,4158.5
4.377926,4158.75
4.345953,4159.0
4.339558,4159.25
4.340837,4159.5
4.316537,4159.75
4.27689,4160.0
4.275611,4160.25
4.283284,4160.5
4.279448,4160.75
4.282005,4161.0
4.271774,4161.25
4.266658,4161.5
4.262821,4161.75
4.265379,4162.0
4.271774,4162.25
4.275611,4162.5
4.270495,4162.75
4.285842,4163.0
4.287121,4163.25
4.289679,4163.5
4.290958,4163.75
4.290958,4164.0
4.293516,4164.25
4.310142,4164.5
4.345953,4164.75
4.394553,4165.0
4.425247,4165.25
4.399668,4165.5
4.383042,4165.75
4.368974,4166.0
4.322932,4166.25
4.3127,4166.5
4.311421,4166.75
4.301189,4167.0
4.280726,4167.25
4.260263,4167.5
4.2641,4167.75
4.253869,4168.0
4.260263,4168.25
4.256426,4168.5
4.261542,4168.75
4.243637,4169.0
4.227011,4169.25
4.225732,4169.5
4.221895,4169.75
4.232127,4170.0
4.219337,4170.25
4.227011,4170.5
4.224453,4170.75
4.223174,4171.0
4.220616,4171.25
4.219337,4171.5
4.223174,4171.75
4.229569,4172.0
4.248753,4172.25
4.260263,4172.5
4.262821,4172.75
4.253869,4173.0
4.265379,4173.25
4.266658,4173.5
4.266658,4173.75
4.267937,4174.0
4.261542,4174.25
4.266658,4174.5
4.265379,4174.75
4.237242,4175.0
4.229569,4175.25
4.235963,4175.5
4.25259,4175.75
4.302468,4176.0
4.337,4176.25
4.37281,4176.5
4.400947,4176.75
4.44571,4177.0
4.475126,4177.25
4.49431,4177.5
4.499426,4177.75
4.495589,4178.0
4.468731,4178.25
4.441874,4178.5
4.418852,4178.75
4.403505,4179.0
4.37281,4179.25
4.3613,4179.5
4.343395,4179.75
4.344674,4180.0
4.335721,4180.25
4.320374,4180.5
4.3127,4180.75
4.285842,4181.0
4.274332,4181.25
4.284564,4181.5
4.275611,4181.75
4.256426,4182.0
4.244916,4182.25
4.235963,4182.5
4.235963,4182.75
4.225732,4183.0
4.224453,4183.25
4.220616,4183.5
4.216779,4183.75
4.206548,4184.0
4.224453,4184.25
4.220616,4184.5
4.244916,4184.75
4.250032,4185.0
4.260263,4185.25
4.269216,4185.5
4.2884,4185.75
4.302468,4186.0
4.292237,4186.25
4.308863,4186.5
4.319095,4186.75
4.319095,4187.0
4.310142,4187.25
4.302468,4187.5
4.287121,4187.75
4.297353,4188.0
4.299911,4188.25
4.296074,4188.5
4.302468,4188.75
4.303748,4189.0
4.298632,4189.25
4.289679,4189.5
4.287121,4189.75
4.287121,4190.0
4.274332,4190.25
4.273053,4190.5
4.265379,4190.75
4.271774,4191.0
4.267937,4191.25
4.280726,4191.5
4.287121,4191.75
4.303748,4192.0
4.290958,4192.25
4.293516,4192.5
4.27689,4192.75
4.284564,4193.0
4.278169,4193.25
4.292237,4193.5
4.282005,4193.75
4.269216,4194.0
4.293516,4194.25
4.354905,4194.5
4.394553,4194.75
4.404784,4195.0
4.417573,4195.25
4.400947,4195.5
4.389437,4195.75
4.376647,4196.0
4.362579,4196.25
4.335721,4196.5
4.324211,4196.75
4.308863,4197.0
4.306305,4197.25
4.303748,4197.5
4.301189,4197.75
4.308863,4198.0
4.302468,4198.25
4.301189,4198.5
4.294795,4198.75
4.293516,4199.0
4.321653,4199.25
4.353626,4199.5
4.356184,4199.75
4.374089,4200.0
4.3856,4200.25
4.347231,4200.5
4.315258,4200.75
4.306305,4201.0
4.282005,4201.25
4.275611,4201.5
4.287121,4201.75
4.311421,4202.0
4.317816,4202.25
4.342116,4202.5
4.335721,4202.75
4.34851,4203.0
4.328047,4203.25
4.328047,4203.5
4.311421,4203.75
4.319095,4204.0
4.326768,4204.25
4.335721,4204.5
4.338279,4204.75
4.335721,4205.0
4.340837,4205.25
4.335721,4205.5
4.333163,4205.75
4.311421,4206.0
4.283284,4206.25
4.294795,4206.5
4.293516,4206.75
4.294795,4207.0
4.287121,4207.25
4.275611,4207.5
4.283284,4207.75
4.302468,4208.0
4.316537,4208.25
4.322932,4208.5
4.321653,4208.75
4.317816,4209.0
4.307584,4209.25
4.289679,4209.5
4.2884,4209.75
4.275611,4210.0
4.266658,4210.25
4.2641,4210.5
4.260263,4210.75
4.267937,4211.0
4.275611,4211.25
4.267937,4211.5
4.273053,4211.75
4.2641,4212.0
4.253869,4212.25
4.253869,4212.5
4.2398,4212.75
4.234684,4213.0
4.223174,4213.25
4.225732,4213.5
4.212943,4213.75
4.220616,4214.0
4.207827,4214.25
4.205269,4214.5
4.195037,4214.75
4.188643,4215.0
4.175853,4215.25
4.201432,4215.5
4.172016,4215.75
4.157948,4216.0
4.125974,4216.25
4.09528,4216.5
4.094001,4216.75
4.161785,4217.0
4.209105,4217.25
4.227011,4217.5
4.243637,4217.75
4.242358,4218.0
4.248753,4218.25
4.22829,4218.5
4.192479,4218.75
4.200153,4219.0
4.218058,4219.25
4.235963,4219.5
4.271774,4219.75
4.292237,4220.0
4.273053,4220.25
4.269216,4220.5
4.317816,4220.75
4.402226,4221.0
4.452105,4221.25
4.499426,4221.5
4.517331,4221.75
4.513494,4222.0
4.478963,4222.25
4.461058,4222.5
4.444431,4222.75
4.44571,4223.0
4.429084,4223.25
4.412457,4223.5
4.400947,4223.75
4.388158,4224.0
4.391994,4224.25
4.404784,4224.5
4.395832,4224.75
4.389437,4225.0
4.374089,4225.25
4.371531,4225.5
4.362579,4225.75
4.354905,4226.0
4.317816,4226.25
4.319095,4226.5
4.315258,4226.75
4.315258,4227.0
4.311421,4227.25
4.294795,4227.5
4.293516,4227.75
4.285842,4228.0
4.294795,4228.25
4.279448,4228.5
4.283284,4228.75
4.273053,4229.0
4.260263,4229.25
4.260263,4229.5
4.261542,4229.75
4.25259,4230.0
4.25259,4230.25
4.2398,4230.5
4.234684,4230.75
4.2398,4231.0
4.242358,4231.25
4.2398,4231.5
4.235963,4231.75
4.22829,4232.0
4.247474,4232.25
4.256426,4232.5
4.2641,4232.75
4.269216,4233.0
4.269216,4233.25
4.256426,4233.5
4.261542,4233.75
4.274332,4234.0
4.269216,4234.25
4.2641,4234.5
4.2641,4234.75
4.258985,4235.0
4.250032,4235.25
4.250032,4235.5
4.248753,4235.75
4.256426,4236.0
4.251311,4236.25
4.262821,4236.5
4.255147,4236.75
4.265379,4237.0
4.251311,4237.25
4.256426,4237.5
4.242358,4237.75
4.247474,4238.0
4.247474,4238.25
4.250032,4238.5
4.248753,4238.75
4.251311,4239.0
4.234684,4239.25
4.230848,4239.5
4.232127,4239.75
4.237242,4240.0
4.232127,4240.25
4.225732,4240.5
4.233406,4240.75
4.241079,4241.0
4.243637,4241.25
4.246195,4241.5
4.235963,4241.75
4.235963,4242.0
4.225732,4242.25
4.221895,4242.5
4.221895,4242.75
4.227011,4243.0
4.237242,4243.25
4.253869,4243.5
4.282005,4243.75
4.298632,4244.0
4.313979,4244.25
4.305027,4244.5
4.316537,4244.75
4.305027,4245.0
4.307584,4245.25
4.296074,4245.5
4.298632,4245.75
4.315258,4246.0
4.315258,4246.25
4.374089,4246.5
4.423968,4246.75
4.461058,4247.0
4.481521,4247.25
4.499426,4247.5
4.461058,4247.75
4.453384,4248.0
4.430363,4248.25
4.408621,4248.5
4.383042,4248.75
4.360021,4249.0
4.356184,4249.25
4.340837,4249.5
4.329326,4249.75
4.298632,4250.0
4.2884,4250.25
4.284564,4250.5
4.285842,4250.75
4.292237,4251.0
4.296074,4251.25
4.296074,4251.5
4.2884,4251.75
4.2884,4252.0
4.27689,4252.25
4.279448,4252.5
4.270495,4252.75
4.293516,4253.0
4.294795,4253.25
4.302468,4253.5
4.296074,4253.75
4.302468,4254.0
4.2884,4254.25
4.289679,4254.5
4.275611,4254.75
4.270495,4255.0
4.260263,4255.25
4.258985,4255.5
4.265379,4255.75
4.269216,4256.0
4.25259,4256.25
4.251311,4256.5
4.237242,4256.75
4.242358,4257.0
4.224453,4257.25
4.227011,4257.5
4.22829,4257.75
4.235963,4258.0
4.220616,4258.25
4.22829,4258.5
4.224453,4258.75
4.234684,4259.0
4.246195,4259.25
4.258985,4259.5
4.262821,4259.75
4.269216,4260.0
4.265379,4260.25
4.255147,4260.5
4.247474,4260.75
4.241079,4261.0
4.232127,4261.25
4.224453,4261.5
4.219337,4261.75
4.214221,4262.0
4.209105,4262.25
4.198874,4262.5
4.205269,4262.75
4.223174,4263.0
4.2398,4263.25
4.257706,4263.5
4.262821,4263.75
4.273053,4264.0
4.267937,4264.25
4.260263,4264.5
4.243637,4264.75
4.225732,4265.0
4.212943,4265.25
4.197595,4265.5
4.150274,4265.75
4.212943,4266.0
4.292237,4266.25
4.280726,4266.5
4.248753,4266.75
4.120859,4267.0
4.124695,4267.25
4.1183,4267.5
4.141322,4267.75
4.151553,4268.0
4.219337,4268.25
4.427805,4268.5
4.3127,4268.75
4.25259,4269.0
4.247474,4269.25
4.229569,4269.5
4.227011,4269.75
4.223174,4270.0
4.223174,4270.25
4.2155,4270.5
4.212943,4270.75
4.200153,4271.0
4.195037,4271.25
4.184806,4271.5
4.189921,4271.75
4.197595,4272.0
4.207827,4272.25
4.198874,4272.5
4.201432,4272.75
4.200153,4273.0
4.180969,4273.25
4.182248,4273.5
4.132369,4273.75
4.175853,4274.0
4.145158,4274.25
4.127253,4274.5
4.133648,4274.75
4.150274,4275.0
4.138764,4275.25
4.120859,4275.5
4.123416,4275.75
4.133648,4276.0
4.125974,4276.25
4.123416,4276.5
4.09528,4276.75
4.092722,4277.0
4.101675,4277.25
4.094001,4277.5
4.096559,4277.75
4.085048,4278.0
4.056911,4278.25
4.037727,4278.5
4.03389,4278.75
4.021101,4279.0
4.019822,4279.25
3.946922,4279.5
3.522403,4279.75
4.021191,4280.0
4.049328,4280.25
4.069791,4280.5
4.008401,4280.75
4.008401,4281.0
4.076186,4281.25
4.076186,4281.5
4.062117,4281.75
4.059559,4282.0
4.065954,4282.25
4.118391,4282.5
4.140133,4282.75
3.94957,4283.0
3.867718,4283.25
3.640066,4283.5
4.086417,4283.75
4.035259,4284.0
3.99817,4284.25
3.964917,4284.5
3.932944,4284.75
3.883065,4285.0
3.888181,4285.25
3.893296,4285.5
3.868997,4285.75
3.875391,4286.0
3.845976,4286.25
3.845976,4286.5
3.839581,4286.75
3.830628,4287.0
3.82935,4287.25
3.821676,4287.5
3.805049,4287.75
3.807607,4288.0
3.801213,4288.25
3.785865,4288.5
3.778192,4288.75
3.765402,4289.0
3.770518,4289.25
3.766681,4289.5
3.76796,4289.75
3.774355,4290.0
3.789702,4290.25
3.783307,4290.5
3.776913,4290.75
3.771797,4291.0
3.75645,4291.25
3.752613,4291.5
3.748776,4291.75
3.739823,4292.0
3.733429,4292.25
3.748776,4292.5
3.760286,4292.75
3.753892,4293.0
3.755171,4293.25
3.750055,4293.5
3.757729,4293.75
3.75645,4294.0
3.75645,4294.25
3.750055,4294.5
3.75645,4294.75
3.761565,4295.0
3.752613,4295.25
3.748776,4295.5
3.74366,4295.75
3.728313,4296.0
3.720639,4296.25
3.712965,4296.5
3.698897,4296.75
3.71936,4297.0
3.718081,4297.25
3.710408,4297.5
3.704013,4297.75
3.705292,4298.0
3.701455,4298.25
3.698897,4298.5
3.689945,4298.75
3.687387,4299.0
3.679713,4299.25
3.664366,4299.5
3.663087,4299.75
3.655413,4300.0
3.655413,4300.25
3.679713,4300.5
3.705292,4300.75
3.693781,4301.0
3.682271,4301.25
3.688666,4301.5
3.686108,4301.75
3.682271,4302.0
3.668202,4302.25
3.678434,4302.5
3.675876,4302.75
3.691223,4303.0
3.704013,4303.25
3.723197,4303.5
3.730871,4303.75
3.747497,4304.0
3.760286,4304.25
3.755171,4304.5
3.741102,4304.75
3.730871,4305.0
3.735986,4305.25
3.727034,4305.5
3.724476,4305.75
3.728313,4306.0
3.701455,4306.25
3.71936,4306.5
3.704013,4306.75
3.710408,4307.0
3.696339,4307.25
3.696339,4307.5
3.677155,4307.75
3.687387,4308.0
3.669482,4308.25
3.672039,4308.5
3.660529,4308.75
3.686108,4309.0
3.716802,4309.25
3.759007,4309.5
3.784586,4309.75
3.797376,4310.0
3.787144,4310.25
3.775634,4310.5
3.764123,4310.75
3.742381,4311.0
3.704013,4311.25
3.712965,4311.5
3.704013,4311.75
3.698897,4312.0
3.688666,4312.25
3.682271,4312.5
3.682271,4312.75
3.680992,4313.0
3.675876,4313.25
3.678434,4313.5
3.680992,4313.75
3.686108,4314.0
3.711687,4314.25
3.714244,4314.5
3.705292,4314.75
3.70785,4315.0
3.712965,4315.25
3.720639,4315.5
3.721918,4315.75
3.701455,4316.0
3.696339,4316.25
3.675876,4316.5
3.674597,4316.75
3.664366,4317.0
3.656692,4317.25
3.646461,4317.5
3.651576,4317.75
3.649018,4318.0
3.649018,4318.25
3.642624,4318.5
3.637508,4318.75
3.641345,4319.0
3.636229,4319.25
3.632392,4319.5
3.631113,4319.75
3.619603,4320.0
3.638787,4320.25
3.629834,4320.5
3.627276,4320.75
3.620882,4321.0
3.642624,4321.25
3.651576,4321.5
3.673318,4321.75
3.675876,4322.0
3.692502,4322.25
3.698897,4322.5
3.706571,4322.75
3.700176,4323.0
3.701455,4323.25
3.70785,4323.5
3.706571,4323.75
3.69506,4324.0
3.682271,4324.25
3.675876,4324.5
3.668202,4324.75
3.666924,4325.0
3.65925,4325.25
3.651576,4325.5
3.646461,4325.75
3.649018,4326.0
3.617045,4326.25
3.62344,4326.5
3.628555,4326.75
3.647739,4327.0
3.655413,4327.25
3.656692,4327.5
3.677155,4327.75
3.680992,4328.0
3.673318,4328.25
3.67076,4328.5
3.664366,4328.75
3.672039,4329.0
3.664366,4329.25
3.655413,4329.5
3.663087,4329.75
3.691223,4330.0
3.677155,4330.25
3.692502,4330.5
3.69506,4330.75
3.693781,4331.0
3.688666,4331.25
3.689945,4331.5
3.696339,4331.75
3.686108,4332.0
3.686108,4332.25
3.679713,4332.5
3.70785,4332.75
3.729592,4333.0
3.748776,4333.25
3.761565,4333.5
3.757729,4333.75
3.751334,4334.0
3.73215,4334.25
3.727034,4334.5
3.730871,4334.75
3.724476,4335.0
3.720639,4335.25
3.730871,4335.5
3.727034,4335.75
3.730871,4336.0
3.750055,4336.25
3.753892,4336.5
3.760286,4336.75
3.764123,4337.0
3.778192,4337.25
3.771797,4337.5
3.774355,4337.75
3.753892,4338.0
3.762844,4338.25
3.765402,4338.5
3.794818,4338.75
3.808886,4339.0
3.81656,4339.25
3.811444,4339.5
3.826792,4339.75
3.822955,4340.0
3.815281,4340.25
3.812723,4340.5
3.805049,4340.75
3.790981,4341.0
3.794818,4341.25
3.796097,4341.5
3.806329,4341.75
3.787144,4342.0
3.805049,4342.25
3.771797,4342.5
3.788423,4342.75
3.78075,4343.0
3.794818,4343.25
3.785865,4343.5
3.784586,4343.75
3.789702,4344.0
3.78075,4344.25
3.797376,4344.5
3.799934,4344.75
3.790981,4345.0
3.784586,4345.25
3.773076,4345.5
3.762844,4345.75
3.753892,4346.0
3.725755,4346.25
3.750055,4346.5
3.733429,4346.75
3.737265,4347.0
3.729592,4347.25
3.723197,4347.5
3.714244,4347.75
3.714244,4348.0
3.711687,4348.25
3.70785,4348.5
3.697618,4348.75
3.696339,4349.0
3.701455,4349.25
3.698897,4349.5
3.702734,4349.75
3.70785,4350.0
3.698897,4350.25
3.693781,4350.5
3.701455,4350.75
3.698897,4351.0
3.697618,4351.25
3.702734,4351.5
3.689945,4351.75
3.696339,4352.0
3.73215,4352.25
3.729592,4352.5
3.716802,4352.75
3.73215,4353.0
3.729592,4353.25
3.705292,4353.5
3.718081,4353.75
3.70785,4354.0
3.698897,4354.25
3.684829,4354.5
3.689945,4354.75
3.689945,4355.0
3.682271,4355.25
3.668202,4355.5
3.668202,4355.75
3.669482,4356.0
3.677155,4356.25
3.702734,4356.5
3.710408,4356.75
3.704013,4357.0
3.689945,4357.25
3.673318,4357.5
3.666924,4357.75
3.68355,4358.0
3.688666,4358.25
3.680992,4358.5
3.702734,4358.75
3.741102,4359.0
3.752613,4359.25
3.753892,4359.5
3.748776,4359.75
3.74366,4360.0
3.729592,4360.25
3.711687,4360.5
3.701455,4360.75
3.697618,4361.0
3.71936,4361.25
3.724476,4361.5
3.692502,4361.75
3.628555,4362.0
3.618324,4362.25
3.63495,4362.5
3.632392,4362.75
3.655413,4363.0
3.660529,4363.25
3.673318,4363.5
3.698897,4363.75
3.724476,4364.0
3.75645,4364.25
3.76796,4364.5
3.757729,4364.75
3.755171,4365.0
3.730871,4365.25
3.71936,4365.5
3.701455,4365.75
3.69506,4366.0
3.698897,4366.25
3.712965,4366.5
3.697618,4366.75
3.693781,4367.0
3.734708,4367.25
3.770518,4367.5
3.776913,4367.75
3.76796,4368.0
3.75645,4368.25
3.764123,4368.5
3.759007,4368.75
3.75645,4369.0
3.752613,4369.25
3.734708,4369.5
3.733429,4369.75
3.727034,4370.0
3.728313,4370.25
3.721918,4370.5
3.682271,4370.75
3.73215,4371.0
3.73215,4371.25
3.619603,4371.5
3.602976,4371.75
3.582513,4372.0
3.58635,4372.25
3.572282,4372.5
3.573561,4372.75
3.560771,4373.0
3.555655,4373.25
3.551819,4373.5
3.55054,4373.75
3.547982,4374.0
3.546703,4374.25
3.542866,4374.5
3.540308,4374.75
3.524961,4375.0
3.536471,4375.25
3.531356,4375.5
3.531356,4375.75
3.527519,4376.0
3.532634,4376.25
3.521124,4376.5
3.518566,4376.75
3.509614,4377.0
3.50194,4377.25
3.498103,4377.5
3.494266,4377.75
3.494266,4378.0
3.486593,4378.25
3.484035,4378.5
3.485313,4378.75
3.48915,4379.0
3.487871,4379.25
3.495545,4379.5
3.487871,4379.75
3.491708,4380.0
3.487871,4380.25
3.485313,4380.5
3.480198,4380.75
3.475082,4381.0
3.468687,4381.25
3.474935,4381.5
3.46854,4381.75
3.45703,4382.0
3.458309,4382.25
3.453193,4382.5
3.445519,4382.75
3.445519,4383.0
3.437846,4383.25
3.436567,4383.5
3.43273,4383.75
3.434009,4384.0
3.425056,4384.25
3.430172,4384.5
3.417383,4384.75
3.428893,4385.0
3.414825,4385.25
3.416104,4385.5
3.409709,4385.75
3.414825,4386.0
3.395641,4386.25
3.402035,4386.5
3.399477,4386.75
3.400756,4387.0
3.390525,4387.25
3.382851,4387.5
3.38413,4387.75
3.386688,4388.0
3.379014,4388.25
3.375178,4388.5
3.361109,4388.75
3.37262,4389.0
3.355993,4389.25
3.362388,4389.5
3.364946,4389.75
3.410988,4390.0
3.312509,4390.25
3.283094,4390.5
3.410988,4390.75
3.363667,4391.0
3.552951,4391.25
2.8879,4391.5
2.782121,4391.75
2.48029,4392.0
2.368717,4392.25
3.105389,4392.5
3.578903,4392.75
3.657824,4393.0
3.743513,4393.25
3.746071,4393.5
3.744792,4393.75
3.726887,4394.0
3.712819,4394.25
3.71154,4394.5
3.685961,4394.75
3.67445,4395.0
3.666777,4395.25
3.668056,4395.5
3.657824,4395.75
3.657824,4396.0
3.652708,4396.25
3.642477,4396.5
3.639919,4396.75
3.636082,4397.0
3.633524,4397.25
3.624572,4397.5
3.62713,4397.75
3.615619,4398.0
3.615619,4398.25
3.598993,4398.5
3.604109,4398.75
3.593877,4399.0
3.584924,4399.25
3.572135,4399.5
3.573414,4399.75
3.574693,4400.0
3.582366,4400.25
3.586203,4400.5
3.577251,4400.75
3.574693,4401.0
3.563182,4401.25
3.561903,4401.5
3.555509,4401.75
3.549114,4402.0
3.543998,4402.25
3.543998,4402.5
3.439125,4402.75
3.417383,4403.0
3.405872,4403.25
3.398199,4403.5
3.379014,4403.75
3.363667,4404.0
3.373899,4404.25
3.40843,4404.5
3.407151,4404.75
3.428893,4405.0
3.42122,4405.25
3.418662,4405.5
3.40843,4405.75
3.414825,4406.0
3.385409,4406.25
3.393083,4406.5
3.376456,4406.75
3.398199,4407.0
3.399477,4407.25
3.398199,4407.5
3.42122,4407.75
3.428893,4408.0
3.426335,4408.25
3.426335,4408.5
3.425056,4408.75
3.417383,4409.0
3.417383,4409.25
3.407151,4409.5
3.414825,4409.75
3.40843,4410.0
3.410988,4410.25
3.398199,4410.5
3.393083,4410.75
3.391804,4411.0
3.402035,4411.25
3.393083,4411.5
3.389246,4411.75
3.381572,4412.0
3.376456,4412.25
3.380293,4412.5
3.379014,4412.75
3.371341,4413.0
3.389246,4413.25
3.379014,4413.5
3.423777,4413.75
3.416104,4414.0
3.41994,4414.25
3.42122,4414.5
3.41994,4414.75
3.416104,4415.0
3.425056,4415.25
3.434009,4415.5
3.440404,4415.75
3.448077,4416.0
3.431451,4416.25
3.465982,4416.5
3.500514,4416.75
3.503072,4417.0
3.500514,4417.25
3.494119,4417.5
3.473656,4417.75
3.482609,4418.0
3.478772,4418.25
3.49284,4418.5
3.50563,4418.75
3.512025,4419.0
3.497956,4419.25
3.49284,4419.5
3.49284,4419.75
3.48133,4420.0
3.480051,4420.25
3.473656,4420.5
3.480051,4420.75
3.472377,4421.0
3.473656,4421.25
3.464704,4421.5
3.465982,4421.75
3.460867,4422.0
3.467262,4422.25
3.465982,4422.5
3.472377,4422.75
3.473656,4423.0
3.465982,4423.25
3.46854,4423.5
3.472377,4423.75
3.464704,4424.0
3.464704,4424.25
3.460867,4424.5
3.463425,4424.75
3.465982,4425.0
3.462146,4425.25
3.449356,4425.5
3.459588,4425.75
3.451914,4426.0
3.426335,4426.25
3.45703,4426.5
3.463425,4426.75
3.469819,4427.0
3.490283,4427.25
3.473656,4427.5
3.465982,4427.75
3.464704,4428.0
3.445519,4428.25
3.440404,4428.5
3.43273,4428.75
3.435288,4429.0
3.430172,4429.25
3.43273,4429.5
3.425056,4429.75
3.434009,4430.0
3.425056,4430.25
3.426335,4430.5
3.423777,4430.75
3.418662,4431.0
3.410988,4431.25
3.40843,4431.5
3.409709,4431.75
3.410988,4432.0
3.404593,4432.25
3.426335,4432.5
3.425056,4432.75
3.428893,4433.0
3.41994,4433.25
3.425056,4433.5
3.414825,4433.75
3.41994,4434.0
3.403314,4434.25
3.412267,4434.5
3.403314,4434.75
3.409709,4435.0
3.400756,4435.25
3.400756,4435.5
3.398199,4435.75
3.402035,4436.0
3.393083,4436.25
3.400756,4436.5
3.389246,4436.75
3.327857,4437.0
3.185894,4437.25
3.222983,4437.5
3.330415,4437.75
3.334251,4438.0
3.344483,4438.25
3.292046,4438.5
2.916037,4438.75
3.197778,4439.0
3.286025,4439.25
3.27963,4439.5
3.298814,4439.75
3.342298,4440.0
3.007215,4440.25
2.775726,4440.5
2.725847,4440.75
2.950942,4441.0
2.381812,4441.25
2.293259,4441.5
2.267681,4441.75
2.198617,4442.0
2.23187,4442.25
2.313723,4442.5
2.378949,4442.75
2.414759,4443.0
2.46208,4443.25
2.500448,4443.5
2.500448,4443.75
2.587416,4444.0
2.889247,4444.25
2.932731,4444.5
2.963426,4444.75
2.968847,4445.0
2.975241,4445.25
2.971405,4445.5
2.971405,4445.75
2.968847,4446.0
2.947105,4446.25
2.954778,4446.5
2.95222,4446.75
2.949663,4447.0
2.94071,4447.25
2.926642,4447.5
2.930478,4447.75
2.985473,4448.0
3.135109,4448.25
3.25533,4448.5
3.24382,4448.75
3.190104,4449.0
3.153015,4449.25
3.138946,4449.5
3.159409,4449.75
3.196499,4450.0
3.220799,4450.25
3.234867,4450.5
3.26812,4450.75
3.283467,4451.0
3.292419,4451.25
3.283467,4451.5
3.284746,4451.75
3.25533,4452.0
3.199057,4452.25
3.15813,4452.5
3.126157,4452.75
3.083952,4453.0
3.03791,4453.25
3.026399,4453.5
3.419035,4453.75
3.389619,4454.0
3.066046,4454.25
3.044304,4454.5
3.016168,4454.75
2.980357,4455.0
2.971405,4455.25
2.993147,4455.5
2.972684,4455.75
2.938152,4456.0
2.981636,4456.25
2.970126,4456.5
2.962452,4456.75
2.968847,4457.0
2.959894,4457.25
2.950942,4457.5
2.944547,4457.75
2.924084,4458.0
2.922805,4458.25
2.918968,4458.5
2.915131,4458.75
2.906178,4459.0
2.908736,4459.25
2.9049,4459.5
2.906178,4459.75
2.920247,4460.0
2.925363,4460.25
2.933036,4460.5
2.936873,4460.75
2.941989,4461.0
2.934315,4461.25
2.930478,4461.5
2.915131,4461.75
2.913852,4462.0
2.9049,4462.25
2.897226,4462.5
2.885715,4462.75
2.881879,4463.0
2.866531,4463.25
2.858858,4463.5
2.852463,4463.75
2.846068,4464.0
2.830721,4464.25
2.816653,4464.5
2.810258,4464.75
2.800026,4465.0
2.793632,4465.25
2.788516,4465.5
2.780842,4465.75
2.775726,4466.0
2.753984,4466.25
2.762937,4466.5
2.756542,4466.75
2.755263,4467.0
2.743753,4467.25
2.745032,4467.5
2.737358,4467.75
2.738637,4468.0
2.728405,4468.25
2.727126,4468.5
2.716895,4468.75
2.716895,4469.0
2.711779,4469.25
2.707942,4469.5
2.704105,4469.75
2.705384,4470.0
2.704105,4470.25
2.701547,4470.5
2.69899,4470.75
2.695153,4471.0
2.688758,4471.25
2.682363,4471.5
2.67469,4471.75
2.673411,4472.0
2.660621,4472.25
2.649111,4472.5
2.618416,4472.75
2.614579,4473.0
2.60179,4473.25
2.615858,4473.5
2.610743,4473.75
2.606906,4474.0
2.606906,4474.25
2.603069,4474.5
2.609463,4474.75
2.604348,4475.0
2.603069,4475.25
2.592837,4475.5
2.592837,4475.75
2.583885,4476.0
2.582606,4476.25
2.573653,4476.5
2.573653,4476.75
2.565979,4477.0
2.563421,4477.25
2.564701,4477.5
2.562143,4477.75
2.555748,4478.0
2.549353,4478.25
2.537843,4478.5
2.535285,4478.75
2.526332,4479.0
2.523774,4479.25
2.521216,4479.5
2.525053,4479.75
2.526332,4480.0
2.522495,4480.25
2.516101,4480.5
2.509706,4480.75
2.50459,4481.0
2.50459,4481.25
2.499474,4481.5
2.494359,4481.75
2.491801,4482.0
2.485406,4482.25
2.481569,4482.5
2.494054,4482.75
2.499169,4483.0
2.492775,4483.25
2.495332,4483.5
2.485101,4483.75
2.488938,4484.0
2.479985,4484.25
2.478706,4484.5
2.472311,4484.75
2.472311,4485.0
2.464638,4485.25
2.460801,4485.5
2.460801,4485.75
2.454406,4486.0
2.435222,4486.25
2.433943,4486.5
2.441617,4486.75
2.441617,4487.0
2.440338,4487.25
2.441617,4487.5
2.439059,4487.75
2.435222,4488.0
2.431385,4488.25
2.430106,4488.5
2.424991,4488.75
2.417317,4489.0
2.412201,4489.25
2.409643,4489.5
2.408364,4489.75
2.405807,4490.0
2.394296,4490.25
2.396854,4490.5
2.394296,4490.75
2.390459,4491.0
2.390459,4491.25
2.387901,4491.5
2.390459,4491.75
2.384064,4492.0
2.391738,4492.25
2.387901,4492.5
2.395575,4492.75
2.398133,4493.0
2.396854,4493.25
2.404527,4493.5
2.396854,4493.75
2.393017,4494.0
2.394296,4494.25
2.391738,4494.5
2.390459,4494.75
2.390459,4495.0
2.38918,4495.25
2.385343,4495.5
2.384064,4495.75
2.380228,4496.0
2.376391,4496.25
2.371275,4496.5
2.368717,4496.75
2.355928,4497.0
2.362322,4497.25
2.346975,4497.5
2.354649,4497.75
2.344417,4498.0
2.345696,4498.25
2.32907,4498.5
2.334186,4498.75
2.321396,4499.0
2.327791,4499.25
2.326512,4499.5
2.322675,4499.75
2.320117,4500.0
2.315001,4500.25
2.317559,4500.5
2.31628,4500.75
2.317559,4501.0
2.31628,4501.25
2.312443,4501.5
2.311165,4501.75
2.309886,4502.0
2.307328,4502.25
2.30477,4502.5
2.299654,4502.75
2.294538,4503.0
2.293259,4503.25
2.288144,4503.5
2.284307,4503.75
2.288144,4504.0
2.288144,4504.25
2.288144,4504.5
2.290702,4504.75
2.293259,4505.0
2.294538,4505.25
2.295817,4505.5
2.290702,4505.75
2.291981,4506.0
2.275354,4506.25
2.283028,4506.5
2.279191,4506.75
2.279191,4507.0
2.275354,4507.25
2.272796,4507.5
2.274075,4507.75
2.274075,4508.0
2.270238,4508.25
2.26896,4508.5
2.265123,4508.75
2.263844,4509.0
2.261286,4509.25
2.258728,4509.5
2.252333,4509.75
2.253612,4510.0
2.245939,4510.25
2.245939,4510.5
2.238265,4510.75
2.240823,4511.0
2.229312,4511.25
2.23187,4511.5
2.226754,4511.75
2.233149,4512.0
2.224196,4512.25
2.235707,4512.5
2.229312,4512.75
2.238265,4513.0
2.242102,4513.25
2.238265,4513.5
2.235707,4513.75
2.23187,4514.0
2.229312,4514.25
2.217802,4514.5
2.221639,4514.75
2.217802,4515.0
2.213965,4515.25
2.208849,4515.5
2.208849,4515.75
2.206291,4516.0
2.205012,4516.25
2.205012,4516.5
2.203733,4516.75
2.20757,4517.0
2.205012,4517.25
2.20757,4517.5
2.20757,4517.75
2.206291,4518.0
2.20757,4518.25
2.203733,4518.5
2.203733,4518.75
2.203733,4519.0
2.197339,4519.25
2.190944,4519.5
2.192223,4519.75
2.187107,4520.0
2.190944,4520.25
2.185828,4520.5
2.184549,4520.75
2.181991,4521.0
2.178154,4521.25
2.175596,4521.5
2.173039,4521.75
2.173039,4522.0
2.167923,4522.25
2.166644,4522.5
2.164086,4522.75
2.162807,4523.0
2.161528,4523.25
2.160249,4523.5
2.157691,4523.75
2.14746,4524.0
2.155133,4524.25
2.150018,4524.5
2.148739,4524.75
2.143623,4525.0
2.144902,4525.25
2.138507,4525.5
2.138507,4525.75
2.128276,4526.0
2.12316,4526.25
2.128276,4526.5
2.126997,4526.75
2.129555,4527.0
2.126997,4527.25
2.124439,4527.5
2.12316,4527.75
2.12316,4528.0
2.12316,4528.25
2.120602,4528.5
2.119323,4528.75
2.12316,4529.0
2.121881,4529.25
2.125718,4529.5
2.129555,4529.75
2.130834,4530.0
2.130834,4530.25
2.129555,4530.5
2.130834,4530.75
2.126997,4531.0
2.124439,4531.25
2.120602,4531.5
2.115486,4531.75
2.116765,4532.0
2.11037,4532.25
2.109092,4532.5
2.103976,4532.75
2.103976,4533.0
2.096302,4533.25
2.097581,4533.5
2.092465,4533.75
2.093744,4534.0
2.088628,4534.25
2.089907,4534.5
2.084792,4534.75
2.087349,4535.0
2.084792,4535.25
2.082234,4535.5
2.078397,4535.75
2.079676,4536.0
2.079676,4536.25
2.075839,4536.5
2.068165,4536.75
2.075839,4537.0
2.065607,4537.25
2.072002,4537.5
2.069444,4537.75
2.070723,4538.0
2.068165,4538.25
2.069444,4538.5
2.061771,4538.75
2.06305,4539.0
2.060492,4539.25
2.060492,4539.5
2.057934,4539.75
2.056655,4540.0
2.054097,4540.25
2.052818,4540.5
2.052818,4540.75
2.048981,4541.0
2.047702,4541.25
2.041307,4541.5
2.043865,4541.75
2.041307,4542.0
2.041307,4542.25
2.034913,4542.5
2.036192,4542.75
2.041307,4543.0
2.057934,4543.25
2.047702,4543.5
2.046423,4543.75
2.041307,4544.0
2.048981,4544.25
2.047702,4544.5
2.027239,4544.75
2.027239,4545.0
2.033634,4545.25
2.040029,4545.5
2.043865,4545.75
2.052818,4546.0
2.045144,4546.25
2.051539,4546.5
2.056655,4546.75
2.055376,4547.0
2.064328,4547.25
2.106534,4547.5
2.112928,4547.75
2.101418,4548.0
2.125718,4548.25
2.142344,4548.5
2.14746,4548.75
2.150018,4549.0
2.150018,4549.25
2.152575,4549.5
2.150018,4549.75
2.157691,4550.0
2.152575,4550.25
2.15897,4550.5
2.164086,4550.75
2.179433,4551.0
2.141065,4551.25
2.124439,4551.5
2.129555,4551.75
2.133391,4552.0
2.133391,4552.25
2.174318,4552.5
2.132113,4552.75
2.065607,4553.0
2.01445,4553.25
2.017008,4553.5
1.951781,4553.75
1.925444,4554.0
1.995786,4554.25
2.009854,4554.5
2.020086,4554.75
2.036712,4555.0
2.009854,4555.25
2.008575,4555.5
2.037991,4555.75
2.046943,4556.0
2.043107,4556.25
2.034154,4556.5
1.995786,4556.75
2.00218,4557.0
2.022643,4557.25
2.043107,4557.5
2.055896,4557.75
2.064848,4558.0
2.069964,4558.25
2.071243,4558.5
2.054617,4558.75
2.044385,4559.0
2.107054,4559.25
2.201695,4559.5
1.832081,4559.75
2.094264,4560.0
2.052059,4560.25
1.924165,4560.5
1.731044,4560.75
1.754065,4561.0
1.873007,4561.25
2.07508,4561.5
2.086591,4561.75
2.082754,4562.0
2.062291,4562.25
2.066128,4562.5
2.057175,4562.75
2.057175,4563.0
2.05078,4563.25
1.949744,4563.5
1.948465,4563.75
2.067406,4564.0
2.092985,4564.25
2.059733,4564.5
2.048222,4564.75
2.030317,4565.0
2.029038,4565.25
2.027759,4565.5
2.035433,4565.75
2.031596,4566.0
2.012412,4566.25
2.004738,4566.5
2.011133,4566.75
2.022643,4567.0
2.021364,4567.25
1.999622,4567.5
1.999622,4567.75
2.025201,4568.0
2.043107,4568.25
2.041827,4568.5
2.035433,4568.75
2.018806,4569.0
2.011133,4569.25
2.000901,4569.5
1.994507,4569.75
1.976601,4570.0
1.968928,4570.25
1.968928,4570.5
1.962533,4570.75
1.956138,4571.0
1.939512,4571.25
1.930559,4571.5
1.925444,4571.75
1.925444,4572.0
1.919049,4572.25
1.915212,4572.5
1.915212,4572.75
1.926723,4573.0
1.920328,4573.25
1.916491,4573.5
1.915212,4573.75
1.919049,4574.0
1.931838,4574.25
1.939512,4574.5
1.958696,4574.75
1.957417,4575.0
1.958696,4575.25
1.956138,4575.5
1.954859,4575.75
1.959975,4576.0
1.954859,4576.25
1.954859,4576.5
1.944628,4576.75
1.916491,4577.0
1.89347,4577.25
1.884517,4577.5
1.871728,4577.75
1.874286,4578.0
1.883239,4578.25
1.931838,4578.5
1.94207,4578.75
1.940791,4579.0
1.939512,4579.25
1.935675,4579.5
1.933117,4579.75
1.925444,4580.0
1.911375,4580.25
1.874286,4580.5
1.867891,4580.75
1.851265,4581.0
1.842312,4581.25
1.841033,4581.5
1.843591,4581.75
1.846149,4582.0
1.843591,4582.25
1.842312,4582.5
1.834639,4582.75
1.834639,4583.0
1.835918,4583.25
1.83336,4583.5
1.835918,4583.75
1.832081,4584.0
1.834639,4584.25
1.826965,4584.5
1.828244,4584.75
1.823128,4585.0
1.83336,4585.25
1.841033,4585.5
1.847428,4585.75
1.84487,4586.0
1.853823,4586.25
1.865333,4586.5
1.870449,4586.75
1.867891,4587.0
1.871728,4587.25
1.871728,4587.5
1.870449,4587.75
1.865333,4588.0
1.858939,4588.25
1.862775,4588.5
1.864054,4588.75
1.866612,4589.0
1.871728,4589.25
1.870449,4589.5
1.871728,4589.75
1.867891,4590.0
1.867891,4590.25
1.862775,4590.5
1.858939,4590.75
1.849986,4591.0
1.847428,4591.25
1.84487,4591.5
1.84487,4591.75
1.84487,4592.0
1.847428,4592.25
1.847428,4592.5
1.858939,4592.75
1.862775,4593.0
1.862775,4593.25
1.860218,4593.5
1.855102,4593.75
1.85766,4594.0
1.856381,4594.25
1.860218,4594.5
1.864054,4594.75
1.870449,4595.0
1.871728,4595.25
1.871728,4595.5
1.875565,4595.75
1.878123,4596.0
1.874286,4596.25
1.884517,4596.5
1.884517,4596.75
1.89347,4597.0
1.885796,4597.25
1.892191,4597.5
1.892191,4597.75
1.892191,4598.0
1.884517,4598.25
1.887075,4598.5
1.885796,4598.75
1.888354,4599.0
1.880681,4599.25
1.887075,4599.5
1.884517,4599.75
1.888354,4600.0
1.883239,4600.25
1.884517,4600.5
1.883239,4600.75
1.887075,4601.0
1.885796,4601.25
1.883239,4601.5
1.876844,4601.75
1.876844,4602.0
1.875565,4602.25
1.875565,4602.5
1.873007,4602.75
1.878123,4603.0
1.873007,4603.25
1.871728,4603.5
1.870449,4603.75
1.874286,4604.0
1.86917,4604.25
1.86917,4604.5
1.865333,4604.75
1.871728,4605.0
1.862775,4605.25
1.865333,4605.5
1.865333,4605.75
1.86917,4606.0
1.855102,4606.25
1.862775,4606.5
1.865333,4606.75
1.867891,4607.0
1.866612,4607.25
1.866612,4607.5
1.873007,4607.75
1.880681,4608.0
1.879402,4608.25
1.878123,4608.5
1.876844,4608.75
1.880681,4609.0
1.876844,4609.25
1.879402,4609.5
1.866612,4609.75
1.876844,4610.0
1.866612,4610.25
1.878123,4610.5
1.86917,4610.75
1.879402,4611.0
1.879402,4611.25
1.879402,4611.5
1.878123,4611.75
1.875565,4612.0
1.876844,4612.25
1.874286,4612.5
1.870449,4612.75
1.866612,4613.0
1.865333,4613.25
1.853823,4613.5
1.852544,4613.75
1.847428,4614.0
1.84487,4614.25
1.848707,4614.5
1.851265,4614.75
1.856381,4615.0
1.856381,4615.25
1.855102,4615.5
1.848707,4615.75
1.852544,4616.0
1.848707,4616.25
1.855102,4616.5
1.852544,4616.75
1.842312,4617.0
1.841033,4617.25
1.838475,4617.5
1.846149,4617.75
1.849986,4618.0
1.851265,4618.25
1.847428,4618.5
1.851265,4618.75
1.851265,4619.0
1.848707,4619.25
1.848707,4619.5
1.84487,4619.75
1.839754,4620.0
1.838475,4620.25
1.839754,4620.5
1.842312,4620.75
1.846149,4621.0
1.842312,4621.25
1.846149,4621.5
1.847428,4621.75
1.856381,4622.0
1.866612,4622.25
1.870449,4622.5
1.871728,4622.75
1.86917,4623.0
1.866612,4623.25
1.862775,4623.5
1.856381,4623.75
1.849986,4624.0
1.849986,4624.25
1.843591,4624.5
1.84487,4624.75
1.834639,4625.0
1.830802,4625.25
1.826965,4625.5
1.824407,4625.75
1.819291,4626.0
1.807781,4626.25
1.812897,4626.5
1.811618,4626.75
1.814175,4627.0
1.814175,4627.25
1.812897,4627.5
1.812897,4627.75
1.811618,4628.0
1.80906,4628.25
1.805223,4628.5
1.806502,4628.75
1.805223,4629.0
1.806502,4629.25
1.801386,4629.5
1.806502,4629.75
1.805223,4630.0
1.805223,4630.25
1.801386,4630.5
1.802665,4630.75
1.798828,4631.0
1.798828,4631.25
1.79627,4631.5
1.798828,4631.75
1.79627,4632.0
1.789876,4632.25
1.789876,4632.5
1.789876,4632.75
1.791155,4633.0
1.794991,4633.25
1.794991,4633.5
1.797549,4633.75
1.789876,4634.0
1.789876,4634.25
1.754065,4634.5
1.731044,4634.75
1.710581,4635.0
1.708023,4635.25
1.710581,4635.5
1.706744,4635.75
1.710581,4636.0
1.718255,4636.25
1.719534,4636.5
1.722092,4636.75
1.731044,4637.0
1.742555,4637.25
1.74767,4637.5
1.739997,4637.75
1.742555,4638.0
1.73616,4638.25
1.739997,4638.5
1.742555,4638.75
1.746392,4639.0
1.739997,4639.25
1.737439,4639.5
1.737439,4639.75
1.737439,4640.0
1.733602,4640.25
1.733602,4640.5
1.732323,4640.75
1.733602,4641.0
1.728486,4641.25
1.729765,4641.5
1.727207,4641.75
1.731044,4642.0
1.729765,4642.25
1.734881,4642.5
1.718255,4642.75
1.723371,4643.0
1.719534,4643.25
1.723371,4643.5
1.720813,4643.75
1.722092,4644.0
1.722092,4644.25
1.714418,4644.5
1.697792,4644.75
1.713139,4645.0
1.724649,4645.25
1.719534,4645.5
1.716976,4645.75
1.715697,4646.0
1.714418,4646.25
1.723371,4646.5
1.729765,4646.75
1.743834,4647.0
1.757902,4647.25
1.766855,4647.5
1.74767,4647.75
1.728486,4648.0
1.710581,4648.25
1.690118,4648.5
1.679886,4648.75
1.673492,4649.0
1.664539,4649.25
1.653029,4649.5
1.647913,4649.75
1.645355,4650.0
1.644076,4650.25
1.640239,4650.5
1.641518,4650.75
1.636402,4651.0
1.633844,4651.25
1.640239,4651.5
1.665818,4651.75
1.664539,4652.0
1.646634,4652.25
1.632565,4652.5
1.635123,4652.75
1.637681,4653.0
1.644076,4653.25
1.644076,4653.5
1.640239,4653.75
1.628729,4654.0
1.641518,4654.25
1.665818,4654.5
1.650471,4654.75
1.635123,4655.0
1.621055,4655.25
1.610824,4655.5
1.608266,4655.75
1.612102,4656.0
1.630008,4656.25
1.637681,4656.5
1.633844,4656.75
1.637681,4657.0
1.644076,4657.25
1.636402,4657.5
1.646634,4657.75
1.645355,4658.0
1.645355,4658.25
1.645355,4658.5
1.668376,4658.75
1.665818,4659.0
1.658144,4659.25
1.65175,4659.5
1.645355,4659.75
1.642797,4660.0
1.640239,4660.25
1.601871,4660.5
1.57885,4660.75
1.572455,4661.0
1.558387,4661.25
1.557108,4661.5
1.562224,4661.75
1.577571,4662.0
1.59036,4662.25
1.609545,4662.5
1.631287,4662.75
1.631287,4663.0
1.617218,4663.25
1.61466,4663.5
1.569897,4663.75
1.546876,4664.0
1.544318,4664.25
1.541761,4664.5
1.534087,4664.75
1.541761,4665.0
1.549434,4665.25
1.56606,4665.5
1.679886,4665.75
1.80906,4666.0
1.83336,4666.25
1.806502,4666.5
1.807781,4666.75
1.811618,4667.0
1.788597,4667.25
1.770692,4667.5
1.765576,4667.75
1.681165,4668.0
1.65175,4668.25
1.673492,4668.5
1.646634,4668.75
1.520018,4669.0
1.477813,4669.25
1.440724,4669.5
1.454593,4669.75
1.501914,4670.0
1.56714,4670.25
1.581209,4670.5
1.590161,4670.75
1.60423,4671.0
1.618298,4671.25
1.618298,4671.5
1.624693,4671.75
1.620856,4672.0
1.631088,4672.25
1.597835,4672.5
1.486567,4672.75
1.517262,4673.0
1.559467,4673.25
1.585046,4673.5
1.608067,4673.75
1.64004,4674.0
1.689919,4674.25
1.687361,4674.5
1.686082,4674.75
1.670735,4675.0
1.689919,4675.25
1.692477,4675.5
1.679688,4675.75
1.674572,4676.0
1.648993,4676.25
1.642598,4676.5
1.638761,4676.75
1.636203,4677.0
1.672014,4677.25
1.66434,4677.5
1.660503,4677.75
1.670735,4678.0
1.666898,4678.25
1.673293,4678.5
1.663061,4678.75
1.657946,4679.0
1.678409,4679.25
1.696314,4679.5
1.689919,4679.75
1.695035,4680.0
1.720614,4680.25
1.533888,4680.5
1.432851,4680.75
1.306236,4681.0
1.284494,4681.25
1.335652,4681.5
1.348441,4681.75
1.350999,4682.0
1.353557,4682.25
1.573535,4682.5
1.540283,4682.75
1.546677,4683.0
1.541562,4683.25
1.524935,4683.5
1.49552,4683.75
1.656667,4684.0
1.606788,4684.25
1.593998,4684.5
1.610625,4684.75
1.647714,4685.0
1.618298,4685.25
1.59144,4685.5
1.663061,4685.75
1.729566,4686.0
1.730845,4686.25
1.741077,4686.5
1.741077,4686.75
1.744914,4687.0
1.73724,4687.25
1.727008,4687.5
1.702708,4687.75
1.720614,4688.0
1.71294,4688.25
1.716777,4688.5
1.710382,4688.75
1.71294,4689.0
1.689919,4689.25
1.680966,4689.5
1.657946,4689.75
1.668177,4690.0
1.680966,4690.25
1.692477,4690.5
1.701429,4690.75
1.711661,4691.0
1.711661,4691.25
1.703987,4691.5
1.700151,4691.75
1.693756,4692.0
1.696314,4692.25
1.721893,4692.5
1.728287,4692.75
1.715498,4693.0
1.707824,4693.25
1.687361,4693.5
1.68864,4693.75
1.680966,4694.0
1.672014,4694.25
1.675851,4694.5
1.674572,4694.75
1.672014,4695.0
1.669456,4695.25
1.668177,4695.5
1.692477,4695.75
1.701429,4696.0
1.71294,4696.25
1.703987,4696.5
1.701429,4696.75
1.698872,4697.0
1.700151,4697.25
1.709103,4697.5
1.697593,4697.75
1.67713,4698.0
1.672014,4698.25
1.67713,4698.5
1.67713,4698.75
1.67713,4699.0
1.682245,4699.25
1.682245,4699.5
1.686082,4699.75
1.687361,4700.0
1.686082,4700.25
1.680966,4700.5
1.67713,4700.75
1.666898,4701.0
1.668177,4701.25
1.66434,4701.5
1.66434,4701.75
1.661782,4702.0
1.661782,4702.25
1.659224,4702.5
1.657946,4702.75
1.657946,4703.0
1.655388,4703.25
1.646435,4703.5
1.647714,4703.75
1.651551,4704.0
1.648993,4704.25
1.646435,4704.5
1.643877,4704.75
1.647714,4705.0
1.643877,4705.25
1.642598,4705.5
1.642598,4705.75
1.64004,4706.0
1.629809,4706.25
1.631088,4706.5
1.631088,4706.75
1.627251,4707.0
1.632367,4707.25
1.634924,4707.5
1.633646,4707.75
1.633646,4708.0
1.632367,4708.25
1.636203,4708.5
1.632367,4708.75
1.636203,4709.0
1.632367,4709.25
1.64004,4709.5
1.641319,4709.75
1.643877,4710.0
1.642598,4710.25
1.64004,4710.5
1.637482,4710.75
1.638761,4711.0
1.636203,4711.25
1.634924,4711.5
1.633646,4711.75
1.629809,4712.0
1.633646,4712.25
1.633646,4712.5
1.631088,4712.75
1.632367,4713.0
1.62853,4713.25
1.62853,4713.5
1.627251,4713.75
1.624693,4714.0
1.629809,4714.25
1.629809,4714.5
1.617019,4714.75
1.627251,4715.0
1.631088,4715.25
1.647714,4715.5
1.629809,4715.75
1.632367,4716.0
1.634924,4716.25
1.634924,4716.5
1.641319,4716.75
1.617019,4717.0
1.654109,4717.25
1.648993,4717.5
1.672014,4717.75
1.683524,4718.0
1.684803,4718.25
1.719335,4718.5
1.709103,4718.75
1.710382,4719.0
1.71294,4719.25
1.723172,4719.5
1.723172,4719.75
1.729566,4720.0
1.716777,4720.25
1.724451,4720.5
1.706545,4720.75
1.727008,4721.0
1.728287,4721.25
1.738519,4721.5
1.739798,4721.75
1.738519,4722.0
1.73724,4722.25
1.682245,4722.5
1.656667,4722.75
1.659224,4723.0
1.665619,4723.25
1.661782,4723.5
1.660503,4723.75
1.660503,4724.0
1.661782,4724.25
1.720614,4724.5
1.68864,4724.75
1.668177,4725.0
1.669456,4725.25
1.673293,4725.5
1.665619,4725.75
1.656667,4726.0
1.634924,4726.25
1.627251,4726.5
1.625972,4726.75
1.625972,4727.0
1.62853,4727.25
1.638761,4727.5
1.65283,4727.75
1.654109,4728.0
1.657946,4728.25
1.650272,4728.5
1.660503,4728.75
1.663061,4729.0
1.59144,4729.25
1.631088,4729.5
1.629809,4729.75
1.620856,4730.0
1.625972,4730.25
1.62853,4730.5
1.624693,4730.75
1.535167,4731.0
1.627251,4731.25
1.663061,4731.5
1.71294,4731.75
1.697593,4732.0
1.702708,4732.25
1.71294,4732.5
1.710382,4732.75
1.716777,4733.0
1.714219,4733.25
1.709103,4733.5
1.706545,4733.75
1.706545,4734.0
1.701429,4734.25
1.698872,4734.5
1.695035,4734.75
1.700151,4735.0
1.701429,4735.25
1.705266,4735.5
1.702708,4735.75
1.703987,4736.0
1.700151,4736.25
1.698872,4736.5
1.691198,4736.75
1.693756,4737.0
1.687361,4737.25
1.684803,4737.5
1.680966,4737.75
1.679688,4738.0
1.674572,4738.25
1.674572,4738.5
1.674572,4738.75
1.670735,4739.0
1.666898,4739.25
1.661782,4739.5
1.663061,4739.75
1.663061,4740.0
1.660503,4740.25
1.657946,4740.5
1.656667,4740.75
1.660503,4741.0
1.655388,4741.25
1.657946,4741.5
1.651551,4741.75
1.655388,4742.0
1.646435,4742.25
1.65283,4742.5
1.647714,4742.75
1.651551,4743.0
1.648993,4743.25
1.647714,4743.5
1.64004,4743.75
1.646435,4744.0
1.64004,4744.25
1.643877,4744.5
1.645156,4744.75
1.641319,4745.0
1.643877,4745.25
1.643877,4745.5
1.642598,4745.75
1.641319,4746.0
1.632367,4746.25
1.636203,4746.5
1.636203,4746.75
1.634924,4747.0
1.634924,4747.25
1.632367,4747.5
1.627251,4747.75
1.631088,4748.0
1.629809,4748.25
1.629809,4748.5
1.62853,4748.75
1.627251,4749.0
1.625972,4749.25
1.624693,4749.5
1.624693,4749.75
1.623414,4750.0
1.623414,4750.25
1.619577,4750.5
1.620856,4750.75
1.618298,4751.0
1.619577,4751.25
1.619577,4751.5
1.619577,4751.75
1.619577,4752.0
1.622135,4752.25
1.622135,4752.5
1.622135,4752.75
1.620856,4753.0
1.617019,4753.25
1.619577,4753.5
1.618298,4753.75
1.617019,4754.0
1.61574,4754.25
1.611903,4754.5
1.610625,4754.75
1.609346,4755.0
1.610625,4755.25
1.610625,4755.5
1.611903,4755.75
1.611903,4756.0
1.614461,4756.25
1.611903,4756.5
1.613182,4756.75
1.614461,4757.0
1.61574,4757.25
1.617019,4757.5
1.618298,4757.75
1.619577,4758.0
1.620856,4758.25
1.618298,4758.5
1.617019,4758.75
1.618298,4759.0
1.618298,4759.25
1.617019,4759.5
1.61574,4759.75
1.61574,4760.0
1.617019,4760.25
1.613182,4760.5
1.613182,4760.75
1.611903,4761.0
1.611903,4761.25
1.608067,4761.5
1.613182,4761.75
1.610625,4762.0
1.608067,4762.25
1.606788,4762.5
1.608067,4762.75
1.605509,4763.0
1.605509,4763.25
1.599114,4763.5
1.602951,4763.75
1.600393,4764.0
1.596556,4764.25
1.599114,4764.5
1.599114,4764.75
1.601672,4765.0
1.597835,4765.25
1.597835,4765.5
1.595277,4765.75
1.593998,4766.0
1.583767,4766.25
1.59144,4766.5
1.590161,4766.75
1.587604,4767.0
1.590161,4767.25
1.588882,4767.5
1.590161,4767.75
1.590161,4768.0
1.585046,4768.25
1.587604,4768.5
1.583767,4768.75
1.585046,4769.0
1.582488,4769.25
1.585046,4769.5
1.578651,4769.75
1.585046,4770.0
1.576093,4770.25
1.582488,4770.5
1.581209,4770.75
1.586325,4771.0
1.577372,4771.25
1.585046,4771.5
1.587604,4771.75
1.587604,4772.0
1.585046,4772.25
1.581209,4772.5
1.586325,4772.75
1.585046,4773.0
1.583767,4773.25
1.583767,4773.5
1.582488,4773.75
1.581209,4774.0
1.581209,4774.25
1.581209,4774.5
1.57993,4774.75
1.57993,4775.0
1.574814,4775.25
1.578651,4775.5
1.577372,4775.75
1.574814,4776.0
1.576093,4776.25
1.574814,4776.5
1.576093,4776.75
1.574814,4777.0
1.577372,4777.25
1.576093,4777.5
1.576093,4777.75
1.573535,4778.0
1.577372,4778.25
1.577372,4778.5
1.57993,4778.75
1.576093,4779.0
1.578651,4779.25
1.577372,4779.5
1.577372,4779.75
1.576093,4780.0
1.576093,4780.25
1.572256,4780.5
1.568419,4780.75
1.563304,4781.0
1.568419,4781.25
1.569698,4781.5
1.568419,4781.75
1.56714,4782.0
1.565861,4782.25
1.565861,4782.5
1.56714,4782.75
1.568419,4783.0
1.56714,4783.25
1.564583,4783.5
1.565861,4783.75
1.56714,4784.0
1.564583,4784.25
1.565861,4784.5
1.563304,4784.75
1.564583,4785.0
1.560746,4785.25
1.562025,4785.5
1.558188,4785.75
1.562025,4786.0
1.546677,4786.25
1.559467,4786.5
1.556909,4786.75
1.558188,4787.0
1.553072,4787.25
1.556909,4787.5
1.554351,4787.75
1.556909,4788.0
1.554351,4788.25
1.551793,4788.5
1.551793,4788.75
1.549235,4789.0
1.549235,4789.25
1.550514,4789.5
1.547956,4789.75
1.551793,4790.0
1.546677,4790.25
1.547956,4790.5
1.545398,4790.75
1.550514,4791.0
1.545398,4791.25
1.545398,4791.5
1.540283,4791.75
1.545398,4792.0
1.541562,4792.25
1.541562,4792.5
1.539004,4792.75
1.541562,4793.0
1.539004,4793.25
1.539004,4793.5
1.537725,4793.75
1.540283,4794.0
1.535167,4794.25
1.532609,4794.5
1.533888,4794.75
1.535167,4795.0
1.532609,4795.25
1.532609,4795.5
1.530051,4795.75
1.533888,4796.0
1.53133,4796.25
1.532609,4796.5
1.530051,4796.75
1.532609,4797.0
1.527493,4797.25
1.532609,4797.5
1.528772,4797.75
1.533888,4798.0
1.53133,4798.25
1.53133,4798.5
1.53133,4798.75
1.533888,4799.0
1.533888,4799.25
1.530051,4799.5
1.523656,4799.75
1.528772,4800.0
1.530051,4800.25
1.530051,4800.5
1.530051,4800.75
1.53133,4801.0
1.530051,4801.25
1.528772,4801.5
1.519819,4801.75
1.53133,4802.0
1.521098,4802.25
1.527493,4802.5
1.521098,4802.75
1.524935,4803.0
1.521098,4803.25
1.522377,4803.5
1.515983,4803.75
1.522377,4804.0
1.519819,4804.25
1.518541,4804.5
1.518541,4804.75
1.519819,4805.0
1.518541,4805.25
1.514704,4805.5
1.517262,4805.75
1.518541,4806.0
1.510867,4806.25
1.517262,4806.5
1.517262,4806.75
1.521098,4807.0
1.515983,4807.25
1.517262,4807.5
1.515983,4807.75
1.517262,4808.0
1.512146,4808.25
1.514704,4808.5
1.510867,4808.75
1.515983,4809.0
1.510867,4809.25
1.509588,4809.5
1.50703,4809.75
1.512146,4810.0
1.512146,4810.25
1.50703,4810.5
1.50703,4810.75
1.50703,4811.0
1.50703,4811.25
1.50703,4811.5
1.50703,4811.75
1.508309,4812.0
1.505751,4812.25
1.505751,4812.5
1.496799,4812.75
1.50703,4813.0
1.496799,4813.25
1.504472,4813.5
1.494241,4813.75
1.501914,4814.0
1.503193,4814.25
1.503193,4814.5
1.496799,4814.75
1.504472,4815.0
1.49552,4815.25
1.500635,4815.5
1.503193,4815.75
1.503193,4816.0
1.499356,4816.25
1.496799,4816.5
1.499356,4816.75
1.500635,4817.0
1.498078,4817.25
1.499356,4817.5
1.500635,4817.75
1.527493,4818.0
1.53133,4818.25
1.53133,4818.5
1.551793,4818.75
1.50703,4819.0
1.545398,4819.25
1.559467,4819.5
1.572256,4819.75
1.558188,4820.0
1.54284,4820.25
1.541562,4820.5
1.537725,4820.75
1.537725,4821.0
1.535167,4821.25
1.532609,4821.5
1.530051,4821.75
1.527493,4822.0
1.526214,4822.25
1.524935,4822.5
1.523656,4822.75
1.526214,4823.0
1.523656,4823.25
1.526214,4823.5
1.523656,4823.75
1.523656,4824.0
1.484009,4824.25
1.463546,4824.5
1.435409,4824.75
1.431572,4825.0
1.297283,4825.25
1.403436,4825.5
1.463546,4825.75
1.503193,4826.0
1.510867,4826.25
1.519819,4826.5
1.509588,4826.75
1.503193,4827.0
1.501914,4827.25
1.50703,4827.5
1.496799,4827.75
1.480172,4828.0
1.476335,4828.25
1.486567,4828.5
1.473778,4828.75
1.484009,4829.0
1.480172,4829.25
1.484009,4829.5
1.485288,4829.75
1.486567,4830.0
1.481451,4830.25
1.485288,4830.5
1.484009,4830.75
1.485288,4831.0
1.481451,4831.25
1.481451,4831.5
1.477614,4831.75
1.478893,4832.0
1.477614,4832.25
1.475057,4832.5
1.475057,4832.75
1.472499,4833.0
1.472499,4833.25
1.468662,4833.5
1.459709,4833.75
1.498078,4834.0
1.478893,4834.25
1.45843,4834.5
1.48273,4834.75
1.489125,4835.0
1.486567,4835.25
1.490404,4835.5
1.492962,4835.75
1.504472,4836.0
1.504472,4836.25
1.501914,4836.5
1.504472,4836.75
1.508309,4837.0
1.50703,4837.25
1.509588,4837.5
1.50703,4837.75
1.50703,4838.0
1.504472,4838.25
1.499356,4838.5
1.501914,4838.75
1.498078,4839.0
1.498078,4839.25
1.496799,4839.5
1.49552,4839.75
1.49552,4840.0
1.494241,4840.25
1.494241,4840.5
1.492962,4840.75
1.491683,4841.0
1.487846,4841.25
1.490404,4841.5
1.487846,4841.75
1.487846,4842.0
1.487846,4842.25
1.485288,4842.5
1.485288,4842.75
1.485288,4843.0
1.485288,4843.25
1.484009,4843.5
1.484009,4843.75
1.480172,4844.0
1.48273,4844.25
1.481451,4844.5
1.48273,4844.75
1.481451,4845.0
1.481451,4845.25
1.480172,4845.5
1.478893,4845.75
1.480172,4846.0
1.468662,4846.25
1.475057,4846.5
1.472499,4846.75
1.476335,4847.0
1.473778,4847.25
1.476335,4847.5
1.476335,4847.75
1.477614,4848.0
1.476335,4848.25
1.476335,4848.5
1.476335,4848.75
1.476335,4849.0
1.472499,4849.25
1.472499,4849.5
1.469941,4849.75
1.473778,4850.0
1.468662,4850.25
1.469941,4850.5
1.468662,4850.75
1.47122,4851.0
1.467383,4851.25
1.469941,4851.5
1.467383,4851.75
1.469941,4852.0
1.464825,4852.25
1.467383,4852.5
1.466104,4852.75
1.469941,4853.0
1.464825,4853.25
1.466104,4853.5
1.464825,4853.75
1.468662,4854.0
1.466104,4854.25
1.466104,4854.5
1.462267,4854.75
1.460988,4855.0
1.463546,4855.25
1.460988,4855.5
1.460988,4855.75
1.463546,4856.0
1.459709,4856.25
1.462267,4856.5
1.459709,4856.75
1.463546,4857.0
1.459709,4857.25
1.459709,4857.5
1.454593,4857.75
1.460988,4858.0
1.455872,4858.25
1.457151,4858.5
1.455872,4858.75
1.459709,4859.0
1.455872,4859.25
1.45843,4859.5
1.457151,4859.75
1.45843,4860.0
1.453314,4860.25
1.452036,4860.5
1.452036,4860.75
1.453314,4861.0
1.450757,4861.25
1.450757,4861.5
1.449478,4861.75
1.452036,4862.0
1.449478,4862.25
1.444362,4862.5
1.449478,4862.75
1.449478,4863.0
1.444362,4863.25
1.448199,4863.5
1.445641,4863.75
1.44692,4864.0
1.445641,4864.25
1.448199,4864.5
1.445641,4864.75
1.448199,4865.0
1.445641,4865.25
1.44692,4865.5
1.443083,4865.75
1.444362,4866.0
1.435409,4866.25
1.440525,4866.5
1.441804,4866.75
1.441804,4867.0
1.439246,4867.25
1.439246,4867.5
1.437967,4867.75
1.443083,4868.0
1.437967,4868.25
1.439246,4868.5
1.43413,4868.75
1.439246,4869.0
1.430293,4869.25
1.436688,4869.5
1.43413,4869.75
1.435409,4870.0
1.43413,4870.25
1.43413,4870.5
1.43413,4870.75
1.435409,4871.0
1.430293,4871.25
1.430293,4871.5
1.431572,4871.75
1.432851,4872.0
1.431572,4872.25
1.431572,4872.5
1.431572,4872.75
1.43413,4873.0
1.430293,4873.25
1.431572,4873.5
1.429015,4873.75
1.431572,4874.0
1.420062,4874.25
1.430293,4874.5
1.429015,4874.75
1.429015,4875.0
1.429015,4875.25
1.426457,4875.5
1.426457,4875.75
1.426457,4876.0
1.426457,4876.25
1.425178,4876.5
1.426457,4876.75
1.421341,4877.0
1.42262,4877.25
1.42262,4877.5
1.42262,4877.75
1.426457,4878.0
1.425178,4878.25
1.42262,4878.5
1.42262,4878.75
1.42262,4879.0
1.421341,4879.25
1.418783,4879.5
1.417504,4879.75
1.417504,4880.0
1.417504,4880.25
1.417504,4880.5
1.416225,4880.75
1.420062,4881.0
1.418783,4881.25
1.416225,4881.5
1.420062,4881.75
1.414946,4882.0
1.416225,4882.25
1.40983,4882.5
1.414946,4882.75
1.412388,4883.0
1.412388,4883.25
1.411109,4883.5
1.412388,4883.75
1.412388,4884.0
1.412388,4884.25
1.413667,4884.5
1.412388,4884.75
1.411109,4885.0
1.408551,4885.25
1.40983,4885.5
1.407272,4885.75
1.405994,4886.0
1.399599,4886.25
1.403436,4886.5
1.405994,4886.75
1.403436,4887.0
1.405994,4887.25
1.404715,4887.5
1.404715,4887.75
1.400878,4888.0
1.404715,4888.25
1.399599,4888.5
1.402157,4888.75
1.399599,4889.0
1.400878,4889.25
1.39832,4889.5
1.399599,4889.75
1.39832,4890.0
1.399599,4890.25
1.397041,4890.5
1.397041,4890.75
1.39832,4891.0
1.39832,4891.25
1.397041,4891.5
1.39832,4891.75
1.397041,4892.0
1.397041,4892.25
1.395762,4892.5
1.395762,4892.75
1.394483,4893.0
1.394483,4893.25
1.393204,4893.5
1.394483,4893.75
1.394483,4894.0
1.394483,4894.25
1.393204,4894.5
1.393204,4894.75
1.391925,4895.0
1.390646,4895.25
1.389367,4895.5
1.390646,4895.75
1.391925,4896.0
1.388088,4896.25
1.388088,4896.5
1.388088,4896.75
1.388088,4897.0
1.389367,4897.25
1.386809,4897.5
1.389367,4897.75
1.38553,4898.0
1.389367,4898.25
1.384251,4898.5
1.384251,4898.75
1.380415,4899.0
1.382973,4899.25
1.382973,4899.5
1.377857,4899.75
1.375299,4900.0
1.382973,4900.25
1.38553,4900.5
1.386809,4900.75
1.38553,4901.0
1.384251,4901.25
1.38553,4901.5
1.370183,4901.75
1.363788,4902.0
1.358673,4902.25
1.359951,4902.5
1.362509,4902.75
1.36123,4903.0
1.363788,4903.25
1.362509,4903.5
1.367625,4903.75
1.365067,4904.0
1.371462,4904.25
1.370183,4904.5
1.370183,4904.75
1.367625,4905.0
1.370183,4905.25
1.368904,4905.5
1.372741,4905.75
1.37402,4906.0
1.366346,4906.25
1.370183,4906.5
1.370183,4906.75
1.368904,4907.0
1.370183,4907.25
1.368904,4907.5
1.368904,4907.75
1.367625,4908.0
1.370183,4908.25
1.368904,4908.5
1.368904,4908.75
1.368904,4909.0
1.370183,4909.25
1.370183,4909.5
1.370183,4909.75
1.368904,4910.0
1.372741,4910.25
1.370183,4910.5
1.368904,4910.75
1.367625,4911.0
1.367625,4911.25
1.368904,4911.5
1.367625,4911.75
1.368904,4912.0
1.367625,4912.25
1.365067,4912.5
1.363788,4912.75
1.363788,4913.0
1.366346,4913.25
1.365067,4913.5
1.367625,4913.75
1.366346,4914.0
1.367625,4914.25
1.365067,4914.5
1.365067,4914.75
1.363788,4915.0
1.362509,4915.25
1.359951,4915.5
1.362509,4915.75
1.36123,4916.0
1.363788,4916.25
1.363788,4916.5
1.363788,4916.75
1.363788,4917.0
1.362509,4917.25
1.362509,4917.5
1.363788,4917.75
1.36123,4918.0
1.357394,4918.25
1.359951,4918.5
1.358673,4918.75
1.358673,4919.0
1.357394,4919.25
1.358673,4919.5
1.357394,4919.75
1.359951,4920.0
1.357394,4920.25
1.357394,4920.5
1.354836,4920.75
1.353557,4921.0
1.354836,4921.25
1.353557,4921.5
1.354836,4921.75
1.356115,4922.0
1.354836,4922.25
1.353557,4922.5
1.354836,4922.75
1.354836,4923.0
1.353557,4923.25
1.352278,4923.5
1.34972,4923.75
1.352278,4924.0
1.353557,4924.25
1.363788,4924.5
1.357394,4924.75
1.356115,4925.0
1.350999,4925.25
1.359951,4925.5
1.354836,4925.75
1.359951,4926.0
1.350999,4926.25
1.353557,4926.5
1.354836,4926.75
1.353557,4927.0
1.354836,4927.25
1.348441,4927.5
1.350999,4927.75
1.357394,4928.0
1.358673,4928.25
1.36123,4928.5
1.36123,4928.75
1.362509,4929.0
1.359951,4929.25
1.362509,4929.5
1.359951,4929.75
1.36123,4930.0
1.359951,4930.25
1.36123,4930.5
1.36123,4930.75
1.359951,4931.0
1.358673,4931.25
1.356115,4931.5
1.356115,4931.75
1.350999,4932.0
1.354836,4932.25
1.347162,4932.5
1.353557,4932.75
1.34972,4933.0
1.350999,4933.25
1.34972,4933.5
1.34972,4933.75
1.34972,4934.0
1.348441,4934.25
1.347162,4934.5
1.344604,4934.75
1.345883,4935.0
1.344604,4935.25
1.345883,4935.5
1.344604,4935.75
1.343325,4936.0
1.344604,4936.25
1.343325,4936.5
1.343325,4936.75
1.342046,4937.0
1.340767,4937.25
1.339489,4937.5
1.339489,4937.75
1.335652,4938.0
1.339489,4938.25
1.336931,4938.5
1.336931,4938.75
1.335652,4939.0
1.335652,4939.25
1.335652,4939.5
1.334373,4939.75
1.334373,4940.0
1.331815,4940.25
1.334373,4940.5
1.333094,4940.75
1.333094,4941.0
1.331815,4941.25
1.330536,4941.5
1.330536,4941.75
1.330536,4942.0
1.329257,4942.25
1.326699,4942.5
1.326699,4942.75
1.321583,4943.0
1.324141,4943.25
1.321583,4943.5
1.32542,4943.75
1.324141,4944.0
1.326699,4944.25
1.324141,4944.5
1.326699,4944.75
1.326699,4945.0
1.326699,4945.25
1.32542,4945.5
1.322862,4945.75
1.32542,4946.0
1.316467,4946.25
1.322862,4946.5
1.324141,4946.75
1.326699,4947.0
1.330536,4947.25
1.330536,4947.5
1.336931,4947.75
1.33821,4948.0
1.33821,4948.25
1.336931,4948.5
1.33821,4948.75
1.339489,4949.0
1.33821,4949.25
1.33821,4949.5
1.33821,4949.75
1.339489,4950.0
1.336931,4950.25
1.33821,4950.5
1.329257,4950.75
1.336931,4951.0
1.331815,4951.25
1.334373,4951.5
1.331815,4951.75
1.334373,4952.0
1.329257,4952.25
1.331815,4952.5
1.330536,4952.75
1.330536,4953.0
1.329257,4953.25
1.327978,4953.5
1.32542,4953.75
1.32542,4954.0
1.324141,4954.25
1.324141,4954.5
1.324141,4954.75
1.324141,4955.0
1.322862,4955.25
1.322862,4955.5
1.321583,4955.75
1.322862,4956.0
1.322862,4956.25
1.320304,4956.5
1.317746,4956.75
1.320304,4957.0
1.319025,4957.25
1.321583,4957.5
1.320304,4957.75
1.321583,4958.0
1.321583,4958.25
1.320304,4958.5
1.320304,4958.75
1.312631,4959.0
1.320304,4959.25
1.316467,4959.5
1.317746,4959.75
1.316467,4960.0
1.316467,4960.25
1.31391,4960.5
1.317746,4960.75
1.316467,4961.0
1.315189,4961.25
1.316467,4961.5
1.316467,4961.75
1.312631,4962.0
1.312631,4962.25
1.310073,4962.5
1.311352,4962.75
1.310073,4963.0
1.310073,4963.25
1.308794,4963.5
1.308794,4963.75
1.308794,4964.0
1.310073,4964.25
1.307515,4964.5
1.307515,4964.75
1.304957,4965.0
1.306236,4965.25
1.306236,4965.5
1.306236,4965.75
1.306236,4966.0
1.297283,4966.25
1.303678,4966.5
1.303678,4966.75
1.304957,4967.0
1.304957,4967.25
1.303678,4967.5
1.30112,4967.75
1.303678,4968.0
1.303678,4968.25
1.303678,4968.5
1.302399,4968.75
1.302399,4969.0
1.30112,4969.25
1.299841,4969.5
1.303678,4969.75
1.30112,4970.0
1.299841,4970.25
1.298562,4970.5
1.299841,4970.75
1.30112,4971.0
1.299841,4971.25
1.297283,4971.5
1.299841,4971.75
1.297283,4972.0
1.298562,4972.25
1.297283,4972.5
1.298562,4972.75
1.294725,4973.0
1.296004,4973.25
1.296004,4973.5
1.296004,4973.75
1.297283,4974.0
1.297283,4974.25
1.297283,4974.5
1.294725,4974.75
1.297283,4975.0
1.298562,4975.25
1.296004,4975.5
1.296004,4975.75
1.294725,4976.0
1.296004,4976.25
1.297283,4976.5
1.298562,4976.75
1.299841,4977.0
1.299841,4977.25
1.30112,4977.5
1.298562,4977.75
1.30112,4978.0
1.297283,4978.25
1.296004,4978.5
1.294725,4978.75
1.297283,4979.0
1.294725,4979.25
1.294725,4979.5
1.294725,4979.75
1.294725,4980.0
1.294725,4980.25
1.294725,4980.5
1.290889,4980.75
1.294725,4981.0
1.287052,4981.25
1.290889,4981.5
1.290889,4981.75
1.292168,4982.0
1.292168,4982.25
1.290889,4982.5
1.28961,4982.75
1.293446,4983.0
1.290889,4983.25
1.293446,4983.5
1.292168,4983.75
1.292168,4984.0
1.288331,4984.25
1.290889,4984.5
1.288331,4984.75
1.292168,4985.0
1.287052,4985.25
1.28961,4985.5
1.287052,4985.75
1.28961,4986.0
1.279378,4986.25
1.285773,4986.5
1.283215,4986.75
1.281936,4987.0
1.283215,4987.25
1.283215,4987.5
1.281936,4987.75
1.283215,4988.0
1.280657,4988.25
1.281936,4988.5
1.279378,4988.75
1.283215,4989.0
1.281936,4989.25
1.280657,4989.5
1.278099,4989.75
1.281936,4990.0
1.280657,4990.25
1.279378,4990.5
1.280657,4990.75
1.280657,4991.0
1.279378,4991.25
1.280657,4991.5
1.279378,4991.75
1.280657,4992.0
1.27682,4992.25
1.275541,4992.5
1.27682,4992.75
1.275541,4993.0
1.27682,4993.25
1.275541,4993.5
1.278099,4993.75
1.27682,4994.0
1.275541,4994.25
1.27682,4994.5
1.274262,4994.75
1.275541,4995.0
1.271704,4995.25
1.275541,4995.5
1.271704,4995.75
1.274262,4996.0
1.272983,4996.25
1.274262,4996.5
1.271704,4996.75
1.271704,4997.0
1.271704,4997.25
1.272983,4997.5
1.270425,4997.75
1.271704,4998.0
1.269147,4998.25
1.267868,4998.5
1.269147,4998.75
1.271704,4999.0
1.267868,4999.25
1.269147,4999.5
1.269147,4999.75
1.272983,5000.0
1.261473,5000.25
1.269147,5000.5
1.258915,5000.75
1.267868,5001.0
1.262752,5001.25
1.266589,5001.5
1.258915,5001.75
1.266589,5002.0
1.258915,5002.25
1.26531,5002.5
1.266589,5002.75
1.26531,5003.0
1.264031,5003.25
1.262752,5003.5
1.26531,5003.75
1.262752,5004.0
1.264031,5004.25
1.261473,5004.5
1.262752,5004.75
1.261473,5005.0
1.262752,5005.25
1.261473,5005.5
1.261473,5005.75
1.261473,5006.0
1.25252,5006.25
1.260194,5006.5
1.258915,5006.75
1.258915,5007.0
1.258915,5007.25
1.260194,5007.5
1.257636,5007.75
1.257636,5008.0
1.257636,5008.25
1.257636,5008.5
1.257636,5008.75
1.255078,5009.0
1.257636,5009.25
1.255078,5009.5
1.257636,5009.75
1.255078,5010.0
1.258915,5010.25
1.255078,5010.5
1.255078,5010.75
1.256357,5011.0
1.253799,5011.25
1.25252,5011.5
1.251241,5011.75
1.253799,5012.0
1.251241,5012.25
1.25252,5012.5
1.25252,5012.75
1.253799,5013.0
1.25252,5013.25
1.25252,5013.5
1.253799,5013.75
1.253799,5014.0
1.251241,5014.25
1.251241,5014.5
1.249962,5014.75
1.251241,5015.0
1.251241,5015.25
1.251241,5015.5
1.249962,5015.75
1.249962,5016.0
1.248683,5016.25
1.249962,5016.5
1.249962,5016.75
1.248683,5017.0
1.246126,5017.25
1.248683,5017.5
1.243568,5017.75
1.248683,5018.0
1.247404,5018.25
1.247404,5018.5
1.247404,5018.75
1.247404,5019.0
1.242289,5019.25
1.247404,5019.5
1.246126,5019.75
1.246126,5020.0
1.237173,5020.25
1.243568,5020.5
1.243568,5020.75
1.244847,5021.0
1.24101,5021.25
1.243568,5021.5
1.24101,5021.75
1.244847,5022.0
1.24101,5022.25
1.24101,5022.5
1.238452,5022.75
1.243568,5023.0
1.238452,5023.25
1.239731,5023.5
1.239731,5023.75
1.24101,5024.0
1.238452,5024.25
1.239731,5024.5
1.239731,5024.75
1.24101,5025.0
1.238452,5025.25
1.235894,5025.5
1.235894,5025.75
1.237173,5026.0
1.229499,5026.25
1.234615,5026.5
1.234615,5026.75
1.237173,5027.0
1.234615,5027.25
1.235894,5027.5
1.233336,5027.75
1.234615,5028.0
1.232057,5028.25
1.233336,5028.5
1.230778,5028.75
1.235894,5029.0
1.232057,5029.25
1.233336,5029.5
1.232057,5029.75
1.233336,5030.0
1.232057,5030.25
1.233336,5030.5
1.230778,5030.75
1.230778,5031.0
1.229499,5031.25
1.225662,5031.5
1.22822,5031.75
1.230778,5032.0
1.22822,5032.25
1.226941,5032.5
1.226941,5032.75
1.230778,5033.0
1.22822,5033.25
1.22822,5033.5
1.224383,5033.75
1.229499,5034.0
1.225662,5034.25
1.226941,5034.5
1.224383,5034.75
1.229499,5035.0
1.225662,5035.25
1.226941,5035.5
1.226941,5035.75
1.226941,5036.0
1.224383,5036.25
1.225662,5036.5
1.224383,5036.75
1.225662,5037.0
1.224383,5037.25
1.224383,5037.5
1.223105,5037.75
1.226941,5038.0
1.223105,5038.25
1.225662,5038.5
1.223105,5038.75
1.224383,5039.0
1.219268,5039.25
1.221826,5039.5
1.219268,5039.75
1.224383,5040.0
1.221826,5040.25
1.221826,5040.5
1.220547,5040.75
1.223105,5041.0
1.223105,5041.25
1.221826,5041.5
1.220547,5041.75
1.220547,5042.0
1.219268,5042.25
1.220547,5042.5
1.220547,5042.75
1.221826,5043.0
1.219268,5043.25
1.220547,5043.5
1.219268,5043.75
1.223105,5044.0
1.219268,5044.25
1.219268,5044.5
1.215431,5044.75
1.219268,5045.0
1.214152,5045.25
1.217989,5045.5
1.212873,5045.75
1.21671,5046.0
1.206478,5046.25
1.214152,5046.5
1.215431,5046.75
1.21671,5047.0
1.212873,5047.25
1.210315,5047.5
1.211594,5047.75
1.211594,5048.0
1.211594,5048.25
1.211594,5048.5
1.210315,5048.75
1.210315,5049.0
1.210315,5049.25
1.210315,5049.5
1.209036,5049.75
1.209036,5050.0
1.207757,5050.25
1.207757,5050.5
1.207757,5050.75
1.210315,5051.0
1.209036,5051.25
1.209036,5051.5
1.209036,5051.75
1.211594,5052.0
1.210315,5052.25
1.209036,5052.5
1.209036,5052.75
1.209036,5053.0
1.207757,5053.25
1.205199,5053.5
1.206478,5053.75
1.207757,5054.0
1.206478,5054.25
1.205199,5054.5
1.20392,5054.75
1.206478,5055.0
1.20392,5055.25
1.205199,5055.5
1.201362,5055.75
1.202641,5056.0
1.201362,5056.25
1.202641,5056.5
1.201362,5056.75
1.202641,5057.0
1.202641,5057.25
1.196247,5057.5
1.202641,5057.75
1.193689,5058.0
1.201362,5058.25
1.198805,5058.5
1.200084,5058.75
1.196247,5059.0
1.198805,5059.25
1.194968,5059.5
1.198805,5059.75
1.197526,5060.0
1.198805,5060.25
1.198805,5060.5
1.200084,5060.75
1.196247,5061.0
1.194968,5061.25
1.196247,5061.5
1.196247,5061.75
1.197526,5062.0
1.194968,5062.25
1.194968,5062.5
1.196247,5062.75
1.196247,5063.0
1.194968,5063.25
1.194968,5063.5
1.194968,5063.75
1.191131,5064.0
1.193689,5064.25
1.189852,5064.5
1.193689,5064.75
1.193689,5065.0
1.193689,5065.25
1.191131,5065.5
1.19241,5065.75
1.191131,5066.0
1.184736,5066.25
1.189852,5066.5
1.187294,5066.75
1.187294,5067.0
1.188573,5067.25
1.188573,5067.5
1.188573,5067.75
1.188573,5068.0
1.188573,5068.25
1.186015,5068.5
1.188573,5068.75
1.186015,5069.0
1.186015,5069.25
1.183457,5069.5
1.186015,5069.75
1.183457,5070.0
1.186015,5070.25
1.184736,5070.5
1.184736,5070.75
1.184736,5071.0
1.186015,5071.25
1.184736,5071.5
1.184736,5071.75
1.183457,5072.0
1.182178,5072.25
1.182178,5072.5
1.180899,5072.75
1.182178,5073.0
1.183457,5073.25
1.183457,5073.5
1.182178,5073.75
1.183457,5074.0
1.182178,5074.25
1.182178,5074.5
1.182178,5074.75
1.179621,5075.0
1.180899,5075.25
1.178342,5075.5
1.182178,5075.75
1.180899,5076.0
1.183457,5076.25
1.180899,5076.5
1.182178,5076.75
1.182178,5077.0
1.179621,5077.25
1.178342,5077.5
1.178342,5077.75
1.179621,5078.0
1.178342,5078.25
1.179621,5078.5
1.182178,5078.75
1.180899,5079.0
1.180899,5079.25
1.179621,5079.5
1.180899,5079.75
1.178342,5080.0
1.178342,5080.25
1.174505,5080.5
1.178342,5080.75
1.16811,5081.0
1.178342,5081.25
1.177063,5081.5
1.175784,5081.75
1.177063,5082.0
1.177063,5082.25
1.173226,5082.5
1.177063,5082.75
1.177063,5083.0
1.175784,5083.25
1.177063,5083.5
1.179621,5083.75
1.177063,5084.0
1.175784,5084.25
1.177063,5084.5
1.177063,5084.75
1.177063,5085.0
1.177063,5085.25
1.175784,5085.5
1.175784,5085.75
1.174505,5086.0
1.16811,5086.25
1.171947,5086.5
1.173226,5086.75
1.174505,5087.0
1.171947,5087.25
1.166831,5087.5
1.171947,5087.75
1.16811,5088.0
1.173226,5088.25
1.170668,5088.5
1.169389,5088.75
1.169389,5089.0
1.169389,5089.25
1.169389,5089.5
1.170668,5089.75
1.170668,5090.0
1.171947,5090.25
1.169389,5090.5
1.170668,5090.75
1.169389,5091.0
1.171947,5091.25
1.166831,5091.5
1.169389,5091.75
1.166831,5092.0
1.169389,5092.25
1.16811,5092.5
1.169389,5092.75
1.16811,5093.0
1.169389,5093.25
1.169389,5093.5
1.166831,5093.75
1.166831,5094.0
1.164273,5094.25
1.166831,5094.5
1.166831,5094.75
1.16811,5095.0
1.166831,5095.25
1.166831,5095.5
1.160436,5095.75
1.165552,5096.0
1.161715,5096.25
1.16811,5096.5
1.160436,5096.75
1.16811,5097.0
1.160436,5097.25
1.165552,5097.5
1.160436,5097.75
1.16811,5098.0
1.166831,5098.25
1.165552,5098.5
1.165552,5098.75
1.16811,5099.0
1.164273,5099.25
1.165552,5099.5
1.160436,5099.75
1.165552,5100.0
1.160436,5100.25
1.164273,5100.5
1.160436,5100.75
1.165552,5101.0
1.162994,5101.25
1.162994,5101.5
1.162994,5101.75
1.162994,5102.0
1.161715,5102.25
1.160436,5102.5
1.161715,5102.75
1.159157,5103.0
1.162994,5103.25
1.160436,5103.5
1.160436,5103.75
1.161715,5104.0
1.160436,5104.25
1.161715,5104.5
1.157878,5104.75
1.160436,5105.0
1.159157,5105.25
1.159157,5105.5
1.157878,5105.75
1.159157,5106.0
1.151484,5106.25
1.1566,5106.5
1.159157,5106.75
1.159157,5107.0
1.159157,5107.25
1.157878,5107.5
1.1566,5107.75
1.155321,5108.0
1.157878,5108.25
1.155321,5108.5
1.157878,5108.75
1.154042,5109.0
1.155321,5109.25
1.155321,5109.5
1.1566,5109.75
1.1566,5110.0
1.1566,5110.25
1.154042,5110.5
1.154042,5110.75
1.154042,5111.0
1.152763,5111.25
1.155321,5111.5
1.1566,5111.75
1.152763,5112.0
1.1566,5112.25
1.152763,5112.5
1.154042,5112.75
1.152763,5113.0
1.154042,5113.25
1.151484,5113.5
1.154042,5113.75
1.150205,5114.0
1.152763,5114.25
1.151484,5114.5
1.152763,5114.75
1.150205,5115.0
1.152763,5115.25
1.152763,5115.5
1.151484,5115.75
1.150205,5116.0
1.148926,5116.25
1.150205,5116.5
1.148926,5116.75
1.150205,5117.0
1.150205,5117.25
1.150205,5117.5
1.150205,5117.75
1.151484,5118.0
1.150205,5118.25
1.150205,5118.5
1.150205,5118.75
1.148926,5119.0
1.150205,5119.25
1.148926,5119.5
1.148926,5119.75
1.148926,5120.0
1.148926,5120.25
1.150205,5120.5
1.148926,5120.75
1.151484,5121.0
1.148926,5121.25
1.147647,5121.5
1.146368,5121.75
1.150205,5122.0
1.147647,5122.25
1.148926,5122.5
1.147647,5122.75
1.148926,5123.0
1.148926,5123.25
1.148926,5123.5
1.148926,5123.75
1.148926,5124.0
1.147647,5124.25
1.146368,5124.5
1.146368,5124.75
1.146368,5125.0
1.146368,5125.25
1.145089,5125.5
1.146368,5125.75
1.147647,5126.0
1.139973,5126.25
1.145089,5126.5
1.145089,5126.75
1.147647,5127.0
1.147647,5127.25
1.150205,5127.5
1.151484,5127.75
1.174505,5128.0
1.188573,5128.25
1.180899,5128.5
1.19241,5128.75
1.193689,5129.0
1.196247,5129.25
1.200084,5129.5
1.201362,5129.75
1.20392,5130.0
1.202641,5130.25
1.202641,5130.5
1.201362,5130.75
1.205199,5131.0
1.196247,5131.25
1.200084,5131.5
1.19241,5131.75
1.198805,5132.0
1.189852,5132.25
1.196247,5132.5
1.19241,5132.75
1.196247,5133.0
1.19241,5133.25
1.194968,5133.5
1.193689,5133.75
1.196247,5134.0
1.19241,5134.25
1.193689,5134.5
1.194968,5134.75
1.194968,5135.0
1.19241,5135.25
1.191131,5135.5
1.191131,5135.75
1.191131,5136.0
1.189852,5136.25
1.207757,5136.5
1.206478,5136.75
1.206478,5137.0
1.194968,5137.25
1.193689,5137.5
1.191131,5137.75
1.193689,5138.0
1.188573,5138.25
1.19241,5138.5
1.189852,5138.75
1.193689,5139.0
1.191131,5139.25
1.19241,5139.5
1.191131,5139.75
1.19241,5140.0
1.19241,5140.25
1.19241,5140.5
1.189852,5140.75
1.189852,5141.0
1.188573,5141.25
1.189852,5141.5
1.188573,5141.75
1.189852,5142.0
1.187294,5142.25
1.188573,5142.5
1.187294,5142.75
1.188573,5143.0
1.186015,5143.25
1.186015,5143.5
1.183457,5143.75
1.187294,5144.0
1.183457,5144.25
1.184736,5144.5
1.182178,5144.75
1.187294,5145.0
1.184736,5145.25
1.184736,5145.5
1.183457,5145.75
1.187294,5146.0
1.175784,5146.25
1.183457,5146.5
1.182178,5146.75
1.180899,5147.0
1.179621,5147.25
1.182178,5147.5
1.179621,5147.75
1.179621,5148.0
1.178342,5148.25
1.182178,5148.5
1.179621,5148.75
1.182178,5149.0
1.178342,5149.25
1.180899,5149.5
1.177063,5149.75
1.180899,5150.0
1.178342,5150.25
1.180899,5150.5
1.178342,5150.75
1.182178,5151.0
1.180899,5151.25
1.180899,5151.5
1.178342,5151.75
1.179621,5152.0
1.178342,5152.25
1.178342,5152.5
1.178342,5152.75
1.182178,5153.0
1.179621,5153.25
1.179621,5153.5
1.177063,5153.75
1.182178,5154.0
1.178342,5154.25
1.178342,5154.5
1.175784,5154.75
1.179621,5155.0
1.175784,5155.25
1.177063,5155.5
1.175784,5155.75
1.179621,5156.0
1.175784,5156.25
1.178342,5156.5
1.177063,5156.75
1.179621,5157.0
1.175784,5157.25
1.174505,5157.5
1.175784,5157.75
1.177063,5158.0
1.174505,5158.25
1.175784,5158.5
1.175784,5158.75
1.178342,5159.0
1.174505,5159.25
1.177063,5159.5
1.174505,5159.75
1.178342,5160.0
1.174505,5160.25
1.175784,5160.5
1.171947,5160.75
1.177063,5161.0
1.174505,5161.25
1.174505,5161.5
1.173226,5161.75
1.177063,5162.0
1.174505,5162.25
1.175784,5162.5
1.173226,5162.75
1.173226,5163.0
1.173226,5163.25
1.171947,5163.5
1.173226,5163.75
1.177063,5164.0
1.173226,5164.25
1.173226,5164.5
1.165552,5164.75
1.173226,5165.0
1.171947,5165.25
1.171947,5165.5
1.169389,5165.75
1.175784,5166.0
1.164273,5166.25
1.170668,5166.5
1.169389,5166.75
1.170668,5167.0
1.169389,5167.25
1.170668,5167.5
1.171947,5167.75
1.170668,5168.0
1.170668,5168.25
1.166831,5168.5
1.169389,5168.75
1.166831,5169.0
1.170668,5169.25
1.169389,5169.5
1.169389,5169.75
1.170668,5170.0
1.170668,5170.25
1.169389,5170.5
1.169389,5170.75
1.16811,5171.0
1.166831,5171.25
1.16811,5171.5
1.16811,5171.75
1.166831,5172.0
1.169389,5172.25
1.166831,5172.5
1.16811,5172.75
1.165552,5173.0
1.166831,5173.25
1.164273,5173.5
1.166831,5173.75
1.162994,5174.0
1.165552,5174.25
1.162994,5174.5
1.166831,5174.75
1.161715,5175.0
1.164273,5175.25
1.162994,5175.5
1.164273,5175.75
1.164273,5176.0
1.164273,5176.25
1.161715,5176.5
1.161715,5176.75
1.162994,5177.0
1.161715,5177.25
1.160436,5177.5
1.162994,5177.75
1.160436,5178.0
1.164273,5178.25
1.161715,5178.5
1.164273,5178.75
1.159157,5179.0
1.160436,5179.25
1.157878,5179.5
1.160436,5179.75
1.157878,5180.0
1.160436,5180.25
1.160436,5180.5
1.161715,5180.75
1.160436,5181.0
1.160436,5181.25
1.160436,5181.5
1.160436,5181.75
1.160436,5182.0
1.159157,5182.25
1.159157,5182.5
1.159157,5182.75
1.159157,5183.0
1.159157,5183.25
1.159157,5183.5
1.160436,5183.75
1.160436,5184.0
1.161715,5184.25
1.157878,5184.5
1.159157,5184.75
1.157878,5185.0
1.159157,5185.25
1.159157,5185.5
1.157878,5185.75
1.159157,5186.0
1.152763,5186.25
1.157878,5186.5
1.157878,5186.75
1.160436,5187.0
1.157878,5187.25
1.157878,5187.5
1.1566,5187.75
1.160436,5188.0
1.154042,5188.25
1.157878,5188.5
1.1566,5188.75
1.157878,5189.0
1.154042,5189.25
1.157878,5189.5
1.1566,5189.75
1.157878,5190.0
1.155321,5190.25
1.155321,5190.5
1.155321,5190.75
1.155321,5191.0
1.154042,5191.25
1.154042,5191.5
1.154042,5191.75
1.155321,5192.0
1.154042,5192.25
1.155321,5192.5
1.152763,5192.75
1.154042,5193.0
1.150205,5193.25
1.154042,5193.5
1.148926,5193.75
1.152763,5194.0
1.150205,5194.25
1.152763,5194.5
1.151484,5194.75
1.152763,5195.0
1.152763,5195.25
1.152763,5195.5
1.151484,5195.75
1.150205,5196.0
1.151484,5196.25
1.148926,5196.5
1.150205,5196.75
1.151484,5197.0
1.151484,5197.25
1.150205,5197.5
1.151484,5197.75
1.152763,5198.0
1.151484,5198.25
1.150205,5198.5
1.147647,5198.75
1.151484,5199.0
1.148926,5199.25
1.150205,5199.5
1.150205,5199.75
1.150205,5200.0
1.148926,5200.25
1.148926,5200.5
1.150205,5200.75
1.151484,5201.0
1.150205,5201.25
1.141252,5201.5
1.150205,5201.75
1.14381,5202.0
1.150205,5202.25
1.148926,5202.5
1.150205,5202.75
1.150205,5203.0
1.148926,5203.25
1.150205,5203.5
1.148926,5203.75
1.148926,5204.0
1.146368,5204.25
1.147647,5204.5
1.146368,5204.75
1.147647,5205.0
1.150205,5205.25
1.147647,5205.5
1.148926,5205.75
1.148926,5206.0
1.139973,5206.25
1.146368,5206.5
1.148926,5206.75
1.146368,5207.0
1.146368,5207.25
1.14381,5207.5
1.147647,5207.75
1.146368,5208.0
1.147647,5208.25
1.145089,5208.5
1.147647,5208.75
1.146368,5209.0
1.147647,5209.25
1.14381,5209.5
1.145089,5209.75
1.14381,5210.0
1.14381,5210.25
1.14381,5210.5
1.146368,5210.75
1.146368,5211.0
1.146368,5211.25
1.142531,5211.5
1.146368,5211.75
1.14381,5212.0
1.145089,5212.25
1.138694,5212.5
1.14381,5212.75
1.142531,5213.0
1.14381,5213.25
1.142531,5213.5
1.142531,5213.75
1.142531,5214.0
1.14381,5214.25
1.142531,5214.5
1.142531,5214.75
1.141252,5215.0
1.141252,5215.25
1.142531,5215.5
1.141252,5215.75
1.141252,5216.0
1.139973,5216.25
1.141252,5216.5
1.141252,5216.75
1.142531,5217.0
1.14381,5217.25
1.141252,5217.5
1.139973,5217.75
1.139973,5218.0
1.134857,5218.25
1.139973,5218.5
1.139973,5218.75
1.141252,5219.0
1.139973,5219.25
1.141252,5219.5
1.138694,5219.75
1.142531,5220.0
1.138694,5220.25
1.139973,5220.5
1.136136,5220.75
1.141252,5221.0
1.137415,5221.25
1.137415,5221.5
1.137415,5221.75
1.139973,5222.0
1.136136,5222.25
1.138694,5222.5
1.138694,5222.75
1.138694,5223.0
1.136136,5223.25
1.136136,5223.5
1.134857,5223.75
1.136136,5224.0
1.134857,5224.25
1.134857,5224.5
1.134857,5224.75
1.137415,5225.0
1.136136,5225.25
1.136136,5225.5
1.134857,5225.75
1.136136,5226.0
1.127184,5226.25
1.133579,5226.5
1.1323,5226.75
1.133579,5227.0
1.133579,5227.25
1.133579,5227.5
1.134857,5227.75
1.127184,5228.0
1.134857,5228.25
1.133579,5228.5
1.133579,5228.75
1.129742,5229.0
1.133579,5229.25
1.129742,5229.5
1.133579,5229.75
1.131021,5230.0
1.131021,5230.25
1.129742,5230.5
1.131021,5230.75
1.131021,5231.0
1.131021,5231.25
1.129742,5231.5
1.128463,5231.75
1.128463,5232.0
1.128463,5232.25
1.128463,5232.5
1.128463,5232.75
1.128463,5233.0
1.128463,5233.25
1.128463,5233.5
1.129742,5233.75
1.128463,5234.0
1.128463,5234.25
1.127184,5234.5
1.131021,5234.75
1.131021,5235.0
1.1323,5235.25
1.122068,5235.5
1.114394,5235.75
1.1323,5236.0
1.16811,5236.25
1.220547,5236.5
1.164273,5236.75
1.127184,5237.0
1.110558,5237.25
1.122068,5237.5
1.118231,5237.75
1.129742,5238.0
1.129742,5238.25
1.1323,5238.5
1.1323,5238.75
1.137415,5239.0
1.136136,5239.25
1.139973,5239.5
1.139973,5239.75
1.142531,5240.0
1.141252,5240.25
1.139973,5240.5
1.141252,5240.75
1.14381,5241.0
1.141252,5241.25
1.145089,5241.5
1.142531,5241.75
1.146368,5242.0
1.146368,5242.25
1.148926,5242.5
1.14381,5242.75
1.146368,5243.0
1.133579,5243.25
1.141252,5243.5
1.138694,5243.75
1.139973,5244.0
1.136136,5244.25
1.136136,5244.5
1.134857,5244.75
1.133579,5245.0
1.1323,5245.25
1.131021,5245.5
1.131021,5245.75
1.1323,5246.0
1.122068,5246.25
1.128463,5246.5
1.127184,5246.75
1.128463,5247.0
1.127184,5247.25
1.127184,5247.5
1.124626,5247.75
1.127184,5248.0
1.123347,5248.25
1.125905,5248.5
1.120789,5248.75
1.125905,5249.0
1.124626,5249.25
1.124626,5249.5
1.124626,5249.75
1.123347,5250.0
1.123347,5250.25
1.123347,5250.5
1.127184,5250.75
1.128463,5251.0
1.125905,5251.25
1.123347,5251.5
1.122068,5251.75
1.123347,5252.0
1.120789,5252.25
1.122068,5252.5
1.122068,5252.75
1.123347,5253.0
1.122068,5253.25
1.122068,5253.5
1.11951,5253.75
1.120789,5254.0
1.120789,5254.25
1.120789,5254.5
1.122068,5254.75
1.114394,5255.0
1.120789,5255.25
1.113115,5255.5
1.122068,5255.75
1.120789,5256.0
1.120789,5256.25
1.116952,5256.5
1.11951,5256.75
1.113115,5257.0
1.118231,5257.25
1.118231,5257.5
1.11951,5257.75
1.116952,5258.0
1.118231,5258.25
1.120789,5258.5
1.118231,5258.75
1.118231,5259.0
1.116952,5259.25
1.116952,5259.5
1.116952,5259.75
1.116952,5260.0
1.118231,5260.25
1.115673,5260.5
1.118231,5260.75
1.115673,5261.0
1.118231,5261.25
1.115673,5261.5
1.110558,5261.75
1.114394,5262.0
1.118231,5262.25
1.114394,5262.5
1.116952,5262.75
1.116952,5263.0
1.118231,5263.25
1.115673,5263.5
1.11951,5263.75
1.118231,5264.0
1.11951,5264.25
1.116952,5264.5
1.116952,5264.75
1.118231,5265.0
1.118231,5265.25
1.118231,5265.5
1.11951,5265.75
1.11951,5266.0
1.114394,5266.25
1.118231,5266.5
1.120789,5266.75
1.116952,5267.0
1.118231,5267.25
1.115673,5267.5
1.11951,5267.75
1.116952,5268.0
1.11951,5268.25
1.118231,5268.5
1.118231,5268.75
1.110558,5269.0
1.118231,5269.25
1.113115,5269.5
1.118231,5269.75
1.116952,5270.0
1.115673,5270.25
1.116952,5270.5
1.115673,5270.75
1.116952,5271.0
1.114394,5271.25
1.116952,5271.5
1.114394,5271.75
1.115673,5272.0
1.115673,5272.25
1.120789,5272.5
1.11951,5272.75
1.116952,5273.0
1.118231,5273.25
1.116952,5273.5
1.118231,5273.75
1.11951,5274.0
1.116952,5274.25
1.116952,5274.5
1.116952,5274.75
1.11951,5275.0
1.118231,5275.25
1.116952,5275.5
1.116952,5275.75
1.116952,5276.0
1.115673,5276.25
1.118231,5276.5
1.118231,5276.75
1.116952,5277.0
1.116952,5277.25
1.116952,5277.5
1.118231,5277.75
1.118231,5278.0
1.115673,5278.25
1.114394,5278.5
1.116952,5278.75
1.114394,5279.0
1.116952,5279.25
1.115673,5279.5
1.116952,5279.75
1.116952,5280.0
1.115673,5280.25
1.11951,5280.5
1.115673,5280.75
1.115673,5281.0
1.113115,5281.25
1.115673,5281.5
1.115673,5281.75
1.118231,5282.0
1.115673,5282.25
1.115673,5282.5
1.115673,5282.75
1.115673,5283.0
1.116952,5283.25
1.115673,5283.5
1.116952,5283.75
1.113115,5284.0
1.114394,5284.25
1.111836,5284.5
1.115673,5284.75
1.115673,5285.0
1.116952,5285.25
1.114394,5285.5
1.115673,5285.75
1.115673,5286.0
1.110558,5286.25
1.113115,5286.5
1.114394,5286.75
1.11951,5287.0
1.11951,5287.25
1.115673,5287.5
1.116952,5287.75
1.113115,5288.0
1.113115,5288.25
1.113115,5288.5
1.114394,5288.75
1.113115,5289.0
1.115673,5289.25
1.111836,5289.5
1.114394,5289.75
1.111836,5290.0
1.115673,5290.25
1.114394,5290.5
1.114394,5290.75
1.114394,5291.0
1.114394,5291.25
1.114394,5291.5
1.114394,5291.75
1.113115,5292.0
1.111836,5292.25
1.113115,5292.5
1.113115,5292.75
1.114394,5293.0
1.114394,5293.25
1.114394,5293.5
1.115673,5293.75
1.114394,5294.0
1.115673,5294.25
1.113115,5294.5
1.115673,5294.75
1.113115,5295.0
1.115673,5295.25
1.113115,5295.5
1.114394,5295.75
1.115673,5296.0
1.113115,5296.25
1.113115,5296.5
1.115673,5296.75
1.115673,5297.0
1.115673,5297.25
1.115673,5297.5
1.111836,5297.75
1.111836,5298.0
1.111836,5298.25
1.109279,5298.5
1.113115,5298.75
1.113115,5299.0
1.113115,5299.25
1.111836,5299.5
1.115673,5299.75
1.114394,5300.0
1.113115,5300.25
1.111836,5300.5
1.113115,5300.75
1.111836,5301.0
1.111836,5301.25
1.113115,5301.5
1.110558,5301.75
1.114394,5302.0
1.110558,5302.25
1.111836,5302.5
1.111836,5302.75
1.111836,5303.0
1.101605,5303.25
1.110558,5303.5
1.105442,5303.75
1.111836,5304.0
1.109279,5304.25
1.109279,5304.5
1.109279,5304.75
1.113115,5305.0
1.111836,5305.25
1.110558,5305.5
1.110558,5305.75
1.111836,5306.0
1.102884,5306.25
1.102884,5306.5
1.108,5306.75
1.110558,5307.0
1.109279,5307.25
1.111836,5307.5
1.109279,5307.75
1.111836,5308.0
1.109279,5308.25
1.111836,5308.5
1.110558,5308.75
1.116952,5309.0
1.108,5309.25
1.109279,5309.5
1.106721,5309.75
1.108,5310.0
1.106721,5310.25
1.106721,5310.5
1.108,5310.75
1.108,5311.0
1.105442,5311.25
1.105442,5311.5
1.108,5311.75
1.106721,5312.0
1.108,5312.25
1.101605,5312.5
1.109279,5312.75
1.109279,5313.0
1.109279,5313.25
1.109279,5313.5
1.109279,5313.75
1.106721,5314.0
1.106721,5314.25
1.105442,5314.5
1.105442,5314.75
1.105442,5315.0
1.106721,5315.25
1.105442,5315.5
1.106721,5315.75
1.106721,5316.0
1.106721,5316.25
1.104163,5316.5
1.106721,5316.75
1.102884,5317.0
1.106721,5317.25
1.101605,5317.5
1.106721,5317.75
1.104163,5318.0
1.108,5318.25
1.105442,5318.5
1.106721,5318.75
1.105442,5319.0
1.108,5319.25
1.105442,5319.5
1.106721,5319.75
1.105442,5320.0
1.101605,5320.25
1.100326,5320.5
1.104163,5320.75
1.102884,5321.0
1.105442,5321.25
1.116952,5321.5
1.125905,5321.75
1.125905,5322.0
1.122068,5322.25
1.118231,5322.5
1.11951,5322.75
1.115673,5323.0
1.105442,5323.25
1.101605,5323.5
1.109279,5323.75
1.09521,5324.0
1.133579,5324.25
1.16811,5324.5
1.142531,5324.75
1.116952,5325.0
1.102884,5325.25
1.101605,5325.5
1.096489,5325.75
1.092652,5326.0
1.081142,5326.25
1.082421,5326.5
1.078584,5326.75
1.084979,5327.0
1.086258,5327.25
1.09521,5327.5
1.082421,5327.75
1.068352,5328.0
1.091373,5328.25
1.091373,5328.5
1.105442,5328.75
1.110558,5329.0
1.105442,5329.25
1.108,5329.5
1.090094,5329.75
1.086258,5330.0
1.086258,5330.25
1.093931,5330.5
1.082421,5330.75
1.081142,5331.0
1.084979,5331.25
1.073468,5331.5
1.056842,5331.75
1.028705,5332.0
1.045331,5332.25
1.019753,5332.5
1.012079,5332.75
1.044052,5333.0
1.082421,5333.25
1.068352,5333.5
1.069631,5333.75
1.068352,5334.0
1.074747,5334.25
1.077305,5334.5
1.072189,5334.75
1.0837,5335.0
1.072189,5335.25
1.069631,5335.5
1.077305,5335.75
1.064516,5336.0
1.064516,5336.25
1.086258,5336.5
1.074747,5336.75
1.084979,5337.0
1.0837,5337.25
1.076026,5337.5
1.077305,5337.75
1.090094,5338.0
1.09521,5338.25
1.091373,5338.5
1.086258,5338.75
1.073468,5339.0
1.076026,5339.25
1.079863,5339.5
1.086258,5339.75
1.102884,5340.0
1.096489,5340.25
1.090094,5340.5
1.086258,5340.75
1.086258,5341.0
1.084979,5341.25
1.115673,5341.5
1.120789,5341.75
1.123347,5342.0
1.122068,5342.25
1.122068,5342.5
1.120789,5342.75
1.152763,5343.0
1.139973,5343.25
1.137415,5343.5
1.118231,5343.75
1.120789,5344.0
1.100326,5344.25
1.092652,5344.5
1.097768,5344.75
1.096489,5345.0
1.09521,5345.25
1.093931,5345.5
1.105442,5345.75
1.078584,5346.0
1.099047,5346.25
1.116952,5346.5
1.092652,5346.75
1.105442,5347.0
1.110558,5347.25
1.113115,5347.5
1.114394,5347.75
1.116952,5348.0
1.106721,5348.25
1.114394,5348.5
1.110558,5348.75
1.116952,5349.0
1.115673,5349.25
1.114394,5349.5
1.111836,5349.75
1.113115,5350.0
1.108,5350.25
1.102884,5350.5
1.100326,5350.75
1.101605,5351.0
1.097768,5351.25
1.097768,5351.5
1.096489,5351.75
1.097768,5352.0
1.09521,5352.25
1.09521,5352.5
1.087537,5352.75
1.088815,5353.0
1.0837,5353.25
1.087537,5353.5
1.087537,5353.75
1.091373,5354.0
1.0837,5354.25
1.082421,5354.5
1.081142,5354.75
1.081142,5355.0
1.076026,5355.25
1.074747,5355.5
1.076026,5355.75
1.078584,5356.0
1.077305,5356.25
1.074747,5356.5
1.076026,5356.75
1.079863,5357.0
1.084979,5357.25
1.086258,5357.5
1.081142,5357.75
1.084979,5358.0
1.078584,5358.25
1.079863,5358.5
1.076026,5358.75
1.077305,5359.0
1.073468,5359.25
1.077305,5359.5
1.073468,5359.75
1.077305,5360.0
1.076026,5360.25
1.077305,5360.5
1.073468,5360.75
1.07091,5361.0
1.072189,5361.25
1.068352,5361.5
1.067073,5361.75
1.065794,5362.0
1.067073,5362.25
1.063237,5362.5
1.07091,5362.75
1.073468,5363.0
1.069631,5363.25
1.072189,5363.5
1.07091,5363.75
1.073468,5364.0
1.072189,5364.25
1.072189,5364.5
1.072189,5364.75
1.072189,5365.0
1.069631,5365.25
1.069631,5365.5
1.069631,5365.75
1.068352,5366.0
1.0594,5366.25
1.058121,5366.5
1.058121,5366.75
1.055563,5367.0
1.056842,5367.25
1.047889,5367.5
1.054284,5367.75
1.04661,5368.0
1.051726,5368.25
1.04661,5368.5
1.051726,5368.75
1.04661,5369.0
1.047889,5369.25
1.045331,5369.5
1.036379,5369.75
1.04661,5370.0
1.044052,5370.25
1.041495,5370.5
1.041495,5370.75
1.042773,5371.0
1.044052,5371.25
1.044052,5371.5
1.047889,5371.75
1.045331,5372.0
1.040216,5372.25
1.037658,5372.5
1.040216,5372.75
1.038937,5373.0
1.042773,5373.25
1.044052,5373.5
1.047889,5373.75
1.047889,5374.0
1.04661,5374.25
1.040216,5374.5
1.037658,5374.75
1.040216,5375.0
1.038937,5375.25
1.040216,5375.5
1.038937,5375.75
1.038937,5376.0
1.038937,5376.25
1.036379,5376.5
1.036379,5376.75
1.033821,5377.0
1.033821,5377.25
1.031263,5377.5
1.033821,5377.75
1.029984,5378.0
1.031263,5378.25
1.028705,5378.5
1.028705,5378.75
1.027426,5379.0
1.027426,5379.25
1.026147,5379.5
1.026147,5379.75
1.023589,5380.0
1.023589,5380.25
1.023589,5380.5
1.021031,5380.75
1.021031,5381.0
1.021031,5381.25
1.019753,5381.5
1.019753,5381.75
1.018474,5382.0
1.021031,5382.25
1.019753,5382.5
1.019753,5382.75
1.015916,5383.0
1.017195,5383.25
1.014637,5383.5
1.017195,5383.75
1.017195,5384.0
1.015916,5384.25
1.014637,5384.5
1.014637,5384.75
1.013358,5385.0
1.013358,5385.25
1.009521,5385.5
1.005684,5385.75
1.02231,5386.0
1.015916,5386.25
1.014637,5386.5
1.012079,5386.75
1.013358,5387.0
1.013358,5387.25
1.008242,5387.5
1.008242,5387.75
1.005684,5388.0
1.004405,5388.25
1.004405,5388.5
1.003126,5388.75
1.005684,5389.0
1.001847,5389.25
0.999289,5389.5
1.000568,5389.75
0.99801,5390.0
0.99801,5390.25
0.996732,5390.5
0.99801,5390.75
0.996732,5391.0
0.994174,5391.25
0.995453,5391.5
0.994174,5391.75
0.995453,5392.0
0.992895,5392.25
0.991616,5392.5
0.992895,5392.75
0.992895,5393.0
0.992895,5393.25
0.994174,5393.5
0.994174,5393.75
0.996732,5394.0
1.001847,5394.25
0.999289,5394.5
1.001847,5394.75
0.999289,5395.0
0.999289,5395.25
0.996732,5395.5
0.99801,5395.75
0.995453,5396.0
0.995453,5396.25
0.994174,5396.5
0.992895,5396.75
0.994174,5397.0
0.992895,5397.25
0.990337,5397.5
0.991616,5397.75
0.990337,5398.0
0.989058,5398.25
0.9865,5398.5
0.9865,5398.75
0.983942,5399.0
0.983942,5399.25
0.982663,5399.5
1.017096,5399.75
1.013259,5400.0
1.014538,5400.25
1.01198,5400.5
1.01198,5400.75
1.010701,5401.0
1.010701,5401.25
1.013259,5401.5
1.020933,5401.75
1.022211,5402.0
1.018375,5402.25
1.020933,5402.5
1.028606,5402.75
1.018375,5403.0
1.014538,5403.25
1.009422,5403.5
1.009422,5403.75
1.008143,5404.0
1.008143,5404.25
1.003027,5404.5
1.005585,5404.75
0.999191,5405.0
1.004306,5405.25
0.994075,5405.5
1.000469,5405.75
0.999191,5406.0
0.98768,5406.25
0.996633,5406.5
1.000469,5406.75
1.000469,5407.0
0.999191,5407.25
0.997912,5407.5
0.996633,5407.75
0.997912,5408.0
1.004306,5408.25
1.005585,5408.5
1.008143,5408.75
1.009422,5409.0
1.01198,5409.25
1.015817,5409.5
1.018375,5409.75
1.017096,5410.0
1.015817,5410.25
1.008143,5410.5
1.009422,5410.75
1.003027,5411.0
0.999191,5411.25
0.994075,5411.5
0.992796,5411.75
0.992796,5412.0
0.992796,5412.25
0.985122,5412.5
0.997912,5412.75
0.990238,5413.0
0.988959,5413.25
0.982564,5413.5
0.983843,5413.75
0.978727,5414.0
0.978727,5414.25
0.981285,5414.5
0.992796,5414.75
0.982564,5415.0
0.98768,5415.25
1.009422,5415.5
1.051627,5415.75
1.043954,5416.0
1.046511,5416.25
1.045233,5416.5
1.046511,5416.75
1.050348,5417.0
1.045233,5417.25
1.038838,5417.5
1.040117,5417.75
1.043954,5418.0
1.041396,5418.25
1.040117,5418.5
1.037559,5418.75
1.040117,5419.0
1.041396,5419.25
1.035001,5419.5
1.027327,5419.75
1.026048,5420.0
1.040117,5420.25
1.03628,5420.5
1.020933,5420.75
1.028606,5421.0
1.031164,5421.25
1.015817,5421.5
1.020933,5421.75
1.029885,5422.0
1.031164,5422.25
1.022211,5422.5
1.017096,5422.75
1.024769,5423.0
1.024769,5423.25
1.019654,5423.5
1.019654,5423.75
1.024769,5424.0
1.020933,5424.25
1.010701,5424.5
1.009422,5424.75
1.024769,5425.0
1.008143,5425.25
0.991517,5425.5
0.965938,5425.75
0.960822,5426.0
0.953149,5426.25
0.954427,5426.5
0.968496,5426.75
0.969775,5427.0
0.969775,5427.25
0.965938,5427.5
1.001748,5427.75
1.005585,5428.0
1.009422,5428.25
1.010701,5428.5
1.010701,5428.75
0.994075,5429.0
1.019654,5429.25
1.028606,5429.5
1.026048,5429.75
1.000469,5430.0
0.994075,5430.25
1.031164,5430.5
0.982564,5430.75
0.983843,5431.0
1.008143,5431.25
1.009422,5431.5
1.004306,5431.75
1.004306,5432.0
1.001748,5432.25
1.000469,5432.5
1.014538,5432.75
1.043954,5433.0
1.046511,5433.25
1.028606,5433.5
1.028606,5433.75
1.045233,5434.0
1.035001,5434.25
1.043954,5434.5
1.073369,5434.75
1.087438,5435.0
1.064417,5435.25
1.054185,5435.5
1.081043,5435.75
1.088717,5436.0
1.069532,5436.25
1.054185,5436.5
1.032443,5436.75
0.959543,5437.0
0.959543,5437.25
0.982564,5437.5
1.001748,5437.75
1.006864,5438.0
1.000469,5438.25
1.042675,5438.5
1.040117,5438.75
1.037559,5439.0
1.049069,5439.25
1.027327,5439.5
1.118132,5439.75
1.114295,5440.0
1.066975,5440.25
1.064417,5440.5
1.058022,5440.75
0.933964,5441.0
0.971054,5441.25
1.028606,5441.5
0.880249,5441.75
1.042675,5442.0
1.040117,5442.25
1.04779,5442.5
1.059301,5442.75
1.052906,5443.0
1.055464,5443.25
1.038838,5443.5
1.005585,5443.75
1.018375,5444.0
0.962101,5444.25
1.024769,5444.5
0.992796,5444.75
1.017096,5445.0
1.015817,5445.25
1.019654,5445.5
1.018375,5445.75
1.018375,5446.0
1.006864,5446.25
1.004306,5446.5
1.003027,5446.75
0.996633,5447.0
0.994075,5447.25
0.990238,5447.5
0.980006,5447.75
0.996633,5448.0
0.999191,5448.25
0.988959,5448.5
0.794559,5448.75
0.959543,5449.0
0.992796,5449.25
1.035001,5449.5
1.029885,5449.75
1.02349,5450.0
1.013259,5450.25
1.005585,5450.5
1.014538,5450.75
1.014538,5451.0
1.014538,5451.25
1.01198,5451.5
1.006864,5451.75
1.019654,5452.0
1.017096,5452.25
1.018375,5452.5
1.018375,5452.75
1.02349,5453.0
1.02349,5453.25
1.022211,5453.5
1.019654,5453.75
1.020933,5454.0
1.020933,5454.25
1.026048,5454.5
1.029885,5454.75
1.020933,5455.0
1.063138,5455.25
1.028606,5455.5
1.035001,5455.75
1.031164,5456.0
1.035001,5456.25
1.042675,5456.5
1.003027,5456.75
1.051627,5457.0
1.054185,5457.25
1.061859,5457.5
1.063138,5457.75
1.082322,5458.0
1.087438,5458.25
1.093832,5458.5
1.088717,5458.75
1.070811,5459.0
1.07209,5459.25
1.111738,5459.5
1.136037,5459.75
1.12069,5460.0
1.073369,5460.25
1.064417,5460.5
1.061859,5460.75
1.055464,5461.0
1.051627,5461.25
1.050348,5461.5
1.055464,5461.75
1.069532,5462.0
1.082322,5462.25
1.073369,5462.5
1.043954,5462.75
1.058022,5463.0
1.063138,5463.25
1.063138,5463.5
1.064417,5463.75
1.075927,5464.0
1.058022,5464.25
1.06058,5464.5
1.176964,5464.75
1.16929,5465.0
1.115574,5465.25
1.102785,5465.5
1.093832,5465.75
1.083601,5466.0
1.079764,5466.25
1.118132,5466.5
1.137316,5466.75
1.134759,5467.0
1.114295,5467.25
1.105343,5467.5
1.098948,5467.75
1.09639,5468.0
1.089996,5468.25
1.088717,5468.5
1.08488,5468.75
1.077206,5469.0
1.075927,5469.25
1.073369,5469.5
1.07209,5469.75
1.070811,5470.0
1.068254,5470.25
1.065696,5470.5
1.066975,5470.75
1.063138,5471.0
1.063138,5471.25
1.065696,5471.5
1.066975,5471.75
1.068254,5472.0
1.065696,5472.25
1.066975,5472.5
1.066975,5472.75
1.069532,5473.0
1.065696,5473.25
1.064417,5473.5
1.06058,5473.75
1.063138,5474.0
1.06058,5474.25
1.06058,5474.5
1.059301,5474.75
1.06058,5475.0
1.058022,5475.25
1.058022,5475.5
1.058022,5475.75
1.056743,5476.0
1.055464,5476.25
1.050348,5476.5
1.052906,5476.75
1.055464,5477.0
1.051627,5477.25
1.055464,5477.5
1.051627,5477.75
1.052906,5478.0
1.049069,5478.25
1.050348,5478.5
1.04779,5478.75
1.050348,5479.0
1.043954,5479.25
1.04779,5479.5
1.043954,5479.75
1.04779,5480.0
1.045233,5480.25
1.045233,5480.5
1.083601,5480.75
1.079764,5481.0
1.079764,5481.25
1.068254,5481.5
1.063138,5481.75
1.06058,5482.0
1.065696,5482.25
1.093832,5482.5
1.09639,5482.75
1.105343,5483.0
1.095111,5483.25
1.086159,5483.5
1.089996,5483.75
1.091274,5484.0
1.073369,5484.25
1.063138,5484.5
1.061859,5484.75
1.069532,5485.0
1.075927,5485.25
1.077206,5485.5
1.093832,5485.75
1.101506,5486.0
1.101506,5486.25
1.10918,5486.5
1.114295,5486.75
1.113016,5487.0
1.107901,5487.25
1.101506,5487.5
1.104064,5487.75
1.101506,5488.0
1.101506,5488.25
1.095111,5488.5
1.093832,5488.75
1.086159,5489.0
1.091274,5489.25
1.093832,5489.5
1.086159,5489.75
1.087438,5490.0
1.087438,5490.25
1.093832,5490.5
1.097669,5490.75
1.09639,5491.0
1.09639,5491.25
1.09639,5491.5
1.092553,5491.75
1.092553,5492.0
1.088717,5492.25
1.086159,5492.5
1.082322,5492.75
1.079764,5493.0
1.079764,5493.25
1.078485,5493.5
1.075927,5493.75
1.077206,5494.0
1.073369,5494.25
1.073369,5494.5
1.07209,5494.75
1.073369,5495.0
1.07209,5495.25
1.07209,5495.5
1.066975,5495.75
1.07209,5496.0
1.068254,5496.25
1.070811,5496.5
1.068254,5496.75
1.069532,5497.0
1.065696,5497.25
1.069532,5497.5
1.068254,5497.75
1.068254,5498.0
1.065696,5498.25
1.064417,5498.5
1.065696,5498.75
1.066975,5499.0
1.065696,5499.25
1.066975,5499.5
1.065696,5499.75
1.066975,5500.0
1.059301,5500.25
1.066975,5500.5
1.064417,5500.75
1.064417,5501.0
1.061859,5501.25
1.063138,5501.5
1.063138,5501.75
1.064417,5502.0
1.063138,5502.25
1.059301,5502.5
1.06058,5502.75
1.06058,5503.0
1.061859,5503.25
1.059301,5503.5
1.059301,5503.75
1.055464,5504.0
1.059301,5504.25
1.058022,5504.5
1.056743,5504.75
1.055464,5505.0
1.058022,5505.25
1.056743,5505.5
1.059301,5505.75
1.063138,5506.0
1.055464,5506.25
1.06058,5506.5
1.06058,5506.75
1.063138,5507.0
1.061859,5507.25
1.06058,5507.5
1.059301,5507.75
1.058022,5508.0
1.058022,5508.25
1.050348,5508.5
1.058022,5508.75
1.056743,5509.0
1.055464,5509.25
1.051627,5509.5
1.051627,5509.75
1.052906,5510.0
1.051627,5510.25
1.051627,5510.5
1.050348,5510.75
1.051627,5511.0
1.050348,5511.25
1.050348,5511.5
1.04779,5511.75
1.050348,5512.0
1.046511,5512.25
1.050348,5512.5
1.04779,5512.75
1.050348,5513.0
1.04779,5513.25
1.052906,5513.5
1.054185,5513.75
1.063138,5514.0
1.064417,5514.25
1.064417,5514.5
1.065696,5514.75
1.064417,5515.0
1.064417,5515.25
1.061859,5515.5
1.054185,5515.75
1.059301,5516.0
1.056743,5516.25
1.055464,5516.5
1.054185,5516.75
1.055464,5517.0
1.051627,5517.25
1.050348,5517.5
1.04779,5517.75
1.049069,5518.0
1.049069,5518.25
1.04779,5518.5
1.04779,5518.75
1.04779,5519.0
1.04779,5519.25
1.04779,5519.5
1.050348,5519.75
1.046511,5520.0
1.049069,5520.25
1.043954,5520.5
1.04779,5520.75
1.046511,5521.0
1.046511,5521.25
1.045233,5521.5
1.043954,5521.75
1.043954,5522.0
1.042675,5522.25
1.043954,5522.5
1.042675,5522.75
1.041396,5523.0
1.038838,5523.25
1.041396,5523.5
1.040117,5523.75
1.041396,5524.0
1.041396,5524.25
1.040117,5524.5
1.041396,5524.75
1.043954,5525.0
1.045233,5525.25
1.042675,5525.5
1.046511,5525.75
1.038838,5526.0
1.035001,5526.25
1.037559,5526.5
1.038838,5526.75
1.038838,5527.0
1.037559,5527.25
1.03628,5527.5
1.03628,5527.75
1.029885,5528.0
1.033722,5528.25
1.032443,5528.5
1.028606,5528.75
1.032443,5529.0
1.032443,5529.25
1.031164,5529.5
1.029885,5529.75
1.032443,5530.0
1.031164,5530.25
1.031164,5530.5
1.032443,5530.75
1.031164,5531.0
1.031164,5531.25
1.027327,5531.5
1.031164,5531.75
1.026048,5532.0
1.028606,5532.25
1.028606,5532.5
1.027327,5532.75
1.028606,5533.0
1.024769,5533.25
1.028606,5533.5
1.026048,5533.75
1.027327,5534.0
1.022211,5534.25
1.024769,5534.5
1.024769,5534.75
1.027327,5535.0
1.024769,5535.25
1.027327,5535.5
1.02349,5535.75
1.026048,5536.0
1.024769,5536.25
1.024769,5536.5
1.022211,5536.75
1.022211,5537.0
1.020933,5537.25
1.020933,5537.5
1.019654,5537.75
1.020933,5538.0
1.019654,5538.25
1.019654,5538.5
1.018375,5538.75
1.020933,5539.0
1.01198,5539.25
1.018375,5539.5
1.015817,5539.75
1.020933,5540.0
1.019654,5540.25
1.019654,5540.5
1.018375,5540.75
1.019654,5541.0
1.018375,5541.25
1.018375,5541.5
1.018375,5541.75
1.018375,5542.0
1.017096,5542.25
1.014538,5542.5
1.018375,5542.75
1.017096,5543.0
1.015817,5543.25
1.014538,5543.5
1.015817,5543.75
1.01198,5544.0
1.013259,5544.25
1.013259,5544.5
1.01198,5544.75
1.009422,5545.0
1.006864,5545.25
1.010701,5545.5
1.008143,5545.75
1.008143,5546.0
1.000469,5546.25
1.005585,5546.5
1.005585,5546.75
1.005585,5547.0
1.006864,5547.25
1.004306,5547.5
1.004306,5547.75
1.004306,5548.0
1.006864,5548.25
1.006864,5548.5
1.006864,5548.75
1.008143,5549.0
1.008143,5549.25
1.008143,5549.5
1.008143,5549.75
1.008143,5550.0
1.006864,5550.25
1.005585,5550.5
1.003027,5550.75
1.005585,5551.0
1.004306,5551.25
1.003027,5551.5
1.004306,5551.75
1.003027,5552.0
1.004306,5552.25
1.001748,5552.5
1.004306,5552.75
1.001748,5553.0
1.001748,5553.25
0.997912,5553.5
1.000469,5553.75
0.997912,5554.0
0.999191,5554.25
0.996633,5554.5
0.999191,5554.75
0.997912,5555.0
0.997912,5555.25
0.996633,5555.5
0.996633,5555.75
0.996633,5556.0
0.994075,5556.25
0.996633,5556.5
0.996633,5556.75
0.994075,5557.0
0.995354,5557.25
0.995354,5557.5
0.996633,5557.75
0.996633,5558.0
0.996633,5558.25
0.995354,5558.5
0.995354,5558.75
0.992796,5559.0
0.994075,5559.25
0.991517,5559.5
0.992796,5559.75
0.991517,5560.0
0.990238,5560.25
0.990238,5560.5
0.991517,5560.75
0.991517,5561.0
0.990238,5561.25
0.988959,5561.5
0.98768,5561.75
0.990238,5562.0
0.991517,5562.25
0.988959,5562.5
0.991517,5562.75
0.991517,5563.0
0.991517,5563.25
0.990238,5563.5
0.991517,5563.75
0.988959,5564.0
0.990238,5564.25
0.985122,5564.5
0.988959,5564.75
0.985122,5565.0
0.986401,5565.25
0.985122,5565.5
0.986401,5565.75
0.985122,5566.0
0.980006,5566.25
0.98768,5566.5
0.986401,5566.75
0.98768,5567.0
0.982564,5567.25
0.980006,5567.5
0.985122,5567.75
0.985122,5568.0
0.985122,5568.25
0.985122,5568.5
0.983843,5568.75
0.986401,5569.0
0.983843,5569.25
0.983843,5569.5
0.981285,5569.75
0.978727,5570.0
0.981285,5570.25
0.982564,5570.5
0.982564,5570.75
0.982564,5571.0
0.981285,5571.25
0.980006,5571.5
0.980006,5571.75
0.982564,5572.0
0.980006,5572.25
0.981285,5572.5
0.97617,5572.75
0.980006,5573.0
0.977448,5573.25
0.978727,5573.5
0.977448,5573.75
0.978727,5574.0
0.97617,5574.25
0.97617,5574.5
0.977448,5574.75
0.977448,5575.0
0.973612,5575.25
0.974891,5575.5
0.973612,5575.75
0.974891,5576.0
0.973612,5576.25
0.97617,5576.5
0.974891,5576.75
0.977448,5577.0
0.973612,5577.25
0.97617,5577.5
0.974891,5577.75
0.97617,5578.0
0.972333,5578.25
0.974891,5578.5
0.972333,5578.75
0.97617,5579.0
0.973612,5579.25
0.974891,5579.5
0.967217,5579.75
0.972333,5580.0
0.968496,5580.25
0.972333,5580.5
0.971054,5580.75
0.969775,5581.0
0.969775,5581.25
0.968496,5581.5
0.968496,5581.75
0.969775,5582.0
0.967217,5582.25
0.967217,5582.5
0.967217,5582.75
0.968496,5583.0
0.967217,5583.25
0.967217,5583.5
0.964659,5583.75
0.967217,5584.0
0.964659,5584.25
0.965938,5584.5
0.965938,5584.75
0.965938,5585.0
0.965938,5585.25
0.965938,5585.5
0.964659,5585.75
0.962101,5586.0
0.958264,5586.25
0.958264,5586.5
0.96338,5586.75
0.962101,5587.0
0.962101,5587.25
0.959543,5587.5
0.962101,5587.75
0.960822,5588.0
0.960822,5588.25
0.962101,5588.5
0.960822,5588.75
0.959543,5589.0
0.955706,5589.25
0.956985,5589.5
0.956985,5589.75
0.955706,5590.0
0.956985,5590.25
0.954427,5590.5
0.955706,5590.75
0.954427,5591.0
0.955706,5591.25
0.955706,5591.5
0.955706,5591.75
0.946754,5592.0
0.955706,5592.25
0.954427,5592.5
0.954427,5592.75
0.954427,5593.0
0.953149,5593.25
0.953149,5593.5
0.953149,5593.75
0.955706,5594.0
0.954427,5594.25
0.953149,5594.5
0.949312,5594.75
0.954427,5595.0
0.95187,5595.25
0.95187,5595.5
0.95187,5595.75
0.953149,5596.0
0.950591,5596.25
0.950591,5596.5
0.95187,5596.75
0.95187,5597.0
0.949312,5597.25
0.948033,5597.5
0.950591,5597.75
0.949312,5598.0
0.949312,5598.25
0.949312,5598.5
0.948033,5598.75
0.950591,5599.0
0.949312,5599.25
0.949312,5599.5
0.949312,5599.75
0.949312,5600.0
0.946754,5600.25
0.948033,5600.5
0.948033,5600.75
0.948033,5601.0
0.948033,5601.25
0.946754,5601.5
0.948033,5601.75
0.945475,5602.0
0.948033,5602.25
0.946754,5602.5
0.946754,5602.75
0.942917,5603.0
0.945475,5603.25
0.944196,5603.5
0.945475,5603.75
0.945475,5604.0
0.944196,5604.25
0.944196,5604.5
0.944196,5604.75
0.946754,5605.0
0.942917,5605.25
0.942917,5605.5
0.940359,5605.75
0.942917,5606.0
0.935243,5606.25
0.941638,5606.5
0.941638,5606.75
0.942917,5607.0
0.940359,5607.25
0.941638,5607.5
0.940359,5607.75
0.941638,5608.0
0.940359,5608.25
0.93908,5608.5
0.940359,5608.75
0.941638,5609.0
0.941638,5609.25
0.941638,5609.5
0.940359,5609.75
0.941638,5610.0
0.933964,5610.25
0.940359,5610.5
0.940359,5610.75
0.942917,5611.0
0.93908,5611.25
0.940359,5611.5
0.940359,5611.75
0.93908,5612.0
0.940359,5612.25
0.93908,5612.5
0.940359,5612.75
0.940359,5613.0
0.942917,5613.25
0.93908,5613.5
0.93908,5613.75
0.937801,5614.0
0.93908,5614.25
0.93908,5614.5
0.93908,5614.75
0.93908,5615.0
0.937801,5615.25
0.937801,5615.5
0.93908,5615.75
0.940359,5616.0
0.93908,5616.25
0.937801,5616.5
0.933964,5616.75
0.935243,5617.0
0.950591,5617.25
0.955706,5617.5
0.967217,5617.75
0.965938,5618.0
0.967217,5618.25
0.964659,5618.5
0.973612,5618.75
0.972333,5619.0
0.992796,5619.25
0.973612,5619.5
0.98768,5619.75
0.978727,5620.0
0.97617,5620.25
0.990238,5620.5
0.97617,5620.75
0.990238,5621.0
0.97617,5621.25
0.971054,5621.5
0.967217,5621.75
0.949312,5622.0
0.930128,5622.25
0.937801,5622.5
0.962101,5622.75
0.97617,5623.0
0.981285,5623.25
0.969775,5623.5
0.973612,5623.75
0.972333,5624.0
0.972333,5624.25
0.969775,5624.5
0.971054,5624.75
0.969775,5625.0
0.972333,5625.25
0.972333,5625.5
0.972333,5625.75
0.973612,5626.0
0.969775,5626.25
0.973612,5626.5
0.973612,5626.75
0.974891,5627.0
0.967217,5627.25
0.983843,5627.5
0.969775,5627.75
0.973612,5628.0
0.969775,5628.25
0.971054,5628.5
0.968496,5628.75
0.971054,5629.0
0.968496,5629.25
0.968496,5629.5
0.968496,5629.75
0.969775,5630.0
0.967217,5630.25
0.965938,5630.5
0.965938,5630.75
0.967217,5631.0
0.965938,5631.25
0.965938,5631.5
0.964659,5631.75
0.968496,5632.0
0.965938,5632.25
0.968496,5632.5
0.962101,5632.75
0.968496,5633.0
0.965938,5633.25
0.968496,5633.5
0.967217,5633.75
0.967217,5634.0
0.967217,5634.25
0.965938,5634.5
0.965938,5634.75
0.964659,5635.0
0.968496,5635.25
0.965938,5635.5
0.965938,5635.75
0.96338,5636.0
0.964659,5636.25
0.96338,5636.5
0.96338,5636.75
0.962101,5637.0
0.964659,5637.25
0.96338,5637.5
0.96338,5637.75
0.964659,5638.0
0.96338,5638.25
0.96338,5638.5
0.959543,5638.75
0.960822,5639.0
0.960822,5639.25
0.960822,5639.5
0.960822,5639.75
0.960822,5640.0
0.962101,5640.25
0.958264,5640.5
0.960822,5640.75
0.959543,5641.0
0.958264,5641.25
0.954427,5641.5
0.956985,5641.75
0.955706,5642.0
0.955706,5642.25
0.955706,5642.5
0.956985,5642.75
0.955706,5643.0
0.958264,5643.25
0.956985,5643.5
0.955706,5643.75
0.954427,5644.0
0.953149,5644.25
0.954427,5644.5
0.954427,5644.75
0.954427,5645.0
0.954427,5645.25
0.954427,5645.5
0.954427,5645.75
0.953149,5646.0
0.949312,5646.25
0.95187,5646.5
0.954427,5646.75
0.950591,5647.0
0.953149,5647.25
0.950591,5647.5
0.955706,5647.75
0.95187,5648.0
0.95187,5648.25
0.95187,5648.5
0.950591,5648.75
0.953149,5649.0
0.953149,5649.25
0.950591,5649.5
0.949312,5649.75
0.95187,5650.0
0.95187,5650.25
0.946754,5650.5
0.95187,5650.75
0.946754,5651.0
0.953149,5651.25
0.945475,5651.5
0.95187,5651.75
0.944196,5652.0
0.953149,5652.25
0.942917,5652.5
0.953149,5652.75
0.948033,5653.0
0.953149,5653.25
0.95187,5653.5
0.953149,5653.75
0.954427,5654.0
0.953149,5654.25
0.948033,5654.5
0.954427,5654.75
0.953149,5655.0
0.950591,5655.25
0.95187,5655.5
0.953149,5655.75
0.946754,5656.0
0.95187,5656.25
0.946754,5656.5
0.954427,5656.75
0.948033,5657.0
0.955706,5657.25
0.953149,5657.5
0.955706,5657.75
0.95187,5658.0
0.954427,5658.25
0.948033,5658.5
0.954427,5658.75
0.946754,5659.0
0.95187,5659.25
0.945475,5659.5
0.95187,5659.75
0.95187,5660.0
0.953149,5660.25
0.950591,5660.5
0.948033,5660.75
0.950591,5661.0
0.950591,5661.25
0.950591,5661.5
0.953149,5661.75
0.950591,5662.0
0.95187,5662.25
0.95187,5662.5
0.95187,5662.75
0.953149,5663.0
0.950591,5663.25
0.948033,5663.5
0.949312,5663.75
0.950591,5664.0
0.949312,5664.25
0.950591,5664.5
0.950591,5664.75
0.95187,5665.0
0.950591,5665.25
0.95187,5665.5
0.950591,5665.75
0.950591,5666.0
0.941638,5666.25
0.949312,5666.5
0.948033,5666.75
0.949312,5667.0
0.948033,5667.25
0.948033,5667.5
0.948033,5667.75
0.949312,5668.0
0.949312,5668.25
0.948033,5668.5
0.949312,5668.75
0.948033,5669.0
0.948033,5669.25
0.948033,5669.5
0.946754,5669.75
0.946754,5670.0
0.948033,5670.25
0.948033,5670.5
0.946754,5670.75
0.948033,5671.0
0.946754,5671.25
0.945475,5671.5
0.942917,5671.75
0.945475,5672.0
0.946754,5672.25
0.945475,5672.5
0.945475,5672.75
0.946754,5673.0
0.945475,5673.25
0.945475,5673.5
0.945475,5673.75
0.944196,5674.0
0.942917,5674.25
0.940359,5674.5
0.942917,5674.75
0.936522,5675.0
0.942917,5675.25
0.942917,5675.5
0.942917,5675.75
0.942917,5676.0
0.941638,5676.25
0.942917,5676.5
0.941638,5676.75
0.941638,5677.0
0.940359,5677.25
0.941638,5677.5
0.942917,5677.75
0.941638,5678.0
0.942917,5678.25
0.942917,5678.5
0.941638,5678.75
0.941638,5679.0
0.942917,5679.25
0.941638,5679.5
0.941638,5679.75
0.93908,5680.0
0.941638,5680.25
0.93908,5680.5
0.940359,5680.75
0.940359,5681.0
0.93908,5681.25
0.93908,5681.5
0.93908,5681.75
0.940359,5682.0
0.93908,5682.25
0.93908,5682.5
0.936522,5682.75
0.93908,5683.0
0.935243,5683.25
0.93908,5683.5
0.936522,5683.75
0.937801,5684.0
0.935243,5684.25
0.936522,5684.5
0.937801,5684.75
0.937801,5685.0
0.936522,5685.25
0.933964,5685.5
0.935243,5685.75
0.937801,5686.0
0.931406,5686.25
0.933964,5686.5
0.935243,5686.75
0.937801,5687.0
0.935243,5687.25
0.936522,5687.5
0.928849,5687.75
0.936522,5688.0
0.932685,5688.25
0.935243,5688.5
0.935243,5688.75
0.935243,5689.0
0.935243,5689.25
0.935243,5689.5
0.935243,5689.75
0.935243,5690.0
0.936522,5690.25
0.933964,5690.5
0.935243,5690.75
0.931406,5691.0
0.935243,5691.25
0.933964,5691.5
0.935243,5691.75
0.935243,5692.0
0.933964,5692.25
0.932685,5692.5
0.933964,5692.75
0.933964,5693.0
0.933964,5693.25
0.931406,5693.5
0.930128,5693.75
0.931406,5694.0
0.931406,5694.25
0.930128,5694.5
0.931406,5694.75
0.931406,5695.0
0.932685,5695.25
0.931406,5695.5
0.931406,5695.75
0.931406,5696.0
0.931406,5696.25
0.928849,5696.5
0.931406,5696.75
0.928849,5697.0
0.931406,5697.25
0.930128,5697.5
0.931406,5697.75
0.931406,5698.0
0.931406,5698.25
0.931406,5698.5
0.931406,5698.75
0.930128,5699.0
0.928849,5699.25
0.930128,5699.5
0.930128,5699.75
0.928849,5700.0
0.92757,5700.25
0.92757,5700.5
0.928849,5700.75
0.92757,5701.0
0.928849,5701.25
0.926291,5701.5
0.926291,5701.75
0.923733,5702.0
0.926291,5702.25
0.926291,5702.5
0.92757,5702.75
0.926291,5703.0
0.928849,5703.25
0.926291,5703.5
0.928849,5703.75
0.928849,5704.0
0.928849,5704.25
0.926291,5704.5
0.92757,5704.75
0.925012,5705.0
0.92757,5705.25
0.92757,5705.5
0.92757,5705.75
0.926291,5706.0
0.921175,5706.25
0.923733,5706.5
0.92757,5706.75
0.926291,5707.0
0.926291,5707.25
0.923733,5707.5
0.92757,5707.75
0.925012,5708.0
0.926291,5708.25
0.925012,5708.5
0.926291,5708.75
0.925012,5709.0
0.923733,5709.25
0.925012,5709.5
0.925012,5709.75
0.925012,5710.0
0.921175,5710.25
0.923733,5710.5
0.923733,5710.75
0.923733,5711.0
0.925012,5711.25
0.923733,5711.5
0.925012,5711.75
0.925012,5712.0
0.926291,5712.25
0.922454,5712.5
0.923733,5712.75
0.921175,5713.0
0.923733,5713.25
0.922454,5713.5
0.925012,5713.75
0.923733,5714.0
0.923733,5714.25
0.922454,5714.5
0.922454,5714.75
0.923733,5715.0
0.923733,5715.25
0.916059,5715.5
0.921175,5715.75
0.921175,5716.0
0.922454,5716.25
0.921175,5716.5
0.922454,5716.75
0.919896,5717.0
0.922454,5717.25
0.921175,5717.5
0.922454,5717.75
0.919896,5718.0
0.922454,5718.25
0.918617,5718.5
0.921175,5718.75
0.919896,5719.0
0.921175,5719.25
0.919896,5719.5
0.921175,5719.75
0.919896,5720.0
0.921175,5720.25
0.922454,5720.5
0.919896,5720.75
0.919896,5721.0
0.917338,5721.25
0.918617,5721.5
0.918617,5721.75
0.918617,5722.0
0.918617,5722.25
0.917338,5722.5
0.919896,5722.75
0.918617,5723.0
0.918617,5723.25
0.918617,5723.5
0.919896,5723.75
0.916059,5724.0
0.918617,5724.25
0.917338,5724.5
0.918617,5724.75
0.917338,5725.0
0.917338,5725.25
0.917338,5725.5
0.918617,5725.75
0.918617,5726.0
0.912222,5726.25
0.916059,5726.5
0.913501,5726.75
0.917338,5727.0
0.917338,5727.25
0.91478,5727.5
0.916059,5727.75
0.916059,5728.0
0.917338,5728.25
0.91478,5728.5
0.916059,5728.75
0.916059,5729.0
0.916059,5729.25
0.912222,5729.5
0.916059,5729.75
0.913501,5730.0
0.917338,5730.25
0.91478,5730.5
0.91478,5730.75
0.916059,5731.0
0.91478,5731.25
0.916059,5731.5
0.913501,5731.75
0.91478,5732.0
0.912222,5732.25
0.91478,5732.5
0.91478,5732.75
0.91478,5733.0
0.913501,5733.25
0.912222,5733.5
0.913501,5733.75
0.913501,5734.0
0.91478,5734.25
0.912222,5734.5
0.91478,5734.75
0.910943,5735.0
0.91478,5735.25
0.912222,5735.5
0.913501,5735.75
0.91478,5736.0
0.913501,5736.25
0.912222,5736.5
0.912222,5736.75
0.91478,5737.0
0.913501,5737.25
0.910943,5737.5
0.910943,5737.75
0.913501,5738.0
0.910943,5738.25
0.910943,5738.5
0.912222,5738.75
0.912222,5739.0
0.912222,5739.25
0.909664,5739.5
0.910943,5739.75
0.909664,5740.0
0.910943,5740.25
0.908386,5740.5
0.910943,5740.75
0.909664,5741.0
0.912222,5741.25
0.910943,5741.5
0.908386,5741.75
0.909664,5742.0
0.909664,5742.25
0.909664,5742.5
0.909664,5742.75
0.910943,5743.0
0.907107,5743.25
0.909664,5743.5
0.908386,5743.75
0.909664,5744.0
0.909664,5744.25
0.908386,5744.5
0.908386,5744.75
0.909664,5745.0
0.909664,5745.25
0.908386,5745.5
0.908386,5745.75
0.905828,5746.0
0.901991,5746.25
0.904549,5746.5
0.907107,5746.75
0.904549,5747.0
0.907107,5747.25
0.905828,5747.5
0.905828,5747.75
0.905828,5748.0
0.905828,5748.25
0.90327,5748.5
0.904549,5748.75
0.904549,5749.0
0.904549,5749.25
0.905828,5749.5
0.905828,5749.75
0.905828,5750.0
0.905828,5750.25
0.905828,5750.5
0.905828,5750.75
0.904549,5751.0
0.905828,5751.25
0.901991,5751.5
0.905828,5751.75
0.904549,5752.0
0.904549,5752.25
0.904549,5752.5
0.905828,5752.75
0.905828,5753.0
0.905828,5753.25
0.905828,5753.5
0.905828,5753.75
0.905828,5754.0
0.90327,5754.25
0.904549,5754.5
0.904549,5754.75
0.90327,5755.0
0.905828,5755.25
0.905828,5755.5
0.904549,5755.75
0.907107,5756.0
0.908386,5756.25
0.905828,5756.5
0.898154,5756.75
0.904549,5757.0
0.904549,5757.25
0.904549,5757.5
0.901991,5757.75
0.905828,5758.0
0.90327,5758.25
0.90327,5758.5
0.90327,5758.75
0.907107,5759.0
0.90327,5759.25
0.904549,5759.5
0.900712,5759.75
0.907107,5760.0
0.901991,5760.25
0.904549,5760.5
0.901991,5760.75
0.905828,5761.0
0.901991,5761.25
0.904549,5761.5
0.905828,5761.75
0.907107,5762.0
0.90327,5762.25
0.900712,5762.5
0.895596,5762.75
0.90327,5763.0
0.901991,5763.25
0.90327,5763.5
0.90327,5763.75
0.907107,5764.0
0.90327,5764.25
0.90327,5764.5
0.90327,5764.75
0.901991,5765.0
0.901991,5765.25
0.90327,5765.5
0.900712,5765.75
0.901991,5766.0
0.896875,5766.25
0.901991,5766.5
0.899433,5766.75
0.900712,5767.0
0.900712,5767.25
0.899433,5767.5
0.900712,5767.75
0.896875,5768.0
0.900712,5768.25
0.899433,5768.5
0.900712,5768.75
0.899433,5769.0
0.900712,5769.25
0.900712,5769.5
0.90327,5769.75
0.901991,5770.0
0.900712,5770.25
0.899433,5770.5
0.898154,5770.75
0.900712,5771.0
0.899433,5771.25
0.900712,5771.5
0.900712,5771.75
0.893038,5772.0
0.900712,5772.25
0.900712,5772.5
0.900712,5772.75
0.899433,5773.0
0.900712,5773.25
0.896875,5773.5
0.899433,5773.75
0.899433,5774.0
0.899433,5774.25
0.898154,5774.5
0.898154,5774.75
0.899433,5775.0
0.898154,5775.25
0.901991,5775.5
0.898154,5775.75
0.900712,5776.0
0.896875,5776.25
0.899433,5776.5
0.898154,5776.75
0.898154,5777.0
0.895596,5777.25
0.896875,5777.5
0.896875,5777.75
0.898154,5778.0
0.898154,5778.25
0.898154,5778.5
0.896875,5778.75
0.894317,5779.0
0.895596,5779.25
0.896875,5779.5
0.896875,5779.75
0.898154,5780.0
0.896875,5780.25
0.898154,5780.5
0.896875,5780.75
0.900712,5781.0
0.898154,5781.25
0.896875,5781.5
0.895596,5781.75
0.899433,5782.0
0.891759,5782.25
0.896875,5782.5
0.896875,5782.75
0.898154,5783.0
0.895596,5783.25
0.896875,5783.5
0.898154,5783.75
0.898154,5784.0
0.896875,5784.25
0.893038,5784.5
0.895596,5784.75
0.896875,5785.0
0.895596,5785.25
0.895596,5785.5
0.895596,5785.75
0.895596,5786.0
0.889201,5786.25
0.894317,5786.5
0.894317,5786.75
0.894317,5787.0
0.891759,5787.25
0.893038,5787.5
0.886643,5787.75
0.893038,5788.0
0.894317,5788.25
0.894317,5788.5
0.894317,5788.75
0.894317,5789.0
0.894317,5789.25
0.893038,5789.5
0.893038,5789.75
0.889201,5790.0
0.894317,5790.25
0.89048,5790.5
0.893038,5790.75
0.894317,5791.0
0.893038,5791.25
0.893038,5791.5
0.894317,5791.75
0.894317,5792.0
0.894317,5792.25
0.894317,5792.5
0.891759,5792.75
0.893038,5793.0
0.893038,5793.25
0.886643,5793.5
0.893038,5793.75
0.891759,5794.0
0.893038,5794.25
0.891759,5794.5
0.891759,5794.75
0.891759,5795.0
0.889201,5795.25
0.886643,5795.5
0.887922,5795.75
0.889201,5796.0
0.887922,5796.25
0.891759,5796.5
0.889201,5796.75
0.89048,5797.0
0.889201,5797.25
0.889201,5797.5
0.891759,5797.75
0.891759,5798.0
0.886643,5798.25
0.889201,5798.5
0.887922,5798.75
0.891759,5799.0
0.89048,5799.25
0.89048,5799.5
0.89048,5799.75
0.89048,5800.0
0.891759,5800.25
0.89048,5800.5
0.89048,5800.75
0.889201,5801.0
0.889201,5801.25
0.887922,5801.5
0.882807,5801.75
0.889201,5802.0
0.889201,5802.25
0.889201,5802.5
0.89048,5802.75
0.889201,5803.0
0.887922,5803.25
0.887922,5803.5
0.887922,5803.75
0.887922,5804.0
0.887922,5804.25
0.887922,5804.5
0.889201,5804.75
0.887922,5805.0
0.89048,5805.25
0.882807,5805.5
0.889201,5805.75
0.89048,5806.0
0.881528,5806.25
0.886643,5806.5
0.889201,5806.75
0.886643,5807.0
0.886643,5807.25
0.887922,5807.5
0.886643,5807.75
0.889201,5808.0
0.886643,5808.25
0.889201,5808.5
0.887922,5808.75
0.889201,5809.0
0.886643,5809.25
0.887922,5809.5
0.886643,5809.75
0.886643,5810.0
0.886643,5810.25
0.886643,5810.5
0.887922,5810.75
0.886643,5811.0
0.886643,5811.25
0.886643,5811.5
0.886643,5811.75
0.885364,5812.0
0.885364,5812.25
0.885364,5812.5
0.884086,5812.75
0.885364,5813.0
0.884086,5813.25
0.886643,5813.5
0.885364,5813.75
0.887922,5814.0
0.885364,5814.25
0.885364,5814.5
0.884086,5814.75
0.886643,5815.0
0.884086,5815.25
0.885364,5815.5
0.87897,5815.75
0.885364,5816.0
0.885364,5816.25
0.884086,5816.5
0.886643,5816.75
0.884086,5817.0
0.884086,5817.25
0.881528,5817.5
0.884086,5817.75
0.882807,5818.0
0.882807,5818.25
0.882807,5818.5
0.882807,5818.75
0.882807,5819.0
0.885364,5819.25
0.884086,5819.5
0.884086,5819.75
0.885364,5820.0
0.881528,5820.25
0.882807,5820.5
0.882807,5820.75
0.882807,5821.0
0.882807,5821.25
0.881528,5821.5
0.882807,5821.75
0.881528,5822.0
0.885364,5822.25
0.882807,5822.5
0.884086,5822.75
0.880249,5823.0
0.881528,5823.25
0.880249,5823.5
0.882807,5823.75
0.881528,5824.0
0.881528,5824.25
0.87897,5824.5
0.881528,5824.75
0.882807,5825.0
0.881528,5825.25
0.880249,5825.5
0.87897,5825.75
0.880249,5826.0
0.873854,5826.25
0.87897,5826.5
0.87897,5826.75
0.87897,5827.0
0.880249,5827.25
0.87897,5827.5
0.881528,5827.75
0.87897,5828.0
0.880249,5828.25
0.871296,5828.5
0.87897,5828.75
0.873854,5829.0
0.87897,5829.25
0.87897,5829.5
0.880249,5829.75
0.880249,5830.0
0.880249,5830.25
0.87897,5830.5
0.87897,5830.75
0.87897,5831.0
0.876412,5831.25
0.877691,5831.5
0.877691,5831.75
0.880249,5832.0
0.87897,5832.25
0.87897,5832.5
0.877691,5832.75
0.87897,5833.0
0.87897,5833.25
0.877691,5833.5
0.877691,5833.75
0.876412,5834.0
0.877691,5834.25
0.877691,5834.5
0.877691,5834.75
0.877691,5835.0
0.877691,5835.25
0.877691,5835.5
0.877691,5835.75
0.880249,5836.0
0.876412,5836.25
0.877691,5836.5
0.873854,5836.75
0.87897,5837.0
0.870017,5837.25
0.877691,5837.5
0.875133,5837.75
0.876412,5838.0
0.876412,5838.25
0.876412,5838.5
0.876412,5838.75
0.877691,5839.0
0.876412,5839.25
0.875133,5839.5
0.875133,5839.75
0.875133,5840.0
0.875133,5840.25
0.876412,5840.5
0.873854,5840.75
0.875133,5841.0
0.872575,5841.25
0.875133,5841.5
0.872575,5841.75
0.873854,5842.0
0.870017,5842.25
0.873854,5842.5
0.871296,5842.75
0.873854,5843.0
0.871296,5843.25
0.873854,5843.5
0.873854,5843.75
0.873854,5844.0
0.875133,5844.25
0.875133,5844.5
0.872575,5844.75
0.872575,5845.0
0.873854,5845.25
0.873854,5845.5
0.871296,5845.75
0.873854,5846.0
0.867459,5846.25
0.873854,5846.5
0.871296,5846.75
0.875133,5847.0
0.872575,5847.25
0.873854,5847.5
0.870017,5847.75
0.873854,5848.0
0.870017,5848.25
0.872575,5848.5
0.872575,5848.75
0.873854,5849.0
0.872575,5849.25
0.872575,5849.5
0.872575,5849.75
0.875133,5850.0
0.86618,5850.25
0.871296,5850.5
0.86618,5850.75
0.871296,5851.0
0.872575,5851.25
0.871296,5851.5
0.871296,5851.75
0.873854,5852.0
0.871296,5852.25
0.872575,5852.5
0.871296,5852.75
0.871296,5853.0
0.870017,5853.25
0.871296,5853.5
0.871296,5853.75
0.871296,5854.0
0.871296,5854.25
0.870017,5854.5
0.871296,5854.75
0.872575,5855.0
0.873854,5855.25
0.872575,5855.5
0.871296,5855.75
0.868738,5856.0
0.871296,5856.25
0.872575,5856.5
0.870017,5856.75
0.871296,5857.0
0.870017,5857.25
0.870017,5857.5
0.871296,5857.75
0.871296,5858.0
0.871296,5858.25
0.871296,5858.5
0.867459,5858.75
0.870017,5859.0
0.871296,5859.25
0.871296,5859.5
0.872575,5859.75
0.871296,5860.0
0.871296,5860.25
0.871296,5860.5
0.872575,5860.75
0.871296,5861.0
0.871296,5861.25
0.871296,5861.5
0.872575,5861.75
0.870017,5862.0
0.872575,5862.25
0.870017,5862.5
0.871296,5862.75
0.870017,5863.0
0.872575,5863.25
0.872575,5863.5
0.871296,5863.75
0.870017,5864.0
0.868738,5864.25
0.870017,5864.5
0.870017,5864.75
0.871296,5865.0
0.871296,5865.25
0.870017,5865.5
0.871296,5865.75
0.868738,5866.0
0.863622,5866.25
0.868738,5866.5
0.868738,5866.75
0.86618,5867.0
0.870017,5867.25
0.86618,5867.5
0.868738,5867.75
0.867459,5868.0
0.870017,5868.25
0.867459,5868.5
0.868738,5868.75
0.870017,5869.0
0.868738,5869.25
0.867459,5869.5
0.867459,5869.75
0.870017,5870.0
0.867459,5870.25
0.868738,5870.5
0.870017,5870.75
0.868738,5871.0
0.868738,5871.25
0.868738,5871.5
0.868738,5871.75
0.868738,5872.0
0.868738,5872.25
0.86618,5872.5
0.868738,5872.75
0.86618,5873.0
0.868738,5873.25
0.861065,5873.5
0.868738,5873.75
0.867459,5874.0
0.867459,5874.25
0.870017,5874.5
0.868738,5874.75
0.868738,5875.0
0.86618,5875.25
0.867459,5875.5
0.86618,5875.75
0.867459,5876.0
0.867459,5876.25
0.867459,5876.5
0.86618,5876.75
0.867459,5877.0
0.867459,5877.25
0.86618,5877.5
0.864901,5877.75
0.864901,5878.0
0.86618,5878.25
0.864901,5878.5
0.863622,5878.75
0.86618,5879.0
0.864901,5879.25
0.86618,5879.5
0.863622,5879.75
0.867459,5880.0
0.864901,5880.25
0.864901,5880.5
0.863622,5880.75
0.86618,5881.0
0.864901,5881.25
0.864901,5881.5
0.864901,5881.75
0.862343,5882.0
0.863622,5882.25
0.863622,5882.5
0.864901,5882.75
0.864901,5883.0
0.863622,5883.25
0.861065,5883.5
0.864901,5883.75
0.862343,5884.0
0.863622,5884.25
0.863622,5884.5
0.864901,5884.75
0.863622,5885.0
0.863622,5885.25
0.864901,5885.5
0.864901,5885.75
0.863622,5886.0
0.858507,5886.25
0.862343,5886.5
0.858507,5886.75
0.862343,5887.0
0.862343,5887.25
0.862343,5887.5
0.863622,5887.75
0.862343,5888.0
0.864901,5888.25
0.862343,5888.5
0.863622,5888.75
0.861065,5889.0
0.863622,5889.25
0.859786,5889.5
0.861065,5889.75
0.862343,5890.0
0.875133,5890.25
0.97617,5890.5
0.990238,5890.75
0.936522,5891.0
0.895596,5891.25
0.89048,5891.5
0.937801,5891.75
0.912222,5892.0
0.900712,5892.25
0.898154,5892.5
0.895596,5892.75
0.882807,5893.0
0.871296,5893.25
0.86618,5893.5
0.864901,5893.75
0.849554,5894.0
0.822696,5894.25
0.826533,5894.5
0.843159,5894.75
0.843159,5895.0
0.86618,5895.25
0.855949,5895.5
0.864901,5895.75
0.880249,5896.0
0.875133,5896.25
0.875133,5896.5
0.867459,5896.75
0.867459,5897.0
0.867459,5897.25
0.862343,5897.5
0.864901,5897.75
0.863622,5898.0
0.857228,5898.25
0.863622,5898.5
0.871296,5898.75
0.881528,5899.0
0.884086,5899.25
0.872575,5899.5
0.872575,5899.75
0.867459,5900.0
0.86618,5900.25
0.858507,5900.5
0.858507,5900.75
0.852112,5901.0
0.850833,5901.25
0.845717,5901.5
0.849554,5901.75
0.845717,5902.0
0.836765,5902.25
0.840601,5902.5
0.840601,5902.75
0.844438,5903.0
0.846996,5903.25
0.849554,5903.5
0.849554,5903.75
0.867459,5904.0
0.858507,5904.25
0.835486,5904.5
0.818859,5904.75
0.81758,5905.0
0.818859,5905.25
0.825254,5905.5
0.834207,5905.75
0.832928,5906.0
0.836765,5906.25
0.839323,5906.5
0.848275,5906.75
0.857228,5907.0
0.870017,5907.25
0.868738,5907.5
0.843159,5907.75
0.84188,5908.0
0.835486,5908.25
0.861065,5908.5
0.859786,5908.75
0.85467,5909.0
0.846996,5909.25
0.852112,5909.5
0.853391,5909.75
0.852112,5910.0
0.846996,5910.25
0.843159,5910.5
0.846996,5910.75
0.850833,5911.0
0.845717,5911.25
0.838044,5911.5
0.835486,5911.75
0.832928,5912.0
0.829091,5912.25
0.826533,5912.5
0.822696,5912.75
0.820138,5913.0
0.812465,5913.25
0.799675,5913.5
0.797117,5913.75
0.802233,5914.0
0.798396,5914.25
0.793281,5914.5
0.789444,5914.75
0.788165,5915.0
0.779212,5915.25
0.775375,5915.5
0.800954,5915.75
0.80607,5916.0
0.797117,5916.25
0.790723,5916.5
0.788165,5916.75
0.78177,5917.0
0.77026,5917.25
0.774096,5917.5
0.767702,5917.75
0.753633,5918.0
0.743402,5918.25
0.739565,5918.5
0.739565,5918.75
0.737007,5919.0
0.734449,5919.25
0.730612,5919.5
0.728054,5919.75
0.726775,5920.0
0.722939,5920.25
0.715265,5920.5
0.712707,5920.75
0.707591,5921.0
0.706312,5921.25
0.702476,5921.5
0.699918,5921.75
0.694802,5922.0
0.694802,5922.25
0.689686,5922.5
0.690965,5922.75
0.689686,5923.0
0.688407,5923.25
0.685849,5923.5
0.685849,5923.75
0.687128,5924.0
0.68457,5924.25
0.675618,5924.5
0.679455,5924.75
0.679455,5925.0
0.676897,5925.25
0.675618,5925.5
0.675618,5925.75
0.678176,5926.0
0.674339,5926.25
0.678176,5926.5
0.679455,5926.75
0.679455,5927.0
0.678176,5927.25
0.676897,5927.5
0.675618,5927.75
0.674339,5928.0
0.671781,5928.25
0.670502,5928.5
0.669223,5928.75
0.667944,5929.0
0.666665,5929.25
0.667944,5929.5
0.666665,5929.75
0.665386,5930.0
0.664107,5930.25
0.662828,5930.5
0.658991,5930.75
0.66027,5931.0
0.657713,5931.25
0.655155,5931.5
0.653876,5931.75
0.652597,5932.0
0.652597,5932.25
0.652597,5932.5
0.652597,5932.75
0.652597,5933.0
0.644923,5933.25
0.650039,5933.5
0.650039,5933.75
0.647481,5934.0
0.647481,5934.25
0.64876,5934.5
0.647481,5934.75
0.64876,5935.0
0.646202,5935.25
0.647481,5935.5
0.646202,5935.75
0.647481,5936.0
0.646202,5936.25
0.650039,5936.5
0.650039,5936.75
0.650039,5937.0
0.652597,5937.25
0.652597,5937.5
0.655155,5937.75
0.656434,5938.0
0.656434,5938.25
0.656434,5938.5
0.657713,5938.75
0.656434,5939.0
0.657713,5939.25
0.656434,5939.5
0.653876,5939.75
0.653876,5940.0
0.653876,5940.25
0.653876,5940.5
0.653876,5940.75
0.655155,5941.0
0.655155,5941.25
0.656434,5941.5
0.657713,5941.75
0.658991,5942.0
0.665386,5942.25
0.661549,5942.5
0.664107,5942.75
0.662828,5943.0
0.661549,5943.25
0.658991,5943.5
0.661549,5943.75
0.66027,5944.0
0.66027,5944.25
0.657713,5944.5
0.661549,5944.75
0.66027,5945.0
0.661549,5945.25
0.652597,5945.5
0.661549,5945.75
0.656434,5946.0
0.657713,5946.25
0.66027,5946.5
0.658991,5946.75
0.662828,5947.0
0.661549,5947.25
0.662828,5947.5
0.661549,5947.75
0.658991,5948.0
0.653876,5948.25
0.653876,5948.5
0.655155,5948.75
0.656434,5949.0
0.657713,5949.25
0.656434,5949.5
0.66027,5949.75
0.655155,5950.0
0.661549,5950.25
0.657713,5950.5
0.658991,5950.75
0.66027,5951.0
0.662828,5951.25
0.661549,5951.5
0.661549,5951.75
0.664107,5952.0
0.662828,5952.25
0.665386,5952.5
0.662828,5952.75
0.664107,5953.0
0.662828,5953.25
0.664107,5953.5
0.661549,5953.75
0.662828,5954.0
0.662828,5954.25
0.661549,5954.5
0.658991,5954.75
0.658991,5955.0
0.657713,5955.25
0.655155,5955.5
0.657713,5955.75
0.658991,5956.0
0.652597,5956.25
0.657713,5956.5
0.64876,5956.75
0.656434,5957.0
0.655155,5957.25
0.655155,5957.5
0.652597,5957.75
0.655155,5958.0
0.652597,5958.25
0.650039,5958.5
0.64876,5958.75
0.650039,5959.0
0.651318,5959.25
0.652597,5959.5
0.653876,5959.75
0.653876,5960.0
0.652597,5960.25
0.652597,5960.5
0.653876,5960.75
0.64876,5961.0
0.650039,5961.25
0.647481,5961.5
0.650039,5961.75
0.64876,5962.0
0.64876,5962.25
0.650039,5962.5
0.653876,5962.75
0.655155,5963.0
0.652597,5963.25
0.653876,5963.5
0.646202,5963.75
0.647481,5964.0
0.646202,5964.25
0.644923,5964.5
0.641086,5964.75
0.638528,5965.0
0.633413,5965.25
0.630855,5965.5
0.632134,5965.75
0.632134,5966.0
0.630855,5966.25
0.637249,5966.5
0.646202,5966.75
0.650039,5967.0
0.651318,5967.25
0.652597,5967.5
0.655155,5967.75
0.66027,5968.0
0.658991,5968.25
0.658991,5968.5
0.658991,5968.75
0.664107,5969.0
0.658991,5969.25
0.658991,5969.5
0.656434,5969.75
0.657713,5970.0
0.656434,5970.25
0.657713,5970.5
0.658991,5970.75
0.658991,5971.0
0.658991,5971.25
0.655155,5971.5
0.657713,5971.75
0.655155,5972.0
0.656434,5972.25
0.655155,5972.5
0.657713,5972.75
0.657713,5973.0
0.658991,5973.25
0.66027,5973.5
0.662828,5973.75
0.661549,5974.0
0.657713,5974.25
0.658991,5974.5
0.655155,5974.75
0.652597,5975.0
0.64876,5975.25
0.64876,5975.5
0.650039,5975.75
0.651318,5976.0
0.652597,5976.25
0.652597,5976.5
0.651318,5976.75
0.652597,5977.0
0.652597,5977.25
0.652597,5977.5
0.652597,5977.75
0.655155,5978.0
0.652597,5978.25
0.655155,5978.5
0.653876,5978.75
0.657713,5979.0
0.655155,5979.25
0.656434,5979.5
0.653876,5979.75
0.658991,5980.0
0.656434,5980.25
0.657713,5980.5
0.653876,5980.75
0.655155,5981.0
0.652597,5981.25
0.652597,5981.5
0.637249,5981.75
0.642365,5982.0
0.653876,5982.25
0.651318,5982.5
0.652597,5982.75
0.650039,5983.0
0.64876,5983.25
0.64876,5983.5
0.646202,5983.75
0.644923,5984.0
0.643644,5984.25
0.64876,5984.5
0.64876,5984.75
0.646202,5985.0
0.644923,5985.25
0.646202,5985.5
0.647481,5985.75
0.644923,5986.0
0.642365,5986.25
0.646202,5986.5
0.64876,5986.75
0.644923,5987.0
0.641086,5987.25
0.644923,5987.5
0.647481,5987.75
0.644923,5988.0
0.646202,5988.25
0.642365,5988.5
0.646202,5988.75
0.650039,5989.0
0.652597,5989.25
0.653876,5989.5
0.652597,5989.75
0.642365,5990.0
0.638528,5990.25
0.634692,5990.5
0.629576,5990.75
0.630855,5991.0
0.634692,5991.25
0.639807,5991.5
0.638528,5991.75
0.638528,5992.0
0.638528,5992.25
0.646202,5992.5
0.646202,5992.75
0.644923,5993.0
0.644923,5993.25
0.646202,5993.5
0.644923,5993.75
0.647481,5994.0
0.64876,5994.25
0.651318,5994.5
0.643644,5994.75
0.651318,5995.0
0.64876,5995.25
0.64876,5995.5
0.64876,5995.75
0.646202,5996.0
0.646202,5996.25
0.647481,5996.5
0.646202,5996.75
0.64876,5997.0
0.650039,5997.25
0.64876,5997.5
0.651318,5997.75
0.651318,5998.0
0.651318,5998.25
0.650039,5998.5
0.651318,5998.75
0.650039,5999.0
0.656434,5999.25
0.633413,5999.5
0.646202,5999.75
0.641086,6000.0
0.642365,6000.25
0.639807,6000.5
0.633413,6000.75
0.62446,6001.0
0.625739,6001.25
0.627018,6001.5
0.641086,6001.75
0.651318,6002.0
0.64876,6002.25
0.652597,6002.5
0.656434,6002.75
0.66027,6003.0
0.66027,6003.25
0.669223,6003.5
0.658991,6003.75
0.655155,6004.0
0.652597,6004.25
0.652597,6004.5
0.651318,6004.75
0.653876,6005.0
0.664107,6005.25
0.671781,6005.5
0.669223,6005.75
0.679455,6006.0
0.685849,6006.25
0.734449,6006.5
0.756191,6006.75
0.793281,6007.0
0.80607,6007.25
0.790723,6007.5
0.784328,6007.75
0.808628,6008.0
0.812465,6008.25
0.815023,6008.5
0.812465,6008.75
0.812465,6009.0
0.815023,6009.25
0.807349,6009.5
0.794559,6009.75
0.797117,6010.0
0.809907,6010.25
0.800954,6010.5
0.792002,6010.75
0.804791,6011.0
0.794559,6011.25
0.785607,6011.5
0.785607,6011.75
0.790723,6012.0
0.786886,6012.25
0.785607,6012.5
0.798396,6012.75
0.807349,6013.0
0.835486,6013.25
0.774096,6013.5
0.720381,6013.75
0.744681,6014.0
0.747239,6014.25
0.753633,6014.5
0.762586,6014.75
0.763865,6015.0
0.754912,6015.25
0.743402,6015.5
0.744681,6015.75
0.747239,6016.0
0.751075,6016.25
0.760028,6016.5
0.789444,6016.75
0.820138,6017.0
0.822696,6017.25
0.86618,6017.5
0.853391,6017.75
0.848275,6018.0
0.835486,6018.25
0.83037,6018.5
0.818859,6018.75
0.81758,6019.0
0.807349,6019.25
0.798396,6019.5
0.790723,6019.75
0.802233,6020.0
0.794559,6020.25
0.807349,6020.5
0.816302,6020.75
0.807349,6021.0
0.822696,6021.25
0.850833,6021.5
0.776654,6021.75
0.78177,6022.0
0.779212,6022.25
0.825254,6022.5
0.862343,6022.75
0.87897,6023.0
0.893038,6023.25
0.87897,6023.5
0.820138,6023.75
0.747239,6024.0
0.742123,6024.25
0.74596,6024.5
0.827812,6024.75
0.843159,6025.0
0.86618,6025.25
0.862343,6025.5
0.857228,6025.75
0.875133,6026.0
0.857228,6026.25
0.85467,6026.5
0.843159,6026.75
0.850833,6027.0
0.820138,6027.25
0.905828,6027.5
0.880249,6027.75
0.863622,6028.0
0.829091,6028.25
0.855949,6028.5
0.862343,6028.75
0.858507,6029.0
0.853391,6029.25
0.855949,6029.5
0.863622,6029.75
0.849554,6030.0
0.844438,6030.25
0.829091,6030.5
0.774096,6030.75
0.811186,6031.0
0.836765,6031.25
0.834207,6031.5
0.836765,6031.75
0.844438,6032.0
0.86618,6032.25
0.831649,6032.5
0.818859,6032.75
0.798396,6033.0
0.738286,6033.25
0.738286,6033.5
0.93908,6033.75
0.91478,6034.0
0.880249,6034.25
0.908386,6034.5
0.905828,6034.75
0.910943,6035.0
0.925012,6035.25
0.930128,6035.5
0.919896,6035.75
0.923733,6036.0
0.912222,6036.25
0.913501,6036.5
0.931406,6036.75
0.928849,6037.0
0.922454,6037.25
0.91478,6037.5
0.917338,6037.75
0.923733,6038.0
0.940359,6038.25
0.946754,6038.5
0.942917,6038.75
0.941638,6039.0
0.942917,6039.25
0.940359,6039.5
0.940359,6039.75
0.942917,6040.0
0.944196,6040.25
0.950591,6040.5
0.955706,6040.75
0.962101,6041.0
0.96338,6041.25
0.965938,6041.5
0.969775,6041.75
0.967217,6042.0
0.965938,6042.25
0.959543,6042.5
0.959543,6042.75
0.954427,6043.0
0.955706,6043.25
0.95187,6043.5
0.95187,6043.75
0.95187,6044.0
0.95187,6044.25
0.948033,6044.5
0.950591,6044.75
0.95187,6045.0
0.946754,6045.25
0.945475,6045.5
0.945475,6045.75
0.948033,6046.0
0.942917,6046.25
0.948033,6046.5
0.949312,6046.75
0.942917,6047.0
0.948033,6047.25
0.946754,6047.5
0.948033,6047.75
0.948033,6048.0
0.945475,6048.25
0.940359,6048.5
0.942917,6048.75
0.941638,6049.0
0.941638,6049.25
0.940359,6049.5
0.93908,6049.75
0.93908,6050.0
0.93908,6050.25
0.942917,6050.5
0.944196,6050.75
0.946754,6051.0
0.946754,6051.25
0.950591,6051.5
0.953149,6051.75
0.962101,6052.0
0.960822,6052.25
0.96338,6052.5
0.964659,6052.75
0.973612,6053.0
0.980006,6053.25
0.990238,6053.5
0.990238,6053.75
0.992796,6054.0
0.995354,6054.25
0.995354,6054.5
0.991517,6054.75
0.994075,6055.0
0.98768,6055.25
0.986401,6055.5
0.983843,6055.75
0.985122,6056.0
0.97617,6056.25
0.981285,6056.5
0.973612,6056.75
0.980006,6057.0
0.978727,6057.25
0.97617,6057.5
0.97617,6057.75
0.971054,6058.0
0.969775,6058.25
0.973612,6058.5
0.973612,6058.75
0.972333,6059.0
0.967217,6059.25
0.96338,6059.5
0.965938,6059.75
0.969775,6060.0
0.972333,6060.25
0.97617,6060.5
0.978727,6060.75
0.982564,6061.0
0.983843,6061.25
0.985122,6061.5
0.98768,6061.75
0.983843,6062.0
0.982564,6062.25
0.982564,6062.5
0.980006,6062.75
0.980006,6063.0
0.978727,6063.25
0.977448,6063.5
0.974891,6063.75
0.972333,6064.0
0.974891,6064.25
0.97617,6064.5
0.977448,6064.75
0.972333,6065.0
0.973612,6065.25
0.967217,6065.5
0.972333,6065.75
0.972333,6066.0
0.967217,6066.25
0.972333,6066.5
0.972333,6066.75
0.968496,6067.0
0.978727,6067.25
0.982564,6067.5
0.981285,6067.75
0.980006,6068.0
0.978727,6068.25
0.980006,6068.5
0.982564,6068.75
0.980006,6069.0
0.980006,6069.25
0.980006,6069.5
0.97617,6069.75
0.974891,6070.0
0.97617,6070.25
0.972333,6070.5
0.974891,6070.75
0.977448,6071.0
0.974891,6071.25
0.974891,6071.5
0.968496,6071.75
0.969775,6072.0
0.971054,6072.25
0.973612,6072.5
0.973612,6072.75
0.981285,6073.0
0.983843,6073.25
0.996633,6073.5
1.004306,6073.75
1.013259,6074.0
1.018375,6074.25
1.024769,6074.5
1.026048,6074.75
1.028606,6075.0
1.026048,6075.25
1.022211,6075.5
1.017096,6075.75
1.01198,6076.0
1.01198,6076.25
1.009422,6076.5
1.008143,6076.75
1.003027,6077.0
1.000469,6077.25
0.999191,6077.5
0.997912,6077.75
0.997912,6078.0
0.997912,6078.25
0.996633,6078.5
0.992796,6078.75
0.992796,6079.0
0.992796,6079.25
0.991517,6079.5
0.988959,6079.75
0.986401,6080.0
0.98768,6080.25
0.982564,6080.5
0.981285,6080.75
0.978727,6081.0
0.977448,6081.25
0.973612,6081.5
0.977448,6081.75
0.97617,6082.0
0.97617,6082.25
0.97617,6082.5
0.974891,6082.75
0.97617,6083.0
0.977448,6083.25
0.972333,6083.5
0.977448,6083.75
0.97617,6084.0
0.973612,6084.25
0.981285,6084.5
0.978727,6084.75
0.97617,6085.0
0.973612,6085.25
0.973612,6085.5
0.973612,6085.75
0.974891,6086.0
0.965938,6086.25
0.973612,6086.5
0.971054,6086.75
0.969775,6087.0
0.967217,6087.25
0.965938,6087.5
0.962101,6087.75
0.96338,6088.0
0.96338,6088.25
0.965938,6088.5
0.972333,6088.75
0.977448,6089.0
0.97617,6089.25
0.985122,6089.5
0.971054,6089.75
0.96338,6090.0
0.940359,6090.25
0.96338,6090.5
0.96338,6090.75
0.95187,6091.0
0.969775,6091.25
0.972333,6091.5
0.977448,6091.75
1.000469,6092.0
1.022211,6092.25
1.020933,6092.5
1.024769,6092.75
1.024769,6093.0
1.020933,6093.25
1.020933,6093.5
1.022211,6093.75
1.028606,6094.0
1.022211,6094.25
1.02349,6094.5
1.019654,6094.75
1.018375,6095.0
1.01198,6095.25
1.015817,6095.5
1.013259,6095.75
1.01198,6096.0
1.014538,6096.25
1.013259,6096.5
1.014538,6096.75
1.009422,6097.0
1.01198,6097.25
1.009422,6097.5
1.010701,6097.75
1.005585,6098.0
1.008143,6098.25
1.008143,6098.5
1.009422,6098.75
1.009422,6099.0
1.006864,6099.25
0.999191,6099.5
1.009422,6099.75
1.014538,6100.0
1.013259,6100.25
1.013259,6100.5
1.008143,6100.75
1.013259,6101.0
1.010701,6101.25
1.009422,6101.5
1.006864,6101.75
1.006864,6102.0
1.004306,6102.25
1.005585,6102.5
1.001748,6102.75
1.003027,6103.0
1.006864,6103.25
1.001748,6103.5
1.001748,6103.75
0.999191,6104.0
0.973612,6104.25
0.991517,6104.5
1.000469,6104.75
0.992796,6105.0
1.008143,6105.25
1.018375,6105.5
1.020933,6105.75
1.029885,6106.0
1.024769,6106.25
1.03628,6106.5
1.03628,6106.75
1.042675,6107.0
1.042675,6107.25
1.042675,6107.5
1.046511,6107.75
1.046511,6108.0
1.046511,6108.25
1.046511,6108.5
1.049069,6108.75
1.050348,6109.0
1.059301,6109.25
1.059301,6109.5
1.064417,6109.75
1.063138,6110.0
1.064417,6110.25
1.063138,6110.5
1.064417,6110.75
1.061859,6111.0
1.06058,6111.25
1.056743,6111.5
1.052906,6111.75
1.051627,6112.0
1.051627,6112.25
1.045233,6112.5
1.046511,6112.75
1.042675,6113.0
1.043954,6113.25
1.037559,6113.5
1.03628,6113.75
1.040117,6114.0
1.038838,6114.25
1.03628,6114.5
1.040117,6114.75
1.040117,6115.0
1.040117,6115.25
1.037559,6115.5
1.03628,6115.75
1.03628,6116.0
1.033722,6116.25
1.033722,6116.5
1.031164,6116.75
1.032443,6117.0
1.010701,6117.25
0.994075,6117.5
0.991517,6117.75
0.997912,6118.0
0.999191,6118.25
1.003027,6118.5
0.999191,6118.75
1.003027,6119.0
1.003027,6119.25
1.006864,6119.5
1.008143,6119.75
1.013259,6120.0
0.997912,6120.25
0.971054,6120.5
0.974891,6120.75
0.996633,6121.0
1.017096,6121.25
1.03628,6121.5
1.029885,6121.75
1.033722,6122.0
1.027327,6122.25
1.035001,6122.5
1.035001,6122.75
1.040117,6123.0
1.038838,6123.25
1.040117,6123.5
1.040117,6123.75
1.038838,6124.0
1.040117,6124.25
1.037559,6124.5
1.038838,6124.75
1.03628,6125.0
1.03628,6125.25
1.031164,6125.5
1.035001,6125.75
1.027327,6126.0
1.022211,6126.25
1.022211,6126.5
1.022211,6126.75
1.014538,6127.0
1.022211,6127.25
1.022211,6127.5
1.019654,6127.75
1.019654,6128.0
1.014538,6128.25
1.018375,6128.5
1.017096,6128.75
1.018375,6129.0
1.020933,6129.25
1.022211,6129.5
1.024769,6129.75
1.027327,6130.0
1.028606,6130.25
1.026048,6130.5
1.02349,6130.75
1.019654,6131.0
1.018375,6131.25
1.017096,6131.5
1.013259,6131.75
1.014538,6132.0
1.010701,6132.25
1.010701,6132.5
1.008143,6132.75
1.010701,6133.0
1.006864,6133.25
1.005585,6133.5
0.994075,6133.75
1.004306,6134.0
1.001748,6134.25
1.003027,6134.5
1.000469,6134.75
1.000469,6135.0
1.000469,6135.25
0.999191,6135.5
1.000469,6135.75
1.000469,6136.0
0.997912,6136.25
0.992796,6136.5
0.997912,6136.75
0.994075,6137.0
0.995354,6137.25
0.994075,6137.5
0.996633,6137.75
0.994075,6138.0
0.994075,6138.25
0.994075,6138.5
0.98768,6138.75
0.992796,6139.0
0.991517,6139.25
0.992796,6139.5
0.994075,6139.75
0.991517,6140.0
0.990238,6140.25
0.988959,6140.5
0.990238,6140.75
0.98768,6141.0
0.98768,6141.25
0.985122,6141.5
0.986401,6141.75
0.97617,6142.0
0.985122,6142.25
0.983843,6142.5
0.983843,6142.75
0.982564,6143.0
0.982564,6143.25
0.982564,6143.5
0.981285,6143.75
0.982564,6144.0
0.978727,6144.25
0.980006,6144.5
0.97617,6144.75
0.980006,6145.0
0.978727,6145.25
0.978727,6145.5
0.978727,6145.75
0.978727,6146.0
0.971054,6146.25
0.97617,6146.5
0.977448,6146.75
0.978727,6147.0
0.974891,6147.25
0.972333,6147.5
0.974891,6147.75
0.97617,6148.0
0.973612,6148.25
0.974891,6148.5
0.97617,6148.75
0.980006,6149.0
0.977448,6149.25
0.981285,6149.5
0.978727,6149.75
0.982564,6150.0
0.978727,6150.25
0.982564,6150.5
0.982564,6150.75
0.98768,6151.0
0.98768,6151.25
0.98768,6151.5
0.980006,6151.75
0.985122,6152.0
0.98768,6152.25
0.986401,6152.5
0.985122,6152.75
0.978727,6153.0
0.97617,6153.25
0.965938,6153.5
0.962101,6153.75
0.965938,6154.0
0.968496,6154.25
0.965938,6154.5
0.971054,6154.75
0.968496,6155.0
1.032443,6155.25
1.321484,6155.5
1.344505,6155.75
1.125806,6156.0
1.07209,6156.25
1.066975,6156.5
1.056743,6156.75
1.058022,6157.0
1.054185,6157.25
1.049069,6157.5
1.059301,6157.75
1.059301,6158.0
1.063138,6158.25
1.063138,6158.5
1.058022,6158.75
1.061859,6159.0
1.056743,6159.25
1.046511,6159.5
1.027327,6159.75
1.005585,6160.0
0.986401,6160.25
0.965938,6160.5
0.931406,6160.75
0.909664,6161.0
0.885364,6161.25
0.875133,6161.5
0.863622,6161.75
0.855949,6162.0
0.849554,6162.25
0.838044,6162.5
0.83037,6162.75
0.827812,6163.0
0.823975,6163.25
0.820138,6163.5
0.815023,6163.75
0.809907,6164.0
0.80607,6164.25
0.800954,6164.5
0.794559,6164.75
0.790723,6165.0
0.786886,6165.25
0.783049,6165.5
0.779212,6165.75
0.78177,6166.0
0.772817,6166.25
0.772817,6166.5
0.767702,6166.75
0.767702,6167.0
0.761307,6167.25
0.760028,6167.5
0.756191,6167.75
0.753633,6168.0
0.753633,6168.25
0.86618,6168.5
0.868738,6168.75
0.950591,6169.0
0.871296,6169.25
0.85467,6169.5
0.845717,6169.75
0.832928,6170.0
0.827812,6170.25
0.825254,6170.5
0.829091,6170.75
0.834207,6171.0
0.839323,6171.25
0.84188,6171.5
0.836765,6171.75
0.836765,6172.0
0.832928,6172.25
0.834207,6172.5
0.835486,6172.75
0.834207,6173.0
0.823975,6173.25
0.832928,6173.5
0.853391,6173.75
0.935243,6174.0
0.876412,6174.25
0.823975,6174.5
0.815023,6174.75
0.816302,6175.0
0.816302,6175.25
0.813744,6175.5
0.821417,6175.75
0.83037,6176.0
0.84188,6176.25
0.853391,6176.5
0.861065,6176.75
0.864901,6177.0
0.867459,6177.25
0.863622,6177.5
0.858507,6177.75
0.853391,6178.0
0.846996,6178.25
0.839323,6178.5
0.835486,6178.75
0.825254,6179.0
0.835486,6179.25
0.85467,6179.5
0.850833,6179.75
0.870017,6180.0
0.887922,6180.25
0.867459,6180.5
0.898154,6180.75
0.917338,6181.0
0.932685,6181.25
0.948033,6181.5
0.955706,6181.75
0.964659,6182.0
0.971054,6182.25
0.980006,6182.5
0.986401,6182.75
0.992796,6183.0
0.995354,6183.25
1.005585,6183.5
1.006864,6183.75
1.01198,6184.0
1.010701,6184.25
1.013259,6184.5
1.015817,6184.75
1.020933,6185.0
1.017096,6185.25
1.026048,6185.5
1.027327,6185.75
1.028606,6186.0
1.024769,6186.25
1.031164,6186.5
1.031164,6186.75
1.033722,6187.0
1.033722,6187.25
1.035001,6187.5
1.035001,6187.75
1.037559,6188.0
1.037559,6188.25
1.03628,6188.5
1.03628,6188.75
1.038838,6189.0
1.03628,6189.25
1.038838,6189.5
1.045233,6189.75
1.042675,6190.0
1.045233,6190.25
1.042675,6190.5
1.04779,6190.75
1.049069,6191.0
1.049069,6191.25
1.04779,6191.5
1.058022,6191.75
1.061859,6192.0
1.066975,6192.25
1.069532,6192.5
1.07209,6192.75
1.074648,6193.0
1.078485,6193.25
1.079764,6193.5
1.082322,6193.75
1.082322,6194.0
1.069532,6194.25
1.075927,6194.5
1.003027,6194.75
0.895596,6195.0
0.969775,6195.25
1.066975,6195.5
1.078485,6195.75
1.083601,6196.0
1.08488,6196.25
1.08488,6196.5
1.08488,6196.75
1.08488,6197.0
1.088717,6197.25
1.089996,6197.5
1.089996,6197.75
1.087438,6198.0
1.089996,6198.25
1.091274,6198.5
1.089996,6198.75
1.088717,6199.0
1.088717,6199.25
1.08488,6199.5
1.082322,6199.75
1.081043,6200.0
1.081043,6200.25
1.079764,6200.5
1.082322,6200.75
1.082322,6201.0
1.083601,6201.25
1.082322,6201.5
1.087438,6201.75
1.087438,6202.0
1.092553,6202.25
1.089996,6202.5
1.097669,6202.75
1.100227,6203.0
1.098948,6203.25
1.101506,6203.5
1.100227,6203.75
1.100227,6204.0
1.097669,6204.25
1.097669,6204.5
1.09639,6204.75
1.095111,6205.0
1.087438,6205.25
1.092553,6205.5
1.087438,6205.75
1.086159,6206.0
1.074648,6206.25
1.086159,6206.5
1.086159,6206.75
1.092553,6207.0
1.089996,6207.25
1.083601,6207.5
1.091274,6207.75
1.09639,6208.0
1.028606,6208.25
0.980006,6208.5
0.953149,6208.75
0.916059,6209.0
0.886643,6209.25
0.876412,6209.5
0.870017,6209.75
0.86618,6210.0
0.861065,6210.25
0.855949,6210.5
0.849554,6210.75
0.845717,6211.0
0.838044,6211.25
0.829091,6211.5
0.821417,6211.75
0.816302,6212.0
0.812465,6212.25
0.798396,6212.5
0.803512,6212.75
0.799675,6213.0
0.792002,6213.25
0.790723,6213.5
0.789444,6213.75
0.786886,6214.0
0.763865,6214.25
0.96338,6214.5
1.155222,6214.75
0.940359,6215.0
0.881528,6215.25
0.877691,6215.5
0.877691,6215.75
0.884086,6216.0
0.89048,6216.25
0.917338,6216.5
0.950591,6216.75
0.999191,6217.0
1.024769,6217.25
1.041396,6217.5
1.061859,6217.75
1.074648,6218.0
1.075927,6218.25
1.073369,6218.5
1.04779,6218.75
1.168011,6219.0
1.210216,6219.25
1.12069,6219.5
1.113016,6219.75
1.083601,6220.0
1.083601,6220.25
1.093832,6220.5
1.114295,6220.75
1.142432,6221.0
1.178243,6221.25
1.215332,6221.5
1.237074,6221.75
1.267769,6222.0
1.272884,6222.25
1.270327,6222.5
1.2537,6222.75
1.24219,6223.0
1.223006,6223.25
1.2051,6223.5
1.19359,6223.75
1.180801,6224.0
1.171848,6224.25
1.162895,6224.5
1.161616,6224.75
1.155222,6225.0
1.152664,6225.25
1.151385,6225.5
1.15778,6225.75
1.162895,6226.0
1.225564,6226.25
1.261374,6226.5
1.267769,6226.75
1.261374,6227.0
1.269048,6227.25
1.274163,6227.5
1.274163,6227.75
1.276721,6228.0
1.278,6228.25
1.280558,6228.5
1.285674,6228.75
1.289511,6229.0
1.299742,6229.25
1.317647,6229.5
1.344505,6229.75
1.380316,6230.0
1.419963,6230.25
1.449379,6230.5
1.474958,6230.75
1.497979,6231.0
1.478893,6231.25
1.478893,6231.5
1.473778,6231.75
1.467383,6232.0
1.455872,6232.25
1.449478,6232.5
1.437967,6232.75
1.439246,6233.0
1.43413,6233.25
1.432851,6233.5
1.441804,6233.75
1.44692,6234.0
1.443083,6234.25
1.435409,6234.5
1.43413,6234.75
1.427736,6235.0
1.425178,6235.25
1.417504,6235.5
1.420062,6235.75
1.416225,6236.0
1.413667,6236.25
1.413667,6236.5
1.411109,6236.75
1.408551,6237.0
1.404715,6237.25
1.402157,6237.5
1.395762,6237.75
1.39832,6238.0
1.389367,6238.25
1.395762,6238.5
1.389367,6238.75
1.394483,6239.0
1.393204,6239.25
1.399599,6239.5
1.404715,6239.75
1.40983,6240.0
1.418783,6240.25
1.412388,6240.5
1.418783,6240.75
1.413667,6241.0
1.414946,6241.25
1.407272,6241.5
1.408551,6241.75
1.402157,6242.0
1.397041,6242.25
1.390646,6242.5
1.389367,6242.75
1.380415,6243.0
1.38553,6243.25
1.377857,6243.5
1.375299,6243.75
1.379136,6244.0
1.377857,6244.25
1.377857,6244.5
1.376578,6244.75
1.37402,6245.0
1.371462,6245.25
1.372741,6245.5
1.372741,6245.75
1.375299,6246.0
1.363788,6246.25
1.372741,6246.5
1.37402,6246.75
1.376578,6247.0
1.372741,6247.25
1.371462,6247.5
1.370183,6247.75
1.370183,6248.0
1.366346,6248.25
1.365067,6248.5
1.362509,6248.75
1.363788,6249.0
1.353557,6249.25
1.354836,6249.5
1.352278,6249.75
1.352278,6250.0
1.34972,6250.25
1.347162,6250.5
1.345883,6250.75
1.342046,6251.0
1.343325,6251.25
1.340767,6251.5
1.340767,6251.75
1.334373,6252.0
1.340767,6252.25
1.336931,6252.5
1.33821,6252.75
1.333094,6253.0
1.340767,6253.25
1.339489,6253.5
1.347162,6253.75
1.324141,6254.0
1.230778,6254.25
1.07091,6254.5
1.038937,6254.75
1.028705,6255.0
1.02231,6255.25
1.013358,6255.5
0.996732,6255.75
0.977547,6256.0
1.000469,6256.25
1.006864,6256.5
1.004306,6256.75
0.997912,6257.0
0.985122,6257.25
0.965938,6257.5
0.955706,6257.75
