EDA_Raw,Time_Seconds
2.779563,0.0
2.785958,0.25
2.761658,0.5
2.729684,0.75
2.693874,1.0
2.668295,1.25
2.67469,1.5
2.706663,1.75
2.782121,2.0
2.881879,2.25
2.994426,2.5
3.089067,2.75
3.141504,3.0
3.160688,3.25
3.181151,3.5
3.177315,3.75
3.17092,4.0
3.137667,4.25
3.090346,4.5
3.048141,4.75
2.996984,5.0
2.982915,5.25
2.968847,5.5
2.958615,5.75
2.979078,6.0
3.012331,6.25
3.032794,6.5
3.050699,6.75
3.072441,7.0
3.089067,7.25
3.101857,7.5
3.103136,7.75
3.101857,8.0
3.106973,8.25
3.092904,8.5
3.085231,8.75
3.059652,9.0
3.057094,9.25
3.043025,9.5
3.035352,9.75
3.02512,10.0
3.016168,10.25
3.007215,10.5
3.007215,10.75
3.007215,11.0
3.00082,11.25
2.995705,11.5
2.990589,11.75
2.982915,12.0
2.977799,12.25
2.972684,12.5
2.961173,12.75
2.949663,13.0
2.94071,13.25
2.941989,13.5
2.94071,13.75
2.922805,14.0
2.927921,14.25
2.935594,14.5
2.939431,14.75
2.938152,15.0
2.929199,15.25
2.938152,15.5
2.930478,15.75
2.926642,16.0
2.924084,16.25
2.915131,16.5
2.912573,16.75
2.902342,17.0
2.899784,17.25
2.89211,17.5
2.893389,17.75
2.886994,18.0
2.883157,18.25
2.876763,18.5
2.870368,18.75
2.875484,19.0
2.86781,19.25
2.863973,19.5
2.860137,19.75
2.857579,20.0
2.853742,20.25
2.844789,20.5
2.846068,20.75
2.839674,21.0
2.839674,21.25
2.839674,21.5
2.852463,21.75
2.858858,22.0
2.86781,22.25
2.870368,22.5
2.872926,22.75
2.872926,23.0
2.869089,23.25
2.866531,23.5
2.8563,23.75
2.8563,24.0
2.846068,24.25
2.844789,24.5
2.839674,24.75
2.830721,25.0
2.832,25.25
2.830721,25.5
2.840952,25.75
2.839674,26.0
2.86781,26.25
2.878042,26.5
2.930478,26.75
2.949663,27.0
2.927921,27.25
2.91641,27.5
2.883157,27.75
2.858858,28.0
2.846068,28.25
2.871647,28.5
2.875484,28.75
2.879321,29.0
2.9049,29.25
2.885715,29.5
2.849905,29.75
2.839674,30.0
2.844789,30.25
2.846068,30.5
2.847347,30.75
2.842231,31.0
2.839674,31.25
2.842231,31.5
2.839674,31.75
2.835837,32.0
2.832,32.25
2.825605,32.5
2.828163,32.75
2.820489,33.0
2.81921,33.25
2.817931,33.5
2.823047,33.75
2.815373,34.0
2.84351,34.25
2.872926,34.5
2.913852,34.75
2.922805,35.0
2.994426,35.25
3.022562,35.5
3.03791,35.75
3.057094,36.0
3.074999,36.25
3.147899,36.5
3.228472,36.75
3.346135,37.0
3.454845,37.25
3.520072,37.5
3.582366,37.75
3.624572,38.0
3.643756,38.25
3.620735,38.5
3.587482,38.75
3.555509,39.0
3.538882,39.25
3.574693,39.5
3.637361,39.75
3.83304,40.0
3.987792,40.25
4.099206,40.5
4.152922,40.75
4.197685,41.0
4.190012,41.25
4.170827,41.5
4.132459,41.75
4.067233,42.0
3.970033,42.25
3.88946,42.5
3.833186,42.75
3.761565,43.0
3.710408,43.25
3.669482,43.5
3.643903,43.75
3.602976,44.0
3.581234,44.25
3.560771,44.5
3.553097,44.75
3.539029,45.0
3.533913,45.25
3.523682,45.5
3.514729,45.75
3.505777,46.0
3.485313,46.25
3.481477,46.5
3.468687,46.75
3.467262,47.0
3.45703,47.25
3.451914,47.5
3.445519,47.75
3.430172,48.0
3.425056,48.25
3.412267,48.5
3.410988,48.75
3.385409,49.0
3.390525,49.25
3.380293,49.5
3.37262,49.75
3.363667,50.0
3.353436,50.25
3.34832,50.5
3.340646,50.75
3.334251,51.0
3.317625,51.25
3.317625,51.5
3.307394,51.75
3.306115,52.0
3.295883,52.25
3.285651,52.5
3.281815,52.75
3.272862,53.0
3.272862,53.25
3.284373,53.5
3.327857,53.75
3.326578,54.0
3.350878,54.25
3.354714,54.5
3.361109,54.75
3.357272,55.0
3.353436,55.25
3.338088,55.5
3.336809,55.75
3.321462,56.0
3.320183,56.25
3.261352,56.5
3.279257,56.75
3.398199,57.0
3.476214,57.25
3.501793,57.5
3.439125,57.75
3.247283,58.0
3.281815,58.25
3.19101,58.5
2.964637,58.75
2.98931,59.0
2.991868,59.25
2.979078,59.5
2.934315,59.75
2.886994,60.0
2.943268,60.25
3.032794,60.5
3.10953,60.75
3.138946,61.0
3.172199,61.25
3.17092,61.5
3.164525,61.75
3.160688,62.0
3.155573,62.25
3.156852,62.5
3.167083,62.75
3.186267,63.0
3.187546,63.25
3.181151,63.5
3.179873,63.75
3.077557,64.0
3.129994,64.25
3.119762,64.5
3.136388,64.75
3.106973,65.0
3.108252,65.25
3.184988,65.5
3.21952,65.75
3.270678,66.0
3.265562,66.25
3.213125,66.5
3.181151,66.75
3.137667,67.0
3.142783,67.25
3.153015,67.5
3.133831,67.75
3.123599,68.0
3.128715,68.25
3.218241,68.5
3.238704,68.75
3.21952,69.0
3.227193,69.25
3.224636,69.5
3.256609,69.75
3.220799,70.0
3.178594,70.25
3.129994,70.5
3.168362,70.75
3.11081,71.0
3.06221,71.25
3.067325,71.5
3.072441,71.75
3.082673,72.0
3.096741,72.25
3.119762,72.5
3.121041,72.75
3.126157,73.0
3.124878,73.25
3.127436,73.5
3.121041,73.75
3.112088,74.0
3.124878,74.25
3.12232,74.5
3.119762,74.75
3.112088,75.0
3.11081,75.25
3.099299,75.5
3.095462,75.75
3.076278,76.0
3.071162,76.25
3.039189,76.5
3.026399,76.75
3.027678,77.0
3.016168,77.25
3.009773,77.5
3.005936,77.75
3.009773,78.0
3.04942,78.25
3.11081,78.5
3.184988,78.75
3.220799,79.0
3.245099,79.25
3.271956,79.5
3.284746,79.75
3.287304,80.0
3.298814,80.25
3.309046,80.5
3.346135,80.75
3.497051,81.0
3.665498,81.25
3.840713,81.5
3.918729,81.75
3.963492,82.0
3.97387,82.25
3.975149,82.5
3.954686,82.75
3.903528,83.0
3.852371,83.25
3.76796,83.5
3.617045,83.75
3.56205,84.0
3.45334,84.25
3.285651,84.5
3.141131,84.75
3.155199,85.0
3.134736,85.25
3.138573,85.5
3.138573,85.75
3.160315,86.0
3.19101,86.25
3.194846,86.5
3.189731,86.75
3.128341,87.0
3.02091,87.25
2.978705,87.5
2.983821,87.75
2.971031,88.0
2.98931,88.25
3.008494,88.5
3.041747,88.75
3.034073,89.0
3.007215,89.25
2.988031,89.5
2.979078,89.75
2.984194,90.0
2.970126,90.25
2.967568,90.5
2.961173,90.75
2.991868,91.0
3.01361,91.25
3.021283,91.5
3.036631,91.75
3.044304,92.0
3.053257,92.25
3.064768,92.5
3.068604,92.75
3.060931,93.0
3.03791,93.25
3.014889,93.5
3.012331,93.75
3.02512,94.0
3.069883,94.25
3.072441,94.5
3.080115,94.75
3.077557,95.0
3.074999,95.25
2.990589,95.5
2.911294,95.75
2.86781,96.0
2.852463,96.25
2.838394,96.5
2.814095,96.75
2.797468,97.0
2.7834,97.25
2.778284,97.5
2.773168,97.75
2.762937,98.0
2.762937,98.25
2.753984,98.5
2.755263,98.75
2.745032,99.0
2.750147,99.25
2.748868,99.5
2.741195,99.75
2.736079,100.0
2.730963,100.25
2.730963,100.5
2.724568,100.75
2.729684,101.0
2.728405,101.25
2.743753,101.5
2.74631,101.75
2.729684,102.0
2.705384,102.25
2.672132,102.5
2.652948,102.75
2.635042,103.0
2.618416,103.25
2.605627,103.5
2.605627,103.75
2.60179,104.0
2.608185,104.25
2.604348,104.5
2.600511,104.75
2.612021,105.0
2.622253,105.25
2.622253,105.5
2.632484,105.75
2.677248,106.0
2.766774,106.25
2.901063,106.5
3.054536,106.75
3.200336,107.0
3.324393,107.25
3.403688,107.5
3.448451,107.75
3.466356,108.0
3.455751,108.25
3.434009,108.5
3.393083,108.75
3.347041,109.0
3.307394,109.25
3.261352,109.5
3.220425,109.75
3.180778,110.0
3.171825,110.25
3.130899,110.5
3.10532,110.75
3.098926,111.0
3.073347,111.25
3.005563,111.5
2.965915,111.75
2.971405,112.0
2.986752,112.25
2.922805,112.5
2.876763,112.75
2.797468,113.0
2.697711,113.25
2.6619,113.5
2.638879,113.75
2.623532,114.0
2.649111,114.25
2.785958,114.5
2.903621,114.75
3.017447,115.0
3.183709,115.25
3.314162,115.5
3.438219,115.75
3.568671,116.0
3.762697,116.25
3.903381,116.5
3.949423,116.75
3.948144,117.0
3.964771,117.25
3.941896,117.5
3.82807,117.75
3.775634,118.0
3.761565,118.25
3.702734,118.5
3.638787,118.75
3.588908,119.0
3.549261,119.25
3.495545,119.5
3.437993,119.75
3.34832,120.0
3.281815,120.25
3.231936,120.5
3.184615,120.75
3.156478,121.0
3.15392,121.25
3.156478,121.5
3.139852,121.75
3.130899,122.0
3.123226,122.25
3.112994,122.5
3.104042,122.75
3.09381,123.0
3.08102,123.25
3.078463,123.5
3.077184,123.75
3.061836,124.0
3.055442,124.25
3.04521,124.5
3.037536,124.75
3.036258,125.0
3.031142,125.25
3.018352,125.5
3.008121,125.75
3.011957,126.0
3.028584,126.25
3.072068,126.5
3.111715,126.75
3.133457,127.0
3.151362,127.25
3.151362,127.5
3.155199,127.75
3.150084,128.0
3.137294,128.25
3.125783,128.5
3.109157,128.75
3.106599,129.0
3.092531,129.25
3.089973,129.5
3.082299,129.75
3.078463,130.0
3.075905,130.25
3.072068,130.5
3.072068,130.75
3.059278,131.0
3.040094,131.25
3.032421,131.5
3.0094,131.75
2.995331,132.0
2.979984,132.25
2.973589,132.5
2.982915,132.75
2.971405,133.0
2.984194,133.25
2.986752,133.5
2.986752,133.75
2.96501,134.0
2.966289,134.25
2.967568,134.5
2.962452,134.75
2.958615,135.0
2.95222,135.25
2.954778,135.5
2.948384,135.75
2.944547,136.0
2.944547,136.25
2.938152,136.5
2.939431,136.75
2.931757,137.0
2.935594,137.25
2.929199,137.5
2.925363,137.75
2.947105,138.0
2.982915,138.25
3.026399,138.5
3.060931,138.75
3.09802,139.0
3.147899,139.25
3.229751,139.5
3.319277,139.75
3.407524,140.0
3.472751,140.25
3.504351,140.5
3.540161,140.75
3.57853,141.0
3.572135,141.25
3.536325,141.5
3.503072,141.75
3.45703,142.0
3.414825,142.25
3.373899,142.5
3.352157,142.75
3.318904,143.0
3.306115,143.25
3.284373,143.5
3.270304,143.75
3.256236,144.0
3.244725,144.25
3.238331,144.5
3.222983,144.75
3.212752,145.0
3.197404,145.25
3.193568,145.5
3.175662,145.75
3.173105,146.0
3.164152,146.25
3.157757,146.5
3.148804,146.75
3.139852,147.0
3.134736,147.25
3.128341,147.5
3.12962,147.75
3.104042,148.0
3.102762,148.25
3.082299,148.5
3.08102,148.75
3.088694,149.0
3.079741,149.25
3.070789,149.5
3.065673,149.75
3.05672,150.0
3.049047,150.25
3.040094,150.5
3.037536,150.75
3.031142,151.0
3.027305,151.25
3.028584,151.5
3.028584,151.75
3.036258,152.0
3.042652,152.25
3.04521,152.5
3.038815,152.75
3.0337,153.0
3.028584,153.25
3.017073,153.5
3.014515,153.75
2.988936,154.0
2.999168,154.25
2.991494,154.5
2.992773,154.75
2.987658,155.0
2.983821,155.25
2.979984,155.5
2.971031,155.75
2.986752,156.0
2.975241,156.25
2.975241,156.5
2.968847,156.75
2.930478,157.0
2.89211,157.25
2.872926,157.5
2.870368,157.75
2.852463,158.0
2.853742,158.25
2.848626,158.5
2.848626,158.75
2.849905,159.0
2.860137,159.25
2.871647,159.5
2.86781,159.75
2.885715,160.0
2.881879,160.25
2.886994,160.5
2.883157,160.75
2.897226,161.0
2.926642,161.25
2.972684,161.5
3.008494,161.75
3.035352,162.0
3.054536,162.25
3.086509,162.5
3.11081,162.75
3.11081,163.0
3.108252,163.25
3.11081,163.5
3.100578,163.75
3.077557,164.0
3.072441,164.25
3.106973,164.5
3.19522,164.75
3.344856,165.0
3.517514,165.25
3.705145,165.5
3.870129,165.75
3.980118,166.0
4.039096,166.25
4.067233,166.5
4.049328,166.75
4.004565,167.0
3.936781,167.25
3.860044,167.5
3.76796,167.75
3.712965,168.0
3.682271,168.25
3.641345,168.5
3.637508,168.75
3.645181,169.0
3.63495,169.25
3.62216,169.5
3.602976,169.75
3.579955,170.0
3.542866,170.25
3.505777,170.5
3.484035,170.75
3.468687,171.0
3.46854,171.25
3.450635,171.5
3.441683,171.75
3.427614,172.0
3.417383,172.25
3.416104,172.5
3.395641,172.75
3.400756,173.0
3.440404,173.25
3.524814,173.5
3.616898,173.75
3.685961,174.0
3.761419,174.25
3.807461,174.5
3.830482,174.75
3.826645,175.0
3.816413,175.25
3.770371,175.5
3.738398,175.75
3.646314,176.0
3.591319,176.25
3.610503,176.5
3.579808,176.75
3.558067,177.0
3.536325,177.25
3.520977,177.5
3.508188,177.75
3.480051,178.0
3.460867,178.25
3.453193,178.5
3.441683,178.75
3.431451,179.0
3.426335,179.25
3.416104,179.5
3.410988,179.75
3.402035,180.0
3.393083,180.25
3.382851,180.5
3.358551,180.75
3.349599,181.0
3.353436,181.25
3.350878,181.5
3.341925,181.75
3.321462,182.0
3.293325,182.25
3.276699,182.5
3.274141,182.75
3.263909,183.0
3.265188,183.25
3.256236,183.5
3.248562,183.75
3.243446,184.0
3.233215,184.25
3.228099,184.5
3.220425,184.75
3.212752,185.0
3.206357,185.25
3.199962,185.5
3.193568,185.75
3.184615,186.0
3.176941,186.25
3.160315,186.5
3.167989,186.75
3.155199,187.0
3.148804,187.25
3.144968,187.5
3.136015,187.75
3.133457,188.0
3.128341,188.25
3.125783,188.5
3.123226,188.75
3.11811,189.0
3.112994,189.25
3.111715,189.5
3.114273,189.75
3.109157,190.0
3.101484,190.25
3.098926,190.5
3.09381,190.75
3.083578,191.0
3.075905,191.25
3.068231,191.5
3.060557,191.75
3.051605,192.0
3.055442,192.25
3.046489,192.5
3.051605,192.75
3.038815,193.0
3.036258,193.25
3.038815,193.5
3.043931,193.75
3.032421,194.0
3.059278,194.25
3.077184,194.5
3.083578,194.75
3.111715,195.0
3.120668,195.25
3.127063,195.5
3.128341,195.75
3.121947,196.0
3.130899,196.25
3.134736,196.5
3.161594,196.75
3.16671,197.0
3.17822,197.25
3.180778,197.5
3.182057,197.75
3.182057,198.0
3.156478,198.25
3.148804,198.5
3.141131,198.75
3.130899,199.0
3.120668,199.25
3.098926,199.5
3.064394,199.75
3.041373,200.0
3.02091,200.25
3.011957,200.5
3.011957,200.75
3.017073,201.0
3.006842,201.25
3.0094,201.5
3.000447,201.75
2.991494,202.0
2.983821,202.25
2.990216,202.5
3.015794,202.75
3.059278,203.0
3.110436,203.25
3.165431,203.5
3.216588,203.75
3.267746,204.0
3.285651,204.25
3.293325,204.5
3.288209,204.75
3.271583,205.0
3.240888,205.25
3.203799,205.5
3.17822,205.75
3.156478,206.0
3.136015,206.25
3.10532,206.5
3.073347,206.75
3.055442,207.0
3.040094,207.25
3.036258,207.5
3.031142,207.75
3.024747,208.0
3.018352,208.25
3.014515,208.5
3.011957,208.75
3.000447,209.0
2.992773,209.25
2.978705,209.5
2.971031,209.75
2.97652,210.0
2.96501,210.25
2.957336,210.5
2.948384,210.75
2.939431,211.0
2.925363,211.25
2.925363,211.5
2.920247,211.75
2.911294,212.0
2.898505,212.25
2.884436,212.5
2.876763,212.75
2.866531,213.0
2.871647,213.25
2.8806,213.5
2.8806,213.75
2.858858,214.0
2.871647,214.25
2.872926,214.5
2.871647,214.75
2.865252,215.0
2.8563,215.25
2.852463,215.5
2.86781,215.75
2.872926,216.0
2.894668,216.25
2.907457,216.5
2.907457,216.75
2.917689,217.0
2.91641,217.25
2.925363,217.5
2.920247,217.75
2.917689,218.0
2.915131,218.25
2.902342,218.5
2.897226,218.75
2.876763,219.0
2.870368,219.25
2.852463,219.5
2.838394,219.75
2.821768,220.0
2.803863,220.25
2.796189,220.5
2.784679,220.75
2.79491,221.0
2.801305,221.25
2.8077,221.5
2.796189,221.75
2.779563,222.0
2.774447,222.25
2.774447,222.5
2.788516,222.75
2.787237,223.0
2.792352,223.25
2.840952,223.5
2.936873,223.75
3.008494,224.0
3.036631,224.25
3.055815,224.5
3.095462,224.75
3.132551,225.0
3.151736,225.25
3.155573,225.5
3.169641,225.75
3.183709,226.0
3.215683,226.25
3.269398,226.5
3.320556,226.75
3.406245,227.0
3.491935,227.25
3.59004,227.5
3.719213,227.75
3.886755,228.0
4.06197,228.25
4.248843,228.5
4.363948,228.75
4.448358,229.0
4.505911,229.25
4.505821,229.5
4.458499,229.75
4.407342,230.0
4.320374,230.25
4.238521,230.5
4.164342,230.75
4.099116,231.0
4.04668,231.25
4.007032,231.5
3.977617,231.75
3.946922,232.0
3.931665,232.25
3.915039,232.5
3.916318,232.75
3.911202,233.0
3.879228,233.25
3.844697,233.5
3.799934,233.75
3.782028,234.0
3.839581,234.25
3.943175,234.5
4.091533,234.75
4.214312,235.0
4.317906,235.25
4.380574,235.5
4.443243,235.75
4.481611,236.0
4.596626,236.25
4.729636,236.5
4.843462,236.75
4.920198,237.0
4.948335,237.25
4.95473,237.5
4.936284,237.75
4.880011,238.0
4.778974,238.25
4.65108,238.5
4.52958,238.75
4.415754,239.0
4.333163,239.25
4.258985,239.5
4.201432,239.75
4.13109,240.0
4.091443,240.25
4.077374,240.5
4.109348,240.75
4.250032,241.0
4.458499,241.25
4.638831,241.5
4.734752,241.75
4.780794,242.0
4.806372,242.25
4.801257,242.5
4.770562,242.75
4.684873,243.0
4.544189,243.25
4.443152,243.5
4.338279,243.75
4.253869,244.0
4.170737,244.25
4.11958,244.5
4.062027,244.75
4.023659,245.0
3.990406,245.25
3.959712,245.5
3.970033,245.75
3.932944,246.0
3.907365,246.25
3.879228,246.5
3.830628,246.75
3.81656,247.0
3.790981,247.25
3.760286,247.5
3.729592,247.75
3.718081,248.0
3.688666,248.25
3.680992,248.5
3.69506,248.75
3.748776,249.0
3.837023,249.25
3.922712,249.5
3.984102,249.75
4.02247,250.0
4.042933,250.25
4.042933,250.5
4.031423,250.75
3.999449,251.0
3.952128,251.25
3.907365,251.5
3.860044,251.75
3.82807,252.0
3.796097,252.25
3.770518,252.5
3.752613,252.75
3.727034,253.0
3.718081,253.25
3.697618,253.5
3.692502,253.75
3.65925,254.0
3.669482,254.25
3.655413,254.5
3.625997,254.75
3.608092,255.0
3.591466,255.25
3.587629,255.5
3.583792,255.75
3.590187,256.0
3.594024,256.25
3.597861,256.5
3.609371,256.75
3.604255,257.0
3.608092,257.25
3.599139,257.5
3.592745,257.75
3.583792,258.0
3.594024,258.25
3.609371,258.5
3.628555,258.75
3.649018,259.0
3.567166,259.25
3.522403,259.5
3.52624,259.75
3.518566,260.0
3.572282,260.25
3.652855,260.5
3.729592,260.75
3.771797,261.0
3.788423,261.25
3.790981,261.5
3.799934,261.75
3.815281,262.0
3.826792,262.25
3.852371,262.5
3.877949,262.75
3.897133,263.0
3.911202,263.25
3.916318,263.5
3.922712,263.75
3.918875,264.0
3.916318,264.25
3.944454,264.5
4.045491,264.75
4.230938,265.0
4.441964,265.25
4.585205,265.5
4.723241,265.75
4.782073,266.0
4.78463,266.25
4.787188,266.5
4.757772,266.75
4.702778,267.0
4.628599,267.25
4.553142,267.5
4.493031,267.75
4.426526,268.0
4.383042,268.25
4.343395,268.5
4.322932,268.75
4.290958,269.0
4.2641,269.25
4.232127,269.5
4.2398,269.75
4.285842,270.0
4.353626,270.25
4.422689,270.5
4.463615,270.75
4.489194,271.0
4.495589,271.25
4.491752,271.5
4.466173,271.75
4.446989,272.0
4.4342,272.25
4.432921,272.5
4.438036,272.75
4.436758,273.0
4.425247,273.25
4.39711,273.5
4.3856,273.75
4.331884,274.0
4.310142,274.25
4.269216,274.5
4.241079,274.75
4.214221,275.0
4.188643,275.25
4.172016,275.5
4.148995,275.75
4.143879,276.0
4.128532,276.25
4.125974,276.5
4.128532,276.75
4.133648,277.0
4.146437,277.25
4.165622,277.5
4.178411,277.75
4.174574,278.0
4.180969,278.25
4.165622,278.5
4.150274,278.75
4.134927,279.0
4.114464,279.25
4.100395,279.5
4.083769,279.75
4.068422,280.0
4.050517,280.25
4.050517,280.5
4.041564,280.75
4.036448,281.0
4.028775,281.25
4.013427,281.5
4.01087,281.75
4.000638,282.0
3.990406,282.25
3.981454,282.5
3.968664,282.75
3.977707,283.0
3.975149,283.25
3.971312,283.5
3.989217,283.75
4.035259,284.0
4.111996,284.25
4.190012,284.5
4.265469,284.75
4.306396,285.0
4.330695,285.25
4.326859,285.5
4.334532,285.75
4.306396,286.0
4.284653,286.25
4.245006,286.5
4.207917,286.75
4.172106,287.0
4.138854,287.25
4.117112,287.5
4.092812,287.75
4.077465,288.0
4.051886,288.25
4.04677,288.5
4.031423,288.75
4.021191,289.0
4.01096,289.25
4.002007,289.5
3.993054,289.75
3.985381,290.0
3.976428,290.25
3.964917,290.5
3.961081,290.75
3.94957,291.0
3.954686,291.25
3.943175,291.5
3.945733,291.75
3.927828,292.0
3.931665,292.25
3.923991,292.5
3.920154,292.75
3.91376,293.0
3.903528,293.25
3.90097,293.5
3.888181,293.75
3.877949,294.0
3.880507,294.25
3.883065,294.5
3.880507,294.75
3.879228,295.0
3.871555,295.25
3.867718,295.5
3.862602,295.75
3.851091,296.0
3.845976,296.25
3.830628,296.5
3.835744,296.75
3.821676,297.0
3.822955,297.25
3.815281,297.5
3.810165,297.75
3.807607,298.0
3.798655,298.25
3.798655,298.5
3.793539,298.75
3.793539,299.0
3.775634,299.25
3.778192,299.5
3.770518,299.75
3.765402,300.0
3.761565,300.25
3.759007,300.5
3.75645,300.75
3.751334,301.0
3.747497,301.25
3.738544,301.5
3.734708,301.75
3.723197,302.0
3.728313,302.25
3.716802,302.5
3.71936,302.75
3.712965,303.0
3.714244,303.25
3.71936,303.5
3.725755,303.75
3.755171,304.0
3.801213,304.25
3.861323,304.5
3.929107,304.75
4.008401,305.0
4.092812,305.25
4.164433,305.5
4.207917,305.75
4.210474,306.0
4.206638,306.25
4.172106,306.5
4.118391,306.75
4.080022,307.0
4.051886,307.25
4.003286,307.5
3.980265,307.75
3.961081,308.0
3.940618,308.25
3.921433,308.5
3.912481,308.75
3.893296,309.0
3.866439,309.25
3.834465,309.5
3.805049,309.75
3.785865,310.0
3.773076,310.25
3.776913,310.5
3.755171,310.75
3.747497,311.0
3.733429,311.25
3.728313,311.5
3.727034,311.75
3.761565,312.0
3.825513,312.25
3.893296,312.5
3.970033,312.75
4.023749,313.0
4.072349,313.25
4.122228,313.5
4.170827,313.75
4.177222,314.0
4.197685,314.25
4.192569,314.5
4.200243,314.75
4.182338,315.0
4.160596,315.25
4.165711,315.5
4.19129,315.75
4.241169,316.0
4.280817,316.25
4.303838,316.5
4.305117,316.75
4.298722,317.0
4.28849,317.25
4.296164,317.5
4.317906,317.75
4.362669,318.0
4.407432,318.25
4.464984,318.5
4.508379,318.75
4.51861,319.0
4.512215,319.25
4.480242,319.5
4.44571,319.75
4.402226,320.0
4.3613,320.25
4.330606,320.5
4.298632,320.75
4.282005,321.0
4.307584,321.25
4.406063,321.5
4.544189,321.75
4.678478,322.0
4.770562,322.25
4.801257,322.5
4.811488,322.75
4.812767,323.0
4.793583,323.25
4.738588,323.5
4.670805,323.75
4.597905,324.0
4.546747,324.25
4.493031,324.5
4.452105,324.75
4.406063,325.0
4.374089,325.25
4.340837,325.5
4.322932,325.75
4.298632,326.0
4.275611,326.25
4.253869,326.5
4.22829,326.75
4.216779,327.0
4.202711,327.25
4.188643,327.5
4.172016,327.75
4.161785,328.0
4.145158,328.25
4.137485,328.5
4.11958,328.75
4.109348,329.0
4.088885,329.25
4.086327,329.5
4.083769,329.75
4.07098,330.0
4.060748,330.25
4.049238,330.5
4.037727,330.75
4.024938,331.0
4.015985,331.25
4.008311,331.5
4.003196,331.75
3.987848,332.0
3.977617,332.25
3.963548,332.5
3.976428,332.75
3.968754,333.0
3.957244,333.25
3.950849,333.5
3.948291,333.75
3.922712,334.0
3.926549,334.25
3.922712,334.5
3.91376,334.75
3.908644,335.0
3.904807,335.25
3.899691,335.5
3.893296,335.75
3.88946,336.0
3.874112,336.25
3.880507,336.5
3.884344,336.75
3.880507,337.0
3.884344,337.25
3.886902,337.5
3.879228,337.75
3.877949,338.0
3.875391,338.25
3.870275,338.5
3.870275,338.75
3.860044,339.0
3.853649,339.25
3.845976,339.5
3.842139,339.75
3.833186,340.0
3.826792,340.25
3.81656,340.5
3.81656,340.75
3.810165,341.0
3.801213,341.25
3.799934,341.5
3.796097,341.75
3.79226,342.0
3.783307,342.25
3.78075,342.5
3.773076,342.75
3.769239,343.0
3.752613,343.25
3.765402,343.5
3.762844,343.75
3.75645,344.0
3.752613,344.25
3.746218,344.5
3.747497,344.75
3.74366,345.0
3.741102,345.25
3.741102,345.5
3.757729,345.75
3.770518,346.0
3.797376,346.25
3.805049,346.5
3.821676,346.75
3.81656,347.0
3.825513,347.25
3.819118,347.5
3.812723,347.75
3.799934,348.0
3.788423,348.25
3.778192,348.5
3.764123,348.75
3.762844,349.0
3.747497,349.25
3.742381,349.5
3.734708,349.75
3.727034,350.0
3.721918,350.25
3.716802,350.5
3.712965,350.75
3.702734,351.0
3.702734,351.25
3.689945,351.5
3.69506,351.75
3.684829,352.0
3.678434,352.25
3.675876,352.5
3.672039,352.75
3.666924,353.0
3.65925,353.25
3.65925,353.5
3.654134,353.75
3.636229,354.0
3.640066,354.25
3.643903,354.5
3.638787,354.75
3.637508,355.0
3.633671,355.25
3.631113,355.5
3.625997,355.75
3.62344,356.0
3.620882,356.25
3.611929,356.5
3.615766,356.75
3.604255,357.0
3.605534,357.25
3.599139,357.5
3.604255,357.75
3.599139,358.0
3.596582,358.25
3.592745,358.5
3.585071,358.75
3.587629,359.0
3.582513,359.25
3.578676,359.5
3.568445,359.75
3.569724,360.0
3.56205,360.25
3.565887,360.5
3.558213,360.75
3.555655,361.0
3.55054,361.25
3.549261,361.5
3.549261,361.75
3.545424,362.0
3.541587,362.25
3.528798,362.5
3.522403,362.75
3.51345,363.0
3.516008,363.25
3.509614,363.5
3.512171,363.75
3.504498,364.0
3.50194,364.25
3.500661,364.5
3.499382,364.75
3.492987,365.0
3.487871,365.25
3.486593,365.5
3.482756,365.75
3.481477,366.0
3.473803,366.25
3.472524,366.5
3.482609,366.75
3.480051,367.0
3.476214,367.25
3.473656,367.5
3.46854,367.75
3.460867,368.0
3.465982,368.25
3.472377,368.5
3.476214,368.75
3.467262,369.0
3.463425,369.25
3.474935,369.5
3.524814,369.75
3.682124,370.0
3.920008,370.25
4.097781,370.5
4.296164,370.75
4.453474,371.0
4.587763,371.25
4.787188,371.5
4.962403,371.75
4.969537,372.0
5.153705,372.25
5.336594,372.5
5.409493,372.75
5.359614,373.0
5.337873,373.25
5.446583,373.5
5.52204,373.75
5.589193,374.0
5.636514,374.25
5.622446,374.5
5.585356,374.75
5.440835,375.0
5.269457,375.25
5.075058,375.5
4.934374,375.75
4.818621,376.0
4.699679,376.25
4.610154,376.5
4.537254,376.75
4.474586,377.0
4.437496,377.25
4.399668,377.5
4.371531,377.75
4.324211,378.0
4.301189,378.25
4.267937,378.5
4.2398,378.75
4.20399,379.0
4.186085,379.25
4.160506,379.5
4.143879,379.75
4.124695,380.0
4.105511,380.25
4.088885,380.5
4.073537,380.75
4.063306,381.0
4.040285,381.25
4.039006,381.5
4.01087,381.75
4.007032,382.0
3.996801,382.25
3.991685,382.5
3.991685,382.75
3.985291,383.0
3.982733,383.25
3.975059,383.5
3.977617,383.75
3.964827,384.0
3.971312,384.25
3.953407,384.5
3.957244,384.75
3.939339,385.0
3.939339,385.25
3.93806,385.5
3.940618,385.75
3.94957,386.0
3.955965,386.25
3.959802,386.5
3.955965,386.75
3.950849,387.0
3.932944,387.25
3.930386,387.5
3.920154,387.75
3.907365,388.0
3.890739,388.25
3.881786,388.5
3.867718,388.75
3.861323,389.0
3.862602,389.25
3.867718,389.5
3.863881,389.75
3.750055,390.0
3.71936,390.25
3.706571,390.5
3.721918,390.75
3.755171,391.0
3.770518,391.25
3.851091,391.5
3.907365,391.75
4.021191,392.0
4.166991,392.25
4.170827,392.5
4.187454,392.75
4.122228,393.0
4.147807,393.25
4.127343,393.5
4.122228,393.75
4.077465,394.0
4.044212,394.25
4.012239,394.5
4.128622,394.75
4.342206,395.0
4.395922,395.25
4.440684,395.5
4.480332,395.75
4.516052,396.0
4.590231,396.25
4.67592,396.5
4.705336,396.75
4.565931,397.0
4.248753,397.25
3.903438,397.5
3.833186,397.75
3.834465,398.0
4.016075,398.25
4.175943,398.5
4.514863,398.75
4.623483,399.0
4.720683,399.25
4.949614,399.5
4.982867,399.75
4.954189,400.0
4.867221,400.25
4.812227,400.5
4.777695,400.75
4.708632,401.0
4.67538,401.25
4.625501,401.5
4.576901,401.75
4.543648,402.0
4.507838,402.25
4.486096,402.5
4.477143,402.75
4.449007,403.0
4.436758,403.25
4.422689,403.5
4.39711,403.75
4.383042,404.0
4.391994,404.25
4.446989,404.5
4.533957,404.75
4.626041,405.0
4.706615,405.25
4.756494,405.5
4.79742,405.75
4.796141,406.0
4.779514,406.25
4.718125,406.5
4.682315,406.75
4.629878,407.0
4.582557,407.25
4.541631,407.5
4.5071,407.75
4.478963,408.0
4.448268,408.25
4.427805,408.5
4.406063,408.75
4.390716,409.0
4.367695,409.25
4.365137,409.5
4.351068,409.75
4.345953,410.0
4.334442,410.25
4.324211,410.5
4.320374,410.75
4.310142,411.0
4.308863,411.25
4.308863,411.5
4.321653,411.75
4.315258,412.0
4.32549,412.25
4.319095,412.5
4.322932,412.75
4.315258,413.0
4.307584,413.25
4.299911,413.5
4.298632,413.75
4.2884,414.0
4.331884,414.25
4.391994,414.5
4.449547,414.75
4.517331,415.0
4.549304,415.25
4.571047,415.5
4.569768,415.75
4.555699,416.0
4.531399,416.25
4.503263,416.5
4.472568,416.75
4.443152,417.0
4.416295,417.25
4.384321,417.5
4.376647,417.75
4.353626,418.0
4.340837,418.25
4.324211,418.5
4.319095,418.75
4.306305,419.0
4.296074,419.25
4.292237,419.5
4.279448,419.75
4.271774,420.0
4.258985,420.25
4.253869,420.5
4.243637,420.75
4.248753,421.0
4.267937,421.25
4.315258,421.5
4.371531,421.75
4.429084,422.0
4.481521,422.25
4.505821,422.5
4.513494,422.75
4.501984,423.0
4.490473,423.25
4.459779,423.5
4.435479,423.75
4.404784,424.0
4.381763,424.25
4.3613,424.5
4.342116,424.75
4.326768,425.0
4.3127,425.25
4.296074,425.5
4.287121,425.75
4.27689,426.0
4.267937,426.25
4.256426,426.5
4.251311,426.75
4.246195,427.0
4.237242,427.25
4.233406,427.5
4.230848,427.75
4.225732,428.0
4.218058,428.25
4.210384,428.5
4.206548,428.75
4.205269,429.0
4.198874,429.25
4.197595,429.5
4.193758,429.75
4.187364,430.0
4.183527,430.25
4.17969,430.5
4.172016,430.75
4.163064,431.0
4.15539,431.25
4.152832,431.5
4.151553,431.75
4.141322,432.0
4.138764,432.25
4.133648,432.5
4.134927,432.75
4.127253,433.0
4.123416,433.25
4.1183,433.5
4.109348,433.75
4.083769,434.0
4.091443,434.25
4.090164,434.5
4.090164,434.75
4.086327,435.0
4.078653,435.25
4.078653,435.5
4.072258,435.75
4.068422,436.0
4.063306,436.25
4.056911,436.5
4.049238,436.75
4.045401,437.0
4.042843,437.25
4.040285,437.5
4.045401,437.75
4.037727,438.0
4.035169,438.25
4.027495,438.5
4.064585,438.75
4.110627,439.0
4.173295,439.25
4.229569,439.5
4.287121,439.75
4.324211,440.0
4.344674,440.25
4.354905,440.5
4.34979,440.75
4.330606,441.0
4.299911,441.25
4.275611,441.5
4.246195,441.75
4.224453,442.0
4.202711,442.25
4.196316,442.5
4.188643,442.75
4.184806,443.0
4.186085,443.25
4.182248,443.5
4.189921,443.75
4.195037,444.0
4.223174,444.25
4.261542,444.5
4.308863,444.75
4.334442,445.0
4.358742,445.25
4.366416,445.5
4.365137,445.75
4.3613,446.0
4.339558,446.25
4.32549,446.5
4.297353,446.75
4.279448,447.0
4.257706,447.25
4.242358,447.5
4.224453,447.75
4.2155,448.0
4.202711,448.25
4.184806,448.5
4.182248,448.75
4.16818,449.0
4.159227,449.25
4.141322,449.5
4.142601,449.75
4.129811,450.0
4.115743,450.25
4.099116,450.5
4.072258,450.75
4.047959,451.0
4.068422,451.25
4.054353,451.5
4.051795,451.75
4.036448,452.0
4.023659,452.25
4.017264,452.5
4.013427,452.75
4.003196,453.0
3.991685,453.25
3.991685,453.5
3.986569,453.75
3.959712,454.0
3.976428,454.25
3.966196,454.5
3.966196,454.75
3.957244,455.0
3.952128,455.25
3.943175,455.5
3.936781,455.75
3.927828,456.0
3.929107,456.25
3.922712,456.5
3.91376,456.75
3.909923,457.0
3.902249,457.25
3.899691,457.5
3.880507,457.75
3.883065,458.0
3.870275,458.25
3.87667,458.5
3.871555,458.75
3.87667,459.0
3.875391,459.25
3.875391,459.5
3.893296,459.75
3.90097,460.0
3.917597,460.25
3.92527,460.5
3.943175,460.75
3.943175,461.0
3.948291,461.25
3.93806,461.5
3.952128,461.75
3.961081,462.0
3.977707,462.25
3.989217,462.5
3.996891,462.75
4.004565,463.0
4.004565,463.25
4.005844,463.5
3.995612,463.75
3.993054,464.0
3.977707,464.25
3.981544,464.5
3.978986,464.75
3.981544,465.0
3.980265,465.25
3.975149,465.5
3.978986,465.75
3.97387,466.0
3.968754,466.25
3.961081,466.5
3.961081,466.75
3.945733,467.0
3.947012,467.25
3.936781,467.5
3.932944,467.75
3.926549,468.0
3.917597,468.25
3.915039,468.5
3.911202,468.75
3.904807,469.0
3.895854,469.25
3.893296,469.5
3.881786,469.75
3.884344,470.0
3.874112,470.25
3.871555,470.5
3.868997,470.75
3.866439,471.0
3.860044,471.25
3.856207,471.5
3.857486,471.75
3.849813,472.0
3.845976,472.25
3.834465,472.5
3.839581,472.75
3.822955,473.0
3.82935,473.25
3.824234,473.5
3.821676,473.75
3.798655,474.0
3.806329,474.25
3.802492,474.5
3.797376,474.75
3.794818,475.0
3.783307,475.25
3.785865,475.5
3.776913,475.75
3.778192,476.0
3.770518,476.25
3.769239,476.5
3.762844,476.75
3.761565,477.0
3.761565,477.25
3.752613,477.5
3.751334,477.75
3.738544,478.0
3.739823,478.25
3.725755,478.5
3.733429,478.75
3.718081,479.0
3.723197,479.25
3.716802,479.5
3.711687,479.75
3.706571,480.0
3.700176,480.25
3.697618,480.5
3.686108,480.75
3.691223,481.0
3.678434,481.25
3.675876,481.5
3.67076,481.75
3.668202,482.0
3.663087,482.25
3.660529,482.5
3.664366,482.75
3.657971,483.0
3.655413,483.25
3.645181,483.5
3.651576,483.75
3.640066,484.0
3.640066,484.25
3.636229,484.5
3.633671,484.75
3.629834,485.0
3.625997,485.25
3.624718,485.5
3.620882,485.75
3.620882,486.0
3.609371,486.25
3.61065,486.5
3.599139,486.75
3.599139,487.0
3.594024,487.25
3.591466,487.5
3.587629,487.75
3.587629,488.0
3.58635,488.25
3.578676,488.5
3.577398,488.75
3.572282,489.0
3.571003,489.25
3.563329,489.5
3.567166,489.75
3.553097,490.0
3.564608,490.25
3.531356,490.5
3.56205,490.75
3.577398,491.0
3.530077,491.25
3.555655,491.5
3.652855,491.75
3.602976,492.0
3.588908,492.25
3.594024,492.5
3.579955,492.75
3.581234,493.0
3.572282,493.25
3.57484,493.5
3.569724,493.75
3.556934,494.0
3.590187,494.25
3.605534,494.5
3.63495,494.75
3.645181,495.0
3.650297,495.25
3.637508,495.5
3.638787,495.75
3.624718,496.0
3.620882,496.25
3.617045,496.5
3.571003,496.75
3.52624,497.0
3.484035,497.25
3.469966,497.5
3.463425,497.75
3.451914,498.0
3.442961,498.25
3.474935,498.5
3.535046,498.75
3.573414,499.0
3.59004,499.25
3.568298,499.5
3.552951,499.75
3.52993,500.0
3.531209,500.25
3.531209,500.5
3.545277,500.75
3.540161,501.0
3.543998,501.25
3.542719,501.5
3.54144,501.75
3.543998,502.0
3.54144,502.25
3.54144,502.5
3.533767,502.75
3.536325,503.0
3.52993,503.25
3.531209,503.5
3.535046,503.75
3.558067,504.0
3.59004,504.25
3.628408,504.5
3.661661,504.75
3.703866,505.0
3.743513,505.25
3.756303,505.5
3.770371,505.75
3.763977,506.0
3.749908,506.25
3.730724,506.5
3.712819,506.75
3.691077,507.0
3.673172,507.25
3.661661,507.5
3.646314,507.75
3.633524,508.0
3.618177,508.25
3.610503,508.5
3.592598,508.75
3.584924,509.0
3.573414,509.25
3.568298,509.5
3.560624,509.75
3.55423,510.0
3.542719,510.25
3.543998,510.5
3.536325,510.75
3.524814,511.0
3.527372,511.25
3.524814,511.5
3.552951,511.75
3.611782,512.0
3.714098,512.25
3.826645,512.5
3.944308,512.75
4.046623,513.0
4.163154,513.25
4.239891,513.5
4.279538,513.75
4.293606,514.0
4.320464,514.25
4.308953,514.5
4.27698,514.75
4.237332,515.0
4.188733,515.25
4.150364,515.5
4.103044,515.75
4.074907,516.0
4.041654,516.25
4.008401,516.5
3.976428,516.75
3.950849,517.0
3.926549,517.25
3.907365,517.5
3.883065,517.75
3.861323,518.0
3.847255,518.25
3.834465,518.5
3.824234,518.75
3.806329,519.0
3.790981,519.25
3.779471,519.5
3.776913,519.75
3.765402,520.0
3.752613,520.25
3.748776,520.5
3.738544,520.75
3.729592,521.0
3.720639,521.25
3.710408,521.5
3.697618,521.75
3.691223,522.0
3.682271,522.25
3.673318,522.5
3.668202,522.75
3.664366,523.0
3.657971,523.25
3.654134,523.5
3.646461,523.75
3.640066,524.0
3.63495,524.25
3.625997,524.5
3.620882,524.75
3.614487,525.0
3.606813,525.25
3.601697,525.5
3.597861,525.75
3.590187,526.0
3.58635,526.25
3.579955,526.5
3.578676,526.75
3.572282,527.0
3.568445,527.25
3.56205,527.5
3.555655,527.75
3.55054,528.0
3.542866,528.25
3.539029,528.5
3.530077,528.75
3.527519,529.0
3.519845,529.25
3.517287,529.5
3.514729,529.75
3.505777,530.0
3.507056,530.25
3.507056,530.5
3.508334,530.75
3.503219,531.0
3.504498,531.25
3.500661,531.5
3.503219,531.75
3.485313,532.0
3.491708,532.25
3.498103,532.5
3.517287,532.75
3.536471,533.0
3.560771,533.25
3.576118,533.5
3.58635,533.75
3.579955,534.0
3.58635,534.25
3.590187,534.5
3.590187,534.75
3.611929,535.0
3.620882,535.25
3.624718,535.5
3.62216,535.75
3.619603,536.0
3.613208,536.25
3.600419,536.5
3.592745,536.75
3.57484,537.0
3.564608,537.25
3.553097,537.5
3.542866,537.75
3.533913,538.0
3.527519,538.25
3.518566,538.5
3.517287,538.75
3.509614,539.0
3.50194,539.25
3.499382,539.5
3.498103,539.75
3.492987,540.0
3.487871,540.25
3.490429,540.5
3.490429,540.75
3.482756,541.0
3.472524,541.25
3.478772,541.5
3.48133,541.75
3.472377,542.0
3.469819,542.25
3.463425,542.5
3.463425,542.75
3.45703,543.0
3.448077,543.25
3.439125,543.5
3.435288,543.75
3.427614,544.0
3.434009,544.25
3.444241,544.5
3.455751,544.75
3.472377,545.0
3.478772,545.25
3.491561,545.5
3.496677,545.75
3.489004,546.0
3.48133,546.25
3.471098,546.5
3.460867,546.75
3.451914,547.0
3.446798,547.25
3.439125,547.5
3.446798,547.75
3.435288,548.0
3.431451,548.25
3.428893,548.5
3.40843,548.75
3.373899,549.0
3.35983,549.25
3.355993,549.5
3.362388,549.75
3.355993,550.0
3.355993,550.25
3.34832,550.5
3.316346,550.75
3.293325,551.0
3.230657,551.25
3.201241,551.5
3.373899,551.75
3.422498,552.0
3.410988,552.25
3.42122,552.5
3.416104,552.75
3.377735,553.0
3.274141,553.25
3.258794,553.5
3.321462,553.75
3.325299,554.0
3.340646,554.25
3.334251,554.5
3.327857,554.75
3.317625,555.0
3.317625,555.25
3.322741,555.5
3.32402,555.75
3.317625,556.0
3.334251,556.25
3.354714,556.5
3.385409,556.75
3.410988,557.0
3.405872,557.25
3.347041,557.5
3.31123,557.75
3.34832,558.0
3.33553,558.25
3.303557,558.5
3.320183,558.75
3.295883,559.0
3.294604,559.25
3.464704,559.5
3.555509,559.75
3.550393,560.0
3.567019,560.25
3.486446,560.5
3.355993,560.75
3.380293,561.0
3.37262,561.25
3.326578,561.5
3.355993,561.75
3.349599,562.0
3.399477,562.25
3.357272,562.5
3.391804,562.75
3.354714,563.0
3.350878,563.25
3.428893,563.5
3.477493,563.75
3.504351,564.0
3.45703,564.25
3.435288,564.5
3.403314,564.75
3.304836,565.0
3.292046,565.25
3.307394,565.5
3.270304,565.75
3.240888,566.0
3.197404,566.25
3.320183,566.5
3.37262,566.75
3.320183,567.0
3.336809,567.25
3.325299,567.5
3.354714,567.75
3.336809,568.0
3.33553,568.25
3.398199,568.5
3.399477,568.75
3.391804,569.0
3.389246,569.25
3.344483,569.5
3.332972,569.75
3.332972,570.0
3.329136,570.25
3.326578,570.5
3.33553,570.75
3.339367,571.0
3.363667,571.25
3.371341,571.5
3.395641,571.75
3.40843,572.0
3.435288,572.25
3.482609,572.5
3.542719,572.75
3.606666,573.0
3.647593,573.25
3.671892,573.5
3.678287,573.75
3.666777,574.0
3.683403,574.25
3.684682,574.5
3.659103,574.75
3.629687,575.0
3.609224,575.25
3.581088,575.5
3.556787,575.75
3.512025,576.0
3.50563,576.25
3.436567,576.5
3.50563,576.75
3.572135,577.0
3.514582,577.25
3.514582,577.5
3.584924,577.75
3.613061,578.0
3.600272,578.25
3.584924,578.5
3.567019,578.75
3.549114,579.0
3.528651,579.25
3.51714,579.5
3.499235,579.75
3.501793,580.0
3.474935,580.25
3.453193,580.5
3.366225,580.75
3.300999,581.0
3.315067,581.25
3.455751,581.5
3.422498,581.75
3.353436,582.0
3.31123,582.25
3.270304,582.5
3.212752,582.75
3.152641,583.0
3.12962,583.25
3.106599,583.5
3.086136,583.75
3.065673,584.0
3.042652,584.25
3.023468,584.5
3.000447,584.75
3.019631,585.0
3.072068,585.25
3.09381,585.5
3.068231,585.75
3.015794,586.0
3.014515,586.25
2.986379,586.5
3.088694,586.75
3.082299,587.0
3.051605,587.25
3.037536,587.5
2.976147,587.75
3.039189,588.0
3.101857,588.25
3.101857,588.5
3.09802,588.75
3.094183,589.0
3.089067,589.25
3.099299,589.5
3.083952,589.75
3.071162,590.0
3.083952,590.25
3.089067,590.5
3.090346,590.75
3.183709,591.0
3.17092,591.25
3.153015,591.5
3.151736,591.75
3.153015,592.0
3.14662,592.25
3.127436,592.5
3.123599,592.75
3.121041,593.0
3.127436,593.25
3.112088,593.5
3.112088,593.75
3.095462,594.0
3.090346,594.25
3.091625,594.5
3.081394,594.75
2.985473,595.0
2.806421,595.25
2.840952,595.5
2.803863,595.75
2.732242,596.0
2.667016,596.25
2.658063,596.5
2.732242,596.75
2.889552,597.0
3.021283,597.25
3.067325,597.5
3.086509,597.75
3.083952,598.0
3.069883,598.25
3.051978,598.5
3.076278,598.75
3.046862,599.0
3.063488,599.25
3.039189,599.5
3.03791,599.75
3.041747,600.0
3.031515,600.25
3.021283,600.5
3.023841,600.75
3.023841,601.0
3.031515,601.25
3.032794,601.5
3.032794,601.75
3.031515,602.0
3.031515,602.25
3.022562,602.5
3.005936,602.75
3.002099,603.0
3.012331,603.25
3.023841,603.5
3.031515,603.75
3.036631,604.0
3.036631,604.25
3.032794,604.5
3.034073,604.75
3.030236,605.0
3.022562,605.25
3.011052,605.5
3.003378,605.75
2.994426,606.0
2.986752,606.25
2.982915,606.5
2.980357,606.75
2.968847,607.0
2.958615,607.25
2.954778,607.5
2.956057,607.75
2.949663,608.0
2.947105,608.25
2.941989,608.5
2.935594,608.75
2.933036,609.0
2.925363,609.25
2.922805,609.5
2.91641,609.75
2.908736,610.0
2.898505,610.25
2.899784,610.5
2.898505,610.75
2.897226,611.0
2.893389,611.25
2.888273,611.5
2.884436,611.75
2.878042,612.0
2.869089,612.25
2.870368,612.5
2.870368,612.75
2.86781,613.0
2.86781,613.25
2.862695,613.5
2.863973,613.75
2.846068,614.0
2.848626,614.25
2.846068,614.5
2.842231,614.75
2.837116,615.0
2.829442,615.25
2.824326,615.5
2.824326,615.75
2.823047,616.0
2.817931,616.25
2.814095,616.5
2.811537,616.75
2.8077,617.0
2.802584,617.25
2.800026,617.5
2.798747,617.75
2.789795,618.0
2.7834,618.25
2.779563,618.5
2.775726,618.75
2.769331,619.0
2.769331,619.25
2.765495,619.5
2.765495,619.75
2.7591,620.0
2.756542,620.25
2.752705,620.5
2.748868,620.75
2.739916,621.0
2.742474,621.25
2.738637,621.5
2.738637,621.75
2.736079,622.0
2.730963,622.25
2.729684,622.5
2.723289,622.75
2.719453,623.0
2.706663,623.25
2.7105,623.5
2.704105,623.75
2.702826,624.0
2.69899,624.25
2.692595,624.5
2.688758,624.75
2.687479,625.0
2.683642,625.25
2.677248,625.5
2.678526,625.75
2.669574,626.0
2.668295,626.25
2.659342,626.5
2.660621,626.75
2.65039,627.0
2.65039,627.25
2.640158,627.5
2.645274,627.75
2.642716,628.0
2.636321,628.25
2.635042,628.5
2.629927,628.75
2.62609,629.0
2.619695,629.25
2.618416,629.5
2.619695,629.75
2.617137,630.0
2.609463,630.25
2.606906,630.5
2.597953,630.75
2.605627,631.0
2.617137,631.25
2.622253,631.5
2.628648,631.75
2.635042,632.0
2.638879,632.25
2.640158,632.5
2.642716,632.75
2.645274,633.0
2.655505,633.25
2.667016,633.5
2.684921,633.75
2.682363,634.0
2.691316,634.25
2.692595,634.5
2.693874,634.75
2.692595,635.0
2.706663,635.25
2.701547,635.5
2.690037,635.75
2.687479,636.0
2.683642,636.25
2.681084,636.5
2.677248,636.75
2.673411,637.0
2.669574,637.25
2.663179,637.5
2.663179,637.75
2.659342,638.0
2.654227,638.25
2.600511,638.5
2.540401,638.75
2.571095,639.0
2.585164,639.25
2.618416,639.5
2.6376,639.75
2.718174,640.0
2.755263,640.25
2.784679,640.5
2.81921,640.75
2.895947,641.0
2.961173,641.25
3.011052,641.5
3.018726,641.75
3.027678,642.0
3.026399,642.25
3.008494,642.5
3.007215,642.75
2.990589,643.0
3.017447,643.25
3.008494,643.5
3.017447,643.75
3.01361,644.0
2.999541,644.25
2.984194,644.5
2.934315,644.75
2.925363,645.0
2.910015,645.25
2.901063,645.5
2.884436,645.75
2.883157,646.0
2.878042,646.25
2.886994,646.5
2.842231,646.75
2.995705,647.0
3.004657,647.25
2.961173,647.5
2.925363,647.75
2.901063,648.0
2.881879,648.25
2.871647,648.5
2.871647,648.75
2.8563,649.0
2.857579,649.25
2.853742,649.5
2.846068,649.75
2.837116,650.0
2.816653,650.25
2.796189,650.5
2.785958,650.75
2.782121,651.0
2.769331,651.25
2.768053,651.5
2.757821,651.75
2.756542,652.0
2.750147,652.25
2.741195,652.5
2.741195,652.75
2.733521,653.0
2.729684,653.25
2.719453,653.5
2.719453,653.75
2.69899,654.0
2.705384,654.25
2.696432,654.5
2.701547,654.75
2.695153,655.0
2.687479,655.25
2.687479,655.5
2.681084,655.75
2.677248,656.0
2.670853,656.25
2.668295,656.5
2.663179,656.75
2.660621,657.0
2.652948,657.25
2.655505,657.5
2.651669,657.75
2.647832,658.0
2.6619,658.25
2.654227,658.5
2.643995,658.75
2.620974,659.0
2.571095,659.25
2.531448,659.5
2.542958,659.75
2.545516,660.0
2.559585,660.25
2.569816,660.5
2.569816,660.75
2.562143,661.0
2.569816,661.25
2.564701,661.5
2.555748,661.75
2.562143,662.0
2.559585,662.25
2.557027,662.5
2.507148,662.75
2.481569,663.0
2.47359,663.25
2.463359,663.5
2.46208,663.75
2.450569,664.0
2.450569,664.25
2.445454,664.5
2.449291,664.75
2.448012,665.0
2.444175,665.25
2.459522,665.5
2.487659,665.75
2.500448,666.0
2.450569,666.25
2.450569,666.5
2.483822,666.75
2.490217,667.0
2.485101,667.25
2.49789,667.5
2.478706,667.75
2.487659,668.0
2.487659,668.25
2.483822,668.5
2.477427,668.75
2.474869,669.0
2.467196,669.25
2.46208,669.5
2.458243,669.75
2.455685,670.0
2.442896,670.25
2.446733,670.5
2.448012,670.75
2.445454,671.0
2.445454,671.25
2.449291,671.5
2.469754,671.75
2.471033,672.0
2.454406,672.25
2.445454,672.5
2.441617,672.75
2.433943,673.0
2.42627,673.25
2.421154,673.5
2.416038,673.75
2.398133,674.0
2.40197,674.25
2.398133,674.5
2.393017,674.75
2.390459,675.0
2.387901,675.25
2.385343,675.5
2.390459,675.75
2.384064,676.0
2.375112,676.25
2.369996,676.5
2.36488,676.75
2.362322,677.0
2.357207,677.25
2.350812,677.5
2.348254,677.75
2.344417,678.0
2.341859,678.25
2.336744,678.5
2.334186,678.75
2.322675,679.0
2.339301,679.25
2.34058,679.5
2.341859,679.75
2.335464,680.0
2.332907,680.25
2.32907,680.5
2.32907,680.75
2.341859,681.0
2.346975,681.25
2.35337,681.5
2.348254,681.75
2.359765,682.0
2.359765,682.25
2.371275,682.5
2.396854,682.75
2.427548,683.0
2.42627,683.25
2.414759,683.5
2.403249,683.75
2.386622,684.0
2.369996,684.25
2.380228,684.5
2.385343,684.75
2.393017,685.0
2.403249,685.25
2.380228,685.5
2.375112,685.75
2.330349,686.0
2.399412,686.25
2.454406,686.5
2.528585,686.75
2.566953,687.0
2.573348,687.25
2.629622,687.5
2.648806,687.75
2.653922,688.0
2.592532,688.25
2.656479,688.5
2.639853,688.75
2.612995,689.0
2.503006,689.25
2.488938,689.5
2.481264,689.75
2.479985,690.0
2.472311,690.25
2.465917,690.5
2.46208,690.75
2.455685,691.0
2.454406,691.25
2.454406,691.5
2.459522,691.75
2.440338,692.0
2.442896,692.25
2.432664,692.5
2.432664,692.75
2.42627,693.0
2.416038,693.25
2.410922,693.5
2.407085,693.75
2.391738,694.0
2.395575,694.25
2.395575,694.5
2.387901,694.75
2.385343,695.0
2.378949,695.25
2.378949,695.5
2.369996,695.75
2.369996,696.0
2.372554,696.25
2.368717,696.5
2.361043,696.75
2.376391,697.0
2.405807,697.25
2.38918,697.5
2.385343,697.75
2.37767,698.0
2.372554,698.25
2.358485,698.5
2.359765,698.75
2.35337,699.0
2.346975,699.25
2.344417,699.5
2.336744,699.75
2.332907,700.0
2.330349,700.25
2.322675,700.5
2.315001,700.75
2.315001,701.0
2.309886,701.25
2.312443,701.5
2.306049,701.75
2.306049,702.0
2.295817,702.25
2.299654,702.5
2.299654,702.75
2.293259,703.0
2.291981,703.25
2.309886,703.5
2.331628,703.75
2.385343,704.0
2.439059,704.25
2.38918,704.5
2.359765,704.75
2.346975,705.0
2.34058,705.25
2.338022,705.5
2.331628,705.75
2.327791,706.0
2.320117,706.25
2.318838,706.5
2.313723,706.75
2.315001,707.0
2.307328,707.25
2.30477,707.5
2.294538,707.75
2.294538,708.0
2.290702,708.25
2.285586,708.5
2.283028,708.75
2.272796,709.0
2.266402,709.25
2.266402,709.5
2.267681,709.75
2.260007,710.0
2.257449,710.25
2.253612,710.5
2.249775,710.75
2.247217,711.0
2.240823,711.25
2.238265,711.5
2.229312,711.75
2.229312,712.0
2.224196,712.25
2.221639,712.5
2.215244,712.75
2.208849,713.0
2.206291,713.25
2.203733,713.5
2.201175,713.75
2.187107,714.0
2.190944,714.25
2.187107,714.5
2.190944,714.75
2.181991,715.0
2.18327,715.25
2.17176,715.5
2.175596,715.75
2.170481,716.0
2.165365,716.25
2.162807,716.5
2.157691,716.75
2.155133,717.0
2.148739,717.25
2.148739,717.5
2.144902,717.75
2.144902,718.0
2.139786,718.25
2.137228,718.5
2.126997,718.75
2.132113,719.0
2.130834,719.25
2.126997,719.5
2.12316,719.75
2.119323,720.0
2.119323,720.25
2.11165,720.5
2.109092,720.75
2.09886,721.0
2.093744,721.25
2.089907,721.5
2.087349,721.75
2.088628,722.0
2.087349,722.25
2.100139,722.5
2.116765,722.75
2.118044,723.0
2.124439,723.25
2.128276,723.5
2.128276,723.75
2.126997,724.0
2.121881,724.25
2.121881,724.5
2.121881,724.75
2.118044,725.0
2.114207,725.25
2.11037,725.5
2.11037,725.75
2.102697,726.0
2.101418,726.25
2.097581,726.5
2.096302,726.75
2.089907,727.0
2.088628,727.25
2.087349,727.5
2.084792,727.75
2.080955,728.0
2.077118,728.25
2.075839,728.5
2.075839,728.75
2.07456,729.0
2.07456,729.25
2.075839,729.5
2.075839,729.75
2.075839,730.0
2.075839,730.25
2.073281,730.5
2.069444,730.75
2.066886,731.0
2.064328,731.25
2.059213,731.5
2.057934,731.75
2.05026,732.0
2.048981,732.25
2.043865,732.5
2.042586,732.75
2.03875,733.0
2.034913,733.25
2.029797,733.5
2.027239,733.75
2.017008,734.0
2.017008,734.25
2.015729,734.5
2.015729,734.75
2.011892,735.0
2.009334,735.25
2.005497,735.5
2.004218,735.75
2.00166,736.0
1.996544,736.25
1.993987,736.5
2.00166,736.75
2.015729,737.0
2.010613,737.25
2.011892,737.5
2.011892,737.75
1.996544,738.0
1.954339,738.25
1.954859,738.5
1.951023,738.75
1.944628,739.0
1.939512,739.25
1.940791,739.5
1.940791,739.75
1.935675,740.0
1.933117,740.25
1.930559,740.5
1.929281,740.75
1.925444,741.0
1.922886,741.25
1.919049,741.5
1.915212,741.75
1.911375,742.0
1.910096,742.25
1.908817,742.5
1.901144,742.75
1.899865,743.0
1.894749,743.25
1.89347,743.5
1.884517,743.75
1.890912,744.0
1.889633,744.25
1.885796,744.5
1.879402,744.75
1.878123,745.0
1.874286,745.25
1.870449,745.5
1.86917,745.75
1.864054,746.0
1.861496,746.25
1.856381,746.5
1.85766,746.75
1.84487,747.0
1.849986,747.25
1.842312,747.5
1.843591,747.75
1.838475,748.0
1.835918,748.25
1.834639,748.5
1.829523,748.75
1.828244,749.0
1.823128,749.25
1.823128,749.5
1.818012,749.75
1.816733,750.0
1.810339,750.25
1.812897,750.5
1.807781,750.75
1.805223,751.0
1.802665,751.25
1.801386,751.5
1.798828,751.75
1.794991,752.0
1.792434,752.25
1.779644,752.5
1.775807,752.75
1.761739,753.0
1.768134,753.25
1.770692,753.5
1.797549,753.75
1.82057,754.0
1.794991,754.25
1.778365,754.5
1.769413,754.75
1.750228,755.0
1.729765,755.25
1.70035,755.5
1.704186,755.75
1.701628,756.0
1.70035,756.25
1.696513,756.5
1.685002,756.75
1.697792,757.0
1.692676,757.25
1.685002,757.5
1.683723,757.75
1.672213,758.0
1.672213,758.25
1.661981,758.5
1.667097,758.75
1.659423,759.0
1.656865,759.25
1.65175,759.5
1.683723,759.75
1.706744,760.0
1.737439,760.25
1.806502,760.5
1.779644,760.75
1.819291,761.0
1.873007,761.25
1.890912,761.5
1.875565,761.75
1.874286,762.0
1.861496,762.25
1.853823,762.5
1.856381,762.75
1.866612,763.0
1.865333,763.25
1.862775,763.5
1.856381,763.75
1.853823,764.0
1.851265,764.25
1.848707,764.5
1.848707,764.75
1.846149,765.0
1.842312,765.25
1.839754,765.5
1.84487,765.75
1.842312,766.0
1.835918,766.25
1.830802,766.5
1.828244,766.75
1.830802,767.0
1.826965,767.25
1.814175,767.5
1.80906,767.75
1.805223,768.0
1.802665,768.25
1.801386,768.5
1.797549,768.75
1.79627,769.0
1.792434,769.25
1.787318,769.5
1.788597,769.75
1.786039,770.0
1.782202,770.25
1.779644,770.5
1.777086,770.75
1.773249,771.0
1.77197,771.25
1.769413,771.5
1.768134,771.75
1.761739,772.0
1.759181,772.25
1.757902,772.5
1.754065,772.75
1.78476,773.0
1.871728,773.25
1.838475,773.5
1.805223,773.75
1.778365,774.0
1.764297,774.25
1.756623,774.5
1.74767,774.75
1.739997,775.0
1.73616,775.25
1.733602,775.5
1.731044,775.75
1.727207,776.0
1.723371,776.25
1.719534,776.5
1.718255,776.75
1.714418,777.0
1.710581,777.25
1.706744,777.5
1.704186,777.75
1.70035,778.0
1.697792,778.25
1.695234,778.5
1.692676,778.75
1.686281,779.0
1.683723,779.25
1.679886,779.5
1.677329,779.75
1.673492,780.0
1.668376,780.25
1.665818,780.5
1.66326,780.75
1.660702,781.0
1.655586,781.25
1.654308,781.5
1.653029,781.75
1.650471,782.0
1.645355,782.25
1.644076,782.5
1.636402,782.75
1.63896,783.0
1.633844,783.25
1.631287,783.5
1.628729,783.75
1.626171,784.0
1.623613,784.25
1.621055,784.5
1.621055,784.75
1.61466,785.0
1.61466,785.25
1.609545,785.5
1.60315,785.75
1.604429,786.0
1.604429,786.25
1.595476,786.5
1.595476,786.75
1.591639,787.0
1.587803,787.25
1.576292,787.5
1.581408,787.75
1.57885,788.0
1.576292,788.25
1.573734,788.5
1.569897,788.75
1.571176,789.0
1.56606,789.25
1.563503,789.5
1.557108,789.75
1.550713,790.0
1.540482,790.25
1.539203,790.5
1.540482,790.75
1.534087,791.0
1.534087,791.25
1.531529,791.5
1.53025,791.75
1.526413,792.0
1.523855,792.25
1.520018,792.5
1.520018,792.75
1.516182,793.0
1.514903,793.25
1.516182,793.5
1.517461,793.75
1.509787,794.0
1.509787,794.25
1.507229,794.5
1.507229,794.75
1.50595,795.0
1.504671,795.25
1.49444,795.5
1.500834,795.75
1.498276,796.0
1.496997,796.25
1.493161,796.5
1.489324,796.75
1.485487,797.0
1.484208,797.25
1.479092,797.5
1.479092,797.75
1.477813,798.0
1.473976,798.25
1.472697,798.5
1.471419,798.75
1.468861,799.0
1.486567,799.25
1.485288,799.5
1.472499,799.75
1.481451,800.0
1.477614,800.25
1.475057,800.5
1.475057,800.75
1.472499,801.0
1.469941,801.25
1.467383,801.5
1.467383,801.75
1.462267,802.0
1.462267,802.25
1.455872,802.5
1.459709,802.75
1.454593,803.0
1.455872,803.25
1.452036,803.5
1.452036,803.75
1.441804,804.0
1.44692,804.25
1.445641,804.5
1.440525,804.75
1.439246,805.0
1.435409,805.25
1.435409,805.5
1.431572,805.75
1.430293,806.0
1.427736,806.25
1.426457,806.5
1.423899,806.75
1.423899,807.0
1.414946,807.25
1.418783,807.5
1.416225,807.75
1.411109,808.0
1.412388,808.25
1.408551,808.5
1.411109,808.75
1.405994,809.0
1.405994,809.25
1.402157,809.5
1.403436,809.75
1.402157,810.0
1.399599,810.25
1.390646,810.5
1.394483,810.75
1.393204,811.0
1.391925,811.25
1.390646,811.5
1.388088,811.75
1.386809,812.0
1.384251,812.25
1.381694,812.5
1.380415,812.75
1.380415,813.0
1.376578,813.25
1.37402,813.5
1.367625,813.75
1.366346,814.0
1.370183,814.25
1.376578,814.5
1.391925,814.75
1.391925,815.0
1.391925,815.25
1.391925,815.5
1.391925,815.75
1.388088,816.0
1.386809,816.25
1.38553,816.5
1.386809,816.75
1.384251,817.0
1.382973,817.25
1.37402,817.5
1.380415,817.75
1.377857,818.0
1.375299,818.25
1.37402,818.5
1.37402,818.75
1.371462,819.0
1.371462,819.25
1.366346,819.5
1.363788,819.75
1.362509,820.0
1.359951,820.25
1.358673,820.5
1.356115,820.75
1.356115,821.0
1.353557,821.25
1.352278,821.5
1.348441,821.75
1.348441,822.0
1.344604,822.25
1.345883,822.5
1.33821,822.75
1.342046,823.0
1.340767,823.25
1.336931,823.5
1.33821,823.75
1.335652,824.0
1.334373,824.25
1.32542,824.5
1.327978,824.75
1.327978,825.0
1.330536,825.25
1.327978,825.5
1.327978,825.75
1.322862,826.0
1.320304,826.25
1.320304,826.5
1.319025,826.75
1.316467,827.0
1.31391,827.25
1.312631,827.5
1.308794,827.75
1.308794,828.0
1.304957,828.25
1.303678,828.5
1.302399,828.75
1.299841,829.0
1.298562,829.25
1.297283,829.5
1.296004,829.75
1.290889,830.0
1.28961,830.25
1.288331,830.5
1.280657,830.75
1.285773,831.0
1.283215,831.25
1.280657,831.5
1.278099,831.75
1.27682,832.0
1.274262,832.25
1.272983,832.5
1.269147,832.75
1.269147,833.0
1.267868,833.25
1.26531,833.5
1.26531,833.75
1.256357,834.0
1.258915,834.25
1.256357,834.5
1.258915,834.75
1.249962,835.0
1.253799,835.25
1.249962,835.5
1.251241,835.75
1.247404,836.0
1.247404,836.25
1.244847,836.5
1.242289,836.75
1.242289,837.0
1.239731,837.25
1.24101,837.5
1.237173,837.75
1.237173,838.0
1.22822,838.25
1.229499,838.5
1.223105,838.75
1.223105,839.0
1.221826,839.25
1.221826,839.5
1.221826,839.75
1.217989,840.0
1.219268,840.25
1.214152,840.5
1.212873,840.75
1.209036,841.0
1.207757,841.25
1.201362,841.5
1.20392,841.75
1.198805,842.0
1.197526,842.25
1.193689,842.5
1.193689,842.75
1.191131,843.0
1.187294,843.25
1.188573,843.5
1.187294,843.75
1.179621,844.0
1.184736,844.25
1.183457,844.5
1.183457,844.75
1.179621,845.0
1.178342,845.25
1.177063,845.5
1.175784,845.75
1.166831,846.0
1.141252,846.25
1.139973,846.5
1.138694,846.75
1.133579,847.0
1.131021,847.25
1.134857,847.5
1.138694,847.75
1.14381,848.0
1.14381,848.25
1.142531,848.5
1.142531,848.75
1.138694,849.0
1.134857,849.25
1.133579,849.5
1.1323,849.75
1.131021,850.0
1.128463,850.25
1.127184,850.5
1.128463,850.75
1.129742,851.0
1.1323,851.25
1.123347,851.5
1.127184,851.75
1.125905,852.0
1.122068,852.25
1.122068,852.5
1.11951,852.75
1.116952,853.0
1.115673,853.25
1.114394,853.5
1.113115,853.75
1.104163,854.0
1.106721,854.25
1.104163,854.5
1.101605,854.75
1.101605,855.0
1.096489,855.25
1.096489,855.5
1.09521,855.75
1.093931,856.0
1.092652,856.25
1.091373,856.5
1.091373,856.75
1.086258,857.0
1.084979,857.25
1.081142,857.5
1.081142,857.75
1.077305,858.0
1.076026,858.25
1.074747,858.5
1.074747,858.75
1.072189,859.0
1.07091,859.25
1.07091,859.5
1.067073,859.75
1.064516,860.0
1.061958,860.25
1.061958,860.5
1.051726,860.75
1.058121,861.0
1.055563,861.25
1.055563,861.5
1.053005,861.75
1.053005,862.0
1.051726,862.25
1.050447,862.5
1.047889,862.75
1.047889,863.0
1.04661,863.25
1.042773,863.5
1.044052,863.75
1.042773,864.0
1.042773,864.25
1.041495,864.5
1.038937,864.75
1.037658,865.0
1.037658,865.25
1.0351,865.5
1.033821,865.75
1.031263,866.0
1.031263,866.25
1.028705,866.5
1.028705,866.75
1.026147,867.0
1.024868,867.25
1.023589,867.5
1.026147,867.75
1.021031,868.0
1.021031,868.25
1.018474,868.5
1.017195,868.75
1.014637,869.0
1.015916,869.25
1.014637,869.5
1.0108,869.75
1.0108,870.0
1.005684,870.25
1.008242,870.5
1.005684,870.75
1.005684,871.0
1.001847,871.25
1.004405,871.5
0.999289,871.75
1.000568,872.0
0.999289,872.25
0.999289,872.5
0.99801,872.75
0.996732,873.0
0.995453,873.25
0.994174,873.5
0.994174,873.75
0.9865,874.0
0.990337,874.25
0.9865,874.5
0.9865,874.75
0.983942,875.0
0.9865,875.25
0.982663,875.5
1.015817,875.75
1.014538,876.0
1.014538,876.25
1.01198,876.5
1.01198,876.75
1.003027,877.0
1.008143,877.25
1.006864,877.5
1.006864,877.75
1.005585,878.0
1.004306,878.25
1.003027,878.5
1.003027,878.75
1.000469,879.0
0.999191,879.25
0.995354,879.5
0.994075,879.75
0.994075,880.0
0.992796,880.25
0.991517,880.5
0.991517,880.75
0.990238,881.0
0.988959,881.25
0.988959,881.5
0.986401,881.75
0.986401,882.0
0.981285,882.25
0.983843,882.5
0.981285,882.75
0.981285,883.0
0.980006,883.25
0.978727,883.5
0.97617,883.75
0.974891,884.0
0.97617,884.25
0.972333,884.5
0.972333,884.75
0.969775,885.0
0.971054,885.25
0.968496,885.5
0.968496,885.75
0.965938,886.0
0.968496,886.25
0.965938,886.5
0.965938,886.75
0.959543,887.0
0.965938,887.25
0.962101,887.5
0.958264,887.75
0.959543,888.0
0.958264,888.25
0.958264,888.5
0.956985,888.75
0.955706,889.0
0.954427,889.25
0.954427,889.5
0.954427,889.75
0.953149,890.0
0.950591,890.25
0.948033,890.5
0.949312,890.75
0.948033,891.0
0.946754,891.25
0.945475,891.5
0.942917,891.75
0.942917,892.0
0.942917,892.25
0.941638,892.5
0.940359,892.75
0.93908,893.0
0.937801,893.25
0.936522,893.5
0.937801,893.75
0.932685,894.0
0.933964,894.25
0.932685,894.5
0.933964,894.75
0.932685,895.0
0.932685,895.25
0.931406,895.5
0.931406,895.75
0.92757,896.0
0.92757,896.25
0.925012,896.5
0.926291,896.75
0.925012,897.0
0.923733,897.25
0.925012,897.5
0.922454,897.75
0.922454,898.0
0.922454,898.25
0.921175,898.5
0.918617,898.75
0.921175,899.0
0.919896,899.25
0.918617,899.5
0.918617,899.75
0.922454,900.0
0.921175,900.25
0.919896,900.5
0.922454,900.75
0.917338,901.0
0.918617,901.25
0.916059,901.5
0.917338,901.75
0.91478,902.0
0.916059,902.25
0.916059,902.5
0.91478,902.75
0.91478,903.0
0.913501,903.25
0.913501,903.5
0.912222,903.75
0.910943,904.0
0.909664,904.25
0.910943,904.5
0.908386,904.75
0.909664,905.0
0.901991,905.25
0.907107,905.5
0.908386,905.75
0.905828,906.0
0.904549,906.25
0.90327,906.5
0.905828,906.75
0.900712,907.0
0.900712,907.25
0.900712,907.5
0.901991,907.75
0.899433,908.0
0.899433,908.25
0.896875,908.5
0.898154,908.75
0.898154,909.0
0.896875,909.25
0.895596,909.5
0.893038,909.75
0.894317,910.0
0.891759,910.25
0.891759,910.5
0.893038,910.75
0.891759,911.0
0.89048,911.25
0.889201,911.5
0.89048,911.75
0.885364,912.0
0.886643,912.25
0.884086,912.5
0.884086,912.75
0.882807,913.0
0.882807,913.25
0.882807,913.5
0.884086,913.75
0.877691,914.0
0.880249,914.25
0.881528,914.5
0.87897,914.75
0.87897,915.0
0.875133,915.25
0.876412,915.5
0.873854,915.75
0.876412,916.0
0.873854,916.25
0.875133,916.5
0.872575,916.75
0.875133,917.0
0.873854,917.25
0.871296,917.5
0.871296,917.75
0.868738,918.0
0.870017,918.25
0.867459,918.5
0.870017,918.75
0.867459,919.0
0.867459,919.25
0.86618,919.5
0.867459,919.75
0.862343,920.0
0.864901,920.25
0.863622,920.5
0.861065,920.75
0.863622,921.0
0.862343,921.25
0.862343,921.5
0.861065,921.75
0.859786,922.0
0.858507,922.25
0.858507,922.5
0.858507,922.75
0.857228,923.0
0.85467,923.25
0.853391,923.5
0.85467,923.75
0.849554,924.0
0.85467,924.25
0.852112,924.5
0.852112,924.75
0.850833,925.0
0.849554,925.25
0.849554,925.5
0.849554,925.75
0.846996,926.0
0.845717,926.25
0.845717,926.5
0.843159,926.75
0.845717,927.0
0.845717,927.25
0.84188,927.5
0.843159,927.75
0.840601,928.0
0.843159,928.25
0.835486,928.5
0.840601,928.75
0.839323,929.0
0.839323,929.25
0.838044,929.5
0.838044,929.75
0.836765,930.0
0.835486,930.25
0.835486,930.5
0.834207,930.75
0.834207,931.0
0.832928,931.25
0.831649,931.5
0.83037,931.75
0.832928,932.0
0.83037,932.25
0.83037,932.5
0.829091,932.75
0.827812,933.0
0.827812,933.25
0.826533,933.5
0.829091,933.75
0.822696,934.0
0.823975,934.25
0.822696,934.5
0.823975,934.75
0.821417,935.0
0.821417,935.25
0.821417,935.5
0.821417,935.75
0.820138,936.0
0.820138,936.25
0.820138,936.5
0.820138,936.75
0.818859,937.0
0.81758,937.25
0.818859,937.5
0.81758,937.75
0.816302,938.0
0.816302,938.25
0.816302,938.5
0.815023,938.75
0.816302,939.0
0.813744,939.25
0.812465,939.5
0.811186,939.75
0.812465,940.0
0.811186,940.25
0.809907,940.5
0.809907,940.75
0.809907,941.0
0.808628,941.25
0.808628,941.5
0.807349,941.75
0.808628,942.0
0.80607,942.25
0.803512,942.5
0.803512,942.75
0.803512,943.0
0.803512,943.25
0.803512,943.5
0.802233,943.75
0.800954,944.0
0.802233,944.25
0.800954,944.5
0.803512,944.75
0.800954,945.0
0.799675,945.25
0.797117,945.5
0.799675,945.75
0.797117,946.0
0.795838,946.25
0.797117,946.5
0.795838,946.75
0.794559,947.0
0.793281,947.25
0.793281,947.5
0.792002,947.75
0.792002,948.0
0.789444,948.25
0.792002,948.5
0.786886,948.75
0.790723,949.0
0.789444,949.25
0.789444,949.5
0.789444,949.75
0.788165,950.0
0.786886,950.25
0.784328,950.5
0.785607,950.75
0.783049,951.0
0.784328,951.25
0.78177,951.5
0.784328,951.75
0.783049,952.0
0.78177,952.25
0.780491,952.5
0.776654,952.75
0.776654,953.0
0.775375,953.25
0.774096,953.5
0.776654,953.75
0.774096,954.0
0.772817,954.25
0.776654,954.5
0.775375,954.75
0.775375,955.0
0.774096,955.25
0.774096,955.5
0.767702,955.75
0.771538,956.0
0.77026,956.25
0.767702,956.5
0.77026,956.75
0.768981,957.0
0.77026,957.25
0.766423,957.5
0.767702,957.75
0.765144,958.0
0.766423,958.25
0.766423,958.5
0.765144,958.75
0.758749,959.0
0.762586,959.25
0.762586,959.5
0.760028,959.75
0.761307,960.0
0.760028,960.25
0.760028,960.5
0.758749,960.75
0.75747,961.0
0.75747,961.25
0.75747,961.5
0.754912,961.75
0.754912,962.0
0.754912,962.25
0.754912,962.5
0.752354,962.75
0.751075,963.0
0.751075,963.25
0.749796,963.5
0.749796,963.75
0.749796,964.0
0.748518,964.25
0.748518,964.5
0.747239,964.75
0.747239,965.0
0.74596,965.25
0.74596,965.5
0.743402,965.75
0.743402,966.0
0.743402,966.25
0.742123,966.5
0.742123,966.75
0.740844,967.0
0.740844,967.25
0.739565,967.5
0.738286,967.75
0.737007,968.0
0.731891,968.25
0.738286,968.5
0.735728,968.75
0.735728,969.0
0.735728,969.25
0.734449,969.5
0.734449,969.75
0.731891,970.0
0.731891,970.25
0.730612,970.5
0.730612,970.75
0.728054,971.0
0.728054,971.25
0.728054,971.5
0.728054,971.75
0.726775,972.0
0.726775,972.25
0.724218,972.5
0.724218,972.75
0.722939,973.0
0.722939,973.25
0.715265,973.5
0.72166,973.75
0.717823,974.0
0.720381,974.25
0.72166,974.5
0.719102,974.75
0.719102,975.0
0.719102,975.25
0.716544,975.5
0.716544,975.75
0.715265,976.0
0.715265,976.25
0.713986,976.5
0.715265,976.75
0.712707,977.0
0.712707,977.25
0.712707,977.5
0.715265,977.75
0.712707,978.0
0.711428,978.25
0.70887,978.5
0.711428,978.75
0.707591,979.0
0.707591,979.25
0.707591,979.5
0.706312,979.75
0.705033,980.0
0.705033,980.25
0.705033,980.5
0.702476,980.75
0.702476,981.0
0.701197,981.25
0.702476,981.5
0.699918,981.75
0.701197,982.0
0.699918,982.25
0.701197,982.5
0.699918,982.75
0.698639,983.0
0.699918,983.25
0.698639,983.5
0.698639,983.75
0.694802,984.0
0.696081,984.25
0.694802,984.5
0.69736,984.75
0.693523,985.0
0.692244,985.25
0.692244,985.5
0.692244,985.75
0.692244,986.0
0.690965,986.25
0.689686,986.5
0.689686,986.75
0.688407,987.0
0.687128,987.25
0.685849,987.5
0.685849,987.75
0.68457,988.0
0.68457,988.25
0.68457,988.5
0.683291,988.75
0.682012,989.0
0.680734,989.25
0.679455,989.5
0.679455,989.75
0.678176,990.0
0.678176,990.25
0.678176,990.5
0.678176,990.75
0.675618,991.0
0.675618,991.25
0.675618,991.5
0.675618,991.75
0.67306,992.0
0.67306,992.25
0.671781,992.5
0.671781,992.75
0.671781,993.0
0.67306,993.25
0.670502,993.5
0.671781,993.75
0.666665,994.0
0.670502,994.25
0.669223,994.5
0.669223,994.75
0.66027,995.0
0.666665,995.25
0.667944,995.5
0.674339,995.75
0.685849,996.0
0.68457,996.25
0.682012,996.5
0.680734,996.75
0.680734,997.0
0.679455,997.25
0.679455,997.5
0.678176,997.75
0.679455,998.0
0.676897,998.25
0.678176,998.5
0.676897,998.75
0.678176,999.0
0.676897,999.25
0.676897,999.5
0.676897,999.75
0.675618,1000.0
0.674339,1000.25
0.674339,1000.5
0.667944,1000.75
0.671781,1001.0
0.675618,1001.25
0.675618,1001.5
0.679455,1001.75
0.679455,1002.0
0.679455,1002.25
0.679455,1002.5
0.680734,1002.75
0.680734,1003.0
0.680734,1003.25
0.678176,1003.5
0.676897,1003.75
0.675618,1004.0
0.675618,1004.25
0.676897,1004.5
0.676897,1004.75
0.671781,1005.0
0.669223,1005.25
0.667944,1005.5
0.666665,1005.75
0.665386,1006.0
0.664107,1006.25
0.664107,1006.5
0.664107,1006.75
0.664107,1007.0
0.662828,1007.25
0.662828,1007.5
0.662828,1007.75
0.662828,1008.0
0.661549,1008.25
0.66027,1008.5
0.658991,1008.75
0.658991,1009.0
0.656434,1009.25
0.657713,1009.5
0.657713,1009.75
0.655155,1010.0
0.656434,1010.25
0.655155,1010.5
0.657713,1010.75
0.653876,1011.0
0.652597,1011.25
0.651318,1011.5
0.653876,1011.75
0.647481,1012.0
0.652597,1012.25
0.651318,1012.5
0.650039,1012.75
0.650039,1013.0
0.651318,1013.25
0.651318,1013.5
0.64876,1013.75
0.644923,1014.0
0.644923,1014.25
0.646202,1014.5
0.643644,1014.75
0.646202,1015.0
0.643644,1015.25
0.644923,1015.5
0.643644,1015.75
0.643644,1016.0
0.638528,1016.25
0.642365,1016.5
0.642365,1016.75
0.638528,1017.0
0.641086,1017.25
0.637249,1017.5
0.639807,1017.75
0.637249,1018.0
0.637249,1018.25
0.637249,1018.5
0.637249,1018.75
0.637249,1019.0
0.63597,1019.25
0.633413,1019.5
0.63597,1019.75
0.628297,1020.0
0.634692,1020.25
0.63597,1020.5
0.63597,1020.75
0.63597,1021.0
0.63597,1021.25
0.637249,1021.5
0.637249,1021.75
0.63597,1022.0
0.633413,1022.25
0.633413,1022.5
0.633413,1022.75
0.627018,1023.0
0.630855,1023.25
0.628297,1023.5
0.627018,1023.75
0.627018,1024.0
0.62446,1024.25
0.623181,1024.5
0.623181,1024.75
0.62446,1025.0
0.62446,1025.25
0.623181,1025.5
0.621902,1025.75
0.621902,1026.0
0.62446,1026.25
0.621902,1026.5
0.623181,1026.75
0.620623,1027.0
0.623181,1027.25
0.620623,1027.5
0.620623,1027.75
0.619344,1028.0
0.620623,1028.25
0.616786,1028.5
0.616786,1028.75
0.615507,1029.0
0.616786,1029.25
0.616786,1029.5
0.615507,1029.75
0.615507,1030.0
0.614228,1030.25
0.612949,1030.5
0.610392,1030.75
0.611671,1031.0
0.610392,1031.25
0.611671,1031.5
0.605276,1031.75
0.610392,1032.0
0.609113,1032.25
0.609113,1032.5
0.610392,1032.75
0.606555,1033.0
0.606555,1033.25
0.603997,1033.5
0.606555,1033.75
0.598881,1034.0
0.603997,1034.25
0.602718,1034.5
0.603997,1034.75
0.602718,1035.0
0.602718,1035.25
0.601439,1035.5
0.602718,1035.75
0.598881,1036.0
0.598881,1036.25
0.592486,1036.5
0.596323,1036.75
0.597602,1037.0
0.597602,1037.25
0.597602,1037.5
0.595044,1037.75
0.595044,1038.0
0.595044,1038.25
0.593765,1038.5
0.592486,1038.75
0.592486,1039.0
0.591207,1039.25
0.589929,1039.5
0.591207,1039.75
0.589929,1040.0
0.589929,1040.25
0.589929,1040.5
0.58865,1040.75
0.58865,1041.0
0.587371,1041.25
0.58865,1041.5
0.586092,1041.75
0.586092,1042.0
0.584813,1042.25
0.586092,1042.5
0.584813,1042.75
0.584813,1043.0
0.584813,1043.25
0.583534,1043.5
0.583534,1043.75
0.580976,1044.0
0.580976,1044.25
0.579697,1044.5
0.582255,1044.75
0.577139,1045.0
0.578418,1045.25
0.578418,1045.5
0.578418,1045.75
0.570744,1046.0
0.57586,1046.25
0.577139,1046.5
0.577139,1046.75
0.57586,1047.0
0.573302,1047.25
0.574581,1047.5
0.572023,1047.75
0.573302,1048.0
0.572023,1048.25
0.572023,1048.5
0.572023,1048.75
0.573302,1049.0
0.574581,1049.25
0.572023,1049.5
0.570744,1049.75
0.570744,1050.0
0.570744,1050.25
0.569465,1050.5
0.570744,1050.75
0.569465,1051.0
0.569465,1051.25
0.570744,1051.5
0.568186,1051.75
0.566908,1052.0
0.566908,1052.25
0.56435,1052.5
0.565629,1052.75
0.565629,1053.0
0.565629,1053.25
0.560513,1053.5
0.566908,1053.75
0.561792,1054.0
0.56435,1054.25
0.563071,1054.5
0.565629,1054.75
0.563071,1055.0
0.561792,1055.25
0.560513,1055.5
0.560513,1055.75
0.559234,1056.0
0.560513,1056.25
0.559234,1056.5
0.557955,1056.75
0.559234,1057.0
0.557955,1057.25
0.559234,1057.5
0.556676,1057.75
0.556676,1058.0
0.555397,1058.25
0.557955,1058.5
0.554118,1058.75
0.557955,1059.0
0.556676,1059.25
0.556676,1059.5
0.549002,1059.75
0.555397,1060.0
0.555397,1060.25
0.555397,1060.5
0.552839,1060.75
0.55156,1061.0
0.554118,1061.25
0.550281,1061.5
0.552839,1061.75
0.55156,1062.0
0.55156,1062.25
0.550281,1062.5
0.552839,1062.75
0.55156,1063.0
0.550281,1063.25
0.550281,1063.5
0.550281,1063.75
0.550281,1064.0
0.547723,1064.25
0.549002,1064.5
0.549002,1064.75
0.549002,1065.0
0.549002,1065.25
0.547723,1065.5
0.549002,1065.75
0.547723,1066.0
0.547723,1066.25
0.547723,1066.5
0.545165,1066.75
0.542608,1067.0
0.543886,1067.25
0.543886,1067.5
0.542608,1067.75
0.545165,1068.0
0.543886,1068.25
0.542608,1068.5
0.536213,1068.75
0.542608,1069.0
0.54005,1069.25
0.541329,1069.5
0.538771,1069.75
0.54005,1070.0
0.541329,1070.25
0.538771,1070.5
0.54005,1070.75
0.54005,1071.0
0.54005,1071.25
0.537492,1071.5
0.538771,1071.75
0.531097,1072.0
0.538771,1072.25
0.534934,1072.5
0.534934,1072.75
0.534934,1073.0
0.533655,1073.25
0.534934,1073.5
0.532376,1073.75
0.528539,1074.0
0.532376,1074.25
0.532376,1074.5
0.531097,1074.75
0.531097,1075.0
0.529818,1075.25
0.532376,1075.5
0.524702,1075.75
0.529818,1076.0
0.529818,1076.25
0.528539,1076.5
0.532376,1076.75
0.529818,1077.0
0.528539,1077.25
0.525981,1077.5
0.528539,1077.75
0.52726,1078.0
0.528539,1078.25
0.525981,1078.5
0.525981,1078.75
0.525981,1079.0
0.525981,1079.25
0.52726,1079.5
0.528539,1079.75
0.524702,1080.0
0.523423,1080.25
0.524702,1080.5
0.523423,1080.75
0.523423,1081.0
0.522144,1081.25
0.523423,1081.5
0.522144,1081.75
0.523423,1082.0
0.523423,1082.25
0.522144,1082.5
0.522144,1082.75
0.522144,1083.0
0.520865,1083.25
0.519587,1083.5
0.519587,1083.75
0.520865,1084.0
0.519587,1084.25
0.519587,1084.5
0.518308,1084.75
0.518308,1085.0
0.518308,1085.25
0.51575,1085.5
0.51575,1085.75
0.51575,1086.0
0.508076,1086.25
0.514471,1086.5
0.51575,1086.75
0.514471,1087.0
0.514471,1087.25
0.506797,1087.5
0.51575,1087.75
0.511913,1088.0
0.511913,1088.25
0.511913,1088.5
0.511913,1088.75
0.511913,1089.0
0.514471,1089.25
0.51575,1089.5
0.517029,1089.75
0.518308,1090.0
0.517029,1090.25
0.518308,1090.5
0.517029,1090.75
0.525981,1091.0
0.519587,1091.25
0.523423,1091.5
0.519587,1091.75
0.523423,1092.0
0.522144,1092.25
0.520865,1092.5
0.519587,1092.75
0.517029,1093.0
0.519587,1093.25
0.51575,1093.5
0.51575,1093.75
0.511913,1094.0
0.514471,1094.25
0.510634,1094.5
0.514471,1094.75
0.511913,1095.0
0.510634,1095.25
0.510634,1095.5
0.511913,1095.75
0.511913,1096.0
0.511913,1096.25
0.510634,1096.5
0.510634,1096.75
0.504239,1097.0
0.580907,1097.25
0.580907,1097.5
0.578349,1097.75
0.579628,1098.0
0.579628,1098.25
0.579628,1098.5
0.580907,1098.75
0.578349,1099.0
0.575791,1099.25
0.574512,1099.5
0.57707,1099.75
0.57707,1100.0
0.57707,1100.25
0.578349,1100.5
0.57707,1100.75
0.575791,1101.0
0.575791,1101.25
0.57707,1101.5
0.575791,1101.75
0.574512,1102.0
0.573233,1102.25
0.574512,1102.5
0.575791,1102.75
0.575791,1103.0
0.574512,1103.25
0.571954,1103.5
0.571954,1103.75
0.570675,1104.0
0.570675,1104.25
0.568117,1104.5
0.569396,1104.75
0.56556,1105.0
0.568117,1105.25
0.566839,1105.5
0.56556,1105.75
0.566839,1106.0
0.56556,1106.25
0.564281,1106.5
0.56556,1106.75
0.56556,1107.0
0.563002,1107.25
0.564281,1107.5
0.559165,1107.75
0.563002,1108.0
0.560444,1108.25
0.563002,1108.5
0.561723,1108.75
0.563002,1109.0
0.563002,1109.25
0.563002,1109.5
0.557886,1109.75
0.561723,1110.0
0.561723,1110.25
0.559165,1110.5
0.561723,1110.75
0.559165,1111.0
0.557886,1111.25
0.556607,1111.5
0.557886,1111.75
0.555328,1112.0
0.554049,1112.25
0.55277,1112.5
0.554049,1112.75
0.55277,1113.0
0.551491,1113.25
0.550212,1113.5
0.55277,1113.75
0.548933,1114.0
0.550212,1114.25
0.550212,1114.5
0.551491,1114.75
0.550212,1115.0
0.550212,1115.25
0.548933,1115.5
0.548933,1115.75
0.539981,1116.0
0.547654,1116.25
0.546375,1116.5
0.546375,1116.75
0.545096,1117.0
0.546375,1117.25
0.545096,1117.5
0.546375,1117.75
0.545096,1118.0
0.542539,1118.25
0.542539,1118.5
0.537423,1118.75
0.539981,1119.0
0.537423,1119.25
0.538702,1119.5
0.537423,1119.75
0.537423,1120.0
0.537423,1120.25
0.537423,1120.5
0.537423,1120.75
0.536144,1121.0
0.534865,1121.25
0.537423,1121.5
0.550212,1121.75
0.556607,1122.0
0.545096,1122.25
0.54126,1122.5
0.543818,1122.75
0.545096,1123.0
0.539981,1123.25
0.539981,1123.5
0.538702,1123.75
0.539981,1124.0
0.54126,1124.25
0.543818,1124.5
0.539981,1124.75
0.538702,1125.0
0.536144,1125.25
0.537423,1125.5
0.545096,1125.75
0.546375,1126.0
0.545096,1126.25
0.531028,1126.5
0.538702,1126.75
0.539981,1127.0
0.536144,1127.25
0.537423,1127.5
0.534865,1127.75
0.536144,1128.0
0.536144,1128.25
0.537423,1128.5
0.529749,1128.75
0.531028,1129.0
0.52847,1129.25
0.525912,1129.5
0.522075,1129.75
0.525912,1130.0
0.52847,1130.25
0.52847,1130.5
0.531028,1130.75
0.54126,1131.0
0.538702,1131.25
0.536144,1131.5
0.538702,1131.75
0.534865,1132.0
0.536144,1132.25
0.524633,1132.5
0.532307,1132.75
0.531028,1133.0
0.52847,1133.25
0.529749,1133.5
0.531028,1133.75
0.525912,1134.0
0.529749,1134.25
0.531028,1134.5
0.527191,1134.75
0.527191,1135.0
0.525912,1135.25
0.52847,1135.5
0.522075,1135.75
0.529749,1136.0
0.527191,1136.25
0.52847,1136.5
0.527191,1136.75
0.524633,1137.0
0.523354,1137.25
0.522075,1137.5
0.520797,1137.75
0.519518,1138.0
0.519518,1138.25
0.519518,1138.5
0.520797,1138.75
0.520797,1139.0
0.522075,1139.25
0.523354,1139.5
0.518239,1139.75
0.520797,1140.0
0.531028,1140.25
0.534865,1140.5
0.536144,1140.75
0.54126,1141.0
0.573233,1141.25
0.594975,1141.5
0.587302,1141.75
0.57707,1142.0
0.573233,1142.25
0.568117,1142.5
0.568117,1142.75
0.570675,1143.0
0.564281,1143.25
0.557886,1143.5
0.557886,1143.75
0.555328,1144.0
0.554049,1144.25
0.546375,1144.5
0.55277,1144.75
0.550212,1145.0
0.550212,1145.25
0.550212,1145.5
0.547654,1145.75
0.546375,1146.0
0.54126,1146.25
0.543818,1146.5
0.54126,1146.75
0.54126,1147.0
0.539981,1147.25
0.538702,1147.5
0.538702,1147.75
0.538702,1148.0
0.539981,1148.25
0.54126,1148.5
0.54126,1148.75
0.538702,1149.0
0.537423,1149.25
0.537423,1149.5
0.538702,1149.75
0.537423,1150.0
0.536144,1150.25
0.534865,1150.5
0.536144,1150.75
0.536144,1151.0
0.534865,1151.25
0.533586,1151.5
0.532307,1151.75
0.534865,1152.0
0.533586,1152.25
0.533586,1152.5
0.534865,1152.75
0.537423,1153.0
0.542539,1153.25
0.542539,1153.5
0.543818,1153.75
0.527191,1154.0
0.534865,1154.25
0.531028,1154.5
0.52847,1154.75
0.527191,1155.0
0.527191,1155.25
0.527191,1155.5
0.527191,1155.75
0.52847,1156.0
0.525912,1156.25
0.527191,1156.5
0.529749,1156.75
0.529749,1157.0
0.527191,1157.25
0.529749,1157.5
0.52847,1157.75
0.529749,1158.0
0.52847,1158.25
0.52847,1158.5
0.527191,1158.75
0.527191,1159.0
0.525912,1159.25
0.524633,1159.5
0.524633,1159.75
0.522075,1160.0
0.523354,1160.25
0.523354,1160.5
0.524633,1160.75
0.523354,1161.0
0.524633,1161.25
0.511844,1161.5
0.515681,1161.75
0.523354,1162.0
0.527191,1162.25
0.52847,1162.5
0.527191,1162.75
0.527191,1163.0
0.52847,1163.25
0.523354,1163.5
0.52847,1163.75
0.52847,1164.0
0.529749,1164.25
0.52847,1164.5
0.529749,1164.75
0.52847,1165.0
0.52847,1165.25
0.527191,1165.5
0.527191,1165.75
0.529749,1166.0
0.527191,1166.25
0.527191,1166.5
0.525912,1166.75
0.525912,1167.0
0.524633,1167.25
0.527191,1167.5
0.525912,1167.75
0.525912,1168.0
0.523354,1168.25
0.525912,1168.5
0.524633,1168.75
0.525912,1169.0
0.527191,1169.25
0.527191,1169.5
0.52847,1169.75
0.52847,1170.0
0.529749,1170.25
0.52847,1170.5
0.52847,1170.75
0.524633,1171.0
0.527191,1171.25
0.525912,1171.5
0.527191,1171.75
0.525912,1172.0
0.527191,1172.25
0.525912,1172.5
0.525912,1172.75
0.525912,1173.0
0.524633,1173.25
0.518239,1173.5
0.524633,1173.75
0.520797,1174.0
0.522075,1174.25
0.522075,1174.5
0.523354,1174.75
0.522075,1175.0
0.523354,1175.25
0.523354,1175.5
0.523354,1175.75
0.522075,1176.0
0.520797,1176.25
0.520797,1176.5
0.520797,1176.75
0.519518,1177.0
0.520797,1177.25
0.520797,1177.5
0.515681,1177.75
0.519518,1178.0
0.518239,1178.25
0.519518,1178.5
0.519518,1178.75
0.518239,1179.0
0.51696,1179.25
0.518239,1179.5
0.518239,1179.75
0.51696,1180.0
0.51696,1180.25
0.51696,1180.5
0.518239,1180.75
0.518239,1181.0
0.518239,1181.25
0.51696,1181.5
0.518239,1181.75
0.515681,1182.0
0.51696,1182.25
0.515681,1182.5
0.515681,1182.75
0.515681,1183.0
0.515681,1183.25
0.514402,1183.5
0.514402,1183.75
0.515681,1184.0
0.514402,1184.25
0.515681,1184.5
0.514402,1184.75
0.514402,1185.0
0.513123,1185.25
0.514402,1185.5
0.513123,1185.75
0.513123,1186.0
0.508007,1186.25
0.514402,1186.5
0.515681,1186.75
0.513123,1187.0
0.513123,1187.25
0.509286,1187.5
0.511844,1187.75
0.510565,1188.0
0.510565,1188.25
0.509286,1188.5
0.510565,1188.75
0.509286,1189.0
0.510565,1189.25
0.510565,1189.5
0.510565,1189.75
0.509286,1190.0
0.508007,1190.25
0.508007,1190.5
0.508007,1190.75
0.508007,1191.0
0.506728,1191.25
0.50417,1191.5
0.50417,1191.75
0.50417,1192.0
0.501612,1192.25
0.499055,1192.5
0.497776,1192.75
0.495218,1193.0
0.496497,1193.25
0.490102,1193.5
0.495218,1193.75
0.491381,1194.0
0.493939,1194.25
0.493939,1194.5
0.495218,1194.75
0.493939,1195.0
0.493939,1195.25
0.493939,1195.5
0.491381,1195.75
0.491381,1196.0
0.486265,1196.25
0.491381,1196.5
0.490102,1196.75
0.487544,1197.0
0.488823,1197.25
0.487544,1197.5
0.490102,1197.75
0.487544,1198.0
0.488823,1198.25
0.484986,1198.5
0.484986,1198.75
0.482428,1199.0
0.484986,1199.25
0.484986,1199.5
0.484986,1199.75
0.483707,1200.0
0.484986,1200.25
0.484986,1200.5
0.484986,1200.75
0.483707,1201.0
0.482428,1201.25
0.482428,1201.5
0.482428,1201.75
0.482428,1202.0
0.482428,1202.25
0.481149,1202.5
0.481149,1202.75
0.482428,1203.0
0.482428,1203.25
0.481149,1203.5
0.481149,1203.75
0.481149,1204.0
0.486265,1204.25
0.488823,1204.5
0.49266,1204.75
0.49266,1205.0
0.495218,1205.25
0.496497,1205.5
0.496497,1205.75
0.496497,1206.0
0.487544,1206.25
0.484986,1206.5
0.482428,1206.75
0.481149,1207.0
0.470918,1207.25
0.473476,1207.5
0.46836,1207.75
0.464523,1208.0
0.464523,1208.25
0.463244,1208.5
0.461965,1208.75
0.460686,1209.0
0.46836,1209.25
0.477312,1209.5
0.483707,1209.75
0.482428,1210.0
0.484986,1210.25
0.484986,1210.5
0.488823,1210.75
0.487544,1211.0
0.487544,1211.25
0.487544,1211.5
0.487544,1211.75
0.486265,1212.0
0.487544,1212.25
0.49266,1212.5
0.495218,1212.75
0.49266,1213.0
0.500333,1213.25
0.502891,1213.5
0.505449,1213.75
0.50417,1214.0
0.508007,1214.25
0.509286,1214.5
0.508007,1214.75
0.508007,1215.0
0.508007,1215.25
0.482428,1215.5
0.472197,1215.75
0.470918,1216.0
0.469639,1216.25
0.464523,1216.5
0.465802,1216.75
0.483707,1217.0
0.486265,1217.25
0.483707,1217.5
0.481149,1217.75
0.481149,1218.0
0.477312,1218.25
0.476034,1218.5
0.474755,1218.75
0.474755,1219.0
0.473476,1219.25
0.472197,1219.5
0.469639,1219.75
0.465802,1220.0
0.461965,1220.25
0.45557,1220.5
0.45557,1220.75
0.453013,1221.0
0.453013,1221.25
0.451734,1221.5
0.451734,1221.75
0.450455,1222.0
0.449176,1222.25
0.447897,1222.5
0.445339,1222.75
0.440223,1223.0
0.433828,1223.25
0.435107,1223.5
0.435107,1223.75
0.435107,1224.0
0.433828,1224.25
0.432549,1224.5
0.433828,1224.75
0.432549,1225.0
0.433828,1225.25
0.43127,1225.5
0.432549,1225.75
0.429992,1226.0
0.440223,1226.25
0.453013,1226.5
0.513123,1226.75
0.514402,1227.0
0.50417,1227.25
0.497776,1227.5
0.50417,1227.75
0.499055,1228.0
0.495218,1228.25
0.49266,1228.5
0.487544,1228.75
0.484986,1229.0
0.476034,1229.25
0.47987,1229.5
0.476034,1229.75
0.476034,1230.0
0.474755,1230.25
0.473476,1230.5
0.474755,1230.75
0.473476,1231.0
0.470918,1231.25
0.469639,1231.5
0.469639,1231.75
0.46836,1232.0
0.46836,1232.25
0.467081,1232.5
0.464523,1232.75
0.465802,1233.0
0.464523,1233.25
0.465802,1233.5
0.464523,1233.75
0.463244,1234.0
0.460686,1234.25
0.464523,1234.5
0.461965,1234.75
0.463244,1235.0
0.456849,1235.25
0.460686,1235.5
0.460686,1235.75
0.461965,1236.0
0.461965,1236.25
0.459407,1236.5
0.459407,1236.75
0.456849,1237.0
0.460686,1237.25
0.458128,1237.5
0.458128,1237.75
0.458128,1238.0
0.459407,1238.25
0.456849,1238.5
0.459407,1238.75
0.456849,1239.0
0.456849,1239.25
0.454291,1239.5
0.45557,1239.75
0.454291,1240.0
0.454291,1240.25
0.454291,1240.5
0.456849,1240.75
0.45557,1241.0
0.45557,1241.25
0.453013,1241.5
0.45557,1241.75
0.453013,1242.0
0.451734,1242.25
0.44406,1242.5
0.447897,1242.75
0.440223,1243.0
0.44406,1243.25
0.44406,1243.5
0.445339,1243.75
0.442781,1244.0
0.44406,1244.25
0.442781,1244.5
0.440223,1244.75
0.438944,1245.0
0.437665,1245.25
0.437665,1245.5
0.441502,1245.75
0.438944,1246.0
0.436386,1246.25
0.437665,1246.5
0.436386,1246.75
0.436386,1247.0
0.436386,1247.25
0.433828,1247.5
0.432549,1247.75
0.433828,1248.0
0.43127,1248.25
0.43127,1248.5
0.43127,1248.75
0.43127,1249.0
0.429992,1249.25
0.43127,1249.5
0.429992,1249.75
0.429992,1250.0
0.428713,1250.25
0.429992,1250.5
0.428713,1250.75
0.428713,1251.0
0.427434,1251.25
0.427434,1251.5
0.427434,1251.75
0.427434,1252.0
0.424876,1252.25
0.427434,1252.5
0.427434,1252.75
0.427434,1253.0
0.426155,1253.25
0.423597,1253.5
0.424876,1253.75
0.422318,1254.0
0.424876,1254.25
0.423597,1254.5
0.426155,1254.75
0.422318,1255.0
0.422318,1255.25
0.422318,1255.5
0.422318,1255.75
0.421039,1256.0
0.41976,1256.25
0.421039,1256.5
0.421039,1256.75
0.421039,1257.0
0.421039,1257.25
0.421039,1257.5
0.421039,1257.75
0.41976,1258.0
0.421039,1258.25
0.418481,1258.5
0.421039,1258.75
0.418481,1259.0
0.41976,1259.25
0.418481,1259.5
0.41976,1259.75
0.413365,1260.0
0.418481,1260.25
0.417202,1260.5
0.418481,1260.75
0.418481,1261.0
0.417202,1261.25
0.417202,1261.5
0.415923,1261.75
0.417202,1262.0
0.418481,1262.25
0.415923,1262.5
0.413365,1262.75
0.414644,1263.0
0.414644,1263.25
0.414644,1263.5
0.415923,1263.75
0.413365,1264.0
0.413365,1264.25
0.410807,1264.5
0.412086,1264.75
0.412086,1265.0
0.412086,1265.25
0.412086,1265.5
0.412086,1265.75
0.412086,1266.0
0.410807,1266.25
0.410807,1266.5
0.410807,1266.75
0.410807,1267.0
0.408249,1267.25
0.409528,1267.5
0.408249,1267.75
0.409528,1268.0
0.409528,1268.25
0.408249,1268.5
0.408249,1268.75
0.410807,1269.0
0.409528,1269.25
0.409528,1269.5
0.408249,1269.75
0.405692,1270.0
0.408249,1270.25
0.405692,1270.5
0.409528,1270.75
0.406971,1271.0
0.406971,1271.25
0.406971,1271.5
0.405692,1271.75
0.406971,1272.0
0.406971,1272.25
0.418481,1272.5
0.414644,1272.75
0.410807,1273.0
0.415923,1273.25
0.414644,1273.5
0.413365,1273.75
0.409528,1274.0
0.412086,1274.25
0.409528,1274.5
0.412086,1274.75
0.410807,1275.0
0.409528,1275.25
0.405692,1275.5
0.408249,1275.75
0.405692,1276.0
0.408249,1276.25
0.408249,1276.5
0.408249,1276.75
0.406971,1277.0
0.408249,1277.25
0.408249,1277.5
0.408249,1277.75
0.405692,1278.0
0.404413,1278.25
0.400576,1278.5
0.405692,1278.75
0.405692,1279.0
0.403134,1279.25
0.404413,1279.5
0.403134,1279.75
0.405692,1280.0
0.405692,1280.25
0.405692,1280.5
0.405692,1280.75
0.404413,1281.0
0.405692,1281.25
0.404413,1281.5
0.405692,1281.75
0.404413,1282.0
0.403134,1282.25
0.403134,1282.5
0.403134,1282.75
0.401855,1283.0
0.401855,1283.25
0.400576,1283.5
0.399297,1283.75
0.400576,1284.0
0.399297,1284.25
0.400576,1284.5
0.400576,1284.75
0.399297,1285.0
0.399297,1285.25
0.399297,1285.5
0.399297,1285.75
0.399297,1286.0
0.398018,1286.25
0.396739,1286.5
0.399297,1286.75
0.39546,1287.0
0.39546,1287.25
0.39546,1287.5
0.398018,1287.75
0.396739,1288.0
0.396739,1288.25
0.396739,1288.5
0.396739,1288.75
0.390344,1289.0
0.39546,1289.25
0.394181,1289.5
0.394181,1289.75
0.394181,1290.0
0.394181,1290.25
0.394181,1290.5
0.392902,1290.75
0.394181,1291.0
0.392902,1291.25
0.392902,1291.5
0.391623,1291.75
0.390344,1292.0
0.391623,1292.25
0.38395,1292.5
0.390344,1292.75
0.390344,1293.0
0.389065,1293.25
0.389065,1293.5
0.389065,1293.75
0.385229,1294.0
0.389065,1294.25
0.389065,1294.5
0.387786,1294.75
0.389065,1295.0
0.387786,1295.25
0.389065,1295.5
0.387786,1295.75
0.387786,1296.0
0.387786,1296.25
0.387786,1296.5
0.390344,1296.75
0.386507,1297.0
0.381392,1297.25
0.385229,1297.5
0.381392,1297.75
0.386507,1298.0
0.386507,1298.25
0.386507,1298.5
0.386507,1298.75
0.385229,1299.0
0.386507,1299.25
0.386507,1299.5
0.385229,1299.75
0.385229,1300.0
0.382671,1300.25
0.38395,1300.5
0.38395,1300.75
0.38395,1301.0
0.38395,1301.25
0.38395,1301.5
0.38395,1301.75
0.382671,1302.0
0.38395,1302.25
0.382671,1302.5
0.38395,1302.75
0.381392,1303.0
0.381392,1303.25
0.380113,1303.5
0.381392,1303.75
0.380113,1304.0
0.381392,1304.25
0.381392,1304.5
0.381392,1304.75
0.382671,1305.0
0.382671,1305.25
0.381392,1305.5
0.381392,1305.75
0.380113,1306.0
0.381392,1306.25
0.385229,1306.5
0.386507,1306.75
0.387786,1307.0
0.390344,1307.25
0.389065,1307.5
0.390344,1307.75
0.389065,1308.0
0.390344,1308.25
0.389065,1308.5
0.391623,1308.75
0.385229,1309.0
0.413365,1309.25
0.412086,1309.5
0.408249,1309.75
0.406971,1310.0
0.409528,1310.25
0.396739,1310.5
0.399297,1310.75
0.400576,1311.0
0.400576,1311.25
0.399297,1311.5
0.401855,1311.75
0.398018,1312.0
0.392902,1312.25
0.394181,1312.5
0.394181,1312.75
0.394181,1313.0
0.39546,1313.25
0.394181,1313.5
0.391623,1313.75
0.389065,1314.0
0.390344,1314.25
0.389065,1314.5
0.390344,1314.75
0.389065,1315.0
0.390344,1315.25
0.390344,1315.5
0.390344,1315.75
0.391623,1316.0
0.390344,1316.25
0.389065,1316.5
0.387786,1316.75
0.389065,1317.0
0.390344,1317.25
0.389065,1317.5
0.389065,1317.75
0.389065,1318.0
0.389065,1318.25
0.389065,1318.5
0.387786,1318.75
0.387786,1319.0
0.387786,1319.25
0.386507,1319.5
0.387786,1319.75
0.387786,1320.0
0.387786,1320.25
0.387786,1320.5
0.394181,1320.75
0.392902,1321.0
0.39546,1321.25
0.394181,1321.5
0.392902,1321.75
0.394181,1322.0
0.392902,1322.25
0.394181,1322.5
0.391623,1322.75
0.392902,1323.0
0.394181,1323.25
0.392902,1323.5
0.389065,1323.75
0.387786,1324.0
0.387786,1324.25
0.387786,1324.5
0.386507,1324.75
0.385229,1325.0
0.385229,1325.25
0.38395,1325.5
0.385229,1325.75
0.385229,1326.0
0.385229,1326.25
0.385229,1326.5
0.385229,1326.75
0.385229,1327.0
0.38395,1327.25
0.38395,1327.5
0.381392,1327.75
0.38395,1328.0
0.382671,1328.25
0.382671,1328.5
0.381392,1328.75
0.38395,1329.0
0.382671,1329.25
0.381392,1329.5
0.382671,1329.75
0.381392,1330.0
0.382671,1330.25
0.380113,1330.5
0.380113,1330.75
0.378834,1331.0
0.380113,1331.25
0.380113,1331.5
0.380113,1331.75
0.380113,1332.0
0.380113,1332.25
0.378834,1332.5
0.380113,1332.75
0.376276,1333.0
0.374997,1333.25
0.374997,1333.5
0.374997,1333.75
0.372439,1334.0
0.376276,1334.25
0.374997,1334.5
0.376276,1334.75
0.374997,1335.0
0.376276,1335.25
0.374997,1335.5
0.377555,1335.75
0.374997,1336.0
0.376276,1336.25
0.376276,1336.5
0.377555,1336.75
0.369881,1337.0
0.376276,1337.25
0.374997,1337.5
0.376276,1337.75
0.377555,1338.0
0.376276,1338.25
0.376276,1338.5
0.374997,1338.75
0.374997,1339.0
0.374997,1339.25
0.374997,1339.5
0.374997,1339.75
0.374997,1340.0
0.373718,1340.25
0.374997,1340.5
0.376276,1340.75
0.376276,1341.0
0.373718,1341.25
0.374997,1341.5
0.376276,1341.75
0.374997,1342.0
0.376276,1342.25
0.376276,1342.5
0.368602,1342.75
0.373718,1343.0
0.374997,1343.25
0.376276,1343.5
0.376276,1343.75
0.374997,1344.0
0.373718,1344.25
0.381392,1344.5
0.390344,1344.75
0.387786,1345.0
0.392902,1345.25
0.392902,1345.5
0.401855,1345.75
0.392902,1346.0
0.394181,1346.25
0.391623,1346.5
0.399297,1346.75
0.400576,1347.0
0.478591,1347.25
0.438944,1347.5
0.44406,1347.75
0.459407,1348.0
0.433828,1348.25
0.413365,1348.5
0.400576,1348.75
0.389065,1349.0
0.381392,1349.25
0.376276,1349.5
0.37116,1349.75
0.37116,1350.0
0.367323,1350.25
0.369881,1350.5
0.374997,1350.75
0.380113,1351.0
0.382671,1351.25
0.385229,1351.5
0.387786,1351.75
0.385229,1352.0
0.387786,1352.25
0.386507,1352.5
0.385229,1352.75
0.382671,1353.0
0.38395,1353.25
0.385229,1353.5
0.385229,1353.75
0.386507,1354.0
0.386507,1354.25
0.386507,1354.5
0.386507,1354.75
0.387786,1355.0
0.387786,1355.25
0.387786,1355.5
0.380113,1355.75
0.38395,1356.0
0.385229,1356.25
0.382671,1356.5
0.38395,1356.75
0.38395,1357.0
0.387786,1357.25
0.394181,1357.5
0.39546,1357.75
0.409528,1358.0
0.45557,1358.25
0.450455,1358.5
0.418481,1358.75
0.408249,1359.0
0.403134,1359.25
0.401855,1359.5
0.409528,1359.75
0.405692,1360.0
0.414644,1360.25
0.422318,1360.5
0.415923,1360.75
0.418481,1361.0
0.427434,1361.25
0.433828,1361.5
0.427434,1361.75
0.418481,1362.0
0.409528,1362.25
0.409528,1362.5
0.41976,1362.75
0.418481,1363.0
0.408249,1363.25
0.406971,1363.5
0.409528,1363.75
0.417202,1364.0
0.409528,1364.25
0.418481,1364.5
0.414644,1364.75
0.405692,1365.0
0.403134,1365.25
0.401855,1365.5
0.400576,1365.75
0.405692,1366.0
0.409528,1366.25
0.412086,1366.5
0.405692,1366.75
0.404413,1367.0
0.404413,1367.25
0.405692,1367.5
0.405692,1367.75
0.403134,1368.0
0.396739,1368.25
0.392902,1368.5
0.400576,1368.75
0.400576,1369.0
0.399297,1369.25
0.392902,1369.5
0.392902,1369.75
0.396739,1370.0
0.399297,1370.25
0.406971,1370.5
0.437665,1370.75
0.418481,1371.0
0.404413,1371.25
0.400576,1371.5
0.39546,1371.75
0.39546,1372.0
0.390344,1372.25
0.389065,1372.5
0.386507,1372.75
0.386507,1373.0
0.387786,1373.25
0.386507,1373.5
0.386507,1373.75
0.380113,1374.0
0.381392,1374.25
0.378834,1374.5
0.380113,1374.75
0.378834,1375.0
0.380113,1375.25
0.380113,1375.5
0.380113,1375.75
0.378834,1376.0
0.380113,1376.25
0.373718,1376.5
0.377555,1376.75
0.377555,1377.0
0.374997,1377.25
0.374997,1377.5
0.373718,1377.75
0.374997,1378.0
0.374997,1378.25
0.374997,1378.5
0.373718,1378.75
0.374997,1379.0
0.374997,1379.25
0.373718,1379.5
0.372439,1379.75
0.37116,1380.0
0.367323,1380.25
0.37116,1380.5
0.37116,1380.75
0.37116,1381.0
0.37116,1381.25
0.37116,1381.5
0.37116,1381.75
0.37116,1382.0
0.372439,1382.25
0.369881,1382.5
0.369881,1382.75
0.369881,1383.0
0.368602,1383.25
0.369881,1383.5
0.369881,1383.75
0.369881,1384.0
0.368602,1384.25
0.363486,1384.5
0.369881,1384.75
0.368602,1385.0
0.367323,1385.25
0.368602,1385.5
0.368602,1385.75
0.367323,1386.0
0.368602,1386.25
0.368602,1386.5
0.367323,1386.75
0.367323,1387.0
0.366044,1387.25
0.367323,1387.5
0.367323,1387.75
0.367323,1388.0
0.364765,1388.25
0.367323,1388.5
0.366044,1388.75
0.366044,1389.0
0.35965,1389.25
0.366044,1389.5
0.366044,1389.75
0.366044,1390.0
0.366044,1390.25
0.364765,1390.5
0.364765,1390.75
0.364765,1391.0
0.37116,1391.25
0.369881,1391.5
0.369881,1391.75
0.369881,1392.0
0.369881,1392.25
0.372439,1392.5
0.372439,1392.75
0.369881,1393.0
0.367323,1393.25
0.366044,1393.5
0.366044,1393.75
0.363486,1394.0
0.360929,1394.25
0.360929,1394.5
0.362208,1394.75
0.362208,1395.0
0.362208,1395.25
0.362208,1395.5
0.364765,1395.75
0.357092,1396.0
0.363486,1396.25
0.363486,1396.5
0.369881,1396.75
0.368602,1397.0
0.369881,1397.25
0.369881,1397.5
0.369881,1397.75
0.368602,1398.0
0.367323,1398.25
0.364765,1398.5
0.364765,1398.75
0.363486,1399.0
0.363486,1399.25
0.360929,1399.5
0.357092,1399.75
0.35965,1400.0
0.364765,1400.25
0.368602,1400.5
0.369881,1400.75
0.373718,1401.0
0.372439,1401.25
0.369881,1401.5
0.364765,1401.75
0.363486,1402.0
0.368602,1402.25
0.372439,1402.5
0.376276,1402.75
0.376276,1403.0
0.372439,1403.25
0.366044,1403.5
0.369881,1403.75
0.376276,1404.0
0.367323,1404.25
0.376276,1404.5
0.368602,1404.75
0.37116,1405.0
0.364765,1405.25
0.367323,1405.5
0.373718,1405.75
0.376276,1406.0
0.376276,1406.25
0.376276,1406.5
0.380113,1406.75
0.386507,1407.0
0.381392,1407.25
0.373718,1407.5
0.37116,1407.75
0.367323,1408.0
0.367323,1408.25
0.364765,1408.5
0.363486,1408.75
0.362208,1409.0
0.360929,1409.25
0.360929,1409.5
0.360929,1409.75
0.35965,1410.0
0.357092,1410.25
0.364765,1410.5
0.368602,1410.75
0.369881,1411.0
0.369881,1411.25
0.367323,1411.5
0.364765,1411.75
0.362208,1412.0
0.364765,1412.25
0.364765,1412.5
0.364765,1412.75
0.363486,1413.0
0.37116,1413.25
0.373718,1413.5
0.374997,1413.75
0.374997,1414.0
0.377555,1414.25
0.377555,1414.5
0.380113,1414.75
0.37116,1415.0
0.367323,1415.25
0.362208,1415.5
0.362208,1415.75
0.353255,1416.0
0.357092,1416.25
0.357092,1416.5
0.357092,1416.75
0.357092,1417.0
0.355813,1417.25
0.357092,1417.5
0.35965,1417.75
0.358371,1418.0
0.358371,1418.25
0.357092,1418.5
0.357092,1418.75
0.357092,1419.0
0.354534,1419.25
0.355813,1419.5
0.357092,1419.75
0.354534,1420.0
0.354534,1420.25
0.355813,1420.5
0.353255,1420.75
0.353255,1421.0
0.353255,1421.25
0.353255,1421.5
0.351976,1421.75
0.354534,1422.0
0.353255,1422.25
0.354534,1422.5
0.354534,1422.75
0.353255,1423.0
0.353255,1423.25
0.354534,1423.5
0.351976,1423.75
0.351976,1424.0
0.351976,1424.25
0.353255,1424.5
0.353255,1424.75
0.354534,1425.0
0.351976,1425.25
0.351976,1425.5
0.351976,1425.75
0.351976,1426.0
0.351976,1426.25
0.350697,1426.5
0.349418,1426.75
0.350697,1427.0
0.350697,1427.25
0.349418,1427.5
0.344302,1427.75
0.350697,1428.0
0.344302,1428.25
0.349418,1428.5
0.350697,1428.75
0.349418,1429.0
0.348139,1429.25
0.348139,1429.5
0.349418,1429.75
0.34686,1430.0
0.348139,1430.25
0.34686,1430.5
0.348139,1430.75
0.348139,1431.0
0.34686,1431.25
0.34686,1431.5
0.34686,1431.75
0.34686,1432.0
0.345581,1432.25
0.345581,1432.5
0.345581,1432.75
0.345581,1433.0
0.34686,1433.25
0.344302,1433.5
0.345581,1433.75
0.343023,1434.0
0.345581,1434.25
0.344302,1434.5
0.344302,1434.75
0.344302,1435.0
0.344302,1435.25
0.343023,1435.5
0.343023,1435.75
0.340465,1436.0
0.341744,1436.25
0.340465,1436.5
0.341744,1436.75
0.341744,1437.0
0.340465,1437.25
0.339187,1437.5
0.340465,1437.75
0.334071,1438.0
0.339187,1438.25
0.340465,1438.5
0.341744,1438.75
0.339187,1439.0
0.339187,1439.25
0.337908,1439.5
0.337908,1439.75
0.337908,1440.0
0.337908,1440.25
0.339187,1440.5
0.337908,1440.75
0.334071,1441.0
0.33535,1441.25
0.33535,1441.5
0.334071,1441.75
0.33535,1442.0
0.334071,1442.25
0.33535,1442.5
0.334071,1442.75
0.33535,1443.0
0.332792,1443.25
0.334071,1443.5
0.334071,1443.75
0.33535,1444.0
0.332792,1444.25
0.332792,1444.5
0.331513,1444.75
0.332792,1445.0
0.327676,1445.25
0.331513,1445.5
0.323839,1445.75
0.328955,1446.0
0.328955,1446.25
0.328955,1446.5
0.330234,1446.75
0.328955,1447.0
0.328955,1447.25
0.328955,1447.5
0.327676,1447.75
0.328955,1448.0
0.327676,1448.25
0.327676,1448.5
0.326397,1448.75
0.327676,1449.0
0.327676,1449.25
0.328955,1449.5
0.328955,1449.75
0.327676,1450.0
0.327676,1450.25
0.326397,1450.5
0.328955,1450.75
0.326397,1451.0
0.326397,1451.25
0.325118,1451.5
0.326397,1451.75
0.323839,1452.0
0.325118,1452.25
0.323839,1452.5
0.326397,1452.75
0.325118,1453.0
0.326397,1453.25
0.326397,1453.5
0.326397,1453.75
0.316166,1454.0
0.323839,1454.25
0.323839,1454.5
0.317445,1454.75
0.323839,1455.0
0.32256,1455.25
0.323839,1455.5
0.325118,1455.75
0.323839,1456.0
0.32256,1456.25
0.32256,1456.5
0.32256,1456.75
0.321281,1457.0
0.320002,1457.25
0.321281,1457.5
0.321281,1457.75
0.32256,1458.0
0.321281,1458.25
0.320002,1458.5
0.321281,1458.75
0.321281,1459.0
0.320002,1459.25
0.32256,1459.5
0.320002,1459.75
0.321281,1460.0
0.318723,1460.25
0.321281,1460.5
0.318723,1460.75
0.318723,1461.0
0.320002,1461.25
0.320002,1461.5
0.32256,1461.75
0.321281,1462.0
0.320002,1462.25
0.318723,1462.5
0.320002,1462.75
0.318723,1463.0
0.320002,1463.25
0.321281,1463.5
0.321281,1463.75
0.320002,1464.0
0.321281,1464.25
0.321281,1464.5
0.321281,1464.75
0.318723,1465.0
0.317445,1465.25
0.317445,1465.5
0.316166,1465.75
0.316166,1466.0
0.317445,1466.25
0.317445,1466.5
0.317445,1466.75
0.317445,1467.0
0.317445,1467.25
0.316166,1467.5
0.317445,1467.75
0.316166,1468.0
0.316166,1468.25
0.314887,1468.5
0.318723,1468.75
0.314887,1469.0
0.316166,1469.25
0.316166,1469.5
0.316166,1469.75
0.316166,1470.0
0.316166,1470.25
0.314887,1470.5
0.314887,1470.75
0.314887,1471.0
0.313608,1471.25
0.313608,1471.5
0.314887,1471.75
0.309771,1472.0
0.314887,1472.25
0.308492,1472.5
0.314887,1472.75
0.313608,1473.0
0.313608,1473.25
0.312329,1473.5
0.313608,1473.75
0.31105,1474.0
0.312329,1474.25
0.313608,1474.5
0.313608,1474.75
0.313608,1475.0
0.313608,1475.25
0.313608,1475.5
0.313608,1475.75
0.312329,1476.0
0.31105,1476.25
0.312329,1476.5
0.312329,1476.75
0.313608,1477.0
0.312329,1477.25
0.313608,1477.5
0.313608,1477.75
0.313608,1478.0
0.313608,1478.25
0.312329,1478.5
0.312329,1478.75
0.312329,1479.0
0.31105,1479.25
0.31105,1479.5
0.313608,1479.75
0.312329,1480.0
0.312329,1480.25
0.31105,1480.5
0.312329,1480.75
0.313608,1481.0
0.312329,1481.25
0.31105,1481.5
0.31105,1481.75
0.31105,1482.0
0.309771,1482.25
0.304655,1482.5
0.31105,1482.75
0.309771,1483.0
0.31105,1483.25
0.309771,1483.5
0.31105,1483.75
0.309771,1484.0
0.309771,1484.25
0.309771,1484.5
0.309771,1484.75
0.308492,1485.0
0.308492,1485.25
0.309771,1485.5
0.309771,1485.75
0.309771,1486.0
0.308492,1486.25
0.312329,1486.5
0.308492,1486.75
0.309771,1487.0
0.308492,1487.25
0.309771,1487.5
0.304655,1487.75
0.309771,1488.0
0.307213,1488.25
0.309771,1488.5
0.308492,1488.75
0.307213,1489.0
0.308492,1489.25
0.308492,1489.5
0.307213,1489.75
0.307213,1490.0
0.308492,1490.25
0.307213,1490.5
0.308492,1490.75
0.307213,1491.0
0.308492,1491.25
0.307213,1491.5
0.308492,1491.75
0.308492,1492.0
0.308492,1492.25
0.307213,1492.5
0.307213,1492.75
0.307213,1493.0
0.305934,1493.25
0.305934,1493.5
0.304655,1493.75
0.303376,1494.0
0.305934,1494.25
0.304655,1494.5
0.307213,1494.75
0.305934,1495.0
0.304655,1495.25
0.304655,1495.5
0.305934,1495.75
0.304655,1496.0
0.305934,1496.25
0.305934,1496.5
0.304655,1496.75
0.305934,1497.0
0.304655,1497.25
0.304655,1497.5
0.305934,1497.75
0.304655,1498.0
0.303376,1498.25
0.304655,1498.5
0.304655,1498.75
0.303376,1499.0
0.304655,1499.25
0.303376,1499.5
0.303376,1499.75
0.303376,1500.0
0.304655,1500.25
0.303376,1500.5
0.305934,1500.75
0.303376,1501.0
0.304655,1501.25
0.300818,1501.5
0.304655,1501.75
0.300818,1502.0
0.302097,1502.25
0.302097,1502.5
0.302097,1502.75
0.303376,1503.0
0.303376,1503.25
0.303376,1503.5
0.302097,1503.75
0.302097,1504.0
0.295702,1504.25
0.302097,1504.5
0.302097,1504.75
0.303376,1505.0
0.303376,1505.25
0.303376,1505.5
0.304655,1505.75
0.307213,1506.0
0.304655,1506.25
0.304655,1506.5
0.303376,1506.75
0.302097,1507.0
0.29826,1507.25
0.304655,1507.5
0.302097,1507.75
0.302097,1508.0
0.300818,1508.25
0.302097,1508.5
0.295702,1508.75
0.302097,1509.0
0.300818,1509.25
0.303376,1509.5
0.304655,1509.75
0.308492,1510.0
0.305934,1510.25
0.305934,1510.5
0.305934,1510.75
0.303376,1511.0
0.305934,1511.25
0.304655,1511.5
0.305934,1511.75
0.303376,1512.0
0.305934,1512.25
0.302097,1512.5
0.307213,1512.75
0.304655,1513.0
0.305934,1513.25
0.304655,1513.5
0.305934,1513.75
0.302097,1514.0
0.304655,1514.25
0.303376,1514.5
0.304655,1514.75
0.304655,1515.0
0.303376,1515.25
0.303376,1515.5
0.304655,1515.75
0.304655,1516.0
0.303376,1516.25
0.304655,1516.5
0.307213,1516.75
0.304655,1517.0
0.304655,1517.25
0.294423,1517.5
0.299539,1517.75
0.295702,1518.0
0.299539,1518.25
0.299539,1518.5
0.29826,1518.75
0.296981,1519.0
0.295702,1519.25
0.296981,1519.5
0.296981,1519.75
0.296981,1520.0
0.295702,1520.25
0.295702,1520.5
0.293145,1520.75
0.294423,1521.0
0.294423,1521.25
0.296981,1521.5
0.293145,1521.75
0.293145,1522.0
0.295702,1522.25
0.295702,1522.5
0.291866,1522.75
0.288029,1523.0
0.290587,1523.25
0.288029,1523.5
0.281634,1523.75
0.28675,1524.0
0.279076,1524.25
0.285471,1524.5
0.284192,1524.75
0.284192,1525.0
0.282913,1525.25
0.281634,1525.5
0.281634,1525.75
0.280355,1526.0
0.280355,1526.25
0.280355,1526.5
0.280355,1526.75
0.280355,1527.0
0.280355,1527.25
0.279076,1527.5
0.280355,1527.75
0.277797,1528.0
0.277797,1528.25
0.275239,1528.5
0.277797,1528.75
0.27396,1529.0
0.275239,1529.25
0.27396,1529.5
0.276518,1529.75
0.275239,1530.0
0.276518,1530.25
0.276518,1530.5
0.276518,1530.75
0.275239,1531.0
0.275239,1531.25
0.27396,1531.5
0.27396,1531.75
0.267566,1532.0
0.27396,1532.25
0.271403,1532.5
0.272681,1532.75
0.27396,1533.0
0.272681,1533.25
0.271403,1533.5
0.272681,1533.75
0.270124,1534.0
0.271403,1534.25
0.270124,1534.5
0.268845,1534.75
0.270124,1535.0
0.270124,1535.25
0.270124,1535.5
0.270124,1535.75
0.268845,1536.0
0.267566,1536.25
0.268845,1536.5
0.267566,1536.75
0.268845,1537.0
0.265008,1537.25
0.267566,1537.5
0.267566,1537.75
0.267566,1538.0
0.261171,1538.25
0.267566,1538.5
0.267566,1538.75
0.267566,1539.0
0.265008,1539.25
0.263729,1539.5
0.266287,1539.75
0.263729,1540.0
0.265008,1540.25
0.263729,1540.5
0.265008,1540.75
0.26245,1541.0
0.263729,1541.25
0.26245,1541.5
0.257334,1541.75
0.26245,1542.0
0.261171,1542.25
0.261171,1542.5
0.261171,1542.75
0.261171,1543.0
0.259892,1543.25
0.259892,1543.5
0.259892,1543.75
0.259892,1544.0
0.261171,1544.25
0.258613,1544.5
0.259892,1544.75
0.252218,1545.0
0.258613,1545.25
0.257334,1545.5
0.258613,1545.75
0.258613,1546.0
0.257334,1546.25
0.258613,1546.5
0.258613,1546.75
0.259892,1547.0
0.257334,1547.25
0.257334,1547.5
0.258613,1547.75
0.257334,1548.0
0.254776,1548.25
0.257334,1548.5
0.257334,1548.75
0.257334,1549.0
0.256055,1549.25
0.258613,1549.5
0.258613,1549.75
0.258613,1550.0
0.257334,1550.25
0.256055,1550.5
0.256055,1550.75
0.256055,1551.0
0.256055,1551.25
0.254776,1551.5
0.254776,1551.75
0.254776,1552.0
0.254776,1552.25
0.256055,1552.5
0.254776,1552.75
0.254776,1553.0
0.252218,1553.25
0.253497,1553.5
0.24966,1553.75
0.252218,1554.0
0.253497,1554.25
0.254776,1554.5
0.252218,1554.75
0.252218,1555.0
0.253497,1555.25
0.253497,1555.5
0.252218,1555.75
0.250939,1556.0
0.252218,1556.25
0.24966,1556.5
0.252218,1556.75
0.252218,1557.0
0.250939,1557.25
0.250939,1557.5
0.250939,1557.75
0.24966,1558.0
0.250939,1558.25
0.24966,1558.5
0.250939,1558.75
0.24966,1559.0
0.24966,1559.25
0.248382,1559.5
0.24966,1559.75
0.24966,1560.0
0.250939,1560.25
0.24966,1560.5
0.253497,1560.75
0.250939,1561.0
0.24966,1561.25
0.24966,1561.5
0.250939,1561.75
0.244545,1562.0
0.24966,1562.25
0.24966,1562.5
0.250939,1562.75
0.250939,1563.0
0.248382,1563.25
0.24966,1563.5
0.24966,1563.75
0.24966,1564.0
0.248382,1564.25
0.248382,1564.5
0.247103,1564.75
0.247103,1565.0
0.247103,1565.25
0.247103,1565.5
0.247103,1565.75
0.247103,1566.0
0.247103,1566.25
0.248382,1566.5
0.247103,1566.75
0.247103,1567.0
0.247103,1567.25
0.240708,1567.5
0.247103,1567.75
0.247103,1568.0
0.247103,1568.25
0.247103,1568.5
0.245824,1568.75
0.247103,1569.0
0.247103,1569.25
0.245824,1569.5
0.245824,1569.75
0.245824,1570.0
0.244545,1570.25
0.245824,1570.5
0.244545,1570.75
0.244545,1571.0
0.244545,1571.25
0.244545,1571.5
0.247103,1571.75
0.245824,1572.0
0.244545,1572.25
0.244545,1572.5
0.244545,1572.75
0.241987,1573.0
0.244545,1573.25
0.245824,1573.5
0.245824,1573.75
0.243266,1574.0
0.243266,1574.25
0.245824,1574.5
0.244545,1574.75
0.244545,1575.0
0.243266,1575.25
0.244545,1575.5
0.243266,1575.75
0.243266,1576.0
0.241987,1576.25
0.244545,1576.5
0.243266,1576.75
0.244545,1577.0
0.244545,1577.25
0.241987,1577.5
0.241987,1577.75
0.241987,1578.0
0.241987,1578.25
0.240708,1578.5
0.241987,1578.75
0.240708,1579.0
0.241987,1579.25
0.241987,1579.5
0.241987,1579.75
0.243266,1580.0
0.243266,1580.25
0.241987,1580.5
0.241987,1580.75
0.241987,1581.0
0.241987,1581.25
0.241987,1581.5
0.241987,1581.75
0.240708,1582.0
0.241987,1582.25
0.240708,1582.5
0.243266,1582.75
0.244545,1583.0
0.245824,1583.25
0.23815,1583.5
0.244545,1583.75
0.243266,1584.0
0.243266,1584.25
0.241987,1584.5
0.244545,1584.75
0.243266,1585.0
0.241987,1585.25
0.244545,1585.5
0.244545,1585.75
0.244545,1586.0
0.243266,1586.25
0.243266,1586.5
0.241987,1586.75
0.241987,1587.0
0.240708,1587.25
0.243266,1587.5
0.243266,1587.75
0.243266,1588.0
0.244545,1588.25
0.244545,1588.5
0.243266,1588.75
0.241987,1589.0
0.243266,1589.25
0.240708,1589.5
0.240708,1589.75
0.241987,1590.0
0.241987,1590.25
0.241987,1590.5
0.241987,1590.75
0.243266,1591.0
0.241987,1591.25
0.241987,1591.5
0.240708,1591.75
0.240708,1592.0
0.23815,1592.25
0.239429,1592.5
0.23815,1592.75
0.23815,1593.0
0.23815,1593.25
0.239429,1593.5
0.239429,1593.75
0.239429,1594.0
0.23815,1594.25
0.23815,1594.5
0.23815,1594.75
0.239429,1595.0
0.239429,1595.25
0.23815,1595.5
0.23815,1595.75
0.23815,1596.0
0.23815,1596.25
0.239429,1596.5
0.23815,1596.75
0.23815,1597.0
0.23815,1597.25
0.23815,1597.5
0.236871,1597.75
0.23815,1598.0
0.23815,1598.25
0.23815,1598.5
0.23815,1598.75
0.23815,1599.0
0.233034,1599.25
0.23815,1599.5
0.231755,1599.75
0.234313,1600.0
0.235592,1600.25
0.235592,1600.5
0.235592,1600.75
0.235592,1601.0
0.235592,1601.25
0.236871,1601.5
0.235592,1601.75
0.236871,1602.0
0.235592,1602.25
0.236871,1602.5
0.236871,1602.75
0.235592,1603.0
0.233034,1603.25
0.235592,1603.5
0.234313,1603.75
0.234313,1604.0
0.235592,1604.25
0.235592,1604.5
0.235592,1604.75
0.234313,1605.0
0.234313,1605.25
0.234313,1605.5
0.234313,1605.75
0.233034,1606.0
0.233034,1606.25
0.235592,1606.5
0.234313,1606.75
0.234313,1607.0
0.234313,1607.25
0.234313,1607.5
0.233034,1607.75
0.233034,1608.0
0.230476,1608.25
0.233034,1608.5
0.231755,1608.75
0.233034,1609.0
0.231755,1609.25
0.234313,1609.5
0.235592,1609.75
0.239429,1610.0
0.235592,1610.25
0.244545,1610.5
0.236871,1610.75
0.240708,1611.0
0.235592,1611.25
0.234313,1611.5
0.236871,1611.75
0.236871,1612.0
0.235592,1612.25
0.236871,1612.5
0.235592,1612.75
0.235592,1613.0
0.235592,1613.25
0.235592,1613.5
0.235592,1613.75
0.234313,1614.0
0.234313,1614.25
0.235592,1614.5
0.235592,1614.75
0.235592,1615.0
0.235592,1615.25
0.235592,1615.5
0.236871,1615.75
0.234313,1616.0
0.235592,1616.25
0.234313,1616.5
0.234313,1616.75
0.234313,1617.0
0.234313,1617.25
0.235592,1617.5
0.236871,1617.75
0.235592,1618.0
0.234313,1618.25
0.235592,1618.5
0.235592,1618.75
0.234313,1619.0
0.234313,1619.25
0.234313,1619.5
0.233034,1619.75
0.234313,1620.0
0.234313,1620.25
0.233034,1620.5
0.233034,1620.75
0.233034,1621.0
0.233034,1621.25
0.234313,1621.5
0.234313,1621.75
0.234313,1622.0
0.235592,1622.25
0.233034,1622.5
0.235592,1622.75
0.235592,1623.0
0.235592,1623.25
0.234313,1623.5
0.236871,1623.75
0.235592,1624.0
0.235592,1624.25
0.234313,1624.5
0.233034,1624.75
0.234313,1625.0
0.233034,1625.25
0.235592,1625.5
0.234313,1625.75
0.234313,1626.0
0.235592,1626.25
0.235592,1626.5
0.235592,1626.75
0.233034,1627.0
0.234313,1627.25
0.231755,1627.5
0.233034,1627.75
0.231755,1628.0
0.233034,1628.25
0.233034,1628.5
0.234313,1628.75
0.234313,1629.0
0.234313,1629.25
0.234313,1629.5
0.235592,1629.75
0.234313,1630.0
0.234313,1630.25
0.235592,1630.5
0.235592,1630.75
0.234313,1631.0
0.234313,1631.25
0.234313,1631.5
0.235592,1631.75
0.234313,1632.0
0.234313,1632.25
0.234313,1632.5
0.235592,1632.75
0.227918,1633.0
0.234313,1633.25
0.233034,1633.5
0.233034,1633.75
0.230476,1634.0
0.233034,1634.25
0.231755,1634.5
0.233034,1634.75
0.234313,1635.0
0.233034,1635.25
0.233034,1635.5
0.233034,1635.75
0.233034,1636.0
0.234313,1636.25
0.233034,1636.5
0.233034,1636.75
0.233034,1637.0
0.234313,1637.25
0.233034,1637.5
0.234313,1637.75
0.234313,1638.0
0.234313,1638.25
0.233034,1638.5
0.234313,1638.75
0.231755,1639.0
0.234313,1639.25
0.233034,1639.5
0.233034,1639.75
0.231755,1640.0
0.231755,1640.25
0.233034,1640.5
0.233034,1640.75
0.233034,1641.0
0.233034,1641.25
0.234313,1641.5
0.234313,1641.75
0.234313,1642.0
0.234313,1642.25
0.234313,1642.5
0.234313,1642.75
0.234313,1643.0
0.235592,1643.25
0.234313,1643.5
0.235592,1643.75
0.234313,1644.0
0.235592,1644.25
0.233034,1644.5
0.235592,1644.75
0.233034,1645.0
0.234313,1645.25
0.233034,1645.5
0.233034,1645.75
0.235592,1646.0
0.235592,1646.25
0.235592,1646.5
0.235592,1646.75
0.234313,1647.0
0.231755,1647.25
0.233034,1647.5
0.234313,1647.75
0.233034,1648.0
0.234313,1648.25
0.233034,1648.5
0.235592,1648.75
0.234313,1649.0
0.236871,1649.25
0.235592,1649.5
0.236871,1649.75
0.234313,1650.0
0.234313,1650.25
0.234313,1650.5
0.236871,1650.75
0.233034,1651.0
0.234313,1651.25
0.235592,1651.5
0.235592,1651.75
0.233034,1652.0
0.233034,1652.25
0.233034,1652.5
0.231755,1652.75
0.226639,1653.0
0.233034,1653.25
0.226639,1653.5
0.234313,1653.75
0.231755,1654.0
0.234313,1654.25
0.235592,1654.5
0.235592,1654.75
0.234313,1655.0
0.235592,1655.25
0.234313,1655.5
0.235592,1655.75
0.234313,1656.0
0.235592,1656.25
0.234313,1656.5
0.235592,1656.75
0.235592,1657.0
0.234313,1657.25
0.233034,1657.5
0.233034,1657.75
0.233034,1658.0
0.231755,1658.25
0.233034,1658.5
0.230476,1658.75
0.231755,1659.0
0.231755,1659.25
0.231755,1659.5
0.234313,1659.75
0.231755,1660.0
0.231755,1660.25
0.233034,1660.5
0.230476,1660.75
0.229197,1661.0
0.231755,1661.25
0.230476,1661.5
0.230476,1661.75
0.230476,1662.0
0.231755,1662.25
0.230476,1662.5
0.233034,1662.75
0.230476,1663.0
0.230476,1663.25
0.233034,1663.5
0.230476,1663.75
0.233034,1664.0
0.233034,1664.25
0.230476,1664.5
0.231755,1664.75
0.230476,1665.0
0.230476,1665.25
0.230476,1665.5
0.230476,1665.75
0.227918,1666.0
0.230476,1666.25
0.227918,1666.5
0.230476,1666.75
0.229197,1667.0
0.229197,1667.25
0.227918,1667.5
0.229197,1667.75
0.229197,1668.0
0.229197,1668.25
0.229197,1668.5
0.229197,1668.75
0.229197,1669.0
0.227918,1669.25
0.229197,1669.5
0.229197,1669.75
0.227918,1670.0
0.229197,1670.25
0.227918,1670.5
0.230476,1670.75
0.227918,1671.0
0.229197,1671.25
0.226639,1671.5
0.229197,1671.75
0.226639,1672.0
0.227918,1672.25
0.226639,1672.5
0.227918,1672.75
0.226639,1673.0
0.227918,1673.25
0.226639,1673.5
0.226639,1673.75
0.225361,1674.0
0.226639,1674.25
0.225361,1674.5
0.225361,1674.75
0.226639,1675.0
0.227918,1675.25
0.227918,1675.5
0.229197,1675.75
0.226639,1676.0
0.229197,1676.25
0.227918,1676.5
0.227918,1676.75
0.227918,1677.0
0.227918,1677.25
0.225361,1677.5
0.226639,1677.75
0.225361,1678.0
0.226639,1678.25
0.226639,1678.5
0.227918,1678.75
0.226639,1679.0
0.226639,1679.25
0.225361,1679.5
0.225361,1679.75
0.226639,1680.0
0.225361,1680.25
0.226639,1680.5
0.227918,1680.75
0.226639,1681.0
0.225361,1681.25
0.225361,1681.5
0.227918,1681.75
0.226639,1682.0
0.226639,1682.25
0.225361,1682.5
0.226639,1682.75
0.224082,1683.0
0.225361,1683.25
0.225361,1683.5
0.226639,1683.75
0.226639,1684.0
0.225361,1684.25
0.225361,1684.5
0.225361,1684.75
0.225361,1685.0
0.224082,1685.25
0.222803,1685.5
0.222803,1685.75
0.224082,1686.0
0.222803,1686.25
0.222803,1686.5
0.225361,1686.75
0.224082,1687.0
0.224082,1687.25
0.224082,1687.5
0.224082,1687.75
0.222803,1688.0
0.222803,1688.25
0.220245,1688.5
0.222803,1688.75
0.222803,1689.0
0.224082,1689.25
0.221524,1689.5
0.225361,1689.75
0.224082,1690.0
0.224082,1690.25
0.224082,1690.5
0.222803,1690.75
0.222803,1691.0
0.222803,1691.25
0.221524,1691.5
0.221524,1691.75
0.221524,1692.0
0.222803,1692.25
0.222803,1692.5
0.225361,1692.75
0.222803,1693.0
0.224082,1693.25
0.222803,1693.5
0.224082,1693.75
0.220245,1694.0
0.224082,1694.25
0.222803,1694.5
0.222803,1694.75
0.222803,1695.0
0.222803,1695.25
0.222803,1695.5
0.224082,1695.75
0.222803,1696.0
0.221524,1696.25
0.222803,1696.5
0.221524,1696.75
0.222803,1697.0
0.221524,1697.25
0.221524,1697.5
0.222803,1697.75
0.222803,1698.0
0.222803,1698.25
0.220245,1698.5
0.221524,1698.75
0.221524,1699.0
0.222803,1699.25
0.224082,1699.5
0.222803,1699.75
0.220245,1700.0
0.220245,1700.25
0.221524,1700.5
0.221524,1700.75
0.221524,1701.0
0.221524,1701.25
0.221524,1701.5
0.220245,1701.75
0.220245,1702.0
0.218966,1702.25
0.218966,1702.5
0.218966,1702.75
0.220245,1703.0
0.220245,1703.25
0.218966,1703.5
0.218966,1703.75
0.218966,1704.0
0.217687,1704.25
0.218966,1704.5
0.212571,1704.75
0.217687,1705.0
0.218966,1705.25
0.217687,1705.5
0.218966,1705.75
0.217687,1706.0
0.218966,1706.25
0.220245,1706.5
0.212571,1706.75
0.218966,1707.0
0.212571,1707.25
0.218966,1707.5
0.21385,1707.75
0.217687,1708.0
0.212571,1708.25
0.218966,1708.5
0.217687,1708.75
0.217687,1709.0
0.218966,1709.25
0.217687,1709.5
0.217687,1709.75
0.216408,1710.0
0.217687,1710.25
0.218966,1710.5
0.217687,1710.75
0.216408,1711.0
0.217687,1711.25
0.217687,1711.5
0.217687,1711.75
0.216408,1712.0
0.217687,1712.25
0.215129,1712.5
0.215129,1712.75
0.216408,1713.0
0.215129,1713.25
0.215129,1713.5
0.217687,1713.75
0.21385,1714.0
0.216408,1714.25
0.215129,1714.5
0.217687,1714.75
0.215129,1715.0
0.215129,1715.25
0.21385,1715.5
0.215129,1715.75
0.21385,1716.0
0.215129,1716.25
0.21385,1716.5
0.215129,1716.75
0.21385,1717.0
0.215129,1717.25
0.215129,1717.5
0.215129,1717.75
0.215129,1718.0
0.216408,1718.25
0.215129,1718.5
0.212571,1718.75
0.215129,1719.0
0.215129,1719.25
0.208734,1719.5
0.215129,1719.75
0.215129,1720.0
0.216408,1720.25
0.215129,1720.5
0.21385,1720.75
0.212571,1721.0
0.21385,1721.25
0.212571,1721.5
0.21385,1721.75
0.215129,1722.0
0.21385,1722.25
0.21385,1722.5
0.21385,1722.75
0.215129,1723.0
0.21385,1723.25
0.21385,1723.5
0.212571,1723.75
0.21385,1724.0
0.212571,1724.25
0.21385,1724.5
0.21385,1724.75
0.215129,1725.0
0.206176,1725.25
0.21385,1725.5
0.215129,1725.75
0.21385,1726.0
0.211292,1726.25
0.211292,1726.5
0.212571,1726.75
0.21385,1727.0
0.212571,1727.25
0.212571,1727.5
0.212571,1727.75
0.212571,1728.0
0.211292,1728.25
0.212571,1728.5
0.212571,1728.75
0.212571,1729.0
0.211292,1729.25
0.211292,1729.5
0.206176,1729.75
0.212571,1730.0
0.21385,1730.25
0.212571,1730.5
0.212571,1730.75
0.211292,1731.0
0.212571,1731.25
0.211292,1731.5
0.211292,1731.75
0.210013,1732.0
0.211292,1732.25
0.210013,1732.5
0.211292,1732.75
0.211292,1733.0
0.211292,1733.25
0.212571,1733.5
0.211292,1733.75
0.206176,1734.0
0.210013,1734.25
0.210013,1734.5
0.211292,1734.75
0.210013,1735.0
0.207455,1735.25
0.210013,1735.5
0.211292,1735.75
0.210013,1736.0
0.210013,1736.25
0.211292,1736.5
0.210013,1736.75
0.210013,1737.0
0.208734,1737.25
0.208734,1737.5
0.210013,1737.75
0.208734,1738.0
0.208734,1738.25
0.208734,1738.5
0.210013,1738.75
0.208734,1739.0
0.210013,1739.25
0.211292,1739.5
0.210013,1739.75
0.208734,1740.0
0.203618,1740.25
0.207455,1740.5
0.207455,1740.75
0.207455,1741.0
0.207455,1741.25
0.208734,1741.5
0.208734,1741.75
0.208734,1742.0
0.210013,1742.25
0.208734,1742.5
0.207455,1742.75
0.206176,1743.0
0.207455,1743.25
0.206176,1743.5
0.208734,1743.75
0.208734,1744.0
0.208734,1744.25
0.207455,1744.5
0.208734,1744.75
0.211292,1745.0
0.210013,1745.25
0.208734,1745.5
0.208734,1745.75
0.208734,1746.0
0.207455,1746.25
0.208734,1746.5
0.208734,1746.75
0.208734,1747.0
0.207455,1747.25
0.208734,1747.5
0.210013,1747.75
0.207455,1748.0
0.207455,1748.25
0.208734,1748.5
0.207455,1748.75
0.208734,1749.0
0.208734,1749.25
0.208734,1749.5
0.208734,1749.75
0.208734,1750.0
0.208734,1750.25
0.210013,1750.5
0.208734,1750.75
0.207455,1751.0
0.207455,1751.25
0.207455,1751.5
0.207455,1751.75
0.208734,1752.0
0.208734,1752.25
0.207455,1752.5
0.208734,1752.75
0.207455,1753.0
0.207455,1753.25
0.207455,1753.5
0.207455,1753.75
0.198503,1754.0
0.207455,1754.25
0.203618,1754.5
0.207455,1754.75
0.201061,1755.0
0.207455,1755.25
0.207455,1755.5
0.208734,1755.75
0.207455,1756.0
0.207455,1756.25
0.206176,1756.5
0.207455,1756.75
0.206176,1757.0
0.206176,1757.25
0.207455,1757.5
0.204897,1757.75
0.206176,1758.0
0.207455,1758.25
0.206176,1758.5
0.207455,1758.75
0.206176,1759.0
0.207455,1759.25
0.207455,1759.5
0.207455,1759.75
0.206176,1760.0
0.206176,1760.25
0.207455,1760.5
0.212571,1760.75
0.218966,1761.0
0.218966,1761.25
0.220245,1761.5
0.220245,1761.75
0.220245,1762.0
0.217687,1762.25
0.220245,1762.5
0.217687,1762.75
0.222803,1763.0
0.222803,1763.25
0.222803,1763.5
0.222803,1763.75
0.222803,1764.0
0.225361,1764.25
0.224082,1764.5
0.222803,1764.75
0.222803,1765.0
0.222803,1765.25
0.222803,1765.5
0.222803,1765.75
0.224082,1766.0
0.222803,1766.25
0.222803,1766.5
0.221524,1766.75
0.222803,1767.0
0.221524,1767.25
0.221524,1767.5
0.221524,1767.75
0.221524,1768.0
0.221524,1768.25
0.224082,1768.5
0.225361,1768.75
0.222803,1769.0
0.221524,1769.25
0.221524,1769.5
0.222803,1769.75
0.221524,1770.0
0.220245,1770.25
0.220245,1770.5
0.220245,1770.75
0.220245,1771.0
0.222803,1771.25
0.224082,1771.5
0.222803,1771.75
0.222803,1772.0
0.221524,1772.25
0.221524,1772.5
0.220245,1772.75
0.222803,1773.0
0.226639,1773.25
0.231755,1773.5
0.230476,1773.75
0.224082,1774.0
0.221524,1774.25
0.222803,1774.5
0.221524,1774.75
0.220245,1775.0
0.221524,1775.25
0.218966,1775.5
0.216408,1775.75
0.217687,1776.0
0.217687,1776.25
0.216408,1776.5
0.217687,1776.75
0.217687,1777.0
0.217687,1777.25
0.217687,1777.5
0.217687,1777.75
0.217687,1778.0
0.217687,1778.25
0.216408,1778.5
0.216408,1778.75
0.216408,1779.0
0.215129,1779.25
0.217687,1779.5
0.216408,1779.75
0.216408,1780.0
0.216408,1780.25
0.216408,1780.5
0.217687,1780.75
0.216408,1781.0
0.216408,1781.25
0.215129,1781.5
0.215129,1781.75
0.215129,1782.0
0.215129,1782.25
0.215129,1782.5
0.215129,1782.75
0.215129,1783.0
0.215129,1783.25
0.215129,1783.5
0.21385,1783.75
0.216408,1784.0
0.215129,1784.25
0.215129,1784.5
0.212571,1784.75
0.215129,1785.0
0.21385,1785.25
0.21385,1785.5
0.21385,1785.75
0.21385,1786.0
0.215129,1786.25
0.21385,1786.5
0.212571,1786.75
0.212571,1787.0
0.211292,1787.25
0.211292,1787.5
0.212571,1787.75
0.21385,1788.0
0.212571,1788.25
0.212571,1788.5
0.212571,1788.75
0.212571,1789.0
0.211292,1789.25
0.212571,1789.5
0.211292,1789.75
0.212571,1790.0
0.210013,1790.25
0.211292,1790.5
0.211292,1790.75
0.212571,1791.0
0.211292,1791.25
0.212571,1791.5
0.212571,1791.75
0.211292,1792.0
0.210013,1792.25
0.210013,1792.5
0.211292,1792.75
0.211292,1793.0
0.211292,1793.25
0.211292,1793.5
0.211292,1793.75
0.208734,1794.0
0.210013,1794.25
0.212571,1794.5
0.211292,1794.75
0.211292,1795.0
0.210013,1795.25
0.211292,1795.5
0.211292,1795.75
0.212571,1796.0
0.21385,1796.25
0.21385,1796.5
0.212571,1796.75
0.21385,1797.0
0.21385,1797.25
0.212571,1797.5
0.21385,1797.75
0.21385,1798.0
0.212571,1798.25
0.21385,1798.5
0.212571,1798.75
0.212571,1799.0
0.212571,1799.25
0.21385,1799.5
0.212571,1799.75
0.21385,1800.0
0.212571,1800.25
0.212571,1800.5
0.211292,1800.75
0.212571,1801.0
0.211292,1801.25
0.21385,1801.5
0.211292,1801.75
0.212571,1802.0
0.211292,1802.25
0.211292,1802.5
0.212571,1802.75
0.212571,1803.0
0.211292,1803.25
0.211292,1803.5
0.212571,1803.75
0.210013,1804.0
0.211292,1804.25
0.210013,1804.5
0.211292,1804.75
0.204897,1805.0
0.212571,1805.25
0.212571,1805.5
0.212571,1805.75
0.212571,1806.0
0.211292,1806.25
0.211292,1806.5
0.211292,1806.75
0.212571,1807.0
0.212571,1807.25
0.212571,1807.5
0.21385,1807.75
0.212571,1808.0
0.21385,1808.25
0.21385,1808.5
0.21385,1808.75
0.211292,1809.0
0.211292,1809.25
0.208734,1809.5
0.211292,1809.75
0.211292,1810.0
0.210013,1810.25
0.211292,1810.5
0.212571,1810.75
0.212571,1811.0
0.211292,1811.25
0.208734,1811.5
0.210013,1811.75
0.210013,1812.0
0.208734,1812.25
0.210013,1812.5
0.211292,1812.75
0.210013,1813.0
0.208734,1813.25
0.210013,1813.5
0.212571,1813.75
0.207455,1814.0
0.208734,1814.25
0.206176,1814.5
0.208734,1814.75
0.206176,1815.0
0.208734,1815.25
0.208734,1815.5
0.211292,1815.75
0.210013,1816.0
0.210013,1816.25
0.208734,1816.5
0.210013,1816.75
0.210013,1817.0
0.211292,1817.25
0.211292,1817.5
0.210013,1817.75
0.210013,1818.0
0.211292,1818.25
0.211292,1818.5
0.212571,1818.75
0.211292,1819.0
0.215129,1819.25
0.21385,1819.5
0.21385,1819.75
0.212571,1820.0
0.215129,1820.25
0.211292,1820.5
0.215129,1820.75
0.212571,1821.0
0.21385,1821.25
0.21385,1821.5
0.215129,1821.75
0.215129,1822.0
0.215129,1822.25
0.21385,1822.5
0.215129,1822.75
0.215129,1823.0
0.21385,1823.25
0.21385,1823.5
0.21385,1823.75
0.208734,1824.0
0.215129,1824.25
0.208734,1824.5
0.216408,1824.75
0.208734,1825.0
0.215129,1825.25
0.215129,1825.5
0.216408,1825.75
0.215129,1826.0
0.216408,1826.25
0.216408,1826.5
0.217687,1826.75
0.216408,1827.0
0.218966,1827.25
0.220245,1827.5
0.218966,1827.75
0.217687,1828.0
0.217687,1828.25
0.218966,1828.5
0.211292,1828.75
0.218966,1829.0
0.220245,1829.25
0.220245,1829.5
0.220245,1829.75
0.220245,1830.0
0.221524,1830.25
0.220245,1830.5
0.220245,1830.75
0.218966,1831.0
0.218966,1831.25
0.218966,1831.5
0.218966,1831.75
0.217687,1832.0
0.220245,1832.25
0.220245,1832.5
0.220245,1832.75
0.222803,1833.0
0.220245,1833.25
0.221524,1833.5
0.221524,1833.75
0.224082,1834.0
0.221524,1834.25
0.224082,1834.5
0.225361,1834.75
0.230476,1835.0
0.233034,1835.25
0.230476,1835.5
0.229197,1835.75
0.227918,1836.0
0.226639,1836.25
0.235592,1836.5
0.234313,1836.75
0.225361,1837.0
0.236871,1837.25
0.240708,1837.5
0.239429,1837.75
0.231755,1838.0
0.239429,1838.25
0.250939,1838.5
0.239429,1838.75
0.234313,1839.0
0.230476,1839.25
0.231755,1839.5
0.26245,1839.75
0.245824,1840.0
0.23815,1840.25
0.23815,1840.5
0.244545,1840.75
0.252218,1841.0
0.270124,1841.25
0.291866,1841.5
0.330234,1841.75
0.348139,1842.0
0.345581,1842.25
0.318723,1842.5
0.305934,1842.75
0.299539,1843.0
0.296981,1843.25
0.289308,1843.5
0.296981,1843.75
0.291866,1844.0
0.304655,1844.25
0.323839,1844.5
0.336629,1844.75
0.367323,1845.0
0.382671,1845.25
0.385229,1845.5
0.385229,1845.75
0.381392,1846.0
0.382671,1846.25
0.385229,1846.5
0.387786,1846.75
0.385229,1847.0
0.390344,1847.25
0.396739,1847.5
0.39546,1847.75
0.394181,1848.0
0.392902,1848.25
0.392902,1848.5
0.396739,1848.75
0.399297,1849.0
0.398018,1849.25
0.39546,1849.5
0.391623,1849.75
0.38395,1850.0
0.37116,1850.25
0.358371,1850.5
0.350697,1850.75
0.340465,1851.0
0.33535,1851.25
0.350697,1851.5
0.358371,1851.75
0.37116,1852.0
0.41976,1852.25
0.441502,1852.5
0.45557,1852.75
0.472197,1853.0
0.481149,1853.25
0.47987,1853.5
0.481149,1853.75
0.481149,1854.0
0.469639,1854.25
0.563002,1854.5
0.60137,1854.75
0.606486,1855.0
0.596254,1855.25
0.591138,1855.5
0.583465,1855.75
0.584744,1856.0
0.582186,1856.25
0.582186,1856.5
0.575791,1856.75
0.571954,1857.0
0.56556,1857.25
0.561723,1857.5
0.559165,1857.75
0.556607,1858.0
0.551491,1858.25
0.55277,1858.5
0.557886,1858.75
0.560444,1859.0
0.561723,1859.25
0.559165,1859.5
0.559165,1859.75
0.557886,1860.0
0.578349,1860.25
0.583465,1860.5
0.583465,1860.75
0.580907,1861.0
0.574512,1861.25
0.571954,1861.5
0.574512,1861.75
0.583465,1862.0
0.579628,1862.25
0.569396,1862.5
0.55277,1862.75
0.545096,1863.0
0.543818,1863.25
0.554049,1863.5
0.563002,1863.75
0.564281,1864.0
0.564281,1864.25
0.560444,1864.5
0.556607,1864.75
0.550212,1865.0
0.548933,1865.25
0.557886,1865.5
0.568117,1865.75
0.584744,1866.0
0.598812,1866.25
0.621833,1866.5
0.648691,1866.75
0.702407,1867.0
0.704964,1867.25
0.713917,1867.5
0.708801,1867.75
0.704964,1868.0
0.703686,1868.25
0.706243,1868.5
0.711359,1868.75
0.707522,1869.0
0.702407,1869.25
0.687059,1869.5
0.678107,1869.75
0.664038,1870.0
0.651249,1870.25
0.644854,1870.5
0.651249,1870.75
0.665317,1871.0
0.687059,1871.25
0.720312,1871.5
0.72287,1871.75
0.712638,1872.0
0.697291,1872.25
0.68578,1872.5
0.678107,1872.75
0.667875,1873.0
0.665317,1873.25
0.664038,1873.5
0.666596,1873.75
0.679386,1874.0
0.704964,1874.25
0.717754,1874.5
0.726707,1874.75
0.740775,1875.0
0.767633,1875.25
0.797048,1875.5
0.826464,1875.75
0.871227,1876.0
0.876343,1876.25
0.863553,1876.5
0.853322,1876.75
0.84309,1877.0
0.827743,1877.25
0.813675,1877.5
0.803443,1877.75
0.799606,1878.0
0.797048,1878.25
0.791933,1878.5
0.790654,1878.75
0.784259,1879.0
0.781701,1879.25
0.779143,1879.5
0.789375,1879.75
0.806001,1880.0
0.84309,1880.25
0.859717,1880.5
0.877622,1880.75
0.885296,1881.0
0.88018,1881.25
0.868669,1881.5
0.862275,1881.75
0.854601,1882.0
0.853322,1882.25
0.850764,1882.5
0.854601,1882.75
0.86739,1883.0
0.882738,1883.25
0.901922,1883.5
0.914711,1883.75
0.923664,1884.0
0.92878,1884.25
0.942848,1884.5
0.981216,1884.75
1.008074,1885.0
1.031095,1885.25
1.033653,1885.5
1.034932,1885.75
1.015748,1886.0
1.004237,1886.25
0.992727,1886.5
0.98889,1886.75
0.97738,1887.0
0.970985,1887.25
0.969706,1887.5
0.997843,1887.75
1.029816,1888.0
1.064348,1888.25
1.037559,1888.5
1.046511,1888.75
1.054185,1889.0
1.082322,1889.25
1.132201,1889.5
1.173127,1889.75
1.206379,1890.0
1.206379,1890.25
1.197427,1890.5
1.19359,1890.75
1.214053,1891.0
1.220448,1891.25
1.226843,1891.5
1.21789,1891.75
1.199985,1892.0
1.196148,1892.25
1.189753,1892.5
1.208937,1892.75
1.231958,1893.0
1.267769,1893.25
1.301021,1893.5
1.313811,1893.75
1.299742,1894.0
1.292069,1894.25
1.284395,1894.5
1.285674,1894.75
1.297184,1895.0
1.317647,1895.25
1.331716,1895.5
1.341947,1895.75
1.336832,1896.0
1.332995,1896.25
1.338111,1896.5
1.363689,1896.75
1.389268,1897.0
1.432752,1897.25
1.477515,1897.5
1.519721,1897.75
1.549235,1898.0
1.556909,1898.25
1.537725,1898.5
1.517262,1898.75
1.490404,1899.0
1.469941,1899.25
1.449478,1899.5
1.430293,1899.75
1.435409,1900.0
1.453314,1900.25
1.477614,1900.5
1.498078,1900.75
1.515983,1901.0
1.523656,1901.25
1.514704,1901.5
1.501914,1901.75
1.485288,1902.0
1.469941,1902.25
1.449478,1902.5
1.450757,1902.75
1.460988,1903.0
1.476335,1903.25
1.481451,1903.5
1.484009,1903.75
1.539004,1904.0
1.619577,1904.25
1.696314,1904.5
1.750029,1904.75
1.82165,1905.0
1.890713,1905.25
1.923966,1905.5
1.925245,1905.75
1.916292,1906.0
1.881761,1906.25
1.857461,1906.5
1.830603,1906.75
1.805024,1907.0
1.776887,1907.25
1.769214,1907.5
1.767935,1907.75
1.802466,1908.0
1.893271,1908.25
1.986634,1908.5
2.048222,1908.75
2.11089,1909.0
2.128796,1909.25
2.178674,1909.5
2.275874,1909.75
2.384584,1910.0
2.49841,1910.25
2.540096,1910.5
2.554164,1910.75
2.582301,1911.0
2.543932,1911.25
2.472311,1911.5
2.423712,1911.75
2.371275,1912.0
2.335464,1912.25
2.294538,1912.5
2.262565,1912.75
2.242102,1913.0
2.213965,1913.25
2.185828,1913.5
2.170481,1913.75
2.152575,1914.0
2.151297,1914.25
2.157691,1914.5
2.175596,1914.75
2.203733,1915.0
2.219081,1915.25
2.215244,1915.5
2.211407,1915.75
2.208849,1916.0
2.19606,1916.25
2.187107,1916.5
2.170481,1916.75
2.165365,1917.0
2.150018,1917.25
2.155133,1917.5
2.225475,1917.75
2.36488,1918.0
2.496611,1918.25
2.601485,1918.5
2.671827,1918.75
2.665432,1919.0
2.624506,1919.25
2.556722,1919.5
2.504285,1919.75
2.459522,1920.0
2.444175,1920.25
2.474869,1920.5
2.561838,1920.75
2.666711,1921.0
2.722985,1921.25
2.729379,1921.5
2.702521,1921.75
2.6795,1922.0
2.630901,1922.25
2.59509,1922.5
2.561838,1922.75
2.565675,1923.0
2.634737,1923.25
2.730658,1923.5
2.803558,1923.75
2.824021,1924.0
2.816347,1924.25
2.786932,1924.5
2.783095,1924.75
2.841926,1925.0
2.981331,1925.25
3.128715,1925.5
3.289862,1925.75
3.390898,1926.0
3.429266,1926.25
3.36404,1926.5
3.296256,1926.75
3.21952,1927.0
3.165804,1927.25
3.149178,1927.5
3.14662,1927.75
3.14662,1928.0
3.121041,1928.25
3.034073,1928.5
2.981636,1928.75
2.943268,1929.0
2.936873,1929.25
2.982915,1929.5
3.043025,1929.75
3.057094,1930.0
3.066046,1930.25
3.046862,1930.5
3.009773,1930.75
2.980357,1931.0
3.004657,1931.25
2.985473,1931.5
2.968847,1931.75
2.945826,1932.0
2.924084,1932.25
2.906178,1932.5
2.903621,1932.75
2.912573,1933.0
2.926642,1933.25
2.930478,1933.5
2.915131,1933.75
2.899784,1934.0
2.98931,1934.25
3.103136,1934.5
3.21952,1934.75
3.292419,1935.0
3.387061,1935.25
3.381946,1935.5
3.367877,1935.75
3.348693,1936.0
3.353809,1936.25
3.326951,1936.5
3.407524,1936.75
3.495772,1937.0
3.513304,1937.25
3.49284,1937.5
3.423777,1937.75
3.340646,1938.0
3.312509,1938.25
3.266467,1938.5
3.284373,1938.75
3.240888,1939.0
3.193568,1939.25
3.173105,1939.5
3.246004,1939.75
3.060557,1940.0
3.368783,1940.25
3.646314,1940.5
3.720492,1940.75
3.728166,1941.0
3.719213,1941.25
3.68724,1941.5
3.560624,1941.75
3.464704,1942.0
3.439125,1942.25
3.422498,1942.5
3.410988,1942.75
3.430172,1943.0
3.532488,1943.25
3.63864,1943.5
3.705145,1943.75
3.724329,1944.0
3.700029,1944.25
3.689798,1944.5
3.685961,1944.75
3.669335,1945.0
3.693635,1945.25
3.708982,1945.5
3.693635,1945.75
3.67445,1946.0
3.563182,1946.25
3.513304,1946.5
3.480051,1946.75
3.445519,1947.0
3.414825,1947.25
3.385409,1947.5
3.370062,1947.75
3.368783,1948.0
3.373899,1948.25
3.375178,1948.5
3.366225,1948.75
3.362388,1949.0
3.364946,1949.25
3.375178,1949.5
3.379014,1949.75
3.376456,1950.0
3.364946,1950.25
3.34832,1950.5
3.330415,1950.75
3.312509,1951.0
3.293325,1951.25
3.280536,1951.5
3.279257,1951.75
3.271583,1952.0
3.274141,1952.25
3.263909,1952.5
3.25112,1952.75
3.238331,1953.0
3.230657,1953.25
3.235773,1953.5
3.235773,1953.75
3.238331,1954.0
3.260073,1954.25
3.277978,1954.5
3.35983,1954.75
3.526093,1955.0
3.715377,1955.25
3.867571,1955.5
3.95326,1955.75
3.980118,1956.0
3.964917,1956.25
3.932944,1956.5
3.895854,1956.75
3.877949,1957.0
3.883065,1957.25
3.858765,1957.5
3.831907,1957.75
3.779471,1958.0
3.720639,1958.25
3.677155,1958.5
3.633671,1958.75
3.595303,1959.0
3.56205,1959.25
3.531356,1959.5
3.503219,1959.75
3.500661,1960.0
3.516008,1960.25
3.588908,1960.5
3.645181,1960.75
3.687387,1961.0
3.697618,1961.25
3.682271,1961.5
3.672039,1961.75
3.633671,1962.0
3.609371,1962.25
3.591466,1962.5
3.599139,1962.75
3.660529,1963.0
3.753892,1963.25
3.852371,1963.5
3.906086,1963.75
3.912481,1964.0
3.892018,1964.25
3.845976,1964.5
3.801213,1964.75
3.746218,1965.0
3.706571,1965.25
3.663087,1965.5
3.627276,1965.75
3.596582,1966.0
3.615766,1966.25
3.714244,1966.5
3.86516,1966.75
3.97387,1967.0
4.026307,1967.25
4.037817,1967.5
4.004565,1967.75
3.926549,1968.0
3.849813,1968.25
3.788423,1968.5
3.764123,1968.75
3.733429,1969.0
3.729592,1969.25
3.705292,1969.5
3.684829,1969.75
3.660529,1970.0
3.647739,1970.25
3.642624,1970.5
3.633671,1970.75
3.628555,1971.0
3.641345,1971.25
3.675876,1971.5
3.70785,1971.75
3.720639,1972.0
3.718081,1972.25
3.705292,1972.5
3.68355,1972.75
3.654134,1973.0
3.629834,1973.25
3.605534,1973.5
3.582513,1973.75
3.545424,1974.0
3.53775,1974.25
3.521124,1974.5
3.509614,1974.75
3.495545,1975.0
3.486593,1975.25
3.481477,1975.5
3.472524,1975.75
3.478772,1976.0
3.463425,1976.25
3.454472,1976.5
3.436567,1976.75
3.430172,1977.0
3.414825,1977.25
3.407151,1977.5
3.400756,1977.75
3.405872,1978.0
3.405872,1978.25
3.407151,1978.5
3.402035,1978.75
3.398199,1979.0
3.390525,1979.25
3.387967,1979.5
3.389246,1979.75
3.387967,1980.0
3.38413,1980.25
3.382851,1980.5
3.376456,1980.75
3.373899,1981.0
3.370062,1981.25
3.367504,1981.5
3.366225,1981.75
3.368783,1982.0
3.358551,1982.25
3.355993,1982.5
3.353436,1982.75
3.350878,1983.0
3.341925,1983.25
3.331693,1983.5
3.306115,1983.75
3.295883,1984.0
3.293325,1984.25
3.303557,1984.5
3.318904,1984.75
3.332972,1985.0
3.347041,1985.25
3.350878,1985.5
3.343204,1985.75
3.334251,1986.0
3.32402,1986.25
3.309951,1986.5
3.297162,1986.75
3.281815,1987.0
3.293325,1987.25
3.31123,1987.5
3.35983,1987.75
3.412267,1988.0
3.448077,1988.25
3.459588,1988.5
3.455751,1988.75
3.431451,1989.0
3.403314,1989.25
3.370062,1989.5
3.343204,1989.75
3.31123,1990.0
3.295883,1990.25
3.292046,1990.5
3.315067,1990.75
3.330415,1991.0
3.358551,1991.25
3.358551,1991.5
3.358551,1991.75
3.340646,1992.0
3.322741,1992.25
3.309951,1992.5
3.312509,1992.75
3.325299,1993.0
3.336809,1993.25
3.336809,1993.5
3.330415,1993.75
3.29972,1994.0
3.292046,1994.25
3.276699,1994.5
3.266467,1994.75
3.253678,1995.0
3.238331,1995.25
3.225541,1995.5
3.239609,1995.75
3.274141,1996.0
3.31123,1996.25
3.332972,1996.5
3.350878,1996.75
3.345762,1997.0
3.339367,1997.25
3.31123,1997.5
3.285651,1997.75
3.260073,1998.0
3.237052,1998.25
3.216588,1998.5
3.207636,1998.75
3.211473,1999.0
3.22682,1999.25
3.25112,1999.5
3.28693,1999.75
3.304836,2000.0
3.31123,2000.25
3.300999,2000.5
3.284373,2000.75
3.266467,2001.0
3.249841,2001.25
3.244725,2001.5
3.26263,2001.75
3.274141,2002.0
3.281815,2002.25
3.279257,2002.5
3.267746,2002.75
3.248562,2003.0
3.228099,2003.25
3.210194,2003.5
3.192289,2003.75
3.19101,2004.0
3.206357,2004.25
3.237052,2004.5
3.252399,2004.75
3.252399,2005.0
3.243446,2005.25
3.240888,2005.5
3.265188,2005.75
3.327857,2006.0
3.416104,2006.25
3.49284,2006.5
3.527372,2006.75
3.546556,2007.0
3.537603,2007.25
3.497956,2007.5
3.446798,2007.75
3.413546,2008.0
3.381572,2008.25
3.358551,2008.5
3.344483,2008.75
3.322741,2009.0
3.308672,2009.25
3.295883,2009.5
3.27542,2009.75
3.270304,2010.0
3.253678,2010.25
3.247283,2010.5
3.237052,2010.75
3.22682,2011.0
3.221704,2011.25
3.230657,2011.5
3.237052,2011.75
3.247283,2012.0
3.248562,2012.25
3.242167,2012.5
3.233215,2012.75
3.219146,2013.0
3.203799,2013.25
3.192289,2013.5
3.180778,2013.75
3.156478,2014.0
3.151362,2014.25
3.146247,2014.5
3.141131,2014.75
3.136015,2015.0
3.128341,2015.25
3.127063,2015.5
3.11811,2015.75
3.112994,2016.0
3.104042,2016.25
3.102762,2016.5
3.116831,2016.75
3.144968,2017.0
3.176941,2017.25
3.201241,2017.5
3.214031,2017.75
3.212752,2018.0
3.207636,2018.25
3.188452,2018.5
3.164152,2018.75
3.146247,2019.0
3.124505,2019.25
3.111715,2019.5
3.104042,2019.75
3.109157,2020.0
3.110436,2020.25
3.110436,2020.5
3.109157,2020.75
3.110436,2021.0
3.136015,2021.25
3.161594,2021.5
3.17822,2021.75
3.180778,2022.0
3.174383,2022.25
3.157757,2022.5
3.147526,2022.75
3.128341,2023.0
3.119389,2023.25
3.104042,2023.5
3.097647,2023.75
3.082299,2024.0
3.079741,2024.25
3.068231,2024.5
3.063115,2024.75
3.057999,2025.0
3.066952,2025.25
3.079741,2025.5
3.096368,2025.75
3.115552,2026.0
3.12962,2026.25
3.14241,2026.5
3.150084,2026.75
3.167989,2027.0
3.193568,2027.25
3.208915,2027.5
3.21531,2027.75
3.217867,2028.0
3.21531,2028.25
3.217867,2028.5
3.208915,2028.75
3.193568,2029.0
3.182057,2029.25
3.167989,2029.5
3.157757,2029.75
3.157757,2030.0
3.164152,2030.25
3.156478,2030.5
3.214031,2030.75
3.216588,2031.0
3.073347,2031.25
2.997889,2031.5
3.086136,2031.75
3.104042,2032.0
3.075905,2032.25
3.08102,2032.5
3.133457,2032.75
3.156478,2033.0
3.133457,2033.25
3.284373,2033.5
3.381572,2033.75
3.393083,2034.0
3.396919,2034.25
3.396919,2034.5
3.402035,2034.75
3.390525,2035.0
3.363667,2035.25
3.330415,2035.5
3.298441,2035.75
3.271583,2036.0
3.25112,2036.25
3.243446,2036.5
3.280536,2036.75
3.380293,2037.0
3.435288,2037.25
3.465982,2037.5
3.474935,2037.75
3.464704,2038.0
3.442961,2038.25
3.40843,2038.5
3.379014,2038.75
3.350878,2039.0
3.327857,2039.25
3.292046,2039.5
3.266467,2039.75
3.254957,2040.0
3.237052,2040.25
3.224262,2040.5
3.238331,2040.75
3.233215,2041.0
3.222983,2041.25
3.207636,2041.5
3.197404,2041.75
3.176941,2042.0
3.147526,2042.25
3.119389,2042.5
3.152641,2042.75
3.148804,2043.0
3.138573,2043.25
3.124505,2043.5
3.124505,2043.75
3.115552,2044.0
3.10532,2044.25
3.095089,2044.5
3.09381,2044.75
3.08102,2045.0
3.070789,2045.25
3.050326,2045.5
3.038815,2045.75
3.02091,2046.0
3.050326,2046.25
3.075905,2046.5
3.066952,2046.75
3.015794,2047.0
3.006842,2047.25
2.995331,2047.5
2.981263,2047.75
2.950568,2048.0
2.943268,2048.25
3.01361,2048.5
3.040468,2048.75
2.950942,2049.0
2.839674,2049.25
2.838394,2049.5
2.835837,2049.75
2.833279,2050.0
2.857579,2050.25
2.883157,2050.5
2.918968,2050.75
2.908736,2051.0
2.967568,2051.25
3.128715,2051.5
3.229751,2051.75
3.341019,2052.0
3.407524,2052.25
3.467635,2052.5
3.523535,2052.75
3.637361,2053.0
3.501793,2053.25
3.235773,2053.5
3.174383,2053.75
3.175662,2054.0
3.371341,2054.25
3.394362,2054.5
3.531209,2054.75
3.716655,2055.0
3.854781,2055.25
3.937913,2055.5
4.012092,2055.75
4.03398,2056.0
4.003286,2056.25
3.976428,2056.5
3.967475,2056.75
3.958523,2057.0
3.948291,2057.25
3.936781,2057.5
3.908644,2057.75
3.872833,2058.0
3.82807,2058.25
3.788423,2058.5
3.746218,2058.75
3.710408,2059.0
3.677155,2059.25
3.661808,2059.5
3.637508,2059.75
3.62216,2060.0
3.604255,2060.25
3.590187,2060.5
3.577398,2060.75
3.564608,2061.0
3.553097,2061.25
3.542866,2061.5
3.533913,2061.75
3.519845,2062.0
3.510892,2062.25
3.50194,2062.5
3.496824,2062.75
3.487871,2063.0
3.495545,2063.25
3.50194,2063.5
3.505777,2063.75
3.516008,2064.0
3.539029,2064.25
3.540308,2064.5
3.558213,2064.75
3.559492,2065.0
3.555655,2065.25
3.563329,2065.5
3.541587,2065.75
3.492987,2066.0
3.462292,2066.25
3.439125,2066.5
3.423777,2066.75
3.467262,2067.0
3.454472,2067.25
3.390525,2067.5
3.418662,2067.75
3.451914,2068.0
3.497956,2068.25
3.423777,2068.5
3.458309,2068.75
3.480051,2069.0
3.499235,2069.25
3.497956,2069.5
3.46854,2069.75
3.412267,2070.0
3.358551,2070.25
3.338088,2070.5
3.298441,2070.75
3.274141,2071.0
3.266467,2071.25
3.267746,2071.5
3.317625,2071.75
3.368783,2072.0
3.426335,2072.25
3.503072,2072.5
3.524814,2072.75
3.595156,2073.0
3.692356,2073.25
3.816413,2073.5
3.969886,2073.75
4.02247,2074.0
4.103044,2074.25
4.140133,2074.5
4.09537,2074.75
4.019912,2075.0
3.944454,2075.25
3.883065,2075.5
3.892018,2075.75
3.930386,2076.0
3.936781,2076.25
3.994333,2076.5
4.064675,2076.75
4.128622,2077.0
4.119669,2077.25
4.124785,2077.5
4.094091,2077.75
4.002007,2078.0
3.852371,2078.25
3.761565,2078.5
3.812723,2078.75
3.842139,2079.0
3.838302,2079.25
3.788423,2079.5
3.650297,2079.75
3.361256,2080.0
2.977426,2080.25
3.239609,2080.5
3.224262,2080.75
3.26263,2081.0
3.22682,2081.25
3.235773,2081.5
3.247283,2081.75
3.309951,2082.0
3.387967,2082.25
3.441683,2082.5
3.51714,2082.75
3.499235,2083.0
3.514582,2083.25
3.527372,2083.5
3.523535,2083.75
3.494119,2084.0
3.486446,2084.25
3.465982,2084.5
3.477493,2084.75
3.494119,2085.0
3.494119,2085.25
3.499235,2085.5
3.509467,2085.75
3.527372,2086.0
3.54144,2086.25
3.558067,2086.5
3.56574,2086.75
3.583645,2087.0
3.592598,2087.25
3.634803,2087.5
3.653987,2087.75
3.708982,2088.0
3.708982,2088.25
3.683403,2088.5
3.66294,2088.75
3.607945,2089.0
3.579808,2089.25
3.579808,2089.5
3.598993,2089.75
3.605387,2090.0
3.639919,2090.25
3.639919,2090.5
3.660382,2090.75
3.675729,2091.0
3.678287,2091.25
3.692356,2091.5
3.68724,2091.75
3.670614,2092.0
3.634803,2092.25
3.611782,2092.5
3.584924,2092.75
3.56574,2093.0
3.579808,2093.25
3.597714,2093.5
3.598993,2093.75
3.619456,2094.0
3.615619,2094.25
3.620735,2094.5
3.607945,2094.75
3.675729,2095.0
3.691077,2095.25
3.642477,2095.5
3.613061,2095.75
3.632245,2096.0
3.669335,2096.25
3.555509,2096.5
3.607945,2096.75
3.52993,2097.0
3.59004,2097.25
3.55423,2097.5
3.786998,2097.75
3.821529,2098.0
3.877802,2098.25
3.854781,2098.5
3.872687,2098.75
3.885476,2099.0
3.913613,2099.25
3.921287,2099.5
3.91745,2099.75
3.894429,2100.0
3.865013,2100.25
3.824087,2100.5
3.778045,2100.75
3.743513,2101.0
3.683403,2101.25
3.707703,2101.5
3.726887,2101.75
3.729445,2102.0
3.732003,2102.25
3.740955,2102.5
3.739676,2102.75
3.715377,2103.0
3.69875,2103.25
3.691077,2103.5
3.683403,2103.75
3.677008,2104.0
3.670614,2104.25
3.660382,2104.5
3.653987,2104.75
3.650151,2105.0
3.646314,2105.25
3.643756,2105.5
3.642477,2105.75
3.620735,2106.0
3.636082,2106.25
3.670614,2106.5
3.761419,2106.75
3.862455,2107.0
3.955818,2107.25
4.009534,2107.5
4.044212,2107.75
4.021191,2108.0
3.981544,2108.25
3.966196,2108.5
3.987938,2108.75
3.975149,2109.0
3.950849,2109.25
3.927828,2109.5
3.902249,2109.75
3.860044,2110.0
3.824234,2110.25
3.789702,2110.5
3.779471,2110.75
3.747497,2111.0
3.709129,2111.25
3.686108,2111.5
3.684829,2111.75
3.709129,2112.0
3.750055,2112.25
3.67076,2112.5
3.880507,2112.75
4.032701,2113.0
4.127343,2113.25
4.152922,2113.5
4.160596,2113.75
4.133738,2114.0
3.892018,2114.25
3.943175,2114.5
4.018633,2114.75
3.98666,2115.0
3.970033,2115.25
3.955965,2115.5
3.945733,2115.75
3.76796,2116.0
3.927828,2116.25
3.963639,2116.5
4.017354,2116.75
4.025028,2117.0
4.049328,2117.25
4.044212,2117.5
4.025028,2117.75
3.954686,2118.0
3.930386,2118.25
3.892018,2118.5
3.881786,2118.75
3.867718,2119.0
3.844697,2119.25
3.822955,2119.5
3.742381,2119.75
3.652855,2120.0
3.495545,2120.25
3.446945,2120.5
3.581088,2120.75
3.881639,2121.0
3.882918,2121.25
3.909776,2121.5
3.954539,2121.75
3.978839,2122.0
3.975149,2122.25
3.968754,2122.5
4.018633,2122.75
4.091533,2123.0
4.184896,2123.25
4.298722,2123.5
4.425337,2123.75
4.468822,2124.0
4.4828,2124.25
4.444431,2124.5
4.3856,2124.75
4.315258,2125.0
4.25259,2125.25
4.206548,2125.5
3.994243,2125.75
3.954596,2126.0
4.241169,2126.25
4.343485,2126.5
4.479053,2126.75
4.545468,2127.0
4.553142,2127.25
4.519889,2127.5
4.471289,2127.75
4.399668,2128.0
4.3613,2128.25
4.321653,2128.5
4.299911,2128.75
4.279448,2129.0
4.2641,2129.25
4.253869,2129.5
4.2398,2129.75
4.22829,2130.0
4.223174,2130.25
4.206548,2130.5
4.205269,2130.75
4.212943,2131.0
4.243637,2131.25
4.27689,2131.5
4.326768,2131.75
4.328047,2132.0
4.32549,2132.25
4.301189,2132.5
4.283284,2132.75
4.260263,2133.0
4.262821,2133.25
4.274332,2133.5
4.315258,2133.75
4.329326,2134.0
4.370253,2134.25
4.376647,2134.5
4.368974,2134.75
4.338279,2135.0
4.3127,2135.25
4.285842,2135.5
4.262821,2135.75
4.232127,2136.0
4.207827,2136.25
4.193758,2136.5
4.188643,2136.75
4.175853,2137.0
4.169458,2137.25
4.157948,2137.5
4.159227,2137.75
4.147717,2138.0
4.145158,2138.25
4.133648,2138.5
4.13109,2138.75
4.114464,2139.0
4.117022,2139.25
4.100395,2139.5
4.097837,2139.75
4.08249,2140.0
4.077374,2140.25
4.083769,2140.5
4.127253,2140.75
4.182248,2141.0
4.230848,2141.25
4.261542,2141.5
4.269216,2141.75
4.256426,2142.0
4.230848,2142.25
4.196316,2142.5
4.164342,2142.75
4.128532,2143.0
4.10679,2143.25
4.069701,2143.5
4.062027,2143.75
4.041564,2144.0
4.036448,2144.25
4.030054,2144.5
4.040285,2144.75
4.037727,2145.0
4.041564,2145.25
4.036448,2145.5
4.036448,2145.75
4.024938,2146.0
4.028775,2146.25
4.053074,2146.5
4.09528,2146.75
4.136206,2147.0
4.159227,2147.25
4.173295,2147.5
4.17969,2147.75
4.211664,2148.0
4.294795,2148.25
4.367695,2148.5
4.430363,2148.75
4.484078,2149.0
4.55442,2149.25
4.610694,2149.5
4.629878,2149.75
4.604299,2150.0
4.571047,2150.25
4.51861,2150.5
4.457221,2150.75
4.402226,2151.0
4.357463,2151.25
4.330606,2151.5
4.330606,2151.75
4.376647,2152.0
4.435479,2152.25
4.481521,2152.5
4.505821,2152.75
4.548026,2153.0
4.588952,2153.25
4.628599,2153.5
4.658015,2153.75
4.65162,2154.0
4.65162,2154.25
4.622204,2154.5
4.576162,2154.75
4.532679,2155.0
4.486637,2155.25
4.4342,2155.5
4.402226,2155.75
4.370253,2156.0
4.345953,2156.25
4.324211,2156.5
4.306305,2156.75
4.287121,2157.0
4.260263,2157.25
4.255147,2157.5
4.256426,2157.75
4.278169,2158.0
4.310142,2158.25
4.34979,2158.5
4.37281,2158.75
4.379205,2159.0
4.371531,2159.25
4.352347,2159.5
4.320374,2159.75
4.289679,2160.0
4.261542,2160.25
4.218058,2160.5
4.17969,2160.75
4.154111,2161.0
4.146437,2161.25
4.151553,2161.5
4.16818,2161.75
4.173295,2162.0
4.177132,2162.25
4.20399,2162.5
4.201432,2162.75
4.151553,2163.0
4.225732,2163.25
4.320374,2163.5
4.420131,2163.75
4.512215,2164.0
4.599184,2164.25
4.650341,2164.5
4.636273,2164.75
4.620925,2165.0
4.579999,2165.25
4.565931,2165.5
4.617089,2165.75
4.725799,2166.0
4.883109,2166.25
4.902293,2166.5
4.947056,2166.75
4.95473,2167.0
4.920937,2167.25
4.837805,2167.5
4.793043,2167.75
4.789206,2168.0
4.810947,2168.25
4.826295,2168.5
4.822458,2168.75
4.799437,2169.0
4.752116,2169.25
4.712469,2169.5
4.654916,2169.75
4.607595,2170.0
4.556438,2170.25
4.519349,2170.5
4.479701,2170.75
4.450285,2171.0
4.432921,2171.25
4.412457,2171.5
4.394553,2171.75
4.375368,2172.0
4.366416,2172.25
4.357463,2172.5
4.366416,2172.75
4.371531,2173.0
4.37281,2173.25
4.37281,2173.5
4.371531,2173.75
4.343395,2174.0
4.344674,2174.25
4.342116,2174.5
4.371531,2174.75
4.360021,2175.0
4.339558,2175.25
4.305027,2175.5
4.2884,2175.75
4.257706,2176.0
4.173295,2176.25
4.283284,2176.5
4.3856,2176.75
4.466173,2177.0
4.540352,2177.25
4.605578,2177.5
4.668246,2177.75
4.686152,2178.0
4.652899,2178.25
4.539073,2178.5
4.337,2178.75
4.271774,2179.0
4.441874,2179.25
4.523726,2179.5
4.512215,2179.75
4.489194,2180.0
4.449547,2180.25
4.430363,2180.5
4.413737,2180.75
4.4342,2181.0
4.472568,2181.25
4.498147,2181.5
4.576162,2181.75
4.556978,2182.0
4.415016,2182.25
4.109348,2182.5
4.051795,2182.75
3.97378,2183.0
3.885533,2183.25
3.904807,2183.5
3.885623,2183.75
3.788423,2184.0
3.769239,2184.25
3.744939,2184.5
3.730871,2184.75
3.705292,2185.0
3.678434,2185.25
3.617045,2185.5
3.632392,2185.75
3.599139,2186.0
3.577398,2186.25
3.599139,2186.5
3.601697,2186.75
3.560771,2187.0
3.521124,2187.25
3.473803,2187.5
3.458456,2187.75
3.464704,2188.0
3.453193,2188.25
3.437846,2188.5
3.444241,2188.75
3.465982,2189.0
3.459588,2189.25
3.462146,2189.5
3.448077,2189.75
3.436567,2190.0
3.51714,2190.25
3.462146,2190.5
3.428893,2190.75
3.389246,2191.0
3.362388,2191.25
3.340646,2191.5
3.32402,2191.75
3.345762,2192.0
3.448077,2192.25
3.623293,2192.5
3.628408,2192.75
3.683403,2193.0
3.673172,2193.25
3.661661,2193.5
3.700029,2193.75
3.958376,2194.0
3.957097,2194.25
4.067086,2194.5
4.198964,2194.75
4.118391,2195.0
4.152922,2195.25
4.239891,2195.5
4.287211,2195.75
4.3729,2196.0
4.466263,2196.25
4.528841,2196.5
4.540352,2196.75
4.56721,2197.0
4.528841,2197.25
4.516052,2197.5
4.499426,2197.75
4.484078,2198.0
4.510936,2198.25
4.573605,2198.5
4.586394,2198.75
4.569768,2199.0
4.633715,2199.25
4.600462,2199.5
4.498147,2199.75
4.747541,2200.0
4.704057,2200.25
4.683594,2200.5
4.801257,2200.75
4.849856,2201.0
4.901014,2201.25
4.853693,2201.5
4.810209,2201.75
4.897177,2202.0
4.999493,2202.25
5.059063,2202.5
5.148589,2202.75
5.188236,2203.0
5.189515,2203.25
5.190794,2203.5
5.161378,2203.75
5.044994,2204.0
4.908147,2204.25
4.840364,2204.5
4.772579,2204.75
4.749558,2205.0
4.730374,2205.25
4.683053,2205.5
4.720143,2205.75
4.758511,2206.0
4.919658,2206.25
4.900474,2206.5
4.918379,2206.75
4.903032,2207.0
4.887684,2207.25
4.849316,2207.5
4.821179,2207.75
4.816063,2208.0
4.8442,2208.25
4.869779,2208.5
4.9657,2208.75
4.936284,2209.0
4.80839,2209.25
4.693285,2209.5
5.029647,2209.75
4.947794,2210.0
4.901752,2210.25
5.119173,2210.5
5.236836,2210.75
5.222767,2211.0
5.243231,2211.25
5.358335,2211.5
5.468325,2211.75
5.55722,2212.0
5.625003,2212.25
5.669766,2212.5
5.631398,2212.75
5.476646,2213.0
5.434441,2213.25
5.424209,2213.5
5.337241,2213.75
5.295036,2214.0
5.421651,2214.25
5.416535,2214.5
5.421651,2214.75
5.385841,2215.0
5.360262,2215.25
5.355146,2215.5
5.375609,2215.75
5.389678,2216.0
5.425488,2216.25
5.462577,2216.5
5.491993,2216.75
5.504783,2217.0
5.498388,2217.25
5.479204,2217.5
5.440835,2217.75
5.390957,2218.0
5.339799,2218.25
5.305267,2218.5
5.272015,2218.75
5.259225,2219.0
5.24132,2219.25
5.228531,2219.5
5.196557,2219.75
5.219578,2220.0
5.260504,2220.25
5.282247,2220.5
5.310383,2220.75
5.351309,2221.0
5.382004,2221.25
5.382004,2221.5
5.379446,2221.75
5.365378,2222.0
5.443393,2222.25
5.509899,2222.5
5.406304,2222.75
5.364099,2223.0
5.344915,2223.25
5.333404,2223.5
5.319336,2223.75
5.32573,2224.0
5.332125,2224.25
5.35003,2224.5
5.369215,2224.75
5.419094,2225.0
5.452346,2225.25
5.500946,2225.5
5.531641,2225.75
5.548267,2226.0
5.531641,2226.25
5.499667,2226.5
5.448509,2226.75
5.394794,2227.0
5.360262,2227.25
5.342357,2227.5
5.315499,2227.75
5.307826,2228.0
5.201673,2228.25
5.243878,2228.5
5.259225,2228.75
5.25411,2229.0
5.227252,2229.25
5.211905,2229.5
5.190163,2229.75
5.18121,2230.0
5.159468,2230.25
5.150515,2230.5
5.136447,2230.75
5.131331,2231.0
5.136447,2231.25
5.215741,2231.5
5.347473,2231.75
5.481761,2232.0
5.649303,2232.25
5.720924,2232.5
5.797661,2232.75
5.924276,2233.0
6.038102,2233.25
6.152891,2233.5
6.164402,2233.75
6.10557,2234.0
6.040344,2234.25
5.944423,2234.5
5.849781,2234.75
5.764092,2235.0
5.688634,2235.25
5.650266,2235.5
5.604224,2235.75
5.583761,2236.0
5.56074,2236.25
5.54795,2236.5
5.523651,2236.75
5.535161,2237.0
5.562019,2237.25
5.608061,2237.5
5.688634,2237.75
5.784555,2238.0
5.883034,2238.25
5.936749,2238.5
5.95977,2238.75
5.935471,2239.0
5.894544,2239.25
5.840828,2239.5
5.773045,2239.75
5.71805,2240.0
5.661777,2240.25
5.617013,2240.5
5.588877,2240.75
5.579924,2241.0
5.627245,2241.25
5.739792,2241.5
5.893265,2241.75
5.980233,2242.0
6.028833,2242.25
6.009649,2242.5
5.980233,2242.75
5.907333,2243.0
5.834434,2243.25
5.758976,2243.5
5.744908,2243.75
5.712934,2244.0
5.702703,2244.25
5.680961,2244.5
5.641313,2244.75
5.443077,2245.0
5.500946,2245.25
5.488156,2245.5
5.526525,2245.75
5.618608,2246.0
5.820682,2246.25
5.915324,2246.5
5.967761,2246.75
5.982791,2247.0
5.963607,2247.25
5.900939,2247.5
5.82676,2247.75
5.808855,2248.0
5.764092,2248.25
5.744908,2248.5
5.70654,2248.75
5.659218,2249.0
5.643871,2249.25
5.638755,2249.5
5.665613,2249.75
5.680961,2250.0
5.679682,2250.25
5.702703,2250.5
5.737234,2250.75
5.710376,2251.0
5.702703,2251.25
5.660498,2251.5
5.611897,2251.75
5.605503,2252.0
5.611897,2252.25
5.613176,2252.5
5.623408,2252.75
5.611897,2253.0
5.640034,2253.25
5.687355,2253.5
5.688634,2253.75
5.641313,2254.0
5.600387,2254.25
5.591434,2254.5
5.638755,2254.75
5.668171,2255.0
5.727003,2255.25
5.746187,2255.5
5.811413,2255.75
5.874081,2256.0
5.944423,2256.25
5.970002,2256.5
5.958491,2256.75
5.929076,2257.0
5.885592,2257.25
5.834434,2257.5
5.783276,2257.75
5.721887,2258.0
5.674566,2258.25
5.628524,2258.5
5.600387,2258.75
5.567134,2259.0
5.541556,2259.25
5.514698,2259.5
5.505745,2259.75
5.496793,2260.0
5.530045,2260.25
5.515977,2260.5
5.517256,2260.75
5.507024,2261.0
5.501908,2261.25
5.490398,2261.5
5.498072,2261.75
5.521092,2262.0
5.535161,2262.25
5.544114,2262.5
5.541556,2262.75
5.551787,2263.0
5.562019,2263.25
5.579924,2263.5
5.60934,2263.75
5.611897,2264.0
5.613176,2264.25
5.614456,2264.5
5.615735,2264.75
5.611897,2265.0
5.606782,2265.25
5.581203,2265.5
5.581203,2265.75
5.569693,2266.0
5.568413,2266.25
5.569693,2266.5
5.573529,2266.75
5.58504,2267.0
5.595271,2267.25
5.600387,2267.5
5.592713,2267.75
5.586318,2268.0
5.599108,2268.25
5.647708,2268.5
5.702703,2268.75
5.739792,2269.0
5.755139,2269.25
5.775602,2269.5
5.803739,2269.75
6.088943,2270.0
6.242417,2270.25
6.186143,2270.5
6.209164,2270.75
6.228348,2271.0
6.195096,2271.25
6.14138,2271.5
6.06848,2271.75
6.005812,2272.0
5.955934,2272.25
5.935471,2272.5
5.921402,2272.75
5.906054,2273.0
5.934191,2273.25
5.955934,2273.5
5.970002,2273.75
5.993023,2274.0
6.035228,2274.25
6.058249,2274.5
6.092781,2274.75
6.14138,2275.0
6.184865,2275.25
6.205328,2275.5
6.201491,2275.75
6.179749,2276.0
6.143938,2276.25
6.094059,2276.5
6.078712,2276.75
6.069759,2277.0
6.085107,2277.25
6.101733,2277.5
6.108128,2277.75
6.099175,2278.0
6.074875,2278.25
6.031391,2278.5
5.99686,2278.75
5.952096,2279.0
5.926518,2279.25
5.908613,2279.5
5.890707,2279.75
5.871523,2280.0
5.871523,2280.25
5.872802,2280.5
5.883034,2280.75
5.876639,2281.0
5.88687,2281.25
5.877918,2281.5
5.877918,2281.75
5.856176,2282.0
5.861291,2282.25
5.85106,2282.5
5.85106,2282.75
5.834434,2283.0
5.824202,2283.25
5.803739,2283.5
5.798624,2283.75
5.789671,2284.0
5.781997,2284.25
5.773045,2284.5
5.779439,2284.75
5.798624,2285.0
5.834434,2285.25
5.883034,2285.5
5.971281,2285.75
6.077433,2286.0
6.20277,2286.25
6.305085,2286.5
6.407401,2286.75
6.463674,2287.0
6.524621,2287.25
6.51439,2287.5
6.50288,2287.75
6.445327,2288.0
6.40568,2288.25
6.358359,2288.5
6.322548,2288.75
6.270112,2289.0
6.239417,2289.25
6.204885,2289.5
6.181865,2289.75
6.152449,2290.0
6.129428,2290.25
6.111523,2290.5
6.107686,2290.75
6.10257,2291.0
6.115359,2291.25
6.111523,2291.5
6.100012,2291.75
6.075712,2292.0
6.052691,2292.25
6.016881,2292.5
5.987465,2292.75
5.942702,2293.0
5.932912,2293.25
5.908613,2293.5
5.894544,2293.75
5.83955,2294.0
5.848502,2294.25
5.838271,2294.5
5.83955,2294.75
5.834434,2295.0
5.828039,2295.25
5.844666,2295.5
5.902218,2295.75
6.019881,2296.0
6.122196,2296.25
6.196375,2296.5
6.230906,2296.75
6.229628,2297.0
6.20277,2297.25
6.163122,2297.5
6.133707,2297.75
6.100454,2298.0
6.072317,2298.25
6.040344,2298.5
6.023717,2298.75
5.998138,2299.0
5.978954,2299.25
5.949539,2299.5
5.929076,2299.75
5.906054,2300.0
5.891986,2300.25
5.879197,2300.5
5.868965,2300.75
5.862571,2301.0
5.86385,2301.25
5.866407,2301.5
5.805018,2301.75
5.822923,2302.0
5.871523,2302.25
6.028833,2302.5
6.133707,2302.75
6.215559,2303.0
6.248812,2303.25
6.260322,2303.5
6.26288,2303.75
6.247533,2304.0
6.229628,2304.25
6.204049,2304.5
6.184865,2304.75
6.159286,2305.0
6.151612,2305.25
6.126033,2305.5
6.109407,2305.75
6.095338,2306.0
6.100454,2306.25
6.123475,2306.5
6.146496,2306.75
6.158007,2307.0
6.158007,2307.25
6.155449,2307.5
6.149054,2307.75
6.114522,2308.0
6.094059,2308.25
6.096617,2308.5
6.143938,2308.75
6.183586,2309.0
6.215559,2309.25
6.215559,2309.5
6.223233,2309.75
6.200212,2310.0
6.181027,2310.25
6.177191,2310.5
6.220675,2310.75
6.257764,2311.0
6.303806,2311.25
6.321712,2311.5
6.325548,2311.75
6.29869,2312.0
6.261601,2312.25
6.239859,2312.5
6.243696,2312.75
6.234743,2313.0
6.236022,2313.25
6.220675,2313.5
6.21428,2313.75
6.15417,2314.0
6.175912,2314.25
6.182306,2314.5
6.205328,2314.75
6.188701,2315.0
6.188701,2315.25
6.172075,2315.5
6.16568,2315.75
6.147775,2316.0
6.133707,2316.25
6.11708,2316.5
6.106849,2316.75
6.108128,2317.0
6.119638,2317.25
6.147775,2317.5
6.166959,2317.75
6.183586,2318.0
6.179749,2318.25
6.170796,2318.5
6.155449,2318.75
6.155449,2319.0
6.143938,2319.25
6.146496,2319.5
6.16568,2319.75
6.177191,2320.0
6.177191,2320.25
6.169517,2320.5
6.181027,2320.75
6.175912,2321.0
6.156728,2321.25
6.149054,2321.5
6.133707,2321.75
6.123475,2322.0
6.104291,2322.25
6.095338,2322.5
6.083828,2322.75
6.077433,2323.0
6.065923,2323.25
6.073596,2323.5
6.063365,2323.75
6.063365,2324.0
6.046739,2324.25
6.037786,2324.5
6.027555,2324.75
6.018602,2325.0
6.017323,2325.25
6.016044,2325.5
6.010928,2325.75
6.003254,2326.0
6.005812,2326.25
6.009649,2326.5
6.019881,2326.75
6.054412,2327.0
6.088943,2327.25
6.134985,2327.5
6.158007,2327.75
6.160564,2328.0
6.147775,2328.25
6.133707,2328.5
6.10557,2328.75
6.088943,2329.0
6.065923,2329.25
6.051854,2329.5
6.053133,2329.75
5.980233,2330.0
5.940586,2330.25
5.89966,2330.5
5.83955,2330.75
5.614456,2331.0
5.537719,2331.25
5.372735,2331.5
5.448509,2331.75
5.480483,2332.0
5.245157,2332.25
5.263062,2332.5
5.324451,2332.75
5.30271,2333.0
5.332125,2333.25
5.453625,2333.5
5.541872,2333.75
5.549546,2334.0
5.599424,2334.25
5.792545,2334.5
5.976713,2334.75
6.082549,2335.0
6.236022,2335.25
5.868965,2335.5
5.58504,2335.75
5.33053,2336.0
5.815566,2336.25
5.800219,2336.5
5.736271,2336.75
5.672324,2337.0
5.667209,2337.25
5.637793,2337.5
5.621167,2337.75
5.594309,2338.0
5.573846,2338.25
5.543151,2338.5
5.552104,2338.75
5.546988,2339.0
5.534198,2339.25
5.577682,2339.5
5.65314,2339.75
5.699182,2340.0
5.669766,2340.25
5.671045,2340.5
5.678719,2340.75
5.672324,2341.0
5.651861,2341.25
5.626282,2341.5
5.610935,2341.75
5.581519,2342.0
5.554661,2342.25
5.535477,2342.5
5.600703,2342.75
5.155631,2343.0
4.851243,2343.25
5.018137,2343.5
5.459372,2343.75
5.236205,2344.0
5.009831,2344.25
4.974021,2344.5
4.916469,2344.75
5.449141,2345.0
5.330199,2345.25
5.002789,2345.5
4.914542,2345.75
4.975931,2346.0
4.992558,2346.25
5.140915,2346.5
5.235557,2346.75
5.282878,2347.0
5.479835,2347.25
5.436999,2347.5
5.596867,2347.75
5.685114,2348.0
5.700461,2348.25
5.697903,2348.5
5.639072,2348.75
5.618608,2349.0
5.612214,2349.25
5.563614,2349.5
5.594309,2349.75
5.601983,2350.0
5.582798,2350.25
5.576404,2350.5
5.558498,2350.75
5.55722,2351.0
5.562335,2351.25
5.616051,2351.5
5.66593,2351.75
5.704298,2352.0
5.720924,2352.25
5.718366,2352.5
5.700461,2352.75
5.67744,2353.0
5.690229,2353.25
5.723482,2353.5
5.777198,2353.75
5.768245,2354.0
5.778477,2354.25
5.760571,2354.5
5.731156,2354.75
5.705577,2355.0
5.667209,2355.25
5.632677,2355.5
5.608377,2355.75
5.582798,2356.0
5.567451,2356.25
5.566172,2356.5
5.605819,2356.75
5.415257,2357.0
5.42293,2357.25
5.586635,2357.5
5.645466,2357.75
5.280968,2358.0
5.328289,2358.25
5.445951,2358.5
5.150515,2358.75
5.103194,2359.0
5.154352,2359.25
5.417815,2359.5
5.530362,2359.75
5.70174,2360.0
5.791266,2360.25
5.974155,2360.5
5.929076,2360.75
5.908613,2361.0
5.94826,2361.25
5.962328,2361.5
5.936749,2361.75
5.907333,2362.0
5.897102,2362.25
5.893265,2362.5
5.941865,2362.75
5.831876,2363.0
5.877918,2363.25
5.903497,2363.5
5.907333,2363.75
5.880476,2364.0
5.866407,2364.25
5.871523,2364.5
5.916286,2364.75
5.987907,2365.0
6.110686,2365.25
6.134985,2365.5
6.152891,2365.75
6.14138,2366.0
6.179749,2366.25
6.218117,2366.5
6.289738,2366.75
6.344732,2367.0
6.383101,2367.25
6.402285,2367.5
6.422748,2367.75
6.321712,2368.0
6.312759,2368.25
6.285901,2368.5
6.257764,2368.75
6.219396,2369.0
6.204049,2369.25
6.192538,2369.5
6.193817,2369.75
6.170796,2370.0
6.223233,2370.25
6.18998,2370.5
6.16568,2370.75
6.128591,2371.0
6.065923,2371.25
5.955934,2371.5
5.943144,2371.75
5.962328,2372.0
6.000697,2372.25
6.059528,2372.5
6.069759,2372.75
6.099175,2373.0
6.168238,2373.25
6.181027,2373.5
6.177191,2373.75
6.213001,2374.0
6.282064,2374.25
6.200212,2374.5
6.161843,2374.75
6.329385,2375.0
6.436816,2375.25
6.452164,2375.5
6.511832,2375.75
6.520785,2376.0
6.424864,2376.25
6.282901,2376.5
6.24837,2376.75
6.360917,2377.0
6.234301,2377.25
6.176749,2377.5
6.12687,2377.75
6.125591,2378.0
6.155007,2378.25
6.193375,2378.5
6.253486,2378.75
6.275228,2379.0
6.327664,2379.25
6.322548,2379.5
6.327664,2379.75
6.305922,2380.0
6.275228,2380.25
6.220233,2380.5
6.184422,2380.75
6.138381,2381.0
6.178028,2381.25
6.231743,2381.5
6.293133,2381.75
6.449164,2382.0
6.570663,2382.25
6.577058,2382.5
6.537411,2382.75
6.49009,2383.0
6.451722,2383.25
6.290575,2383.5
6.27267,2383.75
6.276506,2384.0
6.304643,2384.25
6.445327,2384.5
6.408237,2384.75
6.343011,2385.0
6.481137,2385.25
6.697279,2385.5
6.945394,2385.75
7.088636,2386.0
7.304207,2386.25
7.347691,2386.5
7.451285,2386.75
7.418765,2387.0
7.390628,2387.25
7.368886,2387.5
7.315171,2387.75
7.229481,2388.0
7.148908,2388.25
7.047872,2388.5
6.963461,2388.75
6.932766,2389.0
6.896224,2389.25
6.919245,2389.5
7.008771,2389.75
7.043302,2390.0
7.072718,2390.25
7.053534,2390.5
7.207007,2390.75
7.489654,2391.0
7.408534,2391.25
7.325402,2391.5
7.276803,2391.75
7.203903,2392.0
7.132282,2392.25
7.238434,2392.5
7.27936,2392.75
7.306218,2393.0
7.306218,2393.25
7.293428,2393.5
7.247386,2393.75
7.123329,2394.0
7.072171,2394.25
7.065777,2394.5
7.065777,2394.75
7.06194,2395.0
7.14635,2395.25
7.064497,2395.5
7.522359,2395.75
7.41365,2396.0
7.386792,2396.25
7.184719,2396.5
6.825335,2396.75
6.741471,2397.0
6.818208,2397.25
6.857855,2397.5
7.02156,2397.75
7.24026,2398.0
7.392454,2398.25
7.43338,2398.5
7.455122,2398.75
7.452018,2399.0
7.37656,2399.25
7.366328,2399.5
7.353539,2399.75
7.368886,2400.0
7.334355,2400.25
7.192392,2400.5
7.294708,2400.75
7.226923,2401.0
7.018456,2401.25
6.825335,2401.5
6.325815,2401.75
6.04246,2402.0
6.359638,2402.25
6.588569,2402.5
6.267554,2402.75
5.830155,2403.0
5.544114,2403.25
5.701424,2403.5
6.239859,2403.75
6.581337,2404.0
6.733089,2404.25
6.876331,2404.5
7.047709,2404.75
7.304207,2405.0
7.245375,2405.25
7.232586,2405.5
7.213402,2405.75
7.210844,2406.0
7.186544,2406.25
7.137944,2406.5
7.061207,2406.75
7.022839,2407.0
7.044581,2407.25
7.034349,2407.5
7.029234,2407.75
7.048418,2408.0
7.099576,2408.25
7.173755,2408.5
7.236423,2408.75
7.274791,2409.0
7.282465,2409.25
7.293975,2409.5
7.292696,2409.75
7.272233,2410.0
7.265839,2410.25
7.305486,2410.5
7.366875,2410.75
7.42059,2411.0
7.434659,2411.25
7.473027,2411.5
7.469923,2411.75
7.435391,2412.0
7.393186,2412.25
7.372723,2412.5
7.398302,2412.75
7.480155,2413.0
7.576075,2413.25
7.657928,2413.5
7.71548,2413.75
7.686064,2414.0
7.716759,2414.25
7.702691,2414.5
7.665601,2414.75
7.613164,2415.0
7.577354,2415.25
7.577354,2415.5
7.613164,2415.75
7.647696,2416.0
7.663043,2416.25
7.671996,2416.5
7.650254,2416.75
7.633628,2417.0
7.601654,2417.25
7.565844,2417.5
7.555612,2417.75
7.556891,2418.0
7.550496,2418.25
7.545381,2418.5
7.541543,2418.75
7.515965,2419.0
7.490386,2419.25
7.46097,2419.5
7.44946,2419.75
7.432834,2420.0
7.420044,2420.25
7.402139,2420.5
7.398302,2420.75
7.388071,2421.0
7.391907,2421.25
7.404697,2421.5
7.431554,2421.75
7.440507,2422.0
7.443065,2422.25
7.441786,2422.5
7.439228,2422.75
7.411091,2423.0
7.391907,2423.25
7.366328,2423.5
7.356097,2423.75
7.32796,2424.0
7.312613,2424.25
7.29215,2424.5
7.275523,2424.75
7.253781,2425.0
7.252502,2425.25
7.210297,2425.5
7.193671,2425.75
7.224366,2426.0
7.329239,2426.25
7.42516,2426.5
7.486549,2426.75
7.505733,2427.0
7.486549,2427.25
7.468644,2427.5
7.422602,2427.75
7.435391,2428.0
7.42516,2428.25
7.44946,2428.5
7.455854,2428.75
7.463528,2429.0
7.463528,2429.25
7.489107,2429.5
7.526196,2429.75
7.541543,2430.0
7.565844,2430.25
7.574796,2430.5
7.573517,2430.75
7.550496,2431.0
7.445623,2431.25
7.336913,2431.5
7.235876,2431.75
7.196229,2432.0
7.234597,2432.25
7.469923,2432.5
7.60677,2432.75
7.638743,2433.0
7.556891,2433.25
7.761522,2433.5
7.862559,2433.75
7.806285,2434.0
7.82419,2434.25
7.335634,2434.5
7.00183,2434.75
6.847077,2435.0
6.63404,2435.25
7.378386,2435.5
7.55488,2435.75
7.647696,2436.0
7.73978,2436.25
7.648975,2436.5
7.733385,2436.75
7.709085,2437.0
7.671996,2437.25
7.747454,2437.5
7.651533,2437.75
7.858722,2438.0
7.949527,2438.25
8.050214,2438.5
8.106487,2438.75
8.184503,2439.0
8.166597,2439.25
8.152529,2439.5
8.189618,2439.75
8.180666,2440.0
8.10393,2440.25
8.082188,2440.5
8.134624,2440.75
8.156366,2441.0
8.22415,2441.25
8.375066,2441.5
8.537491,2441.75
8.631712,2442.0
8.629154,2442.25
8.630433,2442.5
8.632991,2442.75
8.626596,2443.0
8.703333,2443.25
8.726355,2443.5
8.787744,2443.75
8.808207,2444.0
8.803091,2444.25
8.789022,2444.5
8.806928,2444.75
8.768559,2445.0
8.662407,2445.25
8.589507,2445.5
8.577996,2445.75
8.524282,2446.0
8.456497,2446.25
8.419408,2446.5
8.382318,2446.75
8.369529,2447.0
8.375923,2447.25
8.314534,2447.5
8.287677,2447.75
8.299187,2448.0
8.337555,2448.25
8.389992,2448.5
8.432198,2448.75
8.444986,2449.0
8.456497,2449.25
8.462892,2449.5
8.448823,2449.75
8.433476,2450.0
8.398945,2450.25
8.350345,2450.5
8.297908,2450.75
8.24675,2451.0
8.198151,2451.25
8.176409,2451.5
8.18664,2451.75
8.269772,2452.0
8.377203,2452.25
8.474402,2452.5
8.544744,2452.75
8.575438,2453.0
8.586949,2453.25
8.592065,2453.5
8.584392,2453.75
8.551139,2454.0
8.546023,2454.25
8.523002,2454.5
8.47696,2454.75
8.466728,2455.0
8.409176,2455.25
8.374644,2455.5
8.315813,2455.75
8.29535,2456.0
8.264655,2456.25
8.250587,2456.5
8.296629,2456.75
8.423244,2457.0
8.575438,2457.25
8.698217,2457.5
8.745539,2457.75
8.781349,2458.0
8.787744,2458.25
8.767281,2458.5
8.719959,2458.75
8.656013,2459.0
8.589507,2459.25
8.543466,2459.5
8.488471,2459.75
8.452661,2460.0
8.424523,2460.25
8.424523,2460.5
8.41685,2460.75
8.433476,2461.0
8.423244,2461.25
8.425802,2461.5
8.444986,2461.75
8.432198,2462.0
8.398945,2462.25
8.391271,2462.5
8.364413,2462.75
8.346508,2463.0
8.333718,2463.25
8.324766,2463.5
8.336276,2463.75
8.336276,2464.0
8.332439,2464.25
8.326045,2464.5
8.337555,2464.75
8.337555,2465.0
8.320929,2465.25
8.306861,2465.5
8.277445,2465.75
8.256982,2466.0
8.226287,2466.25
8.221171,2466.5
8.155945,2466.75
8.171292,2467.0
8.177688,2467.25
8.154666,2467.5
8.14955,2467.75
8.159782,2468.0
8.223729,2468.25
8.291513,2468.5
8.373365,2468.75
8.395107,2469.0
8.425802,2469.25
8.414292,2469.5
8.411734,2469.75
8.372087,2470.0
8.356739,2470.25
8.320929,2470.5
8.336276,2470.75
8.30814,2471.0
8.265934,2471.25
8.278724,2471.5
8.29535,2471.75
8.333718,2472.0
8.363134,2472.25
8.383597,2472.5
8.389992,2472.75
8.388713,2473.0
8.389992,2473.25
8.387434,2473.5
8.378482,2473.75
8.306861,2474.0
8.311976,2474.25
8.274887,2474.5
8.253145,2474.75
8.233961,2475.0
8.218614,2475.25
8.276166,2475.5
8.375923,2475.75
8.502539,2476.0
8.572881,2476.25
8.629154,2476.5
8.641944,2476.75
8.613807,2477.0
8.632991,2477.25
8.538349,2477.5
8.461613,2477.75
8.391271,2478.0
8.332439,2478.25
8.291513,2478.5
8.280003,2478.75
8.292792,2479.0
8.300466,2479.25
8.291513,2479.5
7.879694,2479.75
7.960688,2480.0
8.130787,2480.25
8.222871,2480.5
8.24845,2480.75
8.252287,2481.0
8.261239,2481.25
8.270192,2481.5
8.258681,2481.75
8.247171,2482.0
8.22415,2482.25
8.202408,2482.5
8.192177,2482.75
8.243334,2483.0
8.311118,2483.25
8.36867,2483.5
8.400644,2483.75
8.40576,2484.0
8.390412,2484.25
8.362276,2484.5
8.325187,2484.75
8.258681,2485.0
8.213919,2485.25
8.153809,2485.5
8.135903,2485.75
8.110324,2486.0
8.114161,2486.25
8.121835,2486.5
8.130787,2486.75
8.117998,2487.0
8.132066,2487.25
8.130787,2487.5
8.134624,2487.75
8.111603,2488.0
8.089861,2488.25
8.07835,2488.5
8.093698,2488.75
8.019519,2489.0
8.043819,2489.25
8.056608,2489.5
8.077071,2489.75
8.06684,2490.0
8.068119,2490.25
8.073235,2490.5
8.100093,2490.75
8.088582,2491.0
8.143577,2491.25
8.220313,2491.5
8.280423,2491.75
8.277865,2492.0
8.253566,2492.25
8.215198,2492.5
8.162761,2492.75
8.116718,2493.0
8.068119,2493.25
7.915925,2493.5
7.688272,2493.75
7.834072,2494.0
7.894183,2494.25
8.022077,2494.5
8.109045,2494.75
8.137182,2495.0
8.171713,2495.25
8.112882,2495.5
8.178108,2495.75
8.258681,2496.0
8.213919,2496.25
8.210082,2496.5
8.245893,2496.75
8.279144,2497.0
8.298328,2497.25
8.303445,2497.5
8.28554,2497.75
8.258681,2498.0
8.227987,2498.25
8.202408,2498.5
8.171713,2498.75
8.144855,2499.0
8.112882,2499.25
8.114161,2499.5
8.100093,2499.75
8.055329,2500.0
8.059166,2500.25
8.089861,2500.5
8.185781,2500.75
8.183224,2501.0
8.21264,2501.25
8.24845,2501.5
8.290655,2501.75
8.277865,2502.0
8.282982,2502.25
8.330302,2502.5
8.270192,2502.75
7.826398,2503.0
7.741988,2503.25
7.744546,2503.5
7.753499,2503.75
7.733036,2504.0
7.699783,2504.25
7.662694,2504.5
7.648625,2504.75
7.640952,2505.0
7.629441,2505.25
7.621768,2505.5
7.623046,2505.75
7.588515,2506.0
7.472131,2506.25
7.391558,2506.5
7.356097,2506.75
7.348423,2507.0
7.399581,2507.25
7.445623,2507.5
7.494223,2507.75
7.540265,2508.0
7.585028,2508.25
7.636186,2508.5
7.673275,2508.75
7.712922,2509.0
7.697575,2509.25
7.665601,2509.5
7.781985,2509.75
7.781985,2510.0
7.747454,2510.25
7.730827,2510.5
7.651533,2510.75
7.640022,2511.0
7.671996,2511.25
7.656649,2511.5
7.623396,2511.75
7.641301,2512.0
7.590144,2512.25
7.544102,2512.5
7.590144,2512.75
7.656649,2513.0
7.41237,2513.25
7.619559,2513.5
7.805006,2513.75
8.090211,2514.0
8.359718,2514.25
8.408318,2514.5
8.509355,2514.75
8.673918,2515.0
8.714844,2515.25
8.849133,2515.5
8.936101,2515.75
8.925869,2516.0
8.927149,2516.25
8.832506,2516.5
8.774954,2516.75
8.754491,2517.0
8.764723,2517.25
8.746818,2517.5
8.762165,2517.75
8.754491,2518.0
8.754491,2518.25
8.70717,2518.5
8.686707,2518.75
8.625318,2519.0
8.584392,2519.25
8.543466,2519.5
8.516607,2519.75
8.492308,2520.0
8.414292,2520.25
8.39255,2520.5
8.425802,2520.75
8.411734,2521.0
8.377203,2521.25
8.386155,2521.5
8.384876,2521.75
8.401503,2522.0
8.446265,2522.25
8.51405,2522.5
8.529397,2522.75
8.473124,2523.0
8.602297,2523.25
8.82867,2523.5
8.929707,2523.75
9.021791,2524.0
9.145785,2524.25
9.161133,2524.5
9.168806,2524.75
9.108696,2525.0
9.03196,2525.25
8.937317,2525.5
8.869534,2525.75
8.785123,2526.0
8.726292,2526.25
8.684087,2526.5
8.658507,2526.75
8.627813,2527.0
8.608628,2527.25
8.579213,2527.5
8.611187,2527.75
8.707108,2528.0
8.866976,2528.25
8.996149,2528.5
9.071607,2528.75
9.108696,2529.0
9.109975,2529.25
9.071607,2529.5
9.023006,2529.75
8.934759,2530.0
8.841396,2530.25
8.742918,2530.5
8.547239,2530.75
8.544682,2531.0
8.577934,2531.25
8.680249,2531.5
8.769775,2531.75
8.843954,2532.0
8.859302,2532.25
8.875928,2532.5
8.845233,2532.75
8.822212,2533.0
8.786402,2533.25
8.795355,2533.5
8.780007,2533.75
8.773612,2534.0
8.870812,2534.25
8.934759,2534.5
8.965454,2534.75
8.957781,2535.0
8.942433,2535.25
8.927086,2535.5
8.956501,2535.75
9.008938,2536.0
9.058817,2536.25
9.090791,2536.5
9.121485,2536.75
9.150901,2537.0
9.181596,2537.25
9.190548,2537.5
9.246821,2537.75
8.976965,2538.0
8.870812,2538.25
8.864417,2538.5
8.872091,2538.75
8.987196,2539.0
9.144506,2539.25
9.242985,2539.5
9.28519,2539.75
9.281353,2540.0
9.28519,2540.25
9.255774,2540.5
9.237869,2540.75
9.167527,2541.0
9.144506,2541.25
9.12788,2541.5
9.148343,2541.75
9.13939,2542.0
9.147064,2542.25
9.154737,2542.5
9.1752,2542.75
9.153459,2543.0
9.132996,2543.25
9.162412,2543.5
9.213569,2543.75
9.254496,2544.0
9.278795,2544.25
9.299258,2544.5
9.322279,2544.75
9.335069,2545.0
9.342743,2545.25
9.336348,2545.5
9.314606,2545.75
9.286469,2546.0
9.269843,2546.25
9.259611,2546.5
9.223801,2546.75
9.211011,2547.0
9.228916,2547.25
9.189269,2547.5
9.158574,2547.75
9.157295,2548.0
9.159854,2548.25
9.198222,2548.5
9.21229,2548.75
9.306932,2549.0
9.352974,2549.25
9.1752,2549.5
8.82477,2549.75
9.060096,2550.0
8.89767,2550.25
8.887439,2550.5
9.164969,2550.75
9.088233,2551.0
9.085675,2551.25
8.850349,2551.5
8.847792,2551.75
8.799191,2552.0
8.801749,2552.25
8.877207,2552.5
8.858023,2552.75
8.796634,2553.0
8.930923,2553.25
8.969291,2553.5
9.00638,2553.75
8.983359,2554.0
9.156016,2554.25
9.281353,2554.5
9.400295,2554.75
9.405411,2555.0
9.28519,2555.25
9.211011,2555.5
9.150901,2555.75
9.129159,2556.0
9.132996,2556.25
9.213569,2556.5
9.221243,2556.75
9.198222,2557.0
9.194385,2557.25
9.214849,2557.5
9.269843,2557.75
9.323558,2558.0
9.354253,2558.25
9.397738,2558.5
9.405411,2558.75
8.676413,2559.0
8.370746,2559.25
8.425802,2559.5
8.291513,2559.75
8.232682,2560.0
8.592065,2560.25
8.593344,2560.5
8.593344,2560.75
8.577996,2561.0
8.586949,2561.25
8.393828,2561.5
8.342671,2561.75
8.418129,2562.0
8.466728,2562.25
8.515328,2562.5
8.561371,2562.75
8.708449,2563.0
8.70717,2563.25
8.789022,2563.5
8.810764,2563.75
8.842738,2564.0
8.803091,2564.25
8.850411,2564.5
8.911801,2564.75
8.954006,2565.0
9.056259,2565.25
9.081838,2565.5
9.112533,2565.75
9.171364,2566.0
9.217406,2566.25
9.191827,2566.5
9.108696,2566.75
8.930923,2567.0
8.879765,2567.25
8.858023,2567.5
8.855465,2567.75
8.832444,2568.0
8.906623,2568.25
8.97057,2568.5
9.049865,2568.75
9.07928,2569.0
9.089512,2569.25
9.098464,2569.5
9.101022,2569.75
9.076722,2570.0
9.021728,2570.25
9.011496,2570.5
9.124043,2570.75
9.017891,2571.0
8.434692,2571.25
8.424523,2571.5
8.510213,2571.75
8.641944,2572.0
8.644502,2572.25
8.653455,2572.5
8.668801,2572.75
8.801812,2573.0
9.024348,2573.25
9.258332,2573.5
9.553768,2573.75
9.77876,2574.0
9.823523,2574.25
9.861891,2574.5
9.843986,2574.75
9.790271,2575.0
9.722486,2575.25
9.673886,2575.5
9.575408,2575.75
9.459023,2576.0
9.070225,2576.25
8.962793,2576.5
8.976862,2576.75
8.946167,2577.0
8.934759,2577.25
9.177759,2577.5
9.185432,2577.75
9.193106,2578.0
9.120206,2578.25
9.158574,2578.5
9.094627,2578.75
9.075443,2579.0
9.072886,2579.25
9.093349,2579.5
9.104859,2579.75
9.129159,2580.0
9.125322,2580.25
9.145785,2580.5
9.145785,2580.75
9.150901,2581.0
8.887439,2581.25
8.710944,2581.5
8.717339,2581.75
8.861859,2582.0
9.129159,2582.25
9.029401,2582.5
8.884881,2582.75
9.002543,2583.0
9.057538,2583.25
9.001265,2583.5
9.003822,2583.75
8.965454,2584.0
8.961617,2584.25
8.924528,2584.5
8.929644,2584.75
8.895112,2585.0
8.868255,2585.25
8.852907,2585.5
8.846512,2585.75
8.854186,2586.0
8.851628,2586.25
8.840117,2586.5
8.826049,2586.75
8.838839,2587.0
8.928365,2587.25
8.937317,2587.5
8.902786,2587.75
8.914296,2588.0
8.918133,2588.25
8.978244,2588.5
8.95906,2588.75
8.888718,2589.0
8.86058,2589.25
8.841396,2589.5
8.827328,2589.75
8.785123,2590.0
8.795355,2590.25
8.811981,2590.5
8.887439,2590.75
8.875928,2591.0
8.874649,2591.25
8.870812,2591.5
8.893833,2591.75
8.902786,2592.0
8.907902,2592.25
8.919412,2592.5
8.913017,2592.75
8.924528,2593.0
8.906623,2593.25
8.896391,2593.5
8.872091,2593.75
8.819654,2594.0
8.820933,2594.25
8.815818,2594.5
8.801749,2594.75
8.80047,2595.0
8.790238,2595.25
8.792797,2595.5
8.823491,2595.75
8.887439,2596.0
8.944991,2596.25
8.916854,2596.5
8.974406,2596.75
8.973127,2597.0
8.978244,2597.25
9.254496,2597.5
9.304374,2597.75
9.244264,2598.0
9.310769,2598.25
9.352974,2598.5
9.404132,2598.75
9.379832,2599.0
9.367043,2599.25
9.305654,2599.5
9.262169,2599.75
9.164969,2600.0
9.049865,2600.25
9.104859,2600.5
9.124043,2600.75
9.052423,2601.0
9.048585,2601.25
9.014054,2601.5
9.075443,2601.75
9.089512,2602.0
9.138111,2602.25
9.195664,2602.5
9.227637,2602.75
9.244264,2603.0
9.241706,2603.25
9.255774,2603.5
9.216127,2603.75
9.204617,2604.0
9.207174,2604.25
9.26089,2604.5
9.213569,2604.75
9.157295,2605.0
9.15218,2605.25
9.122765,2605.5
9.132996,2605.75
9.134274,2606.0
9.143228,2606.25
9.149622,2606.5
9.15218,2606.75
9.109975,2607.0
9.088233,2607.25
9.062654,2607.5
9.060096,2607.75
9.078001,2608.0
9.18799,2608.25
9.306932,2608.5
9.456569,2608.75
9.561339,2609.0
9.558782,2609.25
9.566455,2609.5
9.543434,2609.75
9.484603,2610.0
9.410424,2610.25
9.34264,2610.5
9.283809,2610.75
9.235209,2611.0
9.198119,2611.25
9.146961,2611.5
9.091967,2611.75
9.06383,2612.0
9.043367,2612.25
9.030578,2612.5
9.019067,2612.75
9.035693,2613.0
9.012672,2613.25
9.011394,2613.5
9.01523,2613.75
8.947447,2614.0
8.968012,2614.25
8.962896,2614.5
8.97057,2614.75
9.052423,2615.0
9.135553,2615.25
9.211011,2615.5
9.276237,2615.75
9.358089,2616.0
9.427153,2616.25
9.287748,2616.5
9.355532,2616.75
9.341463,2617.0
9.30949,2617.25
9.251938,2617.5
9.253217,2617.75
9.254496,2618.0
9.291585,2618.25
9.345301,2618.5
9.367043,2618.75
9.368321,2619.0
9.373437,2619.25
9.365764,2619.5
9.342743,2619.75
9.329953,2620.0
9.329953,2620.25
9.409247,2620.5
9.478311,2620.75
9.616334,2621.0
9.700745,2621.25
9.664934,2621.5
9.411703,2621.75
9.364382,2622.0
9.324735,2622.25
9.281251,2622.5
9.265903,2622.75
9.242883,2623.0
9.231372,2623.25
9.228814,2623.5
9.216024,2623.75
9.213467,2624.0
9.246719,2624.25
9.198119,2624.5
9.163588,2624.75
9.139288,2625.0
9.132894,2625.25
9.143125,2625.5
9.361824,2625.75
9.271019,2626.0
8.892452,2626.25
9.335069,2626.5
9.378552,2626.75
9.363206,2627.0
9.383669,2627.25
9.370879,2627.5
9.361927,2627.75
9.326117,2628.0
9.297979,2628.25
9.272401,2628.5
9.290306,2628.75
9.338905,2629.0
8.932201,2629.25
9.14067,2629.5
9.167527,2629.75
9.15218,2630.0
9.148343,2630.25
9.209732,2630.5
9.171364,2630.75
9.116369,2631.0
9.080559,2631.25
9.070328,2631.5
9.052423,2631.75
9.070328,2632.0
9.076722,2632.25
9.11509,2632.5
9.143228,2632.75
9.149622,2633.0
9.162412,2633.25
9.161133,2633.5
9.154737,2633.75
9.098464,2634.0
9.143228,2634.25
9.134274,2634.5
9.134274,2634.75
9.111254,2635.0
9.098464,2635.25
9.06777,2635.5
9.052423,2635.75
9.017891,2636.0
9.00638,2636.25
8.944991,2636.5
8.948828,2636.75
8.948828,2637.0
8.925807,2637.25
8.914296,2637.5
8.911738,2637.75
8.92197,2638.0
8.980802,2638.25
9.080559,2638.5
9.185432,2638.75
9.253217,2639.0
9.282632,2639.25
9.282632,2639.5
9.277516,2639.75
9.208453,2640.0
9.014054,2640.25
8.99487,2640.5
8.909181,2640.75
8.919412,2641.0
8.971848,2641.25
8.991033,2641.5
9.121485,2641.75
8.88616,2642.0
8.771054,2642.25
8.93348,2642.5
9.182875,2642.75
9.237869,2643.0
9.179038,2643.25
9.176479,2643.5
9.179038,2643.75
9.199501,2644.0
9.219964,2644.25
9.232754,2644.5
9.2481,2644.75
9.258332,2645.0
9.367043,2645.25
9.372158,2645.5
9.360648,2645.75
9.356811,2646.0
9.388784,2646.25
9.439942,2646.5
9.365661,2646.75
9.459023,2647.0
9.424493,2647.25
9.395077,2647.5
9.382287,2647.75
9.32985,2648.0
9.310666,2648.25
9.271019,2648.5
9.288924,2648.75
9.337524,2649.0
9.305551,2649.25
9.281251,2649.5
9.29404,2649.75
9.279972,2650.0
9.251835,2650.25
9.240325,2650.5
9.241604,2650.75
9.279972,2651.0
9.386124,2651.25
9.526808,2651.5
9.629124,2651.75
9.69307,2652.0
9.719929,2652.25
9.717371,2652.5
9.689234,2652.75
9.673886,2653.0
9.649587,2653.25
9.644471,2653.5
9.617613,2653.75
9.530644,2654.0
9.522971,2654.25
9.484603,2654.5
9.466698,2654.75
9.409145,2655.0
9.356709,2655.25
9.29532,2655.5
9.267182,2655.75
9.255672,2656.0
9.308108,2656.25
9.340082,2656.5
9.383566,2656.75
9.381008,2657.0
9.405309,2657.25
9.392519,2657.5
9.392519,2657.75
9.359266,2658.0
9.324735,2658.25
9.28253,2658.5
9.255672,2658.75
9.216024,2659.0
9.204515,2659.25
9.181493,2659.5
9.175098,2659.75
9.162309,2660.0
9.153357,2660.25
9.12394,2660.5
9.141846,2660.75
9.112431,2661.0
9.086851,2661.25
9.112431,2661.5
9.098362,2661.75
9.07662,2662.0
9.094525,2662.25
9.134172,2662.5
9.138009,2662.75
9.150799,2663.0
9.213467,2663.25
9.226256,2663.5
9.244162,2663.75
9.302993,2664.0
9.304272,2664.25
9.301714,2664.5
9.313224,2664.75
9.340082,2665.0
9.300435,2665.25
9.272298,2665.5
9.278693,2665.75
9.246719,2666.0
9.190446,2666.25
9.207072,2666.5
9.167425,2666.75
9.126498,2667.0
9.154635,2667.25
9.135451,2667.5
9.134172,2667.75
9.204515,2668.0
9.216024,2668.25
9.231372,2668.5
9.267182,2668.75
9.271019,2669.0
9.239045,2669.25
9.214746,2669.5
9.216024,2669.75
9.223699,2670.0
9.189167,2670.25
9.204515,2670.5
9.251835,2670.75
9.260788,2671.0
9.23393,2671.25
9.227535,2671.5
9.205793,2671.75
9.181493,2672.0
9.14952,2672.25
9.134172,2672.5
9.117546,2672.75
9.106035,2673.0
9.108593,2673.25
9.138009,2673.5
9.074061,2673.75
8.852804,2674.0
8.58305,2674.25
8.533171,2674.5
8.498639,2674.75
8.502477,2675.0
8.620139,2675.25
8.600955,2675.5
8.719897,2675.75
8.74036,2676.0
8.698154,2676.25
8.768497,2676.5
8.850349,2676.75
8.966733,2677.0
8.956501,2677.25
9.024285,2677.5
9.081838,2677.75
9.145785,2678.0
9.177759,2678.25
9.209732,2678.5
9.199501,2678.75
9.245543,2679.0
9.231474,2679.25
9.164969,2679.5
9.134274,2679.75
9.104859,2680.0
9.065211,2680.25
9.017891,2680.5
8.951385,2680.75
8.950107,2681.0
8.952664,2681.25
8.952664,2681.5
8.925807,2681.75
8.914296,2682.0
8.907902,2682.25
8.904065,2682.5
8.913017,2682.75
8.927086,2683.0
8.924528,2683.25
8.909181,2683.5
8.957781,2683.75
8.988475,2684.0
9.026843,2684.25
9.040912,2684.5
9.049865,2684.75
9.037075,2685.0
9.024285,2685.25
9.002543,2685.5
8.985917,2685.75
8.94627,2686.0
8.916854,2686.25
8.900228,2686.5
8.896391,2686.75
8.87337,2687.0
8.868255,2687.25
8.852907,2687.5
8.901506,2687.75
8.866976,2688.0
8.893833,2688.25
8.875928,2688.5
8.864417,2688.75
8.822212,2689.0
8.83756,2689.25
8.808144,2689.5
8.823491,2689.75
8.814539,2690.0
8.78896,2690.25
8.778728,2690.5
8.799191,2690.75
8.809422,2691.0
8.835002,2691.25
8.854186,2691.5
8.861859,2691.75
8.87337,2692.0
8.870812,2692.25
8.86058,2692.5
8.851628,2692.75
8.836281,2693.0
8.82477,2693.25
8.817097,2693.5
8.831165,2693.75
8.794076,2694.0
8.856744,2694.25
8.902786,2694.5
8.953943,2694.75
8.911738,2695.0
8.916854,2695.25
8.93348,2695.5
8.881043,2695.75
8.852907,2696.0
8.827328,2696.25
8.814539,2696.5
8.815818,2696.75
8.790238,2697.0
8.756987,2697.25
8.767218,2697.5
8.731407,2697.75
8.763381,2698.0
8.82477,2698.25
8.929644,2698.5
9.051144,2698.75
9.184154,2699.0
9.227637,2699.25
9.278795,2699.5
9.321,2699.75
9.280074,2700.0
9.240427,2700.25
9.221243,2700.5
9.130438,2700.75
9.070328,2701.0
9.016612,2701.25
8.99487,2701.5
8.944991,2701.75
8.965454,2702.0
8.915575,2702.25
8.906623,2702.5
8.870812,2702.75
8.881043,2703.0
8.870812,2703.25
8.858023,2703.5
8.854186,2703.75
8.83756,2704.0
8.823491,2704.25
8.81326,2704.5
8.811981,2704.75
8.796634,2705.0
8.785123,2705.25
8.769775,2705.5
8.782565,2705.75
8.774892,2706.0
8.781286,2706.25
8.794076,2706.5
8.826049,2706.75
8.833723,2707.0
8.855465,2707.25
8.870812,2707.5
8.869534,2707.75
8.852907,2708.0
8.815818,2708.25
8.811981,2708.5
8.806865,2708.75
8.769775,2709.0
8.771054,2709.25
8.77745,2709.5
8.810702,2709.75
8.742918,2710.0
8.489687,2710.25
8.460271,2710.5
8.492245,2710.75
8.575377,2711.0
8.617581,2711.25
8.597118,2711.5
8.625255,2711.75
8.632929,2712.0
8.617581,2712.25
8.690481,2712.5
8.609908,2712.75
8.639323,2713.0
8.680249,2713.25
8.681528,2713.5
8.722455,2713.75
8.760823,2714.0
8.861859,2714.25
9.053701,2714.5
9.109975,2714.75
9.14067,2715.0
9.171364,2715.25
9.204617,2715.5
9.185432,2715.75
9.135553,2716.0
9.038354,2716.25
8.786402,2716.5
8.421903,2716.75
8.269772,2717.0
8.442429,2717.25
8.576717,2717.5
8.734028,2717.75
8.887501,2718.0
9.019233,2718.25
9.13939,2718.5
9.154737,2718.75
9.164969,2719.0
9.12788,2719.25
9.111254,2719.5
9.069049,2719.75
9.039633,2720.0
9.016612,2720.25
9.028122,2720.5
9.057538,2720.75
9.125322,2721.0
9.15218,2721.25
9.13939,2721.5
9.118927,2721.75
9.071607,2722.0
9.029401,2722.25
8.984638,2722.5
8.928365,2722.75
8.937317,2723.0
8.902786,2723.25
8.900228,2723.5
8.836281,2723.75
8.781286,2724.0
8.733965,2724.25
8.75187,2724.5
8.75187,2724.75
8.78896,2725.0
8.796634,2725.25
8.806865,2725.5
8.808144,2725.75
8.843954,2726.0
8.843954,2726.25
8.826049,2726.5
8.891275,2726.75
8.805586,2727.0
8.693039,2727.25
8.666182,2727.5
8.675134,2727.75
8.650834,2728.0
8.682808,2728.25
8.749312,2728.5
9.029401,2728.75
8.947549,2729.0
9.06777,2729.25
9.198222,2729.5
9.267284,2729.75
9.272401,2730.0
9.255774,2730.25
9.297979,2730.5
9.290306,2730.75
9.255774,2731.0
9.158574,2731.25
9.063932,2731.5
8.776171,2731.75
8.609908,2732.0
8.641881,2732.25
8.765939,2732.5
8.473061,2732.75
8.373303,2733.0
8.603576,2733.25
8.618923,2733.5
8.813322,2733.75
8.895175,2734.0
8.959122,2734.25
9.017891,2734.5
9.076722,2734.75
9.117648,2735.0
9.138111,2735.25
9.166248,2735.5
9.008938,2735.75
8.82477,2736.0
9.117648,2736.25
9.136832,2736.5
9.147064,2736.75
9.124043,2737.0
9.125322,2737.25
9.164969,2737.5
9.2481,2737.75
9.336348,2738.0
9.395179,2738.25
9.428432,2738.5
9.464242,2738.75
9.506345,2739.0
9.48844,2739.25
9.460303,2739.5
9.421934,2739.75
9.323456,2740.0
9.075341,2740.25
9.175098,2740.5
9.065109,2740.75
9.097083,2741.0
9.241604,2741.25
9.310666,2741.5
9.359266,2741.75
9.429608,2742.0
9.507624,2742.25
9.51146,2742.5
9.395077,2742.75
9.447514,2743.0
9.577966,2743.25
9.647029,2743.5
9.627845,2743.75
9.570292,2744.0
9.542155,2744.25
9.490997,2744.5
9.444956,2744.75
9.401471,2745.0
9.354151,2745.25
9.317061,2745.5
9.292761,2745.75
9.273577,2746.0
9.247998,2746.25
9.232651,2746.5
9.223699,2746.75
9.227535,2747.0
9.232651,2747.25
9.218582,2747.5
9.22114,2747.75
9.259509,2748.0
9.254393,2748.25
9.205793,2748.5
9.230093,2748.75
9.178935,2749.0
9.169983,2749.25
9.13673,2749.5
9.152078,2749.75
9.121383,2750.0
9.153357,2750.25
9.180214,2750.5
9.23393,2750.75
9.166145,2751.0
9.162309,2751.25
9.172541,2751.5
9.172541,2751.75
9.135451,2752.0
9.120104,2752.25
9.106035,2752.5
9.085572,2752.75
9.066388,2753.0
9.054877,2753.25
9.04081,2753.5
9.079178,2753.75
9.054877,2754.0
9.097083,2754.25
9.091967,2754.5
9.054877,2754.75
9.042089,2755.0
9.059994,2755.25
9.07662,2755.5
9.103477,2755.75
9.130336,2756.0
9.139288,2756.25
9.153357,2756.5
9.158472,2756.75
9.146961,2757.0
9.121383,2757.25
9.120104,2757.5
9.090688,2757.75
9.085572,2758.0
9.075341,2758.25
9.089409,2758.5
9.070225,2758.75
9.054877,2759.0
9.024183,2759.25
9.012672,2759.5
9.011394,2759.75
8.998604,2760.0
8.976862,2760.25
8.987094,2760.5
9.006278,2760.75
9.047204,2761.0
9.068946,2761.25
9.10092,2761.5
9.104756,2761.75
9.107314,2762.0
9.095804,2762.25
9.086851,2762.5
9.070225,2762.75
9.056156,2763.0
9.025462,2763.25
9.02802,2763.5
9.033135,2763.75
9.034414,2764.0
9.049762,2764.25
9.070225,2764.5
9.122662,2764.75
9.08813,2765.0
9.102199,2765.25
9.126498,2765.5
9.127777,2765.75
9.121383,2766.0
9.132894,2766.25
9.13673,2766.5
9.126498,2766.75
9.098362,2767.0
9.089409,2767.25
9.067667,2767.5
9.056156,2767.75
9.047204,2768.0
9.038251,2768.25
9.024183,2768.5
9.026741,2768.75
9.024183,2769.0
9.030578,2769.25
9.012672,2769.5
9.035693,2769.75
9.051041,2770.0
9.068946,2770.25
9.065109,2770.5
9.080457,2770.75
9.054877,2771.0
9.057436,2771.25
9.031857,2771.5
9.059994,2771.75
9.057436,2772.0
9.104756,2772.25
9.144403,2772.5
9.154635,2772.75
9.131615,2773.0
9.145682,2773.25
9.118825,2773.5
9.102199,2773.75
9.026741,2774.0
9.016509,2774.25
9.016509,2774.5
9.004999,2774.75
8.997325,2775.0
8.992209,2775.25
8.984536,2775.5
8.971746,2775.75
8.96791,2776.0
8.965352,2776.25
8.957678,2776.5
8.946167,2776.75
8.94627,2777.0
8.952664,2777.25
8.966733,2777.5
8.99359,2777.75
9.028122,2778.0
9.042191,2778.25
9.06777,2778.5
9.085675,2778.75
9.089512,2779.0
9.10358,2779.25
9.130438,2779.5
9.026843,2779.75
9.015333,2780.0
8.998707,2780.25
8.984638,2780.5
8.98208,2780.75
8.964175,2781.0
8.952664,2781.25
8.943712,2781.5
8.93348,2781.75
8.93348,2782.0
8.936038,2782.25
8.915575,2782.5
8.953943,2782.75
8.951385,2783.0
8.951385,2783.25
8.944991,2783.5
8.944991,2783.75
8.928365,2784.0
8.929644,2784.25
8.934759,2784.5
8.936038,2784.75
8.928365,2785.0
8.920691,2785.25
8.92197,2785.5
8.919412,2785.75
8.901506,2786.0
8.898949,2786.25
8.879765,2786.5
8.875928,2786.75
8.858023,2787.0
8.856744,2787.25
8.841396,2787.5
8.843954,2787.75
8.831165,2788.0
8.841396,2788.25
8.870812,2788.5
8.89767,2788.75
8.808144,2789.0
8.753149,2789.25
8.742918,2789.5
8.759544,2789.75
8.75187,2790.0
8.759544,2790.25
8.75187,2790.5
8.760823,2790.75
8.753149,2791.0
8.748034,2791.25
8.742918,2791.5
8.776171,2791.75
8.796634,2792.0
8.870812,2792.25
8.915575,2792.5
8.918133,2792.75
8.918133,2793.0
8.925807,2793.25
8.918133,2793.5
8.939876,2793.75
8.891275,2794.0
8.916854,2794.25
8.914296,2794.5
8.913017,2794.75
8.920691,2795.0
8.97057,2795.25
9.001265,2795.5
9.017891,2795.75
9.020449,2796.0
9.005101,2796.25
9.001265,2796.5
8.99487,2796.75
8.961617,2797.0
8.948828,2797.25
8.930923,2797.5
8.915575,2797.75
8.920691,2798.0
8.957781,2798.25
8.914296,2798.5
8.902786,2798.75
8.870812,2799.0
8.859302,2799.25
8.863138,2799.5
8.858023,2799.75
8.835002,2800.0
8.832444,2800.25
8.916854,2800.5
8.930923,2800.75
8.983359,2801.0
9.029401,2801.25
9.028122,2801.5
9.029401,2801.75
9.01917,2802.0
8.980802,2802.25
8.971848,2802.5
8.99359,2802.75
8.956501,2803.0
8.918133,2803.25
8.928365,2803.5
8.953943,2803.75
8.968012,2804.0
8.97057,2804.25
8.973127,2804.5
9.011496,2804.75
9.043469,2805.0
9.051144,2805.25
9.07928,2805.5
9.075443,2805.75
9.061375,2806.0
9.05498,2806.25
9.058817,2806.5
9.093349,2806.75
9.09207,2807.0
9.06777,2807.25
9.021728,2807.5
8.979523,2807.75
8.919412,2808.0
8.915575,2808.25
8.896391,2808.5
8.893833,2808.75
8.866976,2809.0
8.878486,2809.25
8.902786,2809.5
8.919412,2809.75
8.898949,2810.0
8.932201,2810.25
8.969291,2810.5
8.951385,2810.75
8.916854,2811.0
8.89767,2811.25
8.872091,2811.5
8.874649,2811.75
8.856744,2812.0
8.810702,2812.25
8.822212,2812.5
8.827328,2812.75
8.855465,2813.0
8.896391,2813.25
8.948828,2813.5
9.021728,2813.75
8.996149,2814.0
8.99359,2814.25
8.978244,2814.5
8.976965,2814.75
9.016612,2815.0
9.029401,2815.25
8.998707,2815.5
8.975686,2815.75
8.955222,2816.0
8.961617,2816.25
8.928365,2816.5
8.896391,2816.75
8.856744,2817.0
8.861859,2817.25
8.902786,2817.5
8.918133,2817.75
8.856744,2818.0
8.804307,2818.25
8.829886,2818.5
8.797913,2818.75
8.756987,2819.0
8.776171,2819.25
8.756987,2819.5
8.74036,2819.75
8.695597,2820.0
8.677691,2820.25
8.666182,2820.5
8.635487,2820.75
8.617581,2821.0
8.616302,2821.25
8.607349,2821.5
8.603513,2821.75
8.612466,2822.0
8.590724,2822.25
8.584329,2822.5
8.574098,2822.75
8.568981,2823.0
8.560029,2823.25
8.547239,2823.5
8.535729,2823.75
8.533171,2824.0
8.530613,2824.25
8.515265,2824.5
8.525497,2824.75
8.511429,2825.0
8.537008,2825.25
8.556192,2825.5
8.66746,2825.75
8.705829,2826.0
8.750591,2826.25
8.708386,2826.5
8.710944,2826.75
8.689202,2827.0
8.696876,2827.25
8.664903,2827.5
8.666182,2827.75
8.649555,2828.0
8.680249,2828.25
8.74036,2828.5
8.817097,2828.75
8.864417,2829.0
8.891275,2829.25
8.911738,2829.5
8.907902,2829.75
8.893833,2830.0
8.870812,2830.25
8.855465,2830.5
8.808144,2830.75
8.774892,2831.0
8.754428,2831.25
8.728849,2831.5
8.719897,2831.75
8.694318,2832.0
8.690481,2832.25
8.687923,2832.5
8.675134,2832.75
8.649555,2833.0
8.635487,2833.25
8.616302,2833.5
8.611187,2833.75
8.548518,2834.0
8.57026,2834.25
8.55875,2834.5
8.533171,2834.75
8.54596,2835.0
8.538287,2835.25
8.537008,2835.5
8.525497,2835.75
8.525497,2836.0
8.515265,2836.25
8.521661,2836.5
8.515265,2836.75
8.517824,2837.0
8.511429,2837.25
8.502477,2837.5
8.511429,2837.75
8.501198,2838.0
8.484571,2838.25
8.482014,2838.5
8.480735,2838.75
8.484571,2839.0
8.471782,2839.25
8.483293,2839.5
8.470503,2839.75
8.480735,2840.0
8.458992,2840.25
8.464108,2840.5
8.446203,2840.75
8.455218,2841.0
8.453939,2841.25
8.470566,2841.5
8.487192,2841.75
8.51405,2842.0
8.528118,2842.25
8.53707,2842.5
8.530676,2842.75
8.517886,2843.0
8.515328,2843.25
8.505096,2843.5
8.499981,2843.75
8.50126,2844.0
8.519165,2844.25
8.53707,2844.5
8.552418,2844.75
8.560091,2845.0
8.571602,2845.25
8.576717,2845.5
8.561371,2845.75
8.552418,2846.0
8.52556,2846.25
8.519165,2846.5
8.498702,2846.75
8.505096,2847.0
8.508934,2847.25
8.51405,2847.5
8.503818,2847.75
8.507655,2848.0
8.494865,2848.25
8.484633,2848.5
8.48975,2848.75
8.494865,2849.0
8.530676,2849.25
8.612528,2849.5
8.696939,2849.75
8.781349,2850.0
8.822275,2850.25
8.850411,2850.5
8.855528,2850.75
8.832506,2851.0
8.792859,2851.25
8.763444,2851.5
8.71868,2851.75
8.684149,2852.0
8.647059,2852.25
8.650896,2852.5
8.621481,2852.75
8.620202,2853.0
8.612528,2853.25
8.597181,2853.5
8.576717,2853.75
8.505096,2854.0
8.520444,2854.25
8.508934,2854.5
8.496144,2854.75
8.484633,2855.0
8.471845,2855.25
8.465449,2855.5
8.455218,2855.75
8.450102,2856.0
8.437313,2856.25
8.430918,2856.5
8.396387,2856.75
8.413013,2857.0
8.398945,2857.25
8.389992,2857.5
8.386155,2857.75
8.415571,2858.0
8.474402,2858.25
8.553697,2858.5
8.612528,2858.75
8.661128,2859.0
8.680312,2859.25
8.677754,2859.5
8.680312,2859.75
8.679033,2860.0
8.704612,2860.25
8.69566,2860.5
8.672639,2860.75
8.708449,2861.0
8.680312,2861.25
8.664965,2861.5
8.663686,2861.75
8.730191,2862.0
8.785186,2862.25
8.850411,2862.5
8.86448,2862.75
8.860643,2863.0
8.845296,2863.25
8.814601,2863.5
8.783907,2863.75
8.740422,2864.0
8.714844,2864.25
8.643223,2864.5
8.632991,2864.75
8.62276,2865.0
8.654734,2865.25
8.685428,2865.5
8.684149,2865.75
8.681591,2866.0
8.659849,2866.25
8.650896,2866.5
8.616365,2866.75
8.590786,2867.0
8.584392,2867.25
8.597181,2867.5
8.611249,2867.75
8.659849,2868.0
8.679033,2868.25
8.656013,2868.5
8.606133,2868.75
8.586949,2869.0
8.581834,2869.25
8.577996,2869.5
8.566486,2869.75
8.552418,2870.0
8.531955,2870.25
8.503818,2870.5
8.502539,2870.75
8.488471,2871.0
8.482076,2871.25
8.474402,2871.5
8.473124,2871.75
8.469287,2872.0
8.473124,2872.25
8.480797,2872.5
8.473124,2872.75
8.46417,2873.0
8.44115,2873.25
8.448823,2873.5
8.457776,2873.75
8.443707,2874.0
8.519165,2874.25
8.577996,2874.5
8.615086,2874.75
8.638107,2875.0
8.648338,2875.25
8.644502,2875.5
8.634271,2875.75
8.618923,2876.0
8.608691,2876.25
8.592065,2876.5
8.586949,2876.75
8.592065,2877.0
8.620202,2877.25
8.657291,2877.5
8.687985,2877.75
8.694381,2878.0
8.687985,2878.25
8.629154,2878.5
8.579276,2878.75
8.561371,2879.0
8.538349,2879.25
8.52556,2879.5
8.526839,2879.75
8.462892,2880.0
8.447544,2880.25
8.44115,2880.5
8.459055,2880.75
8.448823,2881.0
8.455218,2881.25
8.468007,2881.5
8.53707,2881.75
8.561371,2882.0
8.589507,2882.25
8.595901,2882.5
8.636828,2882.75
8.672639,2883.0
8.714844,2883.25
8.74426,2883.5
8.836344,2883.75
8.832506,2884.0
8.818439,2884.25
8.810764,2884.5
8.803091,2884.75
8.81716,2885.0
8.803091,2885.25
8.753212,2885.5
8.74426,2885.75
8.73147,2886.0
8.722517,2886.25
8.703333,2886.5
8.687985,2886.75
8.703333,2887.0
8.753212,2887.25
8.899012,2887.5
8.966796,2887.75
9.094627,2888.0
9.145785,2888.25
9.217406,2888.5
9.221243,2888.75
9.226358,2889.0
9.26089,2889.25
9.359368,2889.5
9.424595,2889.75
9.493658,2890.0
9.551107,2890.25
9.563897,2890.5
9.48844,2890.75
9.379729,2891.0
9.189167,2891.25
9.062551,2891.5
8.973025,2891.75
8.962793,2892.0
8.951283,2892.25
8.936038,2892.5
9.028122,2892.75
9.069049,2893.0
9.029401,2893.25
9.016612,2893.5
8.968012,2893.75
8.869534,2894.0
8.864417,2894.25
8.859302,2894.5
8.841396,2894.75
8.849071,2895.0
8.811981,2895.25
8.804307,2895.5
8.783844,2895.75
8.778728,2896.0
8.791517,2896.25
8.801749,2896.5
8.808144,2896.75
8.80047,2897.0
8.811981,2897.25
8.799191,2897.5
8.795355,2897.75
8.769775,2898.0
8.765939,2898.25
8.76466,2898.5
8.76466,2898.75
8.763381,2899.0
8.754428,2899.25
8.741639,2899.5
8.745476,2899.75
8.756987,2900.0
8.771054,2900.25
8.776171,2900.5
8.791517,2900.75
8.799191,2901.0
8.818376,2901.25
8.796634,2901.5
8.795355,2901.75
8.765939,2902.0
8.755708,2902.25
8.742918,2902.5
8.749312,2902.75
8.71606,2903.0
8.721176,2903.25
8.69176,2903.5
8.708386,2903.75
8.686645,2904.0
8.693039,2904.25
8.681528,2904.5
8.684087,2904.75
8.664903,2905.0
8.65595,2905.25
8.652113,2905.5
8.638044,2905.75
8.662344,2906.0
8.713502,2906.25
8.806865,2906.5
8.895112,2906.75
8.965454,2907.0
9.010217,2907.25
9.028122,2907.5
9.039633,2907.75
9.037075,2908.0
9.029401,2908.25
8.999986,2908.5
8.95906,2908.75
8.924528,2909.0
8.905344,2909.25
8.883601,2909.5
8.86058,2909.75
8.835002,2910.0
8.797913,2910.25
8.796634,2910.5
8.77745,2910.75
8.767218,2911.0
8.744197,2911.25
8.661065,2911.5
8.634208,2911.75
8.598397,2912.0
8.579213,2912.25
8.630371,2912.5
8.664903,2912.75
8.714781,2913.0
8.762102,2913.25
8.823491,2913.5
8.874649,2913.75
8.855465,2914.0
8.892554,2914.25
8.888718,2914.5
8.891275,2914.75
8.901506,2915.0
8.883601,2915.25
8.835002,2915.5
8.806865,2915.75
8.758265,2916.0
8.616302,2916.25
8.349003,2916.5
8.383597,2916.75
8.420687,2917.0
8.40406,2917.25
8.395107,2917.5
8.401503,2917.75
8.425802,2918.0
8.560091,2918.25
8.727633,2918.5
8.914359,2918.75
9.024348,2919.0
9.176479,2919.25
9.214849,2919.5
9.2481,2919.75
9.223801,2920.0
9.198222,2920.25
9.130438,2920.5
9.051144,2920.75
8.974406,2921.0
8.901506,2921.25
8.843954,2921.5
8.78896,2921.75
8.762102,2922.0
8.722455,2922.25
8.690481,2922.5
8.654671,2922.75
8.640602,2923.0
8.609908,2923.25
8.600955,2923.5
8.577934,2923.75
8.567702,2924.0
8.551076,2924.25
8.54596,2924.5
8.540845,2924.75
8.55875,2925.0
8.551076,2925.25
8.549797,2925.5
8.549797,2925.75
8.548518,2926.0
8.548518,2926.25
8.539566,2926.5
8.533171,2926.75
8.535729,2927.0
8.525497,2927.25
8.521661,2927.5
8.535729,2927.75
8.549797,2928.0
8.548518,2928.25
8.565145,2928.5
8.57026,2928.75
8.566423,2929.0
8.55875,2929.25
8.547239,2929.5
8.529334,2929.75
8.512708,2930.0
8.543403,2930.25
8.602234,2930.5
8.686645,2930.75
8.731407,2931.0
8.778728,2931.25
8.786402,2931.5
8.801749,2931.75
8.781286,2932.0
8.787681,2932.25
8.762102,2932.5
8.758265,2932.75
8.727571,2933.0
8.70455,2933.25
8.673855,2933.5
8.662344,2933.75
8.636765,2934.0
8.57026,2934.25
8.36435,2934.5
8.42836,2934.75
8.561371,2935.0
8.519165,2935.25
8.57416,2935.5
8.73147,2935.75
8.845296,2936.0
8.936101,2936.25
9.012837,2936.5
9.207174,2936.75
9.251938,2937.0
9.26089,2937.25
9.257053,2937.5
9.228916,2937.75
9.167527,2938.0
9.107417,2938.25
9.065211,2938.5
9.106138,2938.75
9.083117,2939.0
9.061375,2939.25
9.051144,2939.5
9.052423,2939.75
8.99487,2940.0
8.900228,2940.25
8.887439,2940.5
8.874649,2940.75
8.879765,2941.0
8.865697,2941.25
8.845233,2941.5
8.877207,2941.75
8.984638,2942.0
9.028122,2942.25
8.987196,2942.5
8.932201,2942.75
8.787681,2943.0
8.705829,2943.25
8.791517,2943.5
8.923249,2943.75
8.992311,2944.0
9.01917,2944.25
9.039633,2944.5
9.028122,2944.75
9.020449,2945.0
8.984638,2945.25
8.952664,2945.5
8.948828,2945.75
8.961617,2946.0
8.980802,2946.25
8.968012,2946.5
8.966733,2946.75
8.934759,2947.0
8.929644,2947.25
8.884881,2947.5
8.872091,2947.75
8.82477,2948.0
8.815818,2948.25
8.803028,2948.5
8.801749,2948.75
8.769775,2949.0
8.755708,2949.25
8.733965,2949.5
8.727571,2949.75
8.717339,2950.0
8.687923,2950.25
8.695597,2950.5
8.698154,2950.75
8.701992,2951.0
8.693039,2951.25
8.695597,2951.5
8.684087,2951.75
8.69176,2952.0
8.693039,2952.25
8.675134,2952.5
8.666182,2952.75
8.653392,2953.0
8.650834,2953.25
8.646997,2953.5
8.640602,2953.75
8.585608,2954.0
8.612466,2954.25
8.616302,2954.5
8.672576,2954.75
8.732686,2955.0
8.840117,2955.25
8.924528,2955.5
8.989754,2955.75
9.024285,2956.0
9.030681,2956.25
9.016612,2956.5
8.99487,2956.75
8.951385,2957.0
8.893833,2957.25
8.855465,2957.5
8.819654,2957.75
8.77745,2958.0
8.765939,2958.25
8.799191,2958.5
8.859302,2958.75
8.916854,2959.0
8.955222,2959.25
8.991033,2959.5
8.99487,2959.75
9.011496,2960.0
9.007659,2960.25
9.020449,2960.5
9.051144,2960.75
9.047306,2961.0
9.056259,2961.25
9.061375,2961.5
9.005101,2961.75
8.881043,2962.0
8.851628,2962.25
8.840117,2962.5
8.846512,2962.75
8.884881,2963.0
8.906623,2963.25
8.887439,2963.5
8.852907,2963.75
8.845233,2964.0
8.835002,2964.25
8.799191,2964.5
8.806865,2964.75
8.849071,2965.0
8.961617,2965.25
9.062654,2965.5
9.136832,2965.75
9.179038,2966.0
9.185432,2966.25
9.181596,2966.5
9.143228,2966.75
9.099743,2967.0
9.029401,2967.25
8.952664,2967.5
8.913017,2967.75
8.864417,2968.0
8.841396,2968.25
8.808144,2968.5
8.805586,2968.75
8.78896,2969.0
8.797913,2969.25
8.77745,2969.5
8.790238,2969.75
8.776171,2970.0
8.765939,2970.25
8.758265,2970.5
8.804307,2970.75
8.888718,2971.0
8.904065,2971.25
8.950107,2971.5
8.985917,2971.75
9.030681,2972.0
9.042191,2972.25
9.207174,2972.5
9.222522,2972.75
9.249379,2973.0
9.088233,2973.25
8.999986,2973.5
8.97057,2973.75
8.898949,2974.0
8.925807,2974.25
8.913017,2974.5
8.879765,2974.75
8.841396,2975.0
8.83756,2975.25
8.804307,2975.5
8.808144,2975.75
8.776171,2976.0
8.776171,2976.25
8.77745,2976.5
8.772333,2976.75
8.77745,2977.0
8.78896,2977.25
8.842675,2977.5
8.925807,2977.75
9.038354,2978.0
9.132996,2978.25
9.189269,2978.5
9.218685,2978.75
9.216127,2979.0
9.185432,2979.25
9.147064,2979.5
9.106138,2979.75
9.069049,2980.0
9.023006,2980.25
8.996149,2980.5
8.943712,2980.75
8.91046,2981.0
8.864417,2981.25
8.846512,2981.5
8.818376,2981.75
8.826049,2982.0
8.86058,2982.25
8.937317,2982.5
8.99487,2982.75
9.061375,2983.0
9.070328,2983.25
9.089512,2983.5
9.080559,2983.75
9.06649,2984.0
9.037075,2984.25
9.026843,2984.5
9.020449,2984.75
8.98208,2985.0
8.971848,2985.25
8.937317,2985.5
8.913017,2985.75
8.895112,2986.0
8.896391,2986.25
8.874649,2986.5
8.842675,2986.75
8.845233,2987.0
8.846512,2987.25
8.780007,2987.5
8.799191,2987.75
8.785123,2988.0
8.755708,2988.25
8.721176,2988.5
8.703271,2988.75
8.700713,2989.0
8.741639,2989.25
8.736523,2989.5
8.739081,2989.75
8.52294,2990.0
8.34133,2990.25
8.615086,2990.5
8.717402,2990.75
8.749375,2991.0
8.745539,2991.25
8.717402,2991.5
8.694381,2991.75
8.502539,2992.0
8.569044,2992.25
8.260818,2992.5
8.262097,2992.75
8.409176,2993.0
8.456497,2993.25
8.462892,2993.5
8.529397,2993.75
8.484633,2994.0
8.506376,2994.25
8.599739,2994.5
8.656013,2994.75
8.617644,2995.0
8.583113,2995.25
8.595901,2995.5
8.603576,2995.75
8.548581,2996.0
8.519165,2996.25
8.521723,2996.5
8.544744,2996.75
8.56265,2997.0
8.529397,2997.25
8.494865,2997.5
8.483355,2997.75
8.473124,2998.0
8.479518,2998.25
8.52556,2998.5
8.519165,2998.75
8.517886,2999.0
8.484633,2999.25
8.479518,2999.5
8.473124,2999.75
8.487192,3000.0
8.446265,3000.25
8.415571,3000.5
8.419408,3000.75
8.401503,3001.0
8.424523,3001.25
8.433476,3001.5
8.471845,3001.75
8.47696,3002.0
8.498702,3002.25
8.602297,3002.5
8.606133,3002.75
8.580555,3003.0
8.552418,3003.25
8.539628,3003.5
8.062582,3003.75
8.19943,3004.0
8.221171,3004.25
8.216056,3004.5
8.201987,3004.75
8.189198,3005.0
8.170013,3005.25
8.175129,3005.5
8.178967,3005.75
8.204545,3006.0
8.212219,3006.25
8.226287,3006.5
8.226287,3006.75
8.240355,3007.0
8.223729,3007.25
8.205824,3007.5
8.29535,3007.75
8.304303,3008.0
8.27105,3008.25
8.35546,3008.5
8.425802,3008.75
8.496144,3009.0
8.523002,3009.25
8.569044,3009.5
8.597181,3009.75
8.567765,3010.0
8.590786,3010.25
8.627875,3010.5
8.659849,3010.75
8.603576,3011.0
8.530676,3011.25
8.48975,3011.5
8.460334,3011.75
8.432198,3012.0
8.432198,3012.25
8.430918,3012.5
8.453939,3012.75
8.452661,3013.0
8.492308,3013.25
8.482076,3013.5
8.508934,3013.75
8.457776,3014.0
8.491029,3014.25
8.497423,3014.5
8.505096,3014.75
8.50126,3015.0
8.494865,3015.25
8.492308,3015.5
8.491029,3015.75
8.484633,3016.0
8.473124,3016.25
8.480797,3016.5
8.497423,3016.75
8.512771,3017.0
8.512771,3017.25
8.519165,3017.5
8.526839,3017.75
8.531955,3018.0
8.569044,3018.25
8.593344,3018.5
8.602297,3018.75
8.613807,3019.0
8.523002,3019.25
8.519165,3019.5
8.584392,3019.75
8.618923,3020.0
8.634271,3020.25
8.659849,3020.5
8.705891,3020.75
8.768559,3021.0
8.759606,3021.25
8.739143,3021.5
8.685428,3021.75
8.680312,3022.0
8.659849,3022.25
8.639386,3022.5
8.612528,3022.75
8.581834,3023.0
8.567765,3023.25
8.56265,3023.5
8.544744,3023.75
8.543466,3024.0
8.538349,3024.25
8.524282,3024.5
8.544744,3024.75
8.52556,3025.0
8.524282,3025.25
8.508934,3025.5
8.439871,3025.75
8.47696,3026.0
8.47696,3026.25
8.382318,3026.5
8.452661,3026.75
8.446265,3027.0
8.36825,3027.25
8.423244,3027.5
8.436034,3027.75
8.364413,3028.0
8.398945,3028.25
8.398945,3028.5
8.397666,3028.75
8.336276,3029.0
8.377203,3029.25
8.387434,3029.5
8.400224,3029.75
8.35546,3030.0
8.374644,3030.25
8.427081,3030.5
8.453939,3030.75
8.378482,3031.0
8.34395,3031.25
8.372087,3031.5
8.358018,3031.75
8.327324,3032.0
8.292792,3032.25
8.285118,3032.5
8.317092,3032.75
8.313255,3033.0
8.306861,3033.25
8.288956,3033.5
8.272329,3033.75
8.254424,3034.0
8.265934,3034.25
8.268493,3034.5
8.280003,3034.75
8.292792,3035.0
8.290235,3035.25
8.255703,3035.5
8.294071,3035.75
8.283839,3036.0
8.262097,3036.25
8.237798,3036.5
8.248029,3036.75
8.274887,3037.0
8.267214,3037.25
8.272329,3037.5
8.254424,3037.75
8.250587,3038.0
8.231403,3038.25
8.258261,3038.5
8.242913,3038.75
8.263376,3039.0
8.262097,3039.25
8.269772,3039.5
8.269772,3039.75
8.260818,3040.0
8.241634,3040.25
8.230124,3040.5
8.240355,3040.75
8.221171,3041.0
8.216056,3041.25
8.213498,3041.5
8.154666,3041.75
8.148272,3042.0
8.172571,3042.25
8.19943,3042.5
8.210939,3042.75
8.217335,3043.0
8.18664,3043.25
8.185361,3043.5
8.227566,3043.75
8.219893,3044.0
8.248029,3044.25
8.250587,3044.5
8.218614,3044.75
8.255703,3045.0
8.262097,3045.25
8.260818,3045.5
8.251866,3045.75
8.240355,3046.0
8.227566,3046.25
8.209661,3046.5
8.207103,3046.75
8.194314,3047.0
8.194314,3047.25
8.210939,3047.5
8.209661,3047.75
8.17385,3048.0
8.16234,3048.25
8.148272,3048.5
8.145714,3048.75
8.130366,3049.0
8.121414,3049.25
8.121414,3049.5
8.123972,3049.75
8.125251,3050.0
8.140598,3050.25
8.079208,3050.5
8.111182,3050.75
8.116298,3051.0
8.11374,3051.25
8.10223,3051.5
8.12653,3051.75
8.099671,3052.0
8.107346,3052.25
8.072814,3052.5
8.077929,3052.75
8.056188,3053.0
8.052351,3053.25
8.035725,3053.5
8.039561,3053.75
7.984567,3054.0
7.999914,3054.25
7.994798,3054.5
7.996077,3054.75
7.979451,3055.0
7.988404,3055.25
7.984567,3055.5
7.997356,3055.75
7.957709,3056.0
7.818304,3056.25
7.697225,3056.5
7.779078,3056.75
7.820004,3057.0
7.831514,3057.25
7.843025,3057.5
7.881393,3057.75
7.827677,3058.0
7.646068,3058.25
7.754778,3058.5
7.80082,3058.75
7.891624,3059.0
7.987545,3059.25
7.999056,3059.5
7.970919,3059.75
7.94534,3060.0
7.928714,3060.25
7.954293,3060.5
7.959409,3060.75
7.965804,3061.0
7.953014,3061.25
7.961967,3061.5
7.960688,3061.75
7.961967,3062.0
7.978593,3062.25
7.949177,3062.5
7.928714,3062.75
7.912088,3063.0
7.901856,3063.25
7.878835,3063.5
7.874999,3063.75
7.850698,3064.0
7.841746,3064.25
7.822562,3064.5
7.827677,3064.75
7.813609,3065.0
7.820004,3065.25
7.81233,3065.5
7.80082,3065.75
7.821283,3066.0
7.81233,3066.25
7.807214,3066.5
7.804657,3066.75
7.811051,3067.0
7.790588,3067.25
7.793146,3067.5
7.828957,3067.75
7.839188,3068.0
7.827677,3068.25
7.804657,3068.5
7.805935,3068.75
7.809772,3069.0
7.831514,3069.25
7.848141,3069.5
7.83663,3069.75
7.826398,3070.0
7.826398,3070.25
7.828957,3070.5
7.818725,3070.75
7.827677,3071.0
7.828957,3071.25
7.867325,3071.5
7.874999,3071.75
7.891624,3072.0
7.867325,3072.25
7.809772,3072.5
7.809772,3072.75
7.804657,3073.0
7.802099,3073.25
7.794425,3073.5
7.799541,3073.75
7.725362,3074.0
7.76373,3074.25
7.756057,3074.5
7.766288,3074.75
7.718967,3075.0
7.721525,3075.25
7.724083,3075.5
7.722804,3075.75
7.718967,3076.0
7.761172,3076.25
7.789309,3076.5
7.818725,3076.75
7.844304,3077.0
7.850698,3077.25
7.857093,3077.5
7.857093,3077.75
7.843025,3078.0
7.828957,3078.25
7.809772,3078.5
7.790588,3078.75
7.766288,3079.0
7.740709,3079.25
7.72792,3079.5
7.730478,3079.75
7.740709,3080.0
7.75222,3080.25
7.767567,3080.5
7.766288,3080.75
7.790588,3081.0
7.821283,3081.25
7.845582,3081.5
7.841746,3081.75
7.845582,3082.0
7.821283,3082.25
7.830235,3082.5
7.825119,3082.75
7.853256,3083.0
7.857093,3083.25
7.868604,3083.5
7.88523,3083.75
7.882672,3084.0
7.874999,3084.25
7.864767,3084.5
7.846862,3084.75
7.834072,3085.0
7.828957,3085.25
7.820004,3085.5
7.816167,3085.75
7.81233,3086.0
7.794425,3086.25
7.844304,3086.5
7.938946,3086.75
7.87244,3087.0
7.843025,3087.25
7.834072,3087.5
7.745825,3087.75
7.73943,3088.0
7.937666,3088.25
7.946619,3088.5
7.959409,3088.75
7.967083,3089.0
7.968361,3089.25
7.970919,3089.5
7.96964,3089.75
7.965804,3090.0
7.960688,3090.25
7.946619,3090.5
7.955572,3090.75
7.931272,3091.0
7.924877,3091.25
7.912088,3091.5
7.910809,3091.75
7.895462,3092.0
7.891624,3092.25
7.88523,3092.5
7.873719,3092.75
7.863488,3093.0
7.839188,3093.25
7.843025,3093.5
7.844304,3093.75
7.786751,3094.0
7.81233,3094.25
7.80082,3094.5
7.811051,3094.75
7.795704,3095.0
7.795704,3095.25
7.784194,3095.5
7.791867,3095.75
7.767567,3096.0
7.814888,3096.25
7.853256,3096.5
7.757336,3096.75
7.750941,3097.0
7.790588,3097.25
7.76373,3097.5
7.665252,3097.75
7.699783,3098.0
7.716409,3098.25
7.851977,3098.5
7.854535,3098.75
7.840467,3099.0
7.832793,3099.25
7.809772,3099.5
7.805935,3099.75
7.786751,3100.0
7.775241,3100.25
7.753499,3100.5
7.753499,3100.75
7.725362,3101.0
7.716409,3101.25
7.694667,3101.5
7.698504,3101.75
7.674204,3102.0
7.694667,3102.25
7.678041,3102.5
7.697225,3102.75
7.707457,3103.0
7.759893,3103.25
7.814888,3103.5
7.881393,3103.75
7.910809,3104.0
7.941504,3104.25
7.946619,3104.5
7.947898,3104.75
7.924877,3105.0
7.905693,3105.25
7.863488,3105.5
7.843025,3105.75
7.799541,3106.0
7.779078,3106.25
7.75222,3106.5
7.745825,3106.75
7.699783,3107.0
7.707457,3107.25
7.67932,3107.5
7.681878,3107.75
7.65502,3108.0
7.662694,3108.25
7.671646,3108.5
7.708735,3108.75
7.748383,3109.0
7.767567,3109.25
7.771404,3109.5
7.775241,3109.75
7.767567,3110.0
7.756057,3110.25
7.73943,3110.5
7.729199,3110.75
7.733036,3111.0
7.775241,3111.25
7.817446,3111.5
7.901856,3111.75
8.013124,3112.0
7.321216,3112.25
6.824056,3112.5
6.718451,3112.75
6.868087,3113.0
6.930755,3113.25
6.966566,3113.5
6.939708,3113.75
6.935871,3114.0
6.92436,3114.25
7.116202,3114.5
7.256886,3114.75
7.273512,3115.0
7.355364,3115.25
7.458959,3115.5
7.546659,3115.75
7.604212,3116.0
7.632349,3116.25
7.659206,3116.5
7.706527,3116.75
7.650254,3117.0
7.647696,3117.25
7.641301,3117.5
7.656649,3117.75
7.623396,3118.0
7.697575,3118.25
7.608049,3118.5
7.562007,3118.75
7.547938,3119.0
7.646417,3119.25
7.668159,3119.5
7.537707,3119.75
7.432834,3120.0
7.501896,3120.25
7.642581,3120.5
7.716759,3120.75
7.760243,3121.0
7.784543,3121.25
7.730827,3121.5
7.831864,3121.75
7.811401,3122.0
7.770474,3122.25
7.73978,3122.5
7.674554,3122.75
7.648975,3123.0
7.642581,3123.25
7.641301,3123.5
7.641301,3123.75
7.628512,3124.0
7.623396,3124.25
7.619559,3124.5
7.634907,3124.75
7.600375,3125.0
7.568401,3125.25
7.617002,3125.5
7.636186,3125.75
7.636186,3126.0
7.63107,3126.25
7.646417,3126.5
7.632349,3126.75
7.604212,3127.0
7.464807,3127.25
7.321565,3127.5
7.257618,3127.75
7.192392,3128.0
7.228202,3128.25
7.084961,3128.5
7.18216,3128.75
7.572238,3129.0
7.322845,3129.25
6.862424,3129.5
6.462662,3129.75
6.669851,3130.0
6.960171,3130.25
6.983192,3130.5
7.148176,3130.75
7.057371,3131.0
7.067602,3131.25
7.171196,3131.5
7.374548,3131.75
7.473027,3132.0
7.559449,3132.25
7.600375,3132.5
7.670717,3132.75
7.647696,3133.0
7.633628,3133.25
7.688622,3133.5
7.860001,3133.75
7.927785,3134.0
7.758964,3134.25
7.654091,3134.5
7.546659,3134.75
7.467365,3135.0
7.486549,3135.25
7.427718,3135.5
7.468644,3135.75
7.183439,3136.0
6.849635,3136.25
6.816929,3136.5
7.117481,3136.75
7.286302,3137.0
7.277349,3137.25
7.340017,3137.5
7.334901,3137.75
7.355364,3138.0
7.334901,3138.25
7.351528,3138.5
7.355364,3138.75
7.380943,3139.0
7.39757,3139.25
7.452564,3139.5
7.468644,3139.75
7.450739,3140.0
7.308776,3140.25
7.232039,3140.5
7.161697,3140.75
7.154024,3141.0
7.27936,3141.25
7.348423,3141.5
7.510849,3141.75
7.446902,3142.0
7.448181,3142.25
7.390628,3142.5
7.320286,3142.75
7.445623,3143.0
7.414928,3143.25
7.398302,3143.5
7.393186,3143.75
7.366328,3144.0
7.362492,3144.25
7.366328,3144.5
7.390628,3144.75
7.393186,3145.0
7.40086,3145.25
7.380397,3145.5
7.402139,3145.75
7.446902,3146.0
7.554333,3146.25
7.682228,3146.5
7.695017,3146.75
7.664322,3147.0
7.75129,3147.25
7.879185,3147.5
7.966153,3147.75
8.080909,3148.0
8.147413,3148.25
8.270192,3148.5
8.317513,3148.75
8.303445,3149.0
8.307281,3149.25
8.189618,3149.5
8.10393,3149.75
8.15125,3150.0
8.244613,3150.25
8.230545,3150.5
8.225429,3150.75
8.222871,3151.0
8.226707,3151.25
8.21264,3151.5
8.19985,3151.75
8.189618,3152.0
8.196013,3152.25
8.198571,3152.5
8.217755,3152.75
8.229266,3153.0
8.231824,3153.25
8.22415,3153.5
8.220313,3153.75
8.171713,3154.0
8.189618,3154.25
8.16404,3154.5
8.15125,3154.75
8.137182,3155.0
8.132066,3155.25
8.129508,3155.5
8.141019,3155.75
8.125671,3156.0
8.12695,3156.25
8.106487,3156.5
8.124393,3156.75
8.111603,3157.0
8.128229,3157.25
8.132066,3157.5
8.146134,3157.75
8.144855,3158.0
8.135903,3158.25
8.138461,3158.5
8.130787,3158.75
8.121835,3159.0
8.107766,3159.25
8.111603,3159.5
8.098814,3159.75
8.088582,3160.0
8.07835,3160.25
8.084745,3160.5
8.084745,3160.75
8.093698,3161.0
8.102651,3161.25
8.105208,3161.5
8.105208,3161.75
8.105208,3162.0
8.112882,3162.25
8.117998,3162.5
8.102651,3162.75
8.112882,3163.0
8.102651,3163.25
8.096255,3163.5
8.096255,3163.75
8.09114,3164.0
8.080909,3164.25
8.073235,3164.5
8.064282,3164.75
8.061724,3165.0
8.051493,3165.25
8.052772,3165.5
8.059166,3165.75
8.046377,3166.0
8.052772,3166.25
8.050214,3166.5
8.075792,3166.75
8.075792,3167.0
8.092419,3167.25
8.070677,3167.5
8.089861,3167.75
8.07835,3168.0
8.073235,3168.25
8.059166,3168.5
8.075792,3168.75
8.07835,3169.0
8.080909,3169.25
8.089861,3169.5
8.094976,3169.75
8.10393,3170.0
8.102651,3170.25
8.106487,3170.5
8.105208,3170.75
7.850698,3171.0
7.93383,3171.25
7.977314,3171.5
7.963245,3171.75
7.953014,3172.0
7.953014,3172.25
7.974756,3172.5
8.00545,3172.75
8.019519,3173.0
8.016961,3173.25
8.015682,3173.5
7.99394,3173.75
7.95813,3174.0
7.974756,3174.25
7.984988,3174.5
7.940225,3174.75
7.914646,3175.0
7.890346,3175.25
7.904414,3175.5
7.886509,3175.75
7.877556,3176.0
7.784194,3176.25
7.784194,3176.5
7.804657,3176.75
7.658857,3177.0
7.738152,3177.25
7.717688,3177.5
7.765009,3177.75
7.790588,3178.0
7.818725,3178.25
7.808493,3178.5
7.820004,3178.75
7.785472,3179.0
7.76373,3179.25
7.718967,3179.5
7.694667,3179.75
7.660136,3180.0
7.631999,3180.25
7.602583,3180.5
7.577004,3180.75
7.548868,3181.0
7.506662,3181.25
7.49771,3181.5
7.478526,3181.75
7.456784,3182.0
7.448181,3182.25
7.454576,3182.5
7.457133,3182.75
7.453297,3183.0
7.450739,3183.25
7.441786,3183.5
7.437949,3183.75
7.414928,3184.0
7.407255,3184.25
7.394465,3184.5
7.389349,3184.75
7.380397,3185.0
7.459692,3185.25
7.486549,3185.5
7.395744,3185.75
7.403418,3186.0
7.394465,3186.25
7.434113,3186.5
7.329239,3186.75
7.326681,3187.0
7.272965,3187.25
7.261455,3187.5
7.294708,3187.75
7.313892,3188.0
7.338192,3188.25
7.334355,3188.5
7.353539,3188.75
7.343307,3189.0
7.335634,3189.25
7.319007,3189.5
7.308776,3189.75
7.283197,3190.0
7.261455,3190.25
7.240992,3190.5
7.21925,3190.75
7.207739,3191.0
7.201344,3191.25
7.196229,3191.5
7.200066,3191.75
7.20646,3192.0
7.20646,3192.25
7.221808,3192.5
7.212855,3192.75
7.216692,3193.0
7.201344,3193.25
7.19495,3193.5
7.175766,3193.75
7.128445,3194.0
7.133561,3194.25
7.119492,3194.5
7.101587,3194.75
7.08624,3195.0
7.074729,3195.25
7.065777,3195.5
7.064497,3195.75
7.052987,3196.0
7.032524,3196.25
7.036361,3196.5
7.032524,3196.75
7.023571,3197.0
7.01334,3197.25
7.004387,3197.5
7.00055,3197.75
7.012061,3198.0
7.012061,3198.25
7.010782,3198.5
7.010782,3198.75
7.006945,3199.0
7.005666,3199.25
7.00183,3199.5
7.010782,3199.75
7.006945,3200.0
7.012061,3200.25
6.992877,3200.5
7.00183,3200.75
6.982646,3201.0
6.983924,3201.25
6.96474,3201.5
6.967298,3201.75
6.951951,3202.0
6.957613,3202.25
6.947381,3202.5
6.946103,3202.75
6.930755,3203.0
6.917966,3203.25
6.903897,3203.5
6.905176,3203.75
6.896224,3204.0
6.889829,3204.25
6.879597,3204.5
6.882155,3204.75
6.869366,3205.0
6.857855,3205.25
6.850182,3205.5
6.868087,3205.75
6.990866,3206.0
7.113644,3206.25
7.066323,3206.5
6.942266,3206.75
6.928197,3207.0
6.900061,3207.25
6.880877,3207.5
6.865529,3207.75
6.854019,3208.0
6.837392,3208.25
6.83995,3208.5
6.818208,3208.75
6.82844,3209.0
6.818208,3209.25
6.819487,3209.5
6.809256,3209.75
6.813092,3210.0
6.800303,3210.25
6.811813,3210.5
6.809256,3210.75
6.797745,3211.0
6.786234,3211.25
6.77984,3211.5
6.784956,3211.75
6.781119,3212.0
6.769608,3212.25
6.802861,3212.5
6.799024,3212.75
6.790071,3213.0
6.786234,3213.25
6.790071,3213.5
6.811813,3213.75
6.810534,3214.0
6.848903,3214.25
6.885992,3214.5
6.905176,3214.75
6.902618,3215.0
6.90134,3215.25
6.897502,3215.5
6.882155,3215.75
6.866808,3216.0
6.847624,3216.25
6.830997,3216.5
6.814371,3216.75
6.79135,3217.0
6.781119,3217.25
6.761935,3217.5
6.752982,3217.75
6.736356,3218.0
6.729961,3218.25
6.710777,3218.5
6.709498,3218.75
6.690314,3219.0
6.68264,3219.25
6.668571,3219.5
6.659619,3219.75
6.657061,3220.0
6.651946,3220.25
6.641714,3220.5
6.649387,3220.75
6.641714,3221.0
6.648108,3221.25
6.645551,3221.5
6.65834,3221.75
6.636598,3222.0
6.645551,3222.25
6.628924,3222.5
6.641714,3222.75
6.623809,3223.0
6.623809,3223.25
6.614856,3223.5
6.621251,3223.75
6.599509,3224.0
6.605904,3224.25
6.594393,3224.5
6.593114,3224.75
6.584161,3225.0
6.57393,3225.25
6.568814,3225.5
6.568814,3225.75
6.558582,3226.0
6.547072,3226.25
6.540677,3226.5
6.538119,3226.75
6.534283,3227.0
6.534283,3227.25
6.530446,3227.5
6.529167,3227.75
6.517656,3228.0
6.518935,3228.25
6.511261,3228.5
6.499751,3228.75
6.494635,3229.0
6.485682,3229.25
6.485682,3229.5
6.483125,3229.75
6.492077,3230.0
6.48952,3230.25
6.492077,3230.5
6.479288,3230.75
6.483125,3231.0
6.470335,3231.25
6.475451,3231.5
6.466498,3231.75
6.457546,3232.0
6.458117,3232.25
6.460674,3232.5
6.472185,3232.75
6.473464,3233.0
6.473464,3233.25
6.470906,3233.5
6.469627,3233.75
6.453001,3234.0
6.470906,3234.25
6.472185,3234.5
6.474743,3234.75
6.46579,3235.0
6.458117,3235.25
6.449164,3235.5
6.44149,3235.75
6.436375,3236.0
6.424864,3236.25
6.433816,3236.5
6.423585,3236.75
6.419748,3237.0
6.421027,3237.25
6.419748,3237.5
6.418469,3237.75
6.409517,3238.0
6.410796,3238.25
6.524621,3238.5
6.571942,3238.75
6.541248,3239.0
6.607753,3239.25
6.559153,3239.5
6.555316,3239.75
6.532295,3240.0
6.506716,3240.25
6.580895,3240.5
6.5502,3240.75
6.546364,3241.0
6.580895,3241.25
6.7446,3241.5
6.456838,3241.75
6.354522,3242.0
6.33278,3242.25
6.305922,3242.5
6.303364,3242.75
6.279064,3243.0
6.261159,3243.25
6.23558,3243.5
6.236859,3243.75
6.243254,3244.0
6.247091,3244.25
6.221512,3244.5
6.170354,3244.75
6.152449,3245.0
6.143497,3245.25
6.139659,3245.5
6.158844,3245.75
6.176749,3246.0
6.18698,3246.25
6.190817,3246.5
6.183144,3246.75
6.176749,3247.0
6.161402,3247.25
6.157565,3247.5
6.149891,3247.75
6.131986,3248.0
6.116639,3248.25
6.105128,3248.5
6.092339,3248.75
6.083386,3249.0
6.076991,3249.25
6.068038,3249.5
6.061644,3249.75
6.046297,3250.0
6.04246,3250.25
6.034786,3250.5
6.014323,3250.75
5.986186,3251.0
5.959328,3251.25
5.925239,3251.5
5.86385,3251.75
5.870244,3252.0
5.85106,3252.25
5.906054,3252.5
5.908613,3252.75
5.926518,3253.0
5.934191,3253.25
5.922681,3253.5
5.966165,3253.75
6.04418,3254.0
6.149054,3254.25
6.206606,3254.5
6.218117,3254.75
6.247533,3255.0
6.257764,3255.25
6.259043,3255.5
6.264159,3255.75
6.264159,3256.0
6.265438,3256.25
6.264159,3256.5
6.251369,3256.75
6.260322,3257.0
6.252648,3257.25
6.250091,3257.5
6.244975,3257.75
6.239859,3258.0
6.228348,3258.25
6.234743,3258.5
6.232185,3258.75
6.225791,3259.0
6.224512,3259.25
6.21428,3259.5
6.218117,3259.75
6.207885,3260.0
6.206606,3260.25
6.198933,3260.5
6.201491,3260.75
6.182306,3261.0
6.188701,3261.25
6.177191,3261.5
6.183586,3261.75
6.175912,3262.0
6.173354,3262.25
6.159286,3262.5
6.164402,3262.75
6.16568,3263.0
6.161843,3263.25
6.156728,3263.5
6.147775,3263.75
6.155449,3264.0
6.152891,3264.25
6.110686,3264.5
5.860013,3264.75
5.64515,3265.0
5.445635,3265.25
5.662093,3265.5
5.85905,3265.75
5.969039,3266.0
6.08127,3266.25
6.166959,3266.5
6.338337,3266.75
6.380543,3267.0
6.406122,3267.25
6.421469,3267.5
6.424027,3267.75
6.422748,3268.0
6.397169,3268.25
6.362638,3268.5
6.343453,3268.75
6.33578,3269.0
6.328106,3269.25
6.340896,3269.5
6.331943,3269.75
6.328106,3270.0
6.316596,3270.25
6.302527,3270.5
6.27567,3270.75
6.274391,3271.0
6.264159,3271.25
6.244975,3271.5
6.23858,3271.75
6.213001,3272.0
6.205328,3272.25
6.228348,3272.5
6.252648,3272.75
6.278227,3273.0
6.296133,3273.25
6.255206,3273.5
6.243696,3273.75
6.181027,3274.0
6.155449,3274.25
6.138823,3274.5
6.142659,3274.75
6.147775,3275.0
6.138823,3275.25
6.133707,3275.5
6.132428,3275.75
6.138823,3276.0
6.251369,3276.25
6.225791,3276.5
6.206606,3276.75
6.294854,3277.0
6.314038,3277.25
6.274391,3277.5
6.147775,3277.75
5.889429,3278.0
5.816529,3278.25
5.789671,3278.5
5.80246,3278.75
5.817808,3279.0
5.829318,3279.25
5.822923,3279.5
5.812692,3279.75
5.792229,3280.0
5.780718,3280.25
5.785834,3280.5
5.780718,3280.75
5.785834,3281.0
5.806297,3281.25
5.847223,3281.5
5.880476,3281.75
5.957212,3282.0
5.909892,3282.25
5.775602,3282.5
5.606782,3282.75
5.532603,3283.0
5.507024,3283.25
5.482724,3283.5
5.468656,3283.75
5.454587,3284.0
5.425488,3284.25
5.383283,3284.5
5.334683,3284.75
5.324451,3285.0
5.307826,3285.25
5.307826,3285.5
5.287362,3285.75
5.287362,3286.0
5.270736,3286.25
5.242599,3286.5
5.234926,3286.75
5.223415,3287.0
5.223415,3287.25
5.211905,3287.5
5.200394,3287.75
5.187604,3288.0
5.178652,3288.25
5.162026,3288.5
5.164584,3288.75
5.1454,3289.0
5.139005,3289.25
5.13261,3289.5
5.128773,3289.75
5.112147,3290.0
5.159468,3290.25
5.178652,3290.5
5.185047,3290.75
5.178652,3291.0
5.16842,3291.25
5.16842,3291.5
5.15691,3291.75
5.159468,3292.0
5.163305,3292.25
5.160747,3292.5
5.186326,3292.75
5.238762,3293.0
5.191442,3293.25
5.154352,3293.5
5.124937,3293.75
5.096799,3294.0
5.098079,3294.25
5.115984,3294.5
5.096799,3294.75
5.098079,3295.0
5.090405,3295.25
5.091684,3295.5
5.071221,3295.75
5.058431,3296.0
5.046921,3296.25
5.027737,3296.5
5.008553,3296.75
5.004715,3297.0
4.990647,3297.25
4.977858,3297.5
4.962511,3297.75
4.954189,3298.0
4.922216,3298.25
4.9171,3298.5
4.927331,3298.75
4.927331,3299.0
4.935005,3299.25
4.924774,3299.5
5.027089,3299.75
5.386472,3300.0
5.593661,3300.25
5.73883,3300.5
5.777198,3300.75
5.769524,3301.0
5.768245,3301.25
5.769524,3301.5
5.873118,3301.75
5.944739,3302.0
6.048334,3302.25
6.142659,3302.5
6.197654,3302.75
6.223233,3303.0
6.255206,3303.25
6.225791,3303.5
6.211722,3303.75
6.091502,3304.0
6.095338,3304.25
6.128591,3304.5
6.124754,3304.75
6.132428,3305.0
6.132428,3305.25
6.099175,3305.5
6.128591,3305.75
6.201491,3306.0
6.163122,3306.25
6.151612,3306.5
6.140101,3306.75
6.120917,3307.0
6.072317,3307.25
6.108128,3307.5
6.11708,3307.75
6.103012,3308.0
5.51214,3308.25
5.327972,3308.5
5.08401,3308.75
5.543151,3309.0
5.974155,3309.25
6.088943,3309.5
5.638755,3309.75
5.365061,3310.0
5.082731,3310.25
5.0239,3310.5
5.029016,3310.75
5.009831,3311.0
4.956116,3311.25
4.937563,3311.5
5.039878,3311.75
5.209978,3312.0
5.607729,3312.25
6.050892,3312.5
5.739792,3312.75
5.386804,3313.0
5.293757,3313.25
5.385841,3313.5
5.531641,3313.75
5.581519,3314.0
5.660814,3314.25
5.742666,3314.5
5.811729,3314.75
5.856492,3315.0
6.003571,3315.25
6.022439,3315.5
6.108128,3315.75
6.284622,3316.0
6.209164,3316.25
6.094059,3316.5
6.124754,3316.75
6.223233,3317.0
6.256485,3317.25
6.269275,3317.5
6.251369,3317.75
6.31148,3318.0
6.264159,3318.25
6.233464,3318.5
6.097896,3318.75
5.781997,3319.0
5.522371,3319.25
5.329251,3319.5
4.98809,3319.75
4.98681,3320.0
5.25411,3320.25
5.274573,3320.5
5.196557,3320.75
5.240041,3321.0
5.390957,3321.25
5.393515,3321.5
5.412699,3321.75
5.415257,3322.0
5.691508,3322.25
6.048334,3322.5
6.188701,3322.75
6.210443,3323.0
6.201491,3323.25
6.362638,3323.5
6.447048,3323.75
6.462395,3324.0
6.6231,3324.25
6.597521,3324.5
6.467069,3324.75
6.367311,3325.0
6.421027,3325.25
6.486253,3325.5
6.524621,3325.75
6.548922,3326.0
6.561711,3326.25
6.644842,3326.5
6.692163,3326.75
6.687047,3327.0
6.699837,3327.25
6.730532,3327.5
6.743321,3327.75
6.761226,3328.0
6.75739,3328.25
6.735647,3328.5
6.666584,3328.75
6.661469,3329.0
6.681931,3329.25
6.694721,3329.5
6.658911,3329.75
6.653795,3330.0
6.748437,3330.25
6.665305,3330.5
6.653795,3330.75
6.672979,3331.0
6.7203,3331.25
6.782968,3331.5
6.713905,3331.75
6.628216,3332.0
6.583453,3332.25
6.557874,3332.5
6.556595,3332.75
6.589848,3333.0
6.606474,3333.25
6.625658,3333.5
6.638448,3333.75
6.621821,3334.0
6.656353,3334.25
6.666584,3334.5
6.666584,3334.75
6.661469,3335.0
6.624379,3335.25
6.634611,3335.5
6.620543,3335.75
6.591126,3336.0
6.583453,3336.25
6.571942,3336.5
6.564269,3336.75
6.561711,3337.0
6.568106,3337.25
6.574501,3337.5
6.586011,3337.75
6.586011,3338.0
6.61159,3338.25
6.63589,3338.5
6.675537,3338.75
6.685769,3339.0
6.688326,3339.25
6.670421,3339.5
6.693442,3339.75
6.687047,3340.0
6.670421,3340.25
6.661469,3340.5
6.651237,3340.75
6.652516,3341.0
6.6474,3341.25
6.632053,3341.5
6.621821,3341.75
6.633332,3342.0
6.630774,3342.25
6.632053,3342.5
6.6231,3342.75
6.61159,3343.0
6.601358,3343.25
6.602637,3343.5
6.614148,3343.75
6.624379,3344.0
6.641006,3344.25
6.66019,3344.5
6.651237,3344.75
6.655074,3345.0
6.639727,3345.25
6.626937,3345.5
6.626937,3345.75
6.6231,3346.0
6.6231,3346.25
6.646121,3346.5
6.657632,3346.75
6.652516,3347.0
6.665305,3347.25
6.670421,3347.5
6.68449,3347.75
6.675537,3348.0
6.670421,3348.25
6.656353,3348.5
6.653795,3348.75
6.630774,3349.0
6.644842,3349.25
6.643563,3349.5
6.649958,3349.75
6.643563,3350.0
6.639727,3350.25
6.632053,3350.5
6.626937,3350.75
6.619263,3351.0
6.610311,3351.25
6.602637,3351.5
6.588569,3351.75
6.580895,3352.0
6.571942,3352.25
6.575779,3352.5
6.570663,3352.75
6.569385,3353.0
6.560432,3353.25
6.557874,3353.5
6.548922,3353.75
6.518227,3354.0
6.532295,3354.25
6.529737,3354.5
6.536132,3354.75
6.533574,3355.0
6.528459,3355.25
6.505437,3355.5
6.497764,3355.75
6.497764,3356.0
6.500321,3356.25
6.548922,3356.5
6.6231,3356.75
6.672979,3357.0
6.716463,3357.25
6.754831,3357.5
6.7689,3357.75
6.766342,3358.0
6.762505,3358.25
6.743321,3358.5
6.731811,3358.75
6.699837,3359.0
6.699837,3359.25
6.679374,3359.5
6.657632,3359.75
6.641006,3360.0
6.649958,3360.25
6.649958,3360.5
6.655074,3360.75
6.664026,3361.0
6.66019,3361.25
6.669142,3361.5
6.655074,3361.75
6.652516,3362.0
6.644842,3362.25
6.648679,3362.5
6.639727,3362.75
6.644842,3363.0
6.634611,3363.25
6.619263,3363.5
6.609032,3363.75
6.594964,3364.0
6.591126,3364.25
6.594964,3364.5
6.588569,3364.75
6.583453,3365.0
6.586011,3365.25
6.571942,3365.5
6.583453,3365.75
6.586011,3366.0
6.591126,3366.25
6.593685,3366.5
6.615427,3366.75
6.614148,3367.0
6.633332,3367.25
6.656353,3367.5
6.6717,3367.75
6.689605,3368.0
6.743321,3368.25
6.735647,3368.5
6.729252,3368.75
6.724137,3369.0
6.7203,3369.25
6.719021,3369.5
6.7203,3369.75
6.717742,3370.0
6.715184,3370.25
6.710068,3370.5
6.704953,3370.75
6.687047,3371.0
6.681931,3371.25
6.678095,3371.5
6.665305,3371.75
6.661469,3372.0
6.652516,3372.25
6.651237,3372.5
6.642284,3372.75
6.639727,3373.0
6.625658,3373.25
6.624379,3373.5
6.605195,3373.75
6.582174,3374.0
6.592406,3374.25
6.589848,3374.5
6.580895,3374.75
6.582174,3375.0
6.642284,3375.25
6.685769,3375.5
6.734368,3375.75
6.761226,3376.0
6.775294,3376.25
6.771458,3376.5
6.779131,3376.75
6.774015,3377.0
6.765063,3377.25
6.75739,3377.5
6.747158,3377.75
6.736926,3378.0
6.726695,3378.25
6.717742,3378.5
6.7203,3378.75
6.713905,3379.0
6.704953,3379.25
6.702395,3379.5
6.702395,3379.75
6.68321,3380.0
6.681931,3380.25
6.664026,3380.5
6.666584,3380.75
6.653795,3381.0
6.651237,3381.25
6.655074,3381.5
6.675537,3381.75
6.665305,3382.0
6.694721,3382.25
6.701116,3382.5
6.692163,3382.75
6.687047,3383.0
6.68449,3383.25
6.675537,3383.5
6.666584,3383.75
6.653795,3384.0
6.646121,3384.25
6.63589,3384.5
6.612869,3384.75
6.616705,3385.0
6.606474,3385.25
6.602637,3385.5
6.591126,3385.75
6.593685,3386.0
6.588569,3386.25
6.589848,3386.5
6.600079,3386.75
6.5988,3387.0
6.593685,3387.25
6.586011,3387.5
6.588569,3387.75
6.584732,3388.0
6.579616,3388.25
6.575779,3388.5
6.568106,3388.75
6.564269,3389.0
6.555316,3389.25
6.545084,3389.5
6.543806,3389.75
6.533574,3390.0
6.527179,3390.25
6.528459,3390.5
6.541248,3390.75
6.532295,3391.0
6.536132,3391.25
6.523343,3391.5
6.534853,3391.75
6.529737,3392.0
6.523343,3392.25
6.519506,3392.5
6.518227,3392.75
6.505437,3393.0
6.510553,3393.25
6.507995,3393.5
6.507995,3393.75
6.477301,3394.0
6.492648,3394.25
6.500321,3394.5
6.500321,3394.75
6.504158,3395.0
6.49009,3395.25
6.50288,3395.5
6.500321,3395.75
6.500321,3396.0
6.524621,3396.25
6.325106,3396.5
6.276506,3396.75
6.298248,3397.0
6.326385,3397.25
6.327664,3397.5
6.336617,3397.75
6.318712,3398.0
6.316154,3398.25
6.325106,3398.5
6.380101,3398.75
6.419748,3399.0
6.445327,3399.25
6.445327,3399.5
6.456838,3399.75
6.46579,3400.0
6.499043,3400.25
6.47858,3400.5
6.461953,3400.75
6.518227,3401.0
6.545084,3401.25
6.556595,3401.5
6.560432,3401.75
6.557874,3402.0
6.554037,3402.25
6.543806,3402.5
6.548922,3402.75
6.5259,3403.0
6.511832,3403.25
6.497764,3403.5
6.492648,3403.75
6.50288,3404.0
6.532295,3404.25
6.566827,3404.5
6.591126,3404.75
6.606474,3405.0
6.606474,3405.25
6.609032,3405.5
6.600079,3405.75
6.5988,3406.0
6.577058,3406.25
6.574501,3406.5
6.569385,3406.75
6.584732,3407.0
6.583453,3407.25
6.58729,3407.5
6.579616,3407.75
6.583453,3408.0
6.584732,3408.25
6.573221,3408.5
6.56299,3408.75
6.533574,3409.0
6.513111,3409.25
6.496485,3409.5
6.484974,3409.75
6.472185,3410.0
6.454279,3410.25
6.44149,3410.5
6.437654,3410.75
6.432538,3411.0
6.415911,3411.25
6.403122,3411.5
6.395448,3411.75
6.399285,3412.0
6.38138,3412.25
6.383938,3412.5
6.440211,3412.75
6.433816,3413.0
6.391612,3413.25
6.484974,3413.5
6.516948,3413.75
6.428701,3414.0
6.413353,3414.25
6.415911,3414.5
6.431259,3414.75
6.414632,3415.0
6.413353,3415.25
6.404401,3415.5
6.404401,3415.75
6.395448,3416.0
6.387774,3416.25
6.38138,3416.5
6.374985,3416.75
6.374985,3417.0
6.363475,3417.25
6.35708,3417.5
6.349406,3417.75
6.348127,3418.0
6.336617,3418.25
6.328943,3418.5
6.327664,3418.75
6.32127,3419.0
6.32127,3419.25
6.316154,3419.5
6.323827,3419.75
6.317433,3420.0
6.318712,3420.25
6.314875,3420.5
6.323827,3420.75
6.311038,3421.0
6.281622,3421.25
6.270112,3421.5
6.266275,3421.75
6.256043,3422.0
6.233022,3422.25
6.217675,3422.5
6.206164,3422.75
6.201049,3423.0
6.184422,3423.25
6.176749,3423.5
6.171633,3423.75
6.158844,3424.0
6.153728,3424.25
6.160122,3424.5
6.158844,3424.75
6.155007,3425.0
6.161402,3425.25
6.149891,3425.5
6.119196,3425.75
6.165238,3426.0
6.385217,3426.25
6.426143,3426.5
6.097455,3426.75
6.282901,3427.0
6.280343,3427.25
6.49009,3427.5
6.658911,3427.75
6.648679,3428.0
6.835405,3428.25
6.872494,3428.5
6.855868,3428.75
6.855868,3429.0
6.85331,3429.25
6.857147,3429.5
6.854589,3429.75
6.845636,3430.0
6.846915,3430.25
6.895515,3430.5
6.973531,3430.75
7.095739,3431.0
6.988307,3431.25
6.955055,3431.5
6.923081,3431.75
6.88855,3432.0
6.925639,3432.25
6.933313,3432.5
6.889829,3432.75
6.781119,3433.0
6.729961,3433.25
6.747866,3433.5
6.825882,3433.75
6.769608,3434.0
6.769608,3434.25
6.788793,3434.5
6.793908,3434.75
6.790071,3435.0
6.756819,3435.25
6.765771,3435.5
6.760655,3435.75
6.774724,3436.0
6.797745,3436.25
6.810534,3436.5
6.80414,3436.75
6.800303,3437.0
6.801582,3437.25
6.787513,3437.5
6.788793,3437.75
6.778561,3438.0
6.756819,3438.25
6.759377,3438.5
6.758098,3438.75
6.759377,3439.0
6.752982,3439.25
6.747866,3439.5
6.721008,3439.75
6.726124,3440.0
6.713335,3440.25
6.697988,3440.5
6.696708,3440.75
6.727403,3441.0
6.75554,3441.25
6.836113,3441.5
6.925639,3441.75
6.952497,3442.0
6.920524,3442.25
6.823324,3442.5
6.807977,3442.75
6.796466,3443.0
6.747866,3443.25
6.672409,3443.5
6.53684,3443.75
6.557303,3444.0
6.397436,3444.25
6.327664,3444.5
6.277785,3444.75
6.372427,3445.0
6.504158,3445.25
6.401843,3445.5
6.264996,3445.75
5.86085,3446.0
5.71805,3446.25
5.77816,3446.5
5.829318,3446.75
5.710376,3447.0
5.746187,3447.25
5.70654,3447.5
5.783276,3447.75
5.792229,3448.0
5.793508,3448.25
5.785834,3448.5
5.907333,3448.75
5.913728,3449.0
5.946981,3449.25
5.971281,3449.5
5.941865,3449.75
5.944423,3450.0
5.898381,3450.25
5.936749,3450.5
5.954655,3450.75
5.957212,3451.0
5.989186,3451.25
5.994302,3451.5
5.982791,3451.75
5.994302,3452.0
5.993023,3452.25
5.975118,3452.5
5.962328,3452.75
5.968723,3453.0
6.016044,3453.25
5.995581,3453.5
5.904776,3453.75
5.908613,3454.0
5.958491,3454.25
5.903497,3454.5
5.900939,3454.75
5.927797,3455.0
5.938028,3455.25
5.961049,3455.5
5.97256,3455.75
5.981513,3456.0
5.970002,3456.25
5.957212,3456.5
5.955934,3456.75
5.952096,3457.0
5.939307,3457.25
5.930355,3457.5
5.936749,3457.75
5.938028,3458.0
5.940586,3458.25
5.952096,3458.5
5.945702,3458.75
5.944423,3459.0
5.810134,3459.25
5.757697,3459.5
5.776881,3459.75
5.825481,3460.0
5.773045,3460.25
5.710376,3460.5
5.781997,3460.75
5.758976,3461.0
5.739792,3461.25
5.732118,3461.5
5.746187,3461.75
5.725724,3462.0
5.707819,3462.25
5.721887,3462.5
5.750023,3462.75
5.738513,3463.0
5.691192,3463.25
5.701424,3463.5
5.730839,3463.75
5.724445,3464.0
5.707819,3464.25
5.700145,3464.5
5.69375,3464.75
5.677124,3465.0
5.677124,3465.25
5.672008,3465.5
5.666892,3465.75
5.651545,3466.0
5.641313,3466.25
5.637476,3466.5
5.636198,3466.75
5.670729,3467.0
5.689913,3467.25
5.71805,3467.5
5.730839,3467.75
5.743629,3468.0
5.747466,3468.25
5.750023,3468.5
5.744908,3468.75
5.728281,3469.0
5.723166,3469.25
5.702703,3469.5
5.687355,3469.75
5.670729,3470.0
5.663055,3470.25
5.656661,3470.5
5.642592,3470.75
5.628524,3471.0
5.619571,3471.25
5.610619,3471.5
5.610619,3471.75
5.599108,3472.0
5.590156,3472.25
5.58504,3472.5
5.570971,3472.75
5.573529,3473.0
5.564577,3473.25
5.556903,3473.5
5.555624,3473.75
5.515977,3474.0
5.52493,3474.25
5.515977,3474.5
5.513419,3474.75
5.500629,3475.0
5.495514,3475.25
5.478888,3475.5
5.486561,3475.75
5.472493,3476.0
5.476329,3476.25
5.462261,3476.5
5.474088,3476.75
5.462577,3477.0
5.46002,3477.25
5.456183,3477.5
5.454904,3477.75
5.440835,3478.0
5.424209,3478.25
5.421651,3478.5
5.420372,3478.75
5.408862,3479.0
5.402467,3479.25
5.385841,3479.5
5.392236,3479.75
5.374331,3480.0
5.379446,3480.25
5.375609,3480.5
5.380725,3480.75
5.366657,3481.0
5.379446,3481.25
5.369215,3481.5
5.397351,3481.75
5.406304,3482.0
5.402467,3482.25
5.393515,3482.5
5.38712,3482.75
5.383283,3483.0
5.383283,3483.25
5.378167,3483.5
5.369215,3483.75
5.371772,3484.0
5.365378,3484.25
5.36282,3484.5
5.357704,3484.75
5.358983,3485.0
5.348752,3485.25
5.347473,3485.5
5.341078,3485.75
5.339799,3486.0
5.339799,3486.25
5.344915,3486.5
5.351309,3486.75
5.355146,3487.0
5.348752,3487.25
5.341078,3487.5
5.335962,3487.75
5.32701,3488.0
5.312941,3488.25
5.307826,3488.5
5.293757,3488.75
5.288641,3489.0
5.270736,3489.25
5.272015,3489.5
5.260504,3489.75
5.257946,3490.0
5.251552,3490.25
5.248994,3490.5
5.24132,3490.75
5.237484,3491.0
5.237484,3491.25
5.22981,3491.5
5.223415,3491.75
5.222136,3492.0
5.215741,3492.25
5.208068,3492.5
5.214462,3492.75
5.236205,3493.0
5.424209,3493.25
5.365378,3493.5
5.218299,3493.75
5.08401,3494.0
5.098079,3494.25
5.029016,3494.5
4.911353,3494.75
4.997674,3495.0
4.95291,3495.25
4.949074,3495.5
4.899195,3495.75
4.929889,3496.0
4.992558,3496.25
5.047552,3496.5
5.066736,3496.75
5.055226,3497.0
4.982326,3497.25
4.978489,3497.5
4.853153,3497.75
4.858269,3498.0
4.8928,3498.25
4.891521,3498.5
4.896637,3498.75
4.871058,3499.0
4.890242,3499.25
4.887684,3499.5
4.863384,3499.75
4.809669,3500.0
4.913263,3500.25
4.964421,3500.5
5.078247,3500.75
5.130683,3501.0
5.133242,3501.25
5.140915,3501.5
5.143473,3501.75
5.211257,3502.0
5.262415,3502.25
5.396704,3502.5
5.291831,3502.75
5.298225,3503.0
5.373683,3503.25
5.42484,3503.5
5.391588,3503.75
5.197189,3504.0
5.41333,3504.25
5.441467,3504.5
5.405656,3504.75
5.36473,3505.0
5.433793,3505.25
5.495183,3505.5
5.561056,3505.75
5.616051,3506.0
5.65314,3506.25
5.671045,3506.5
5.672324,3506.75
5.715808,3507.0
5.764408,3507.25
5.724761,3507.5
5.571288,3507.75
5.477925,3508.0
5.431883,3508.25
5.300152,3508.5
5.351309,3508.75
5.323173,3509.0
5.315499,3509.25
5.367936,3509.5
5.595588,3509.75
5.609656,3510.0
5.530362,3510.25
5.52013,3510.5
5.489435,3510.75
5.540593,3511.0
5.591751,3511.25
5.585356,3511.5
5.553382,3511.75
5.532919,3512.0
5.52013,3512.25
5.499667,3512.5
5.480483,3512.75
5.463857,3513.0
5.434441,3513.25
5.417815,3513.5
5.425488,3513.75
5.412699,3514.0
5.403746,3514.25
5.397351,3514.5
5.371772,3514.75
5.240041,3515.0
5.25411,3515.25
5.30271,3515.5
5.305267,3515.75
5.301431,3516.0
5.292478,3516.25
5.28992,3516.5
5.279688,3516.75
5.278409,3517.0
5.260504,3517.25
5.257946,3517.5
5.251552,3517.75
5.237484,3518.0
5.22981,3518.25
5.220857,3518.5
5.214462,3518.75
5.209347,3519.0
5.211905,3519.25
5.196557,3519.5
5.196557,3519.75
5.18121,3520.0
5.18121,3520.25
5.172257,3520.5
5.172257,3520.75
5.159468,3521.0
5.159468,3521.25
5.147957,3521.5
5.150515,3521.75
5.144121,3522.0
5.13261,3522.25
5.133889,3522.5
5.131331,3522.75
5.131331,3523.0
5.130052,3523.25
5.127494,3523.5
5.119821,3523.75
5.119821,3524.0
5.114705,3524.25
5.107031,3524.5
5.099358,3524.75
5.090405,3525.0
5.080173,3525.25
5.076336,3525.5
5.057152,3525.75
5.062268,3526.0
5.057152,3526.25
5.057152,3526.5
5.054595,3526.75
5.052037,3527.0
5.050757,3527.25
5.0482,3527.5
5.029016,3527.75
5.041805,3528.0
5.034132,3528.25
5.031573,3528.5
5.032853,3528.75
5.027737,3529.0
5.022621,3529.25
5.017505,3529.5
5.016226,3529.75
5.012389,3530.0
5.007274,3530.25
4.9996,3530.5
4.9996,3530.75
4.993205,3531.0
4.990647,3531.25
4.982974,3531.5
4.98681,3531.75
4.976579,3532.0
4.976579,3532.25
4.972742,3532.5
4.967626,3532.75
4.958673,3533.0
4.963142,3533.25
4.961863,3533.5
4.963142,3533.75
4.932447,3534.0
4.946516,3534.25
4.936284,3534.5
4.9414,3534.75
4.931169,3535.0
4.929889,3535.25
4.924774,3535.5
4.929889,3535.75
4.914542,3536.0
4.918379,3536.25
4.909426,3536.5
4.913263,3536.75
4.909426,3537.0
4.904311,3537.25
4.8928,3537.5
4.903032,3537.75
4.8928,3538.0
4.895358,3538.25
4.890242,3538.5
4.881289,3538.75
4.882568,3539.0
4.878732,3539.25
4.874895,3539.5
4.877453,3539.75
4.871058,3540.0
4.863384,3540.25
4.860826,3540.5
4.858269,3540.75
4.851874,3541.0
4.853153,3541.25
4.842921,3541.5
4.849316,3541.75
4.842921,3542.0
4.839085,3542.25
4.836526,3542.5
4.831411,3542.75
4.828853,3543.0
4.822458,3543.25
4.821179,3543.5
4.814785,3543.75
4.813506,3544.0
4.801995,3544.25
4.80839,3544.5
4.805832,3544.75
4.801995,3545.0
4.7956,3545.25
4.794322,3545.5
4.790484,3545.75
4.789206,3546.0
4.786648,3546.25
4.78409,3546.5
4.776416,3546.75
4.768743,3547.0
4.770021,3547.25
4.764905,3547.5
4.755953,3547.75
4.762348,3548.0
4.758511,3548.25
4.757232,3548.5
4.757232,3548.75
4.754674,3549.0
4.750837,3549.25
4.753395,3549.5
4.800716,3549.75
4.830132,3550.0
4.794322,3550.25
4.785369,3550.5
4.78409,3550.75
4.781532,3551.0
4.743164,3551.25
4.702238,3551.5
4.722701,3551.75
4.750837,3552.0
4.680495,3552.25
4.630617,3552.5
4.624222,3552.75
4.542369,3553.0
4.596085,3553.25
4.52958,3553.5
4.617827,3553.75
4.61399,3554.0
4.575622,3554.25
4.569227,3554.5
4.587132,3554.75
4.605038,3555.0
4.644685,3555.25
4.620385,3555.5
4.670264,3555.75
4.657475,3556.0
4.624222,3556.25
4.509117,3556.5
4.394012,3556.75
4.375368,3557.0
4.454663,3557.25
4.517331,3557.5
4.417573,3557.75
4.417573,3558.0
4.5071,3558.25
4.509657,3558.5
4.571047,3558.75
4.526284,3559.0
4.548026,3559.25
4.590231,3559.5
4.624763,3559.75
4.596626,3560.0
4.581278,3560.25
4.573605,3560.5
4.622204,3560.75
4.62732,3561.0
4.587673,3561.25
4.624763,3561.5
4.620925,3561.75
4.623483,3562.0
4.59151,3562.25
4.581278,3562.5
4.571047,3562.75
4.559536,3563.0
4.545468,3563.25
4.503263,3563.5
4.493031,3563.75
4.498147,3564.0
4.521168,3564.25
4.531399,3564.5
4.526284,3564.75
4.517331,3565.0
4.508379,3565.25
4.431642,3565.5
4.426526,3565.75
4.484078,3566.0
4.448268,3566.25
4.489194,3566.5
4.545468,3566.75
4.528841,3567.0
4.481521,3567.25
4.463615,3567.5
4.495589,3567.75
4.475126,3568.0
4.358742,3568.25
4.269216,3568.5
4.234684,3568.75
4.244916,3569.0
4.322932,3569.25
4.381763,3569.5
4.3613,3569.75
4.297353,3570.0
4.322932,3570.25
4.352347,3570.5
4.404784,3570.75
4.422689,3571.0
4.508379,3571.25
4.560815,3571.5
4.61581,3571.75
4.658015,3572.0
4.614531,3572.25
4.560815,3572.5
4.540352,3572.75
4.467452,3573.0
4.5071,3573.25
4.522447,3573.5
4.533957,3573.75
4.510936,3574.0
4.525005,3574.25
4.521168,3574.5
4.532679,3574.75
4.522447,3575.0
4.523726,3575.25
4.521168,3575.5
4.523726,3575.75
4.517331,3576.0
4.516052,3576.25
4.509657,3576.5
4.516052,3576.75
4.519889,3577.0
4.527563,3577.25
4.548026,3577.5
4.563373,3577.75
4.568489,3578.0
4.56721,3578.25
4.541631,3578.5
4.546747,3578.75
4.565931,3579.0
4.565931,3579.25
4.549304,3579.5
4.496868,3579.75
4.533957,3580.0
4.549304,3580.25
4.582557,3580.5
4.587673,3580.75
4.59151,3581.0
4.587673,3581.25
4.588952,3581.5
4.578721,3581.75
4.578721,3582.0
4.565931,3582.25
4.562094,3582.5
4.545468,3582.75
4.548026,3583.0
4.541631,3583.25
4.540352,3583.5
4.540352,3583.75
4.54291,3584.0
4.546747,3584.25
4.550584,3584.5
4.562094,3584.75
4.590231,3585.0
4.611973,3585.25
4.62732,3585.5
4.668246,3585.75
4.669525,3586.0
4.659294,3586.25
4.64011,3586.5
4.641388,3586.75
4.637552,3587.0
4.655457,3587.25
4.65162,3587.5
4.590231,3587.75
4.579999,3588.0
4.581278,3588.25
4.665689,3588.5
4.67592,3588.75
4.709173,3589.0
4.753936,3589.25
4.74882,3589.5
4.756494,3589.75
4.759051,3590.0
4.713009,3590.25
4.673362,3590.5
4.618368,3590.75
4.660573,3591.0
4.68743,3591.25
4.68743,3591.5
4.692546,3591.75
4.719404,3592.0
4.794862,3592.25
4.840904,3592.5
4.85753,3592.75
4.858809,3593.0
4.860088,3593.25
4.85753,3593.5
4.851135,3593.75
4.831951,3594.0
4.852414,3594.25
4.838346,3594.5
4.825557,3594.75
4.815325,3595.0
4.811488,3595.25
4.805093,3595.5
4.803814,3595.75
4.514773,3596.0
4.499426,3596.25
4.490473,3596.5
4.499426,3596.75
4.480242,3597.0
4.477684,3597.25
4.480242,3597.5
4.585115,3597.75
4.710452,3598.0
4.715568,3598.25
4.696383,3598.5
4.744983,3598.75
4.76161,3599.0
4.504541,3599.25
4.702778,3599.5
4.764167,3599.75
4.771841,3600.0
4.619647,3600.25
4.558257,3600.5
4.51861,3600.75
4.491752,3601.0
4.432921,3601.25
4.412457,3601.5
4.384321,3601.75
4.371531,3602.0
4.357463,3602.25
4.335721,3602.5
4.311421,3602.75
4.317816,3603.0
4.311421,3603.25
4.310142,3603.5
4.292237,3603.75
4.293516,3604.0
4.279448,3604.25
4.2884,3604.5
4.311421,3604.75
4.310142,3605.0
4.297353,3605.25
4.290958,3605.5
4.282005,3605.75
4.273053,3606.0
4.269216,3606.25
4.266658,3606.5
4.265379,3606.75
4.257706,3607.0
4.25259,3607.25
4.244916,3607.5
4.242358,3607.75
4.232127,3608.0
4.230848,3608.25
4.223174,3608.5
4.220616,3608.75
4.214221,3609.0
4.189921,3609.25
4.220616,3609.5
4.257706,3609.75
4.267937,3610.0
4.257706,3610.25
4.253869,3610.5
4.2641,3610.75
4.275611,3611.0
4.258985,3611.25
4.320374,3611.5
4.398389,3611.75
4.384321,3612.0
4.44571,3612.25
4.417573,3612.5
4.376647,3612.75
4.311421,3613.0
4.260263,3613.25
4.197595,3613.5
4.202711,3613.75
4.221895,3614.0
4.206548,3614.25
4.188643,3614.5
4.195037,3614.75
4.127253,3615.0
4.183527,3615.25
4.282005,3615.5
4.255147,3615.75
4.235963,3616.0
4.235963,3616.25
4.246195,3616.5
4.238521,3616.75
4.216779,3617.0
4.2155,3617.25
4.212943,3617.5
4.209105,3617.75
4.20399,3618.0
4.197595,3618.25
4.180969,3618.5
4.186085,3618.75
4.189921,3619.0
4.184806,3619.25
4.182248,3619.5
4.182248,3619.75
4.175853,3620.0
4.172016,3620.25
4.166901,3620.5
4.164342,3620.75
4.160506,3621.0
4.152832,3621.25
4.152832,3621.5
4.151553,3621.75
4.141322,3622.0
4.142601,3622.25
4.133648,3622.5
4.137485,3622.75
4.128532,3623.0
4.128532,3623.25
4.11958,3623.5
4.127253,3623.75
4.120859,3624.0
4.1183,3624.25
4.113185,3624.5
4.108069,3624.75
4.10679,3625.0
4.101675,3625.25
4.100395,3625.5
4.092722,3625.75
4.092722,3626.0
4.086327,3626.25
4.085048,3626.5
4.078653,3626.75
4.078653,3627.0
4.068422,3627.25
4.07098,3627.5
4.067143,3627.75
4.065864,3628.0
4.059469,3628.25
4.060748,3628.5
4.050517,3628.75
4.056911,3629.0
4.054353,3629.25
4.050517,3629.5
4.050517,3629.75
4.047959,3630.0
4.044122,3630.25
4.042843,3630.5
4.041564,3630.75
4.035169,3631.0
4.032611,3631.25
4.030054,3631.5
4.031332,3631.75
4.023659,3632.0
4.019822,3632.25
4.018543,3632.5
4.017264,3632.75
4.014706,3633.0
4.021101,3633.25
4.019822,3633.5
4.032611,3633.75
4.023659,3634.0
4.045401,3634.25
4.054353,3634.5
4.065864,3634.75
4.064585,3635.0
4.07098,3635.25
4.067143,3635.5
4.067143,3635.75
4.063306,3636.0
4.054353,3636.25
4.049238,3636.5
4.044122,3636.75
4.037727,3637.0
4.031332,3637.25
4.027495,3637.5
4.014706,3637.75
4.015985,3638.0
4.007032,3638.25
4.005754,3638.5
4.000638,3638.75
3.999359,3639.0
3.991685,3639.25
3.990406,3639.5
3.980175,3639.75
3.984011,3640.0
3.980175,3640.25
3.975059,3640.5
3.975059,3640.75
3.971222,3641.0
3.971222,3641.25
3.968664,3641.5
3.980265,3641.75
3.972591,3642.0
3.971312,3642.25
3.967475,3642.5
3.964917,3642.75
3.959802,3643.0
3.953407,3643.25
3.953407,3643.5
3.954686,3643.75
3.945733,3644.0
3.94957,3644.25
3.940618,3644.5
3.944454,3644.75
3.936781,3645.0
3.935502,3645.25
3.930386,3645.5
3.934223,3645.75
3.922712,3646.0
3.92527,3646.25
3.921433,3646.5
3.922712,3646.75
3.917597,3647.0
3.91376,3647.25
3.91376,3647.5
3.912481,3647.75
3.909923,3648.0
3.908644,3648.25
3.907365,3648.5
3.897133,3648.75
3.902249,3649.0
3.894576,3649.25
3.897133,3649.5
3.893296,3649.75
3.890739,3650.0
3.885623,3650.25
3.884344,3650.5
3.883065,3650.75
3.879228,3651.0
3.875391,3651.25
3.866439,3651.5
3.868997,3651.75
3.86516,3652.0
3.863881,3652.25
3.861323,3652.5
3.862602,3652.75
3.853649,3653.0
3.854928,3653.25
3.852371,3653.5
3.853649,3653.75
3.831907,3654.0
3.835744,3654.25
3.837023,3654.5
3.839581,3654.75
3.825513,3655.0
3.833186,3655.25
3.82935,3655.5
3.831907,3655.75
3.825513,3656.0
3.825513,3656.25
3.820397,3656.5
3.817839,3656.75
3.810165,3657.0
3.812723,3657.25
3.807607,3657.5
3.802492,3657.75
3.801213,3658.0
3.796097,3658.25
3.796097,3658.5
3.79226,3658.75
3.790981,3659.0
3.787144,3659.25
3.787144,3659.5
3.783307,3659.75
3.783307,3660.0
3.779471,3660.25
3.776913,3660.5
3.774355,3660.75
3.770518,3661.0
3.769239,3661.25
3.76796,3661.5
3.770518,3661.75
3.761565,3662.0
3.761565,3662.25
3.752613,3662.5
3.759007,3662.75
3.750055,3663.0
3.753892,3663.25
3.747497,3663.5
3.750055,3663.75
3.742381,3664.0
3.742381,3664.25
3.742381,3664.5
3.738544,3664.75
3.734708,3665.0
3.727034,3665.25
3.729592,3665.5
3.723197,3665.75
3.724476,3666.0
3.725755,3666.25
3.723197,3666.5
3.720639,3666.75
3.718081,3667.0
3.716802,3667.25
3.714244,3667.5
3.709129,3667.75
3.705292,3668.0
3.704013,3668.25
3.705292,3668.5
3.705292,3668.75
3.701455,3669.0
3.697618,3669.25
3.697618,3669.5
3.698897,3669.75
3.69506,3670.0
3.692502,3670.25
3.693781,3670.5
3.689945,3670.75
3.688666,3671.0
3.679713,3671.25
3.675876,3671.5
3.680992,3671.75
3.682271,3672.0
3.68355,3672.25
3.686108,3672.5
3.684829,3672.75
3.679713,3673.0
3.679713,3673.25
3.672039,3673.5
3.674597,3673.75
3.652855,3674.0
3.664366,3674.25
3.657971,3674.5
3.660529,3674.75
3.654134,3675.0
3.657971,3675.25
3.652855,3675.5
3.65925,3675.75
3.656692,3676.0
3.649018,3676.25
3.651576,3676.5
3.649018,3676.75
3.664366,3677.0
3.664366,3677.25
3.669482,3677.5
3.665645,3677.75
3.660529,3678.0
3.65925,3678.25
3.655413,3678.5
3.650297,3678.75
3.645181,3679.0
3.640066,3679.25
3.647739,3679.5
3.654134,3679.75
3.656692,3680.0
3.65925,3680.25
3.65925,3680.5
3.661808,3680.75
3.661808,3681.0
3.661808,3681.25
3.654134,3681.5
3.650297,3681.75
3.647739,3682.0
3.643903,3682.25
3.640066,3682.5
3.643903,3682.75
3.640066,3683.0
3.641345,3683.25
3.636229,3683.5
3.641345,3683.75
3.633671,3684.0
3.633671,3684.25
3.627276,3684.5
3.63495,3684.75
3.627276,3685.0
3.629834,3685.25
3.629834,3685.5
3.637508,3685.75
3.628555,3686.0
3.638787,3686.25
3.641345,3686.5
3.638787,3686.75
3.636229,3687.0
3.633671,3687.25
3.633671,3687.5
3.632392,3687.75
3.631113,3688.0
3.627276,3688.25
3.627276,3688.5
3.628555,3688.75
3.62344,3689.0
3.619603,3689.25
3.615766,3689.5
3.61065,3689.75
3.599139,3690.0
3.585071,3690.25
3.577398,3690.5
3.579955,3690.75
3.582513,3691.0
3.57484,3691.25
3.57484,3691.5
3.568445,3691.75
3.572282,3692.0
3.569724,3692.25
3.571003,3692.5
3.556934,3692.75
3.567166,3693.0
3.560771,3693.25
3.559492,3693.5
3.56205,3693.75
3.540308,3694.0
3.545424,3694.25
3.544145,3694.5
3.546703,3694.75
3.540308,3695.0
3.536471,3695.25
3.532634,3695.5
3.533913,3695.75
3.524961,3696.0
3.52624,3696.25
3.519845,3696.5
3.522403,3696.75
3.516008,3697.0
3.517287,3697.25
3.514729,3697.5
3.51345,3697.75
3.507056,3698.0
3.504498,3698.25
3.503219,3698.5
3.505777,3698.75
3.500661,3699.0
3.499382,3699.25
3.487871,3699.5
3.495545,3699.75
3.491708,3700.0
3.490429,3700.25
3.486593,3700.5
3.48915,3700.75
3.481477,3701.0
3.478919,3701.25
3.475082,3701.5
3.472524,3701.75
3.485167,3702.0
3.48133,3702.25
3.478772,3702.5
3.478772,3702.75
3.476214,3703.0
3.473656,3703.25
3.472377,3703.5
3.463425,3703.75
3.465982,3704.0
3.459588,3704.25
3.459588,3704.5
3.458309,3704.75
3.45703,3705.0
3.453193,3705.25
3.450635,3705.5
3.448077,3705.75
3.446798,3706.0
3.440404,3706.25
3.436567,3706.5
3.431451,3706.75
3.436567,3707.0
3.434009,3707.25
3.43273,3707.5
3.436567,3707.75
3.435288,3708.0
3.43273,3708.25
3.43273,3708.5
3.428893,3708.75
3.425056,3709.0
3.42122,3709.25
3.423777,3709.5
3.425056,3709.75
3.41994,3710.0
3.41994,3710.25
3.413546,3710.5
3.416104,3710.75
3.399477,3711.0
3.405872,3711.25
3.402035,3711.5
3.405872,3711.75
3.398199,3712.0
3.400756,3712.25
3.398199,3712.5
3.398199,3712.75
3.38413,3713.0
3.390525,3713.25
3.387967,3713.5
3.391804,3713.75
3.375178,3714.0
3.381572,3714.25
3.377735,3714.5
3.377735,3714.75
3.376456,3715.0
3.375178,3715.25
3.373899,3715.5
3.367504,3715.75
3.368783,3716.0
3.366225,3716.25
3.364946,3716.5
3.366225,3716.75
3.364946,3717.0
3.362388,3717.25
3.357272,3717.5
3.357272,3717.75
3.352157,3718.0
3.344483,3718.25
3.340646,3718.5
3.344483,3718.75
3.344483,3719.0
3.303557,3719.25
3.289488,3719.5
3.313788,3719.75
3.329136,3720.0
3.344483,3720.25
3.345762,3720.5
3.343204,3720.75
3.340646,3721.0
3.33553,3721.25
3.33553,3721.5
3.332972,3721.75
3.332972,3722.0
3.331693,3722.25
3.329136,3722.5
3.327857,3722.75
3.32402,3723.0
3.32402,3723.25
3.32402,3723.5
3.321462,3723.75
3.32402,3724.0
3.321462,3724.25
3.321462,3724.5
3.32402,3724.75
3.320183,3725.0
3.308672,3725.25
3.315067,3725.5
3.306115,3725.75
3.309951,3726.0
3.304836,3726.25
3.313788,3726.5
3.326578,3726.75
3.418662,3727.0
3.402035,3727.25
3.353436,3727.5
3.330415,3727.75
3.514582,3728.0
3.755024,3728.25
3.903381,3728.5
4.021044,3728.75
4.097928,3729.0
4.403595,3729.25
4.340927,3729.5
4.278259,3729.75
4.587763,3730.0
4.678478,3730.25
4.303748,3730.5
4.505821,3730.75
4.631157,3731.0
4.666967,3731.25
4.471289,3731.5
4.17969,3731.75
4.601741,3732.0
4.619647,3732.25
4.296074,3732.5
3.858675,3732.75
3.757729,3733.0
3.614487,3733.25
3.467408,3733.5
3.552951,3733.75
3.682124,3734.0
3.675729,3734.25
3.661661,3734.5
3.651429,3734.75
3.651429,3735.0
3.641198,3735.25
3.665498,3735.5
3.678287,3735.75
3.641198,3736.0
3.652708,3736.25
3.637361,3736.5
3.633524,3736.75
3.630966,3737.0
3.551672,3737.25
3.426335,3737.5
3.266467,3737.75
3.212752,3738.0
3.246004,3738.25
3.280536,3738.5
3.260073,3738.75
3.316346,3739.0
3.340646,3739.25
3.375178,3739.5
3.355993,3739.75
3.341925,3740.0
3.325299,3740.25
3.316346,3740.5
3.298441,3740.75
3.325299,3741.0
3.315067,3741.25
3.586203,3741.5
3.762697,3741.75
3.861176,3742.0
3.810019,3742.25
3.838155,3742.5
3.894429,3742.75
3.934076,3743.0
3.937913,3743.25
4.104176,3743.5
4.193849,3743.75
4.183617,3744.0
4.136296,3744.25
4.004565,3744.5
4.16827,3744.75
4.393363,3745.0
4.303838,3745.25
3.892018,3745.5
3.814002,3745.75
3.702734,3746.0
3.689945,3746.25
3.679713,3746.5
3.682271,3746.75
3.637508,3747.0
3.540308,3747.25
3.390672,3747.5
3.380293,3747.75
3.449356,3748.0
3.469819,3748.25
3.444241,3748.5
3.425056,3748.75
3.362388,3749.0
3.320183,3749.25
3.284373,3749.5
3.247283,3749.75
3.196126,3750.0
3.394362,3750.25
3.394362,3750.5
3.343204,3750.75
3.265188,3751.0
3.208915,3751.25
3.176941,3751.5
3.091252,3751.75
3.125783,3752.0
3.19101,3752.25
3.201241,3752.5
3.180778,3752.75
3.115552,3753.0
3.092531,3753.25
3.082299,3753.5
3.047768,3753.75
3.074626,3754.0
3.086136,3754.25
3.072068,3754.5
3.128341,3754.75
3.161594,3755.0
3.088694,3755.25
3.229378,3755.5
3.26263,3755.75
3.228099,3756.0
3.187173,3756.25
3.206357,3756.5
3.258794,3756.75
3.260073,3757.0
3.183336,3757.25
3.159036,3757.5
3.157757,3757.75
3.12962,3758.0
3.143689,3758.25
3.219146,3758.5
3.261352,3758.75
3.284373,3759.0
3.304836,3759.25
3.295883,3759.5
3.284373,3759.75
3.265188,3760.0
3.253678,3760.25
3.242167,3760.5
3.235773,3760.75
3.214031,3761.0
3.211473,3761.25
3.205078,3761.5
3.220425,3761.75
3.220425,3762.0
3.222983,3762.25
3.22682,3762.5
3.240888,3762.75
3.21531,3763.0
3.246004,3763.25
3.267746,3763.5
3.290767,3763.75
3.284373,3764.0
3.362388,3764.25
3.464704,3764.5
3.520977,3764.75
3.536325,3765.0
3.503072,3765.25
3.494119,3765.5
3.504351,3765.75
3.489004,3766.0
3.417383,3766.25
3.298441,3766.5
3.297162,3766.75
3.252399,3767.0
3.224262,3767.25
3.187173,3767.5
3.130899,3767.75
3.169268,3768.0
3.235773,3768.25
3.242167,3768.5
3.257515,3768.75
3.257515,3769.0
3.254957,3769.25
3.29972,3769.5
3.303557,3769.75
3.293325,3770.0
3.29972,3770.25
3.29972,3770.5
3.290767,3770.75
3.269025,3771.0
3.214031,3771.25
3.184615,3771.5
3.244725,3771.75
3.217867,3772.0
3.100205,3772.25
3.127063,3772.5
3.112994,3772.75
3.095089,3773.0
3.060557,3773.25
3.125783,3773.5
3.115552,3773.75
3.10532,3774.0
3.114273,3774.25
3.109157,3774.5
3.102762,3774.75
3.096368,3775.0
3.109157,3775.25
3.063115,3775.5
2.949289,3775.75
2.913852,3776.0
2.906178,3776.25
2.990589,3776.5
3.048141,3776.75
3.083952,3777.0
3.106973,3777.25
3.132551,3777.5
3.140225,3777.75
3.104415,3778.0
3.092904,3778.25
3.101857,3778.5
3.02512,3778.75
3.005936,3779.0
3.005936,3779.25
3.018726,3779.5
3.030236,3779.75
3.026399,3780.0
2.97652,3780.25
2.984194,3780.5
3.027678,3780.75
3.068604,3781.0
3.082673,3781.25
3.138946,3781.5
3.155573,3781.75
3.163246,3782.0
3.178594,3782.25
3.15813,3782.5
3.159409,3782.75
3.149178,3783.0
3.145341,3783.25
3.133831,3783.5
3.138946,3783.75
3.129994,3784.0
3.128715,3784.25
3.119762,3784.5
3.126157,3784.75
3.113367,3785.0
3.096741,3785.25
3.118483,3785.5
3.126157,3785.75
3.124878,3786.0
3.113367,3786.25
3.115925,3786.5
3.11081,3786.75
3.105694,3787.0
3.103136,3787.25
3.099299,3787.5
3.092904,3787.75
3.090346,3788.0
3.087789,3788.25
3.087789,3788.5
3.085231,3788.75
3.076278,3789.0
3.07372,3789.25
3.078836,3789.5
3.069883,3789.75
3.07372,3790.0
3.069883,3790.25
3.066046,3790.5
3.06221,3790.75
3.059652,3791.0
3.057094,3791.25
3.051978,3791.5
3.043025,3791.75
3.044304,3792.0
3.040468,3792.25
3.045583,3792.5
3.059652,3792.75
3.068604,3793.0
3.082673,3793.25
3.089067,3793.5
3.096741,3793.75
3.082673,3794.0
3.090346,3794.25
3.080115,3794.5
3.085231,3794.75
3.074999,3795.0
3.069883,3795.25
3.055815,3795.5
3.058373,3795.75
3.051978,3796.0
3.046862,3796.25
3.046862,3796.5
3.039189,3796.75
3.032794,3797.0
3.02512,3797.25
3.02512,3797.5
3.022562,3797.75
3.020005,3798.0
3.016168,3798.25
3.012331,3798.5
3.008494,3798.75
3.004657,3799.0
3.002099,3799.25
2.998262,3799.5
2.994426,3799.75
2.988031,3800.0
2.988031,3800.25
2.985473,3800.5
2.981636,3800.75
2.981636,3801.0
2.975241,3801.25
2.97652,3801.5
2.970126,3801.75
2.970126,3802.0
2.96501,3802.25
2.963731,3802.5
2.954778,3802.75
2.957336,3803.0
2.953499,3803.25
2.954778,3803.5
2.944547,3803.75
2.949663,3804.0
2.948384,3804.25
2.945826,3804.5
2.944547,3804.75
2.94071,3805.0
2.939431,3805.25
2.934315,3805.5
2.934315,3805.75
2.929199,3806.0
2.930478,3806.25
2.925363,3806.5
2.926642,3806.75
2.920247,3807.0
2.922805,3807.25
2.918968,3807.5
2.918968,3807.75
2.912573,3808.0
2.908736,3808.25
2.902342,3808.5
2.907457,3808.75
2.906178,3809.0
2.902342,3809.25
2.899784,3809.5
2.898505,3809.75
2.897226,3810.0
2.894668,3810.25
2.89211,3810.5
2.890831,3810.75
2.885715,3811.0
2.883157,3811.25
2.881879,3811.5
2.881879,3811.75
2.878042,3812.0
2.875484,3812.25
2.872926,3812.5
2.870368,3812.75
2.870368,3813.0
2.86781,3813.25
2.865252,3813.5
2.861415,3813.75
2.851184,3814.0
2.855021,3814.25
2.853742,3814.5
2.853742,3814.75
2.847347,3815.0
2.847347,3815.25
2.84351,3815.5
2.851184,3815.75
2.846068,3816.0
2.844789,3816.25
2.838394,3816.5
2.84351,3816.75
2.837116,3817.0
2.837116,3817.25
2.833279,3817.5
2.830721,3817.75
2.828163,3818.0
2.826884,3818.25
2.826884,3818.5
2.823047,3818.75
2.821768,3819.0
2.812816,3819.25
2.815373,3819.5
2.810258,3819.75
2.814095,3820.0
2.806421,3820.25
2.8077,3820.5
2.802584,3820.75
2.803863,3821.0
2.798747,3821.25
2.801305,3821.5
2.802584,3821.75
2.796189,3822.0
2.79491,3822.25
2.793632,3822.5
2.797468,3822.75
2.79491,3823.0
2.793632,3823.25
2.789795,3823.5
2.789795,3823.75
2.788516,3824.0
2.789795,3824.25
2.785958,3824.5
2.784679,3824.75
2.780842,3825.0
2.780842,3825.25
2.780842,3825.5
2.780842,3825.75
2.780842,3826.0
2.778284,3826.25
2.775726,3826.5
2.771889,3826.75
2.770611,3827.0
2.766774,3827.25
2.764216,3827.5
2.766774,3827.75
2.761658,3828.0
2.761658,3828.25
2.760379,3828.5
2.757821,3828.75
2.756542,3829.0
2.755263,3829.25
2.753984,3829.5
2.752705,3829.75
2.750147,3830.0
2.74631,3830.25
2.743753,3830.5
2.743753,3830.75
2.741195,3831.0
2.739916,3831.25
2.737358,3831.5
2.739916,3831.75
2.736079,3832.0
2.7348,3832.25
2.733521,3832.5
2.730963,3832.75
2.727126,3833.0
2.729684,3833.25
2.727126,3833.5
2.727126,3833.75
2.718174,3834.0
2.719453,3834.25
2.719453,3834.5
2.722011,3834.75
2.720732,3835.0
2.716895,3835.25
2.715616,3835.5
2.711779,3835.75
2.713058,3836.0
2.709221,3836.25
2.706663,3836.5
2.729684,3836.75
2.741195,3837.0
2.7348,3837.25
2.707942,3837.5
2.719453,3837.75
2.723289,3838.0
2.745032,3838.25
2.755263,3838.5
2.775726,3838.75
2.773168,3839.0
2.778284,3839.25
2.756542,3839.5
2.727126,3839.75
2.748868,3840.0
2.770611,3840.25
2.779563,3840.5
2.768053,3840.75
2.765495,3841.0
2.765495,3841.25
2.738637,3841.5
2.752705,3841.75
2.760379,3842.0
2.782121,3842.25
2.778284,3842.5
2.775726,3842.75
2.796189,3843.0
2.811537,3843.25
2.803863,3843.5
2.793632,3843.75
2.796189,3844.0
2.787237,3844.25
2.782121,3844.5
2.858858,3844.75
2.912573,3845.0
2.899784,3845.25
2.889552,3845.5
2.890831,3845.75
2.885715,3846.0
2.869089,3846.25
2.857579,3846.5
2.853742,3846.75
2.84351,3847.0
2.832,3847.25
2.899784,3847.5
2.971405,3847.75
2.988031,3848.0
2.981636,3848.25
2.977799,3848.5
2.971405,3848.75
2.958615,3849.0
2.930478,3849.25
2.947105,3849.5
3.036631,3849.75
3.045583,3850.0
3.083952,3850.25
3.058373,3850.5
3.054536,3850.75
3.083952,3851.0
3.163246,3851.25
3.173478,3851.5
3.076278,3851.75
3.048141,3852.0
2.89211,3852.25
2.849905,3852.5
2.895947,3852.75
2.851184,3853.0
2.815373,3853.25
2.8077,3853.5
2.79491,3853.75
2.769331,3854.0
2.733521,3854.25
2.732242,3854.5
2.655505,3854.75
2.665737,3855.0
2.583885,3855.25
2.55319,3855.5
2.567258,3855.75
2.608185,3856.0
2.760379,3856.25
2.817931,3856.5
2.812816,3856.75
2.801305,3857.0
2.792352,3857.25
2.773168,3857.5
2.693874,3857.75
2.696432,3858.0
2.723289,3858.25
2.732242,3858.5
2.732242,3858.75
2.730963,3859.0
2.732242,3859.25
2.725847,3859.5
2.713058,3859.75
2.709221,3860.0
2.701547,3860.25
2.693874,3860.5
2.696432,3860.75
2.692595,3861.0
2.691316,3861.25
2.691316,3861.5
2.6862,3861.75
2.681084,3862.0
2.677248,3862.25
2.683642,3862.5
2.670853,3862.75
2.668295,3863.0
2.658063,3863.25
2.660621,3863.5
2.652948,3863.75
2.664458,3864.0
2.714337,3864.25
2.742474,3864.5
2.738637,3864.75
2.745032,3865.0
2.753984,3865.25
2.756542,3865.5
2.757821,3865.75
2.757821,3866.0
2.764216,3866.25
2.770611,3866.5
2.775726,3866.75
2.775726,3867.0
2.777005,3867.25
2.773168,3867.5
2.773168,3867.75
2.779563,3868.0
2.780842,3868.25
2.771889,3868.5
2.770611,3868.75
2.765495,3869.0
2.761658,3869.25
2.760379,3869.5
2.760379,3869.75
2.755263,3870.0
2.752705,3870.25
2.751426,3870.5
2.748868,3870.75
2.745032,3871.0
2.741195,3871.25
2.736079,3871.5
2.736079,3871.75
2.732242,3872.0
2.727126,3872.25
2.727126,3872.5
2.723289,3872.75
2.725847,3873.0
2.718174,3873.25
2.718174,3873.5
2.713058,3873.75
2.702826,3874.0
2.704105,3874.25
2.705384,3874.5
2.701547,3874.75
2.700269,3875.0
2.69899,3875.25
2.69899,3875.5
2.700269,3875.75
2.697711,3876.0
2.697711,3876.25
2.692595,3876.5
2.693874,3876.75
2.684921,3877.0
2.6862,3877.25
2.681084,3877.5
2.678526,3877.75
2.675969,3878.0
2.67469,3878.25
2.672132,3878.5
2.670853,3878.75
2.667016,3879.0
2.668295,3879.25
2.670853,3879.5
2.659342,3879.75
2.654227,3880.0
2.654227,3880.25
2.655505,3880.5
2.663179,3880.75
2.673411,3881.0
2.679806,3881.25
2.678526,3881.5
2.6862,3881.75
2.683642,3882.0
2.678526,3882.25
2.672132,3882.5
2.675969,3882.75
2.673411,3883.0
2.678526,3883.25
2.681084,3883.5
2.679806,3883.75
2.678526,3884.0
2.67469,3884.25
2.673411,3884.5
2.664458,3884.75
2.667016,3885.0
2.659342,3885.25
2.660621,3885.5
2.660621,3885.75
2.660621,3886.0
2.660621,3886.25
2.660621,3886.5
2.669574,3886.75
2.677248,3887.0
2.678526,3887.25
2.852463,3887.5
3.118483,3887.75
3.222078,3888.0
3.105694,3888.25
2.924084,3888.5
2.881879,3888.75
2.870368,3889.0
2.865252,3889.25
2.855021,3889.5
2.915131,3889.75
2.945826,3890.0
2.94071,3890.25
2.888273,3890.5
2.869089,3890.75
2.944547,3891.0
3.032794,3891.25
3.055815,3891.5
3.078836,3891.75
3.269398,3892.0
3.433103,3892.25
3.525187,3892.5
3.531209,3892.75
3.376456,3893.0
3.37262,3893.25
3.42122,3893.5
3.409709,3893.75
3.462146,3894.0
3.646314,3894.25
3.442961,3894.5
3.109157,3894.75
2.921153,3895.0
2.84351,3895.25
2.774447,3895.5
2.7105,3895.75
2.647832,3896.0
2.658063,3896.25
2.844789,3896.5
2.770611,3896.75
2.760379,3897.0
2.9049,3897.25
3.02512,3897.5
3.048141,3897.75
3.121041,3898.0
3.147899,3898.25
3.040468,3898.5
2.91641,3898.75
2.875484,3899.0
2.848626,3899.25
2.737358,3899.5
2.67469,3899.75
2.646553,3900.0
2.6376,3900.25
2.614579,3900.5
2.750147,3900.75
2.871647,3901.0
2.918968,3901.25
2.959894,3901.5
3.003378,3901.75
2.980357,3902.0
2.797468,3902.25
2.6619,3902.5
2.610743,3902.75
2.636321,3903.0
2.633764,3903.25
2.629927,3903.5
2.610743,3903.75
2.540401,3904.0
2.770611,3904.25
2.6862,3904.5
2.688758,3904.75
2.780842,3905.0
2.881879,3905.25
2.898505,3905.5
2.917689,3905.75
2.943268,3906.0
2.780842,3906.25
2.612021,3906.5
2.596674,3906.75
2.627369,3907.0
2.713058,3907.25
2.720732,3907.5
2.700269,3907.75
2.691316,3908.0
2.687479,3908.25
2.679806,3908.5
2.675969,3908.75
2.638879,3909.0
2.631206,3909.25
2.619695,3909.5
2.618416,3909.75
2.647832,3910.0
2.713058,3910.25
2.751426,3910.5
2.751426,3910.75
2.729684,3911.0
2.724568,3911.25
2.705384,3911.5
2.670853,3911.75
2.659342,3912.0
2.631206,3912.25
2.619695,3912.5
2.606906,3912.75
2.600511,3913.0
2.591558,3913.25
2.590279,3913.5
2.582606,3913.75
2.571095,3914.0
2.565979,3914.25
2.571095,3914.5
2.569816,3914.75
2.563421,3915.0
2.559585,3915.25
2.55319,3915.5
2.554469,3915.75
2.545516,3916.0
2.544237,3916.25
2.539122,3916.5
2.539122,3916.75
2.535285,3917.0
2.535285,3917.25
2.535285,3917.5
2.535285,3917.75
2.530169,3918.0
2.526332,3918.25
2.548074,3918.5
2.594116,3918.75
2.631206,3919.0
2.770611,3919.25
2.931757,3919.5
3.160688,3919.75
2.912573,3920.0
2.96501,3920.25
2.863973,3920.5
2.828163,3920.75
2.748868,3921.0
2.720732,3921.25
2.701547,3921.5
2.693874,3921.75
2.684921,3922.0
2.690037,3922.25
2.750147,3922.5
2.768053,3922.75
2.768053,3923.0
2.769331,3923.25
2.768053,3923.5
2.764216,3923.75
2.765495,3924.0
2.7591,3924.25
2.760379,3924.5
2.761658,3924.75
2.757821,3925.0
2.755263,3925.25
2.755263,3925.5
2.753984,3925.75
2.752705,3926.0
2.750147,3926.25
2.737358,3926.5
2.649111,3926.75
2.599232,3927.0
2.590279,3927.25
2.586442,3927.5
2.572374,3927.75
2.567258,3928.0
2.563421,3928.25
2.554469,3928.5
2.544237,3928.75
2.540401,3929.0
2.536564,3929.25
2.516101,3929.5
2.42018,3929.75
2.431385,3930.0
2.446733,3930.25
2.491496,3930.5
2.579743,3930.75
2.569511,3931.0
2.560559,3931.25
2.550327,3931.5
2.606601,3931.75
2.460801,3932.0
2.491496,3932.25
2.476148,3932.5
2.407085,3932.75
2.38918,3933.0
2.350812,3933.25
2.418596,3933.5
2.391738,3933.75
2.436501,3934.0
2.404527,3934.25
2.398133,3934.5
2.369996,3934.75
2.307328,3935.0
2.274075,3935.25
2.34058,3935.5
2.42627,3935.75
2.453127,3936.0
2.488938,3936.25
2.488938,3936.5
2.482543,3936.75
2.476148,3937.0
2.503006,3937.25
2.500448,3937.5
2.499169,3937.75
2.496611,3938.0
2.494054,3938.25
2.494054,3938.5
2.488938,3938.75
2.479985,3939.0
2.491496,3939.25
2.479985,3939.5
2.481264,3939.75
2.494054,3940.0
2.482543,3940.25
2.46208,3940.5
2.455685,3940.75
2.459522,3941.0
2.464638,3941.25
2.460801,3941.5
2.459522,3941.75
2.450569,3942.0
2.441617,3942.25
2.424991,3942.5
2.41348,3942.75
2.414759,3943.0
2.418596,3943.25
2.422433,3943.5
2.384064,3943.75
2.407085,3944.0
2.408364,3944.25
2.361043,3944.5
2.355928,3944.75
2.361043,3945.0
2.398133,3945.25
2.407085,3945.5
2.404527,3945.75
2.405807,3946.0
2.369996,3946.25
2.384064,3946.5
2.395575,3946.75
2.417317,3947.0
2.442896,3947.25
2.459522,3947.5
2.455685,3947.75
2.430106,3948.0
2.424991,3948.25
2.427548,3948.5
2.436501,3948.75
2.428828,3949.0
2.422433,3949.25
2.417317,3949.5
2.412201,3949.75
2.399412,3950.0
2.416038,3950.25
2.409643,3950.5
2.454406,3950.75
2.456964,3951.0
2.47359,3951.25
2.465917,3951.5
2.454406,3951.75
2.469754,3952.0
2.472311,3952.25
2.454406,3952.5
2.444175,3952.75
2.422433,3953.0
2.444175,3953.25
2.440338,3953.5
2.440338,3953.75
2.423712,3954.0
2.427548,3954.25
2.422433,3954.5
2.432664,3954.75
2.43778,3955.0
2.433943,3955.25
2.427548,3955.5
2.453127,3955.75
2.476148,3956.0
2.476148,3956.25
2.479985,3956.5
2.490217,3956.75
2.496611,3957.0
2.508122,3957.25
2.515796,3957.5
2.504285,3957.75
2.483822,3958.0
2.479985,3958.25
2.468475,3958.5
2.453127,3958.75
2.453127,3959.0
2.463359,3959.25
2.460801,3959.5
2.468475,3959.75
2.474869,3960.0
2.485101,3960.25
2.481264,3960.5
2.478706,3960.75
2.479985,3961.0
2.479985,3961.25
2.476148,3961.5
2.474869,3961.75
2.441617,3962.0
2.439059,3962.25
2.48638,3962.5
2.503006,3962.75
2.520911,3963.0
2.545211,3963.25
2.527306,3963.5
2.51068,3963.75
2.492775,3964.0
2.469754,3964.25
2.428828,3964.5
2.37767,3964.75
2.338022,3965.0
2.348254,3965.25
2.349533,3965.5
2.318838,3965.75
2.311165,3966.0
2.293259,3966.25
2.247217,3966.5
2.297096,3966.75
2.345696,3967.0
2.327791,3967.25
2.295817,3967.5
2.257449,3967.75
2.208849,3968.0
2.226754,3968.25
2.25617,3968.5
2.283028,3968.75
2.283028,3969.0
2.270238,3969.25
2.202454,3969.5
2.152575,3969.75
2.216523,3970.0
2.306049,3970.25
2.309886,3970.5
2.303491,3970.75
2.293259,3971.0
2.28047,3971.25
2.267681,3971.5
2.236986,3971.75
2.235707,3972.0
2.247217,3972.25
2.248496,3972.5
2.216523,3972.75
2.187107,3973.0
2.142344,3973.25
2.141065,3973.5
2.167923,3973.75
2.170481,3974.0
2.156412,3974.25
2.112928,3974.5
2.06305,3974.75
2.086071,3975.0
2.141065,3975.25
2.164086,3975.5
2.166644,3975.75
2.129555,3976.0
2.091186,3976.25
2.055376,3976.5
2.087349,3976.75
2.150018,3977.0
2.180712,3977.25
2.169202,3977.5
2.139786,3977.75
2.075839,3978.0
2.018286,3978.25
1.955618,3978.5
1.968928,3978.75
1.954859,3979.0
2.09938,3979.25
2.114727,3979.5
2.105775,3979.75
2.092985,3980.0
2.091706,3980.25
2.091706,3980.5
2.072522,3980.75
2.025201,3981.0
2.072522,3981.25
2.132632,3981.5
2.133912,3981.75
2.126238,3982.0
2.07508,3982.25
2.004738,3982.5
1.979159,3982.75
2.073801,3983.0
2.100659,3983.25
2.080196,3983.5
2.076359,3983.75
2.07508,3984.0
2.041827,3984.25
2.025201,3984.5
2.035433,3984.75
2.02648,3985.0
1.936954,3985.25
1.880681,3985.5
1.873007,3985.75
1.870449,3986.0
1.874286,3986.25
1.870449,3986.5
1.871728,3986.75
1.864054,3987.0
1.86917,3987.25
1.865333,3987.5
1.892191,3987.75
1.945907,3988.0
2.017528,3988.25
2.087869,3988.5
2.126238,3988.75
2.140306,3989.0
2.145422,3989.25
2.151817,3989.5
2.153096,3989.75
2.178674,3990.0
2.22088,3990.25
2.227274,3990.5
2.240064,3990.75
2.272038,3991.0
2.32959,3991.25
2.300174,3991.5
2.273316,3991.75
2.485621,3992.0
2.519633,3992.25
2.409643,3992.5
2.394296,3992.75
2.382786,3993.0
2.381506,3993.25
2.368717,3993.5
2.361043,3993.75
2.363601,3994.0
2.381506,3994.25
2.431385,3994.5
2.430106,3994.75
2.419875,3995.0
2.414759,3995.25
2.419875,3995.5
2.414759,3995.75
2.40197,3996.0
2.408364,3996.25
2.400691,3996.5
2.403249,3996.75
2.395575,3997.0
2.395575,3997.25
2.38918,3997.5
2.390459,3997.75
2.375112,3998.0
2.382786,3998.25
2.378949,3998.5
2.37767,3998.75
2.373833,3999.0
2.372554,3999.25
2.369996,3999.5
2.368717,3999.75
2.367438,4000.0
2.362322,4000.25
2.361043,4000.5
2.354649,4000.75
2.358485,4001.0
2.354649,4001.25
2.354649,4001.5
2.350812,4001.75
2.37767,4002.0
2.376391,4002.25
2.36488,4002.5
2.362322,4002.75
2.359765,4003.0
2.350812,4003.25
2.35337,4003.5
2.355928,4003.75
2.35337,4004.0
2.350812,4004.25
2.348254,4004.5
2.348254,4004.75
2.325233,4005.0
2.34058,4005.25
2.355928,4005.5
2.358485,4005.75
2.352091,4006.0
2.32907,4006.25
2.322675,4006.5
2.317559,4006.75
2.326512,4007.0
2.330349,4007.25
2.327791,4007.5
2.32907,4007.75
2.326512,4008.0
2.325233,4008.25
2.322675,4008.5
2.320117,4008.75
2.315001,4009.0
2.31628,4009.25
2.315001,4009.5
2.312443,4009.75
2.312443,4010.0
2.311165,4010.25
2.313723,4010.5
2.307328,4010.75
2.317559,4011.0
2.338022,4011.25
2.348254,4011.5
2.350812,4011.75
2.35337,4012.0
2.350812,4012.25
2.346975,4012.5
2.344417,4012.75
2.341859,4013.0
2.312443,4013.25
2.313723,4013.5
2.311165,4013.75
2.284307,4014.0
2.286865,4014.25
2.28047,4014.5
2.286865,4014.75
2.279191,4015.0
2.281749,4015.25
2.274075,4015.5
2.281749,4015.75
2.279191,4016.0
2.277912,4016.25
2.276633,4016.5
2.275354,4016.75
2.271517,4017.0
2.267681,4017.25
2.267681,4017.5
2.266402,4017.75
2.266402,4018.0
2.262565,4018.25
2.261286,4018.5
2.260007,4018.75
2.258728,4019.0
2.257449,4019.25
2.252333,4019.5
2.253612,4019.75
2.249775,4020.0
2.247217,4020.25
2.24466,4020.5
2.245939,4020.75
2.242102,4021.0
2.240823,4021.25
2.238265,4021.5
2.240823,4021.75
2.240823,4022.0
2.235707,4022.25
2.235707,4022.5
2.230591,4022.75
2.23187,4023.0
2.225475,4023.25
2.226754,4023.5
2.225475,4023.75
2.222918,4024.0
2.222918,4024.25
2.224196,4024.5
2.226754,4024.75
2.225475,4025.0
2.224196,4025.25
2.221639,4025.5
2.225475,4025.75
2.221639,4026.0
2.22036,4026.25
2.215244,4026.5
2.216523,4026.75
2.211407,4027.0
2.215244,4027.25
2.215244,4027.5
2.216523,4027.75
2.215244,4028.0
2.216523,4028.25
2.217802,4028.5
2.219081,4028.75
2.22036,4029.0
2.216523,4029.25
2.216523,4029.5
2.215244,4029.75
2.212686,4030.0
2.211407,4030.25
2.20757,4030.5
2.205012,4030.75
2.199897,4031.0
2.199897,4031.25
2.198617,4031.5
2.19606,4031.75
2.19606,4032.0
2.185828,4032.25
2.190944,4032.5
2.190944,4032.75
2.187107,4033.0
2.185828,4033.25
2.18327,4033.5
2.179433,4033.75
2.17176,4034.0
2.174318,4034.25
2.173039,4034.5
2.17176,4034.75
2.170481,4035.0
2.17176,4035.25
2.167923,4035.5
2.17176,4035.75
2.165365,4036.0
2.164086,4036.25
2.153855,4036.5
2.161528,4036.75
2.157691,4037.0
2.153855,4037.25
2.155133,4037.5
2.152575,4037.75
2.151297,4038.0
2.150018,4038.25
2.148739,4038.5
2.146181,4038.75
2.146181,4039.0
2.141065,4039.25
2.143623,4039.5
2.139786,4039.75
2.138507,4040.0
2.138507,4040.25
2.138507,4040.5
2.138507,4040.75
2.13467,4041.0
2.13467,4041.25
2.130834,4041.5
2.146181,4041.75
2.192223,4042.0
2.366159,4042.25
2.400691,4042.5
2.394296,4042.75
2.369996,4043.0
2.418596,4043.25
2.450569,4043.5
2.421154,4043.75
2.343138,4044.0
2.326512,4044.25
2.326512,4044.5
2.345696,4044.75
2.368717,4045.0
2.382786,4045.25
2.363601,4045.5
2.350812,4045.75
2.378949,4046.0
2.384064,4046.25
2.373833,4046.5
2.431385,4046.75
2.417317,4047.0
2.295817,4047.25
2.449291,4047.5
2.55928,4047.75
2.639853,4048.0
2.671827,4048.25
2.66799,4048.5
2.676943,4048.75
2.671827,4049.0
2.642411,4049.25
2.605322,4049.5
2.618111,4049.75
2.624506,4050.0
2.627064,4050.25
2.647527,4050.5
2.597648,4050.75
2.574627,4051.0
2.568232,4051.25
2.560559,4051.5
2.540096,4051.75
2.533701,4052.0
2.531143,4052.25
2.531143,4052.5
2.524748,4052.75
2.509401,4053.0
2.513238,4053.25
2.500448,4053.5
2.494054,4053.75
2.504285,4054.0
2.555443,4054.25
2.560559,4054.5
2.55928,4054.75
2.533701,4055.0
2.482543,4055.25
2.478706,4055.5
2.42627,4055.75
2.419875,4056.0
2.41348,4056.25
2.40197,4056.5
2.381506,4056.75
2.531143,4057.0
2.650085,4057.25
2.646248,4057.5
2.646248,4057.75
2.632179,4058.0
2.593811,4058.25
2.584859,4058.5
2.606601,4058.75
2.59509,4059.0
2.550327,4059.25
2.504285,4059.5
2.472311,4059.75
2.448012,4060.0
2.416038,4060.25
2.436501,4060.5
2.458243,4060.75
2.459522,4061.0
2.456964,4061.25
2.455685,4061.5
2.467196,4061.75
2.520911,4062.0
2.543932,4062.25
2.528585,4062.5
2.49789,4062.75
2.491496,4063.0
2.485101,4063.25
2.463359,4063.5
2.444175,4063.75
2.430106,4064.0
2.423712,4064.25
2.417317,4064.5
2.417317,4064.75
2.41348,4065.0
2.412201,4065.25
2.408364,4065.5
2.405807,4065.75
2.394296,4066.0
2.387901,4066.25
2.386622,4066.5
2.384064,4066.75
2.384064,4067.0
2.382786,4067.25
2.375112,4067.5
2.372554,4067.75
2.36488,4068.0
2.362322,4068.25
2.357207,4068.5
2.358485,4068.75
2.35337,4069.0
2.349533,4069.25
2.345696,4069.5
2.350812,4069.75
2.346975,4070.0
2.348254,4070.25
2.348254,4070.5
2.348254,4070.75
2.346975,4071.0
2.344417,4071.25
2.349533,4071.5
2.343138,4071.75
2.339301,4072.0
2.32907,4072.25
2.330349,4072.5
2.326512,4072.75
2.338022,4073.0
2.331628,4073.25
2.327791,4073.5
2.318838,4073.75
2.306049,4074.0
2.307328,4074.25
2.30477,4074.5
2.302212,4074.75
2.300933,4075.0
2.303491,4075.25
2.302212,4075.5
2.302212,4075.75
2.300933,4076.0
2.297096,4076.25
2.302212,4076.5
2.298375,4076.75
2.297096,4077.0
2.294538,4077.25
2.291981,4077.5
2.288144,4077.75
2.286865,4078.0
2.284307,4078.25
2.283028,4078.5
2.283028,4078.75
2.277912,4079.0
2.277912,4079.25
2.275354,4079.5
2.277912,4079.75
2.274075,4080.0
2.275354,4080.25
2.272796,4080.5
2.279191,4080.75
2.274075,4081.0
2.276633,4081.25
2.272796,4081.5
2.274075,4081.75
2.263844,4082.0
2.274075,4082.25
2.285586,4082.5
2.291981,4082.75
2.288144,4083.0
2.284307,4083.25
2.284307,4083.5
2.279191,4083.75
2.277912,4084.0
2.275354,4084.25
2.274075,4084.5
2.271517,4084.75
2.26896,4085.0
2.26896,4085.25
2.266402,4085.5
2.262565,4085.75
2.260007,4086.0
2.260007,4086.25
2.258728,4086.5
2.258728,4086.75
2.25617,4087.0
2.252333,4087.25
2.252333,4087.5
2.243381,4087.75
2.248496,4088.0
2.247217,4088.25
2.245939,4088.5
2.242102,4088.75
2.240823,4089.0
2.238265,4089.25
2.238265,4089.5
2.238265,4089.75
2.236986,4090.0
2.236986,4090.25
2.23187,4090.5
2.230591,4090.75
2.224196,4091.0
2.225475,4091.25
2.219081,4091.5
2.221639,4091.75
2.213965,4092.0
2.211407,4092.25
2.208849,4092.5
2.210128,4092.75
2.206291,4093.0
2.205012,4093.25
2.199897,4093.5
2.203733,4093.75
2.19606,4094.0
2.197339,4094.25
2.197339,4094.5
2.198617,4094.75
2.197339,4095.0
2.19606,4095.25
2.194781,4095.5
2.194781,4095.75
2.194781,4096.0
2.190944,4096.25
2.190944,4096.5
2.189665,4096.75
2.185828,4097.0
2.187107,4097.25
2.189665,4097.5
2.188386,4097.75
2.185828,4098.0
2.181991,4098.25
2.180712,4098.5
2.176876,4098.75
2.176876,4099.0
2.175596,4099.25
2.174318,4099.5
2.165365,4099.75
2.173039,4100.0
2.170481,4100.25
2.170481,4100.5
2.169202,4100.75
2.162807,4101.0
2.161528,4101.25
2.160249,4101.5
2.162807,4101.75
2.15897,4102.0
2.156412,4102.25
2.152575,4102.5
2.148739,4102.75
2.138507,4103.0
2.146181,4103.25
2.143623,4103.5
2.144902,4103.75
2.142344,4104.0
2.142344,4104.25
2.142344,4104.5
2.141065,4104.75
2.137228,4105.0
2.135949,4105.25
2.13467,4105.5
2.133391,4105.75
2.129555,4106.0
2.130834,4106.25
2.126997,4106.5
2.125718,4106.75
2.11037,4107.0
2.080955,4107.25
2.06305,4107.5
2.057934,4107.75
2.052818,4108.0
2.056655,4108.25
2.054097,4108.5
2.059213,4108.75
2.057934,4109.0
2.057934,4109.25
2.059213,4109.5
2.061771,4109.75
2.061771,4110.0
2.064328,4110.25
2.064328,4110.5
2.059213,4110.75
2.059213,4111.0
2.055376,4111.25
2.055376,4111.5
2.054097,4111.75
2.052818,4112.0
2.051539,4112.25
2.051539,4112.5
2.051539,4112.75
2.051539,4113.0
2.051539,4113.25
2.054097,4113.5
2.059213,4113.75
2.052818,4114.0
2.052818,4114.25
2.05026,4114.5
2.05026,4114.75
2.05026,4115.0
2.047702,4115.25
2.05026,4115.5
2.046423,4115.75
2.051539,4116.0
2.047702,4116.25
2.051539,4116.5
2.041307,4116.75
2.05026,4117.0
2.047702,4117.25
2.047702,4117.5
2.043865,4117.75
2.043865,4118.0
2.043865,4118.25
2.040029,4118.5
2.036192,4118.75
2.031076,4119.0
2.022123,4119.25
2.028518,4119.5
2.028518,4119.75
2.02596,4120.0
2.023402,4120.25
2.020844,4120.5
2.018286,4120.75
2.018286,4121.0
2.017008,4121.25
2.015729,4121.5
2.01445,4121.75
2.018286,4122.0
2.017008,4122.25
2.01445,4122.5
2.015729,4122.75
2.013171,4123.0
2.01445,4123.25
2.017008,4123.5
2.019565,4123.75
2.017008,4124.0
2.015729,4124.25
2.011892,4124.5
2.01445,4124.75
2.009334,4125.0
2.010613,4125.25
2.006776,4125.5
2.006776,4125.75
2.004218,4126.0
2.004218,4126.25
2.005497,4126.5
2.000381,4126.75
1.996544,4127.0
1.996544,4127.25
1.992708,4127.5
1.993987,4127.75
1.985034,4128.0
1.99015,4128.25
1.988871,4128.5
1.988871,4128.75
1.986313,4129.0
1.983755,4129.25
1.981197,4129.5
1.97736,4129.75
1.976081,4130.0
1.972245,4130.25
1.963292,4130.5
1.985554,4130.75
1.986833,4131.0
1.982996,4131.25
1.982996,4131.5
1.980438,4131.75
1.980438,4132.0
1.97788,4132.25
1.975322,4132.5
1.971486,4132.75
1.974043,4133.0
1.970207,4133.25
1.970207,4133.5
1.970207,4133.75
1.961254,4134.0
1.96637,4134.25
1.96637,4134.5
1.96637,4134.75
1.962533,4135.0
1.961254,4135.25
1.957417,4135.5
1.959975,4135.75
1.956138,4136.0
1.956138,4136.25
1.952302,4136.5
1.952302,4136.75
1.949744,4137.0
1.949744,4137.25
1.949744,4137.5
1.949744,4137.75
1.945907,4138.0
1.943349,4138.25
1.943349,4138.5
1.94207,4138.75
1.940791,4139.0
1.940791,4139.25
1.938233,4139.5
1.938233,4139.75
1.935675,4140.0
1.936954,4140.25
1.936954,4140.5
1.934396,4140.75
1.929281,4141.0
1.931838,4141.25
1.928002,4141.5
1.926723,4141.75
1.926723,4142.0
1.924165,4142.25
1.922886,4142.5
1.920328,4142.75
1.921607,4143.0
1.919049,4143.25
1.919049,4143.5
1.912654,4143.75
1.915212,4144.0
1.912654,4144.25
1.913933,4144.5
1.913933,4144.75
1.912654,4145.0
1.910096,4145.25
1.907538,4145.5
1.908817,4145.75
1.907538,4146.0
1.90626,4146.25
1.902423,4146.5
1.903702,4146.75
1.899865,4147.0
1.901144,4147.25
1.899865,4147.5
1.901144,4147.75
1.897307,4148.0
1.896028,4148.25
1.897307,4148.5
1.894749,4148.75
1.892191,4149.0
1.889633,4149.25
1.889633,4149.5
1.888354,4149.75
1.884517,4150.0
1.883239,4150.25
1.880681,4150.5
1.876844,4150.75
1.875565,4151.0
1.874286,4151.25
1.871728,4151.5
1.86917,4151.75
1.862775,4152.0
1.865333,4152.25
1.862775,4152.5
1.861496,4152.75
1.861496,4153.0
1.856381,4153.25
1.85766,4153.5
1.853823,4153.75
1.847428,4154.0
1.84487,4154.25
1.852544,4154.5
1.849986,4154.75
1.851265,4155.0
1.847428,4155.25
1.846149,4155.5
1.84487,4155.75
1.843591,4156.0
1.842312,4156.25
1.841033,4156.5
1.841033,4156.75
1.835918,4157.0
1.837197,4157.25
1.830802,4157.5
1.83336,4157.75
1.829523,4158.0
1.829523,4158.25
1.828244,4158.5
1.832081,4158.75
1.826965,4159.0
1.826965,4159.25
1.819291,4159.5
1.811618,4159.75
1.805223,4160.0
1.802665,4160.25
1.797549,4160.5
1.805223,4160.75
1.803944,4161.0
1.801386,4161.25
1.801386,4161.5
1.801386,4161.75
1.800107,4162.0
1.800107,4162.25
1.798828,4162.5
1.797549,4162.75
1.794991,4163.0
1.794991,4163.25
1.792434,4163.5
1.788597,4163.75
1.788597,4164.0
1.783481,4164.25
1.78476,4164.5
1.779644,4164.75
1.780923,4165.0
1.779644,4165.25
1.778365,4165.5
1.774528,4165.75
1.777086,4166.0
1.773249,4166.25
1.774528,4166.5
1.768134,4166.75
1.77197,4167.0
1.770692,4167.25
1.769413,4167.5
1.769413,4167.75
1.765576,4168.0
1.765576,4168.25
1.763018,4168.5
1.764297,4168.75
1.76046,4169.0
1.759181,4169.25
1.756623,4169.5
1.757902,4169.75
1.754065,4170.0
1.755344,4170.25
1.754065,4170.5
1.754065,4170.75
1.750228,4171.0
1.745113,4171.25
1.728486,4171.5
1.716976,4171.75
1.709302,4172.0
1.702907,4172.25
1.702907,4172.5
1.70035,4172.75
1.699071,4173.0
1.70035,4173.25
1.702907,4173.5
1.705465,4173.75
1.697792,4174.0
1.699071,4174.25
1.699071,4174.5
1.699071,4174.75
1.699071,4175.0
1.696513,4175.25
1.699071,4175.5
1.696513,4175.75
1.695234,4176.0
1.691397,4176.25
1.691397,4176.5
1.683723,4176.75
1.688839,4177.0
1.686281,4177.25
1.685002,4177.5
1.686281,4177.75
1.682444,4178.0
1.682444,4178.25
1.679886,4178.5
1.679886,4178.75
1.677329,4179.0
1.67605,4179.25
1.673492,4179.5
1.677329,4179.75
1.665818,4180.0
1.67605,4180.25
1.67605,4180.5
1.674771,4180.75
1.670934,4181.0
1.672213,4181.25
1.668376,4181.5
1.667097,4181.75
1.664539,4182.0
1.66326,4182.25
1.66326,4182.5
1.665818,4182.75
1.66326,4183.0
1.661981,4183.25
1.661981,4183.5
1.659423,4183.75
1.659423,4184.0
1.659423,4184.25
1.658144,4184.5
1.654308,4184.75
1.654308,4185.0
1.653029,4185.25
1.650471,4185.5
1.649192,4185.75
1.649192,4186.0
1.645355,4186.25
1.640239,4186.5
1.636402,4186.75
1.637681,4187.0
1.633844,4187.25
1.633844,4187.5
1.628729,4187.75
1.633844,4188.0
1.633844,4188.25
1.641518,4188.5
1.63896,4188.75
1.640239,4189.0
1.637681,4189.25
1.636402,4189.5
1.624892,4189.75
1.622334,4190.0
1.615939,4190.25
1.615939,4190.5
1.619776,4190.75
1.619776,4191.0
1.619776,4191.25
1.618497,4191.5
1.617218,4191.75
1.61466,4192.0
1.615939,4192.25
1.615939,4192.5
1.617218,4192.75
1.615939,4193.0
1.619776,4193.25
1.617218,4193.5
1.615939,4193.75
1.609545,4194.0
1.61466,4194.25
1.612102,4194.5
1.613381,4194.75
1.610824,4195.0
1.612102,4195.25
1.609545,4195.5
1.612102,4195.75
1.609545,4196.0
1.609545,4196.25
1.608266,4196.5
1.609545,4196.75
1.606987,4197.0
1.605708,4197.25
1.604429,4197.5
1.601871,4197.75
1.600592,4198.0
1.599313,4198.25
1.596755,4198.5
1.591639,4198.75
1.589081,4199.0
1.586524,4199.25
1.596755,4199.5
1.594197,4199.75
1.592918,4200.0
1.59036,4200.25
1.589081,4200.5
1.586524,4200.75
1.598034,4201.0
1.598034,4201.25
1.598034,4201.5
1.589081,4201.75
1.594197,4202.0
1.600592,4202.25
1.598034,4202.5
1.595476,4202.75
1.594197,4203.0
1.592918,4203.25
1.59036,4203.5
1.59036,4203.75
1.591639,4204.0
1.592918,4204.25
1.59036,4204.5
1.587803,4204.75
1.586524,4205.0
1.583966,4205.25
1.580129,4205.5
1.575013,4205.75
1.568618,4206.0
1.56606,4206.25
1.562224,4206.5
1.562224,4206.75
1.563503,4207.0
1.564782,4207.25
1.567339,4207.5
1.576292,4207.75
1.571176,4208.0
1.560945,4208.25
1.557108,4208.5
1.549434,4208.75
1.545597,4209.0
1.539203,4209.25
1.537924,4209.5
1.541761,4209.75
1.551992,4210.0
1.544318,4210.25
1.546876,4210.5
1.550713,4210.75
1.553271,4211.0
1.55455,4211.25
1.551992,4211.5
1.553271,4211.75
1.551992,4212.0
1.550713,4212.25
1.550713,4212.5
1.551992,4212.75
1.550713,4213.0
1.551992,4213.25
1.550713,4213.5
1.550713,4213.75
1.543039,4214.0
1.548155,4214.25
1.548155,4214.5
1.549434,4214.75
1.546876,4215.0
1.546876,4215.25
1.544318,4215.5
1.545597,4215.75
1.545597,4216.0
1.545597,4216.25
1.544318,4216.5
1.543039,4216.75
1.541761,4217.0
1.540482,4217.25
1.540482,4217.5
1.539203,4217.75
1.537924,4218.0
1.536645,4218.25
1.534087,4218.5
1.536645,4218.75
1.532808,4219.0
1.526413,4219.25
1.521297,4219.5
1.520018,4219.75
1.517461,4220.0
1.511066,4220.25
1.509787,4220.5
1.503392,4220.75
1.511066,4221.0
1.508508,4221.25
1.508508,4221.5
1.511066,4221.75
1.512345,4222.0
1.513624,4222.25
1.513624,4222.5
1.513624,4222.75
1.511066,4223.0
1.512345,4223.25
1.508508,4223.5
1.511066,4223.75
1.50595,4224.0
1.50595,4224.25
1.496997,4224.5
1.504671,4224.75
1.503392,4225.0
1.503392,4225.25
1.503392,4225.5
1.499555,4225.75
1.499555,4226.0
1.498276,4226.25
1.496997,4226.5
1.493161,4226.75
1.493161,4227.0
1.485487,4227.25
1.480371,4227.5
1.472697,4227.75
1.466303,4228.0
1.480172,4228.25
1.477614,4228.5
1.477614,4228.75
1.48273,4229.0
1.485288,4229.25
1.486567,4229.5
1.487846,4229.75
1.486567,4230.0
1.485288,4230.25
1.486567,4230.5
1.485288,4230.75
1.492962,4231.0
1.492962,4231.25
1.494241,4231.5
1.494241,4231.75
1.496799,4232.0
1.49552,4232.25
1.49552,4232.5
1.49552,4232.75
1.492962,4233.0
1.491683,4233.25
1.487846,4233.5
1.489125,4233.75
1.478893,4234.0
1.485288,4234.25
1.480172,4234.5
1.484009,4234.75
1.48273,4235.0
1.48273,4235.25
1.481451,4235.5
1.481451,4235.75
1.478893,4236.0
1.480172,4236.25
1.480172,4236.5
1.481451,4236.75
1.477614,4237.0
1.475057,4237.25
1.473778,4237.5
1.469941,4237.75
1.472499,4238.0
1.473778,4238.25
1.47122,4238.5
1.473778,4238.75
1.469941,4239.0
1.469941,4239.25
1.460988,4239.5
1.467383,4239.75
1.463546,4240.0
1.466104,4240.25
1.464825,4240.5
1.462267,4240.75
1.460988,4241.0
1.460988,4241.25
1.459709,4241.5
1.457151,4241.75
1.457151,4242.0
1.455872,4242.25
1.457151,4242.5
1.453314,4242.75
1.455872,4243.0
1.453314,4243.25
1.453314,4243.5
1.452036,4243.75
1.452036,4244.0
1.448199,4244.25
1.441804,4244.5
1.425178,4244.75
1.416225,4245.0
1.405994,4245.25
1.405994,4245.5
1.405994,4245.75
1.404715,4246.0
1.417504,4246.25
1.413667,4246.5
1.413667,4246.75
1.413667,4247.0
1.412388,4247.25
1.412388,4247.5
1.411109,4247.75
1.40983,4248.0
1.405994,4248.25
1.404715,4248.5
1.404715,4248.75
1.402157,4249.0
1.404715,4249.25
1.400878,4249.5
1.404715,4249.75
1.402157,4250.0
1.402157,4250.25
1.394483,4250.5
1.400878,4250.75
1.395762,4251.0
1.397041,4251.25
1.395762,4251.5
1.393204,4251.75
1.394483,4252.0
1.393204,4252.25
1.391925,4252.5
1.389367,4252.75
1.390646,4253.0
1.388088,4253.25
1.388088,4253.5
1.38553,4253.75
1.377857,4254.0
1.37402,4254.25
1.37402,4254.5
1.372741,4254.75
1.370183,4255.0
1.368904,4255.25
1.370183,4255.5
1.366346,4255.75
1.362509,4256.0
1.359951,4256.25
1.357394,4256.5
1.357394,4256.75
1.359951,4257.0
1.357394,4257.25
1.357394,4257.5
1.356115,4257.75
1.356115,4258.0
1.353557,4258.25
1.354836,4258.5
1.353557,4258.75
1.353557,4259.0
1.344604,4259.25
1.352278,4259.5
1.34972,4259.75
1.34972,4260.0
1.34972,4260.25
1.34972,4260.5
1.34972,4260.75
1.344604,4261.0
1.347162,4261.25
1.344604,4261.5
1.342046,4261.75
1.342046,4262.0
1.345883,4262.25
1.340767,4262.5
1.340767,4262.75
1.336931,4263.0
1.333094,4263.25
1.333094,4263.5
1.333094,4263.75
1.331815,4264.0
1.330536,4264.25
1.327978,4264.5
1.327978,4264.75
1.327978,4265.0
1.330536,4265.25
1.329257,4265.5
1.330536,4265.75
1.327978,4266.0
1.327978,4266.25
1.327978,4266.5
1.326699,4266.75
1.322862,4267.0
1.324141,4267.25
1.319025,4267.5
1.319025,4267.75
1.31391,4268.0
1.317746,4268.25
1.322862,4268.5
1.333094,4268.75
1.336931,4269.0
1.336931,4269.25
1.340767,4269.5
1.343325,4269.75
1.342046,4270.0
1.339489,4270.25
1.339489,4270.5
1.335652,4270.75
1.329257,4271.0
1.327978,4271.25
1.321583,4271.5
1.326699,4271.75
1.316467,4272.0
1.321583,4272.25
1.31391,4272.5
1.320304,4272.75
1.311352,4273.0
1.324141,4273.25
1.329257,4273.5
1.353557,4273.75
1.365067,4274.0
1.382973,4274.25
1.391925,4274.5
1.395762,4274.75
1.397041,4275.0
1.394483,4275.25
1.393204,4275.5
1.389367,4275.75
1.391925,4276.0
1.389367,4276.25
1.389367,4276.5
1.390646,4276.75
1.389367,4277.0
1.389367,4277.25
1.388088,4277.5
1.389367,4277.75
1.389367,4278.0
1.386809,4278.25
1.386809,4278.5
1.386809,4278.75
1.389367,4279.0
1.389367,4279.25
1.397041,4279.5
1.408551,4279.75
1.414946,4280.0
1.417504,4280.25
1.420062,4280.5
1.420062,4280.75
1.421341,4281.0
1.418783,4281.25
1.421341,4281.5
1.420062,4281.75
1.42262,4282.0
1.421341,4282.25
1.423899,4282.5
1.426457,4282.75
1.435409,4283.0
1.440525,4283.25
1.439246,4283.5
1.436688,4283.75
1.432851,4284.0
1.43413,4284.25
1.432851,4284.5
1.430293,4284.75
1.426457,4285.0
1.423899,4285.25
1.421341,4285.5
1.413667,4285.75
1.420062,4286.0
1.417504,4286.25
1.416225,4286.5
1.412388,4286.75
1.411109,4287.0
1.404715,4287.25
1.403436,4287.5
1.403436,4287.75
1.400878,4288.0
1.399599,4288.25
1.39832,4288.5
1.399599,4288.75
1.397041,4289.0
1.397041,4289.25
1.393204,4289.5
1.394483,4289.75
1.390646,4290.0
1.390646,4290.25
1.389367,4290.5
1.390646,4290.75
1.38553,4291.0
1.38553,4291.25
1.384251,4291.5
1.38553,4291.75
1.382973,4292.0
1.379136,4292.25
1.379136,4292.5
1.379136,4292.75
1.376578,4293.0
1.376578,4293.25
1.37402,4293.5
1.37402,4293.75
1.368904,4294.0
1.371462,4294.25
1.368904,4294.5
1.368904,4294.75
1.366346,4295.0
1.367625,4295.25
1.362509,4295.5
1.363788,4295.75
1.36123,4296.0
1.363788,4296.25
1.36123,4296.5
1.363788,4296.75
1.363788,4297.0
1.36123,4297.25
1.358673,4297.5
1.358673,4297.75
1.359951,4298.0
1.362509,4298.25
1.36123,4298.5
1.365067,4298.75
1.36123,4299.0
1.36123,4299.25
1.357394,4299.5
1.358673,4299.75
1.354836,4300.0
1.354836,4300.25
1.350999,4300.5
1.353557,4300.75
1.345883,4301.0
1.34972,4301.25
1.34972,4301.5
1.34972,4301.75
1.348441,4302.0
1.347162,4302.25
1.347162,4302.5
1.345883,4302.75
1.344604,4303.0
1.340767,4303.25
1.340767,4303.5
1.33821,4303.75
1.33821,4304.0
1.33821,4304.25
1.336931,4304.5
1.33821,4304.75
1.334373,4305.0
1.335652,4305.25
1.333094,4305.5
1.333094,4305.75
1.329257,4306.0
1.330536,4306.25
1.327978,4306.5
1.329257,4306.75
1.324141,4307.0
1.324141,4307.25
1.322862,4307.5
1.324141,4307.75
1.324141,4308.0
1.321583,4308.25
1.319025,4308.5
1.316467,4308.75
1.316467,4309.0
1.31391,4309.25
1.31391,4309.5
1.312631,4309.75
1.311352,4310.0
1.310073,4310.25
1.310073,4310.5
1.308794,4310.75
1.310073,4311.0
1.306236,4311.25
1.304957,4311.5
1.304957,4311.75
1.302399,4312.0
1.302399,4312.25
1.30112,4312.5
1.298562,4312.75
1.298562,4313.0
1.297283,4313.25
1.297283,4313.5
1.294725,4313.75
1.28961,4314.0
1.28961,4314.25
1.290889,4314.5
1.287052,4314.75
1.28961,4315.0
1.287052,4315.25
1.287052,4315.5
1.287052,4315.75
1.288331,4316.0
1.280657,4316.25
1.279378,4316.5
1.284494,4316.75
1.287052,4317.0
1.287052,4317.25
1.288331,4317.5
1.287052,4317.75
1.288331,4318.0
1.285773,4318.25
1.287052,4318.5
1.284494,4318.75
1.284494,4319.0
1.283215,4319.25
1.283215,4319.5
1.281936,4319.75
1.280657,4320.0
1.275541,4320.25
1.280657,4320.5
1.279378,4320.75
1.278099,4321.0
1.278099,4321.25
1.27682,4321.5
1.275541,4321.75
1.27682,4322.0
1.274262,4322.25
1.271704,4322.5
1.272983,4322.75
1.271704,4323.0
1.270425,4323.25
1.267868,4323.5
1.267868,4323.75
1.266589,4324.0
1.26531,4324.25
1.26531,4324.5
1.262752,4324.75
1.260194,4325.0
1.257636,4325.25
1.256357,4325.5
1.257636,4325.75
1.256357,4326.0
1.260194,4326.25
1.261473,4326.5
1.262752,4326.75
1.267868,4327.0
1.278099,4327.25
1.290889,4327.5
1.297283,4327.75
1.294725,4328.0
1.297283,4328.25
1.292168,4328.5
1.296004,4328.75
1.292168,4329.0
1.293446,4329.25
1.290889,4329.5
1.292168,4329.75
1.292168,4330.0
1.290889,4330.25
1.28961,4330.5
1.290889,4330.75
1.287052,4331.0
1.285773,4331.25
1.287052,4331.5
1.28961,4331.75
1.284494,4332.0
1.281936,4332.25
1.275541,4332.5
1.275541,4332.75
1.26531,4333.0
1.270425,4333.25
1.269147,4333.5
1.267868,4333.75
1.257636,4334.0
1.257636,4334.25
1.257636,4334.5
1.256357,4334.75
1.255078,4335.0
1.25252,4335.25
1.251241,4335.5
1.249962,4335.75
1.248683,4336.0
1.246126,4336.25
1.246126,4336.5
1.234615,4336.75
1.242289,4337.0
1.238452,4337.25
1.238452,4337.5
1.238452,4337.75
1.235894,4338.0
1.237173,4338.25
1.234615,4338.5
1.233336,4338.75
1.232057,4339.0
1.229499,4339.25
1.22822,4339.5
1.22822,4339.75
1.226941,4340.0
1.225662,4340.25
1.224383,4340.5
1.221826,4340.75
1.224383,4341.0
1.220547,4341.25
1.220547,4341.5
1.217989,4341.75
1.219268,4342.0
1.214152,4342.25
1.21671,4342.5
1.214152,4342.75
1.214152,4343.0
1.212873,4343.25
1.212873,4343.5
1.212873,4343.75
1.211594,4344.0
1.209036,4344.25
1.206478,4344.5
1.207757,4344.75
1.206478,4345.0
1.206478,4345.25
1.206478,4345.5
1.206478,4345.75
1.206478,4346.0
1.205199,4346.25
1.205199,4346.5
1.20392,4346.75
1.20392,4347.0
1.201362,4347.25
1.202641,4347.5
1.201362,4347.75
1.201362,4348.0
1.200084,4348.25
1.200084,4348.5
1.196247,4348.75
1.196247,4349.0
1.196247,4349.25
1.196247,4349.5
1.194968,4349.75
1.193689,4350.0
1.19241,4350.25
1.191131,4350.5
1.193689,4350.75
1.19241,4351.0
1.189852,4351.25
1.191131,4351.5
1.189852,4351.75
1.189852,4352.0
1.187294,4352.25
1.188573,4352.5
1.187294,4352.75
1.187294,4353.0
1.182178,4353.25
1.183457,4353.5
1.182178,4353.75
1.179621,4354.0
1.182178,4354.25
1.186015,4354.5
1.189852,4354.75
1.19241,4355.0
1.198805,4355.25
1.206478,4355.5
1.211594,4355.75
1.212873,4356.0
1.215431,4356.25
1.217989,4356.5
1.219268,4356.75
1.220547,4357.0
1.219268,4357.25
1.220547,4357.5
1.219268,4357.75
1.219268,4358.0
1.215431,4358.25
1.21671,4358.5
1.215431,4358.75
1.215431,4359.0
1.214152,4359.25
1.214152,4359.5
1.212873,4359.75
1.212873,4360.0
1.212873,4360.25
1.212873,4360.5
1.211594,4360.75
1.210315,4361.0
1.211594,4361.25
1.207757,4361.5
1.20392,4361.75
1.198805,4362.0
1.194968,4362.25
1.196247,4362.5
1.193689,4362.75
1.193689,4363.0
1.191131,4363.25
1.191131,4363.5
1.189852,4363.75
1.191131,4364.0
1.189852,4364.25
1.19241,4364.5
1.189852,4364.75
1.189852,4365.0
1.188573,4365.25
1.188573,4365.5
1.188573,4365.75
1.187294,4366.0
1.186015,4366.25
1.186015,4366.5
1.179621,4366.75
1.183457,4367.0
1.184736,4367.25
1.183457,4367.5
1.183457,4367.75
1.180899,4368.0
1.179621,4368.25
1.178342,4368.5
1.179621,4368.75
1.178342,4369.0
1.175784,4369.25
1.177063,4369.5
1.174505,4369.75
1.173226,4370.0
1.174505,4370.25
1.170668,4370.5
1.171947,4370.75
1.170668,4371.0
1.171947,4371.25
1.16811,4371.5
1.169389,4371.75
1.166831,4372.0
1.16811,4372.25
1.164273,4372.5
1.166831,4372.75
1.164273,4373.0
1.166831,4373.25
1.165552,4373.5
1.166831,4373.75
1.160436,4374.0
1.162994,4374.25
1.161715,4374.5
1.161715,4374.75
1.155321,4375.0
1.157878,4375.25
1.160436,4375.5
1.160436,4375.75
1.157878,4376.0
1.157878,4376.25
1.1566,4376.5
1.155321,4376.75
1.154042,4377.0
1.152763,4377.25
1.152763,4377.5
1.152763,4377.75
1.148926,4378.0
1.150205,4378.25
1.150205,4378.5
1.147647,4378.75
1.147647,4379.0
1.146368,4379.25
1.146368,4379.5
1.146368,4379.75
1.145089,4380.0
1.142531,4380.25
1.141252,4380.5
1.137415,4380.75
1.138694,4381.0
1.137415,4381.25
1.138694,4381.5
1.137415,4381.75
1.137415,4382.0
1.137415,4382.25
1.1323,4382.5
1.133579,4382.75
1.133579,4383.0
1.134857,4383.25
1.137415,4383.5
1.148926,4383.75
1.151484,4384.0
1.155321,4384.25
1.161715,4384.5
1.164273,4384.75
1.169389,4385.0
1.170668,4385.25
1.171947,4385.5
1.174505,4385.75
1.175784,4386.0
1.177063,4386.25
1.171947,4386.5
1.179621,4386.75
1.179621,4387.0
1.179621,4387.25
1.178342,4387.5
1.177063,4387.75
1.177063,4388.0
1.175784,4388.25
1.175784,4388.5
1.177063,4388.75
1.175784,4389.0
1.175784,4389.25
1.175784,4389.5
1.174505,4389.75
1.175784,4390.0
1.174505,4390.25
1.175784,4390.5
1.175784,4390.75
1.177063,4391.0
1.174505,4391.25
1.177063,4391.5
1.177063,4391.75
1.178342,4392.0
1.178342,4392.25
1.182178,4392.5
1.183457,4392.75
1.183457,4393.0
1.182178,4393.25
1.201362,4393.5
1.210315,4393.75
1.206478,4394.0
1.212873,4394.25
1.212873,4394.5
1.214152,4394.75
1.215431,4395.0
1.215431,4395.25
1.21671,4395.5
1.219268,4395.75
1.244847,4396.0
1.285773,4396.25
1.292168,4396.5
1.283215,4396.75
1.275541,4397.0
1.267868,4397.25
1.262752,4397.5
1.260194,4397.75
1.256357,4398.0
1.253799,4398.25
1.251241,4398.5
1.258915,4398.75
1.253799,4399.0
1.243568,4399.25
1.238452,4399.5
1.238452,4399.75
1.226941,4400.0
1.232057,4400.25
1.22822,4400.5
1.233336,4400.75
1.230778,4401.0
1.230778,4401.25
1.225662,4401.5
1.224383,4401.75
1.224383,4402.0
1.225662,4402.25
1.225662,4402.5
1.225662,4402.75
1.223105,4403.0
1.220547,4403.25
1.210315,4403.5
1.215431,4403.75
1.205199,4404.0
1.210315,4404.25
1.206478,4404.5
1.207757,4404.75
1.205199,4405.0
1.20392,4405.25
1.202641,4405.5
1.20392,4405.75
1.20392,4406.0
1.207757,4406.25
1.206478,4406.5
1.205199,4406.75
1.206478,4407.0
1.20392,4407.25
1.202641,4407.5
1.201362,4407.75
1.201362,4408.0
1.200084,4408.25
1.205199,4408.5
1.205199,4408.75
1.206478,4409.0
1.205199,4409.25
1.20392,4409.5
1.20392,4409.75
1.202641,4410.0
1.200084,4410.25
1.197526,4410.5
1.196247,4410.75
1.197526,4411.0
1.194968,4411.25
1.193689,4411.5
1.19241,4411.75
1.19241,4412.0
1.191131,4412.25
1.191131,4412.5
1.189852,4412.75
1.189852,4413.0
1.186015,4413.25
1.187294,4413.5
1.183457,4413.75
1.180899,4414.0
1.182178,4414.25
1.182178,4414.5
1.182178,4414.75
1.180899,4415.0
1.174505,4415.25
1.178342,4415.5
1.170668,4415.75
1.175784,4416.0
1.16811,4416.25
1.171947,4416.5
1.171947,4416.75
1.170668,4417.0
1.170668,4417.25
1.169389,4417.5
1.169389,4417.75
1.169389,4418.0
1.16811,4418.25
1.165552,4418.5
1.162994,4418.75
1.161715,4419.0
1.162994,4419.25
1.164273,4419.5
1.165552,4419.75
1.164273,4420.0
1.165552,4420.25
1.162994,4420.5
1.166831,4420.75
1.164273,4421.0
1.165552,4421.25
1.164273,4421.5
1.166831,4421.75
1.162994,4422.0
1.16811,4422.25
1.16811,4422.5
1.173226,4422.75
1.171947,4423.0
1.175784,4423.25
1.179621,4423.5
1.182178,4423.75
1.182178,4424.0
1.183457,4424.25
1.183457,4424.5
1.184736,4424.75
1.183457,4425.0
1.184736,4425.25
1.182178,4425.5
1.186015,4425.75
1.183457,4426.0
1.186015,4426.25
1.184736,4426.5
1.187294,4426.75
1.183457,4427.0
1.182178,4427.25
1.179621,4427.5
1.183457,4427.75
1.177063,4428.0
1.187294,4428.25
1.191131,4428.5
1.196247,4428.75
1.200084,4429.0
1.202641,4429.25
1.205199,4429.5
1.205199,4429.75
1.209036,4430.0
1.211594,4430.25
1.215431,4430.5
1.219268,4430.75
1.224383,4431.0
1.22822,4431.25
1.234615,4431.5
1.239731,4431.75
1.239731,4432.0
1.237173,4432.25
1.235894,4432.5
1.233336,4432.75
1.229499,4433.0
1.226941,4433.25
1.223105,4433.5
1.221826,4433.75
1.217989,4434.0
1.223105,4434.25
1.226941,4434.5
1.232057,4434.75
1.238452,4435.0
1.244847,4435.25
1.253799,4435.5
1.261473,4435.75
1.264031,4436.0
1.266589,4436.25
1.26531,4436.5
1.267868,4436.75
1.275541,4437.0
1.285773,4437.25
1.316467,4437.5
1.340767,4437.75
1.331815,4438.0
1.317746,4438.25
1.315189,4438.5
1.326699,4438.75
1.316467,4439.0
1.319025,4439.25
1.319025,4439.5
1.317746,4439.75
1.326699,4440.0
1.352278,4440.25
1.348441,4440.5
1.340767,4440.75
1.344604,4441.0
1.345883,4441.25
1.350999,4441.5
1.350999,4441.75
1.362509,4442.0
1.368904,4442.25
1.39832,4442.5
1.384251,4442.75
1.354836,4443.0
1.343325,4443.25
1.340767,4443.5
1.340767,4443.75
1.336931,4444.0
1.343325,4444.25
1.363788,4444.5
1.408551,4444.75
1.42262,4445.0
1.414946,4445.25
1.429015,4445.5
1.431572,4445.75
1.452036,4446.0
1.492962,4446.25
1.535167,4446.5
1.553072,4446.75
1.494241,4447.0
1.457151,4447.25
1.426457,4447.5
1.420062,4447.75
1.414946,4448.0
1.413667,4448.25
1.417504,4448.5
1.414946,4448.75
1.412388,4449.0
1.405994,4449.25
1.404715,4449.5
1.42262,4449.75
1.426457,4450.0
1.426457,4450.25
1.426457,4450.5
1.421341,4450.75
1.413667,4451.0
1.411109,4451.25
1.44692,4451.5
1.467383,4451.75
1.464825,4452.0
1.448199,4452.25
1.436688,4452.5
1.427736,4452.75
1.431572,4453.0
1.426457,4453.25
1.426457,4453.5
1.426457,4453.75
1.417504,4454.0
1.414946,4454.25
1.420062,4454.5
1.412388,4454.75
1.414946,4455.0
1.413667,4455.25
1.429015,4455.5
1.436688,4455.75
1.450757,4456.0
1.429015,4456.25
1.425178,4456.5
1.42262,4456.75
1.42262,4457.0
1.43413,4457.25
1.418783,4457.5
1.441804,4457.75
1.432851,4458.0
1.432851,4458.25
1.426457,4458.5
1.425178,4458.75
1.423899,4459.0
1.425178,4459.25
1.420062,4459.5
1.425178,4459.75
1.421341,4460.0
1.421341,4460.25
1.413667,4460.5
1.432851,4460.75
1.441804,4461.0
1.444362,4461.25
1.455872,4461.5
1.472499,4461.75
1.500635,4462.0
1.515983,4462.25
1.532609,4462.5
1.535167,4462.75
1.536446,4463.0
1.556909,4463.25
1.539004,4463.5
1.528772,4463.75
1.514704,4464.0
1.512146,4464.25
1.517262,4464.5
1.512146,4464.75
1.500635,4465.0
1.490404,4465.25
1.480172,4465.5
1.490404,4465.75
1.499356,4466.0
1.505751,4466.25
1.514704,4466.5
1.539004,4466.75
1.562025,4467.0
1.576093,4467.25
1.562025,4467.5
1.559467,4467.75
1.565861,4468.0
1.551793,4468.25
1.539004,4468.5
1.513425,4468.75
1.50703,4469.0
1.530051,4469.25
1.632367,4469.5
1.654109,4469.75
1.59144,4470.0
1.576093,4470.25
1.573535,4470.5
1.568419,4470.75
1.562025,4471.0
1.556909,4471.25
1.563304,4471.5
1.558188,4471.75
1.558188,4472.0
1.550514,4472.25
1.54284,4472.5
1.533888,4472.75
1.539004,4473.0
1.569698,4473.25
1.60423,4473.5
1.606788,4473.75
1.618298,4474.0
1.605509,4474.25
1.588882,4474.5
1.592719,4474.75
1.596556,4475.0
1.605509,4475.25
1.629809,4475.5
1.638761,4475.75
1.588882,4476.0
1.572256,4476.25
1.526214,4476.5
1.532609,4476.75
1.523656,4477.0
1.519819,4477.25
1.550514,4477.5
1.544119,4477.75
1.551793,4478.0
1.606788,4478.25
1.602951,4478.5
1.541562,4478.75
1.573535,4479.0
1.57993,4479.25
1.614461,4479.5
1.71294,4479.75
1.74875,4480.0
1.77305,4480.25
1.828045,4480.5
1.843392,4480.75
1.84595,4481.0
1.853624,4481.25
1.866413,4481.5
1.863855,4481.75
1.862576,4482.0
1.88304,4482.25
1.902224,4482.5
1.916292,4482.75
1.922687,4483.0
1.929082,4483.25
1.927803,4483.5
1.926524,4483.75
1.920129,4484.0
1.912455,4484.25
1.900945,4484.5
1.893271,4484.75
1.889434,4485.0
1.885597,4485.25
1.874087,4485.5
1.879203,4485.75
1.877924,4486.0
1.87025,4486.25
1.867692,4486.5
1.893271,4486.75
1.876645,4487.0
1.87025,4487.25
1.867692,4487.5
1.872808,4487.75
1.868971,4488.0
1.867692,4488.25
1.867692,4488.5
1.868971,4488.75
1.87025,4489.0
1.871529,4489.25
1.875366,4489.5
1.881761,4489.75
1.906061,4490.0
1.88304,4490.25
1.879203,4490.5
1.88304,4490.75
1.874087,4491.0
1.867692,4491.25
1.875366,4491.5
1.884318,4491.75
1.889434,4492.0
1.898387,4492.25
1.907339,4492.5
1.913734,4492.75
1.915013,4493.0
1.91885,4493.25
1.920129,4493.5
1.913734,4493.75
1.906061,4494.0
1.908618,4494.25
1.911176,4494.5
1.917571,4494.75
1.946987,4495.0
1.931639,4495.25
1.917571,4495.5
1.903503,4495.75
1.904782,4496.0
1.899666,4496.25
1.898387,4496.5
1.89455,4496.75
1.891992,4497.0
1.889434,4497.25
1.897108,4497.5
1.921408,4497.75
1.950824,4498.0
1.917571,4498.25
1.91885,4498.5
1.946987,4498.75
1.957218,4499.0
1.980239,4499.25
1.985554,4499.5
2.01497,4499.75
1.988112,4500.0
1.963812,4500.25
1.945907,4500.5
1.943349,4500.75
1.934396,4501.0
1.929281,4501.25
1.929281,4501.5
1.929281,4501.75
1.925444,4502.0
1.925444,4502.25
1.924165,4502.5
1.922886,4502.75
1.920328,4503.0
1.921607,4503.25
1.921607,4503.5
1.921607,4503.75
1.91777,4504.0
1.919049,4504.25
1.916491,4504.5
1.91777,4504.75
1.91777,4505.0
1.920328,4505.25
1.922886,4505.5
1.929281,4505.75
1.930559,4506.0
1.930559,4506.25
1.930559,4506.5
1.929281,4506.75
1.929281,4507.0
1.928002,4507.25
1.924165,4507.5
1.924165,4507.75
1.920328,4508.0
1.91777,4508.25
1.915212,4508.5
1.915212,4508.75
1.912654,4509.0
1.912654,4509.25
1.90626,4509.5
1.908817,4509.75
1.907538,4510.0
1.915212,4510.25
1.920328,4510.5
1.926723,4510.75
1.943349,4511.0
1.949744,4511.25
1.952302,4511.5
1.968928,4511.75
1.968928,4512.0
1.952302,4512.25
1.958696,4512.5
1.957417,4512.75
1.95358,4513.0
1.967649,4513.25
1.971486,4513.5
1.99067,4513.75
1.980438,4514.0
1.984275,4514.25
1.979159,4514.5
1.97788,4514.75
1.998343,4515.0
2.007296,4515.25
1.99067,4515.5
1.979159,4515.75
1.971486,4516.0
2.003459,4516.25
2.031596,4516.5
2.017528,4516.75
1.97788,4517.0
2.003459,4517.25
2.030317,4517.5
2.027759,4517.75
2.029038,4518.0
2.029038,4518.25
2.02648,4518.5
2.029038,4518.75
2.029038,4519.0
2.025201,4519.25
2.025201,4519.5
2.031596,4519.75
2.021364,4520.0
2.018806,4520.25
2.009854,4520.5
2.01497,4520.75
2.007296,4521.0
2.006017,4521.25
2.003459,4521.5
2.004738,4521.75
1.999622,4522.0
1.999622,4522.25
1.997064,4522.5
1.997064,4522.75
1.991949,4523.0
1.988112,4523.25
1.985554,4523.5
1.988112,4523.75
1.984275,4524.0
1.982996,4524.25
1.974043,4524.5
1.980438,4524.75
1.980438,4525.0
1.984275,4525.25
1.989391,4525.5
1.998343,4525.75
1.998343,4526.0
2.006017,4526.25
2.006017,4526.5
2.004738,4526.75
2.00218,4527.0
1.997064,4527.25
1.993228,4527.5
1.988112,4527.75
1.984275,4528.0
1.980438,4528.25
1.97788,4528.5
1.972765,4528.75
1.974043,4529.0
1.970207,4529.25
1.968928,4529.5
1.96637,4529.75
1.96637,4530.0
1.965091,4530.25
1.962533,4530.5
1.965091,4530.75
1.963812,4531.0
1.961254,4531.25
1.958696,4531.5
1.958696,4531.75
1.957417,4532.0
1.954859,4532.25
1.956138,4532.5
1.95358,4532.75
1.95358,4533.0
1.949744,4533.25
1.952302,4533.5
1.949744,4533.75
1.940791,4534.0
1.940791,4534.25
1.944628,4534.5
1.943349,4534.75
1.943349,4535.0
1.940791,4535.25
1.940791,4535.5
1.938233,4535.75
1.936954,4536.0
1.930559,4536.25
1.934396,4536.5
1.931838,4536.75
1.928002,4537.0
1.930559,4537.25
1.929281,4537.5
1.928002,4537.75
1.925444,4538.0
1.925444,4538.25
1.925444,4538.5
1.926723,4538.75
1.926723,4539.0
1.924165,4539.25
1.924165,4539.5
1.919049,4539.75
1.921607,4540.0
1.919049,4540.25
1.916491,4540.5
1.916491,4540.75
1.913933,4541.0
1.913933,4541.25
1.911375,4541.5
1.915212,4541.75
1.910096,4542.0
1.910096,4542.25
1.904981,4542.5
1.911375,4542.75
1.904981,4543.0
1.907538,4543.25
1.903702,4543.5
1.90626,4543.75
1.901144,4544.0
1.903702,4544.25
1.902423,4544.5
1.902423,4544.75
1.897307,4545.0
1.896028,4545.25
1.894749,4545.5
1.894749,4545.75
1.892191,4546.0
1.892191,4546.25
1.889633,4546.5
1.890912,4546.75
1.888354,4547.0
1.888354,4547.25
1.88196,4547.5
1.888354,4547.75
1.876844,4548.0
1.888354,4548.25
1.88196,4548.5
1.892191,4548.75
1.892191,4549.0
1.892191,4549.25
1.897307,4549.5
1.898586,4549.75
1.901144,4550.0
1.901144,4550.25
1.899865,4550.5
1.896028,4550.75
1.898586,4551.0
1.89347,4551.25
1.894749,4551.5
1.890912,4551.75
1.890912,4552.0
1.887075,4552.25
1.887075,4552.5
1.885796,4552.75
1.88196,4553.0
1.879402,4553.25
1.878123,4553.5
1.878123,4553.75
1.86917,4554.0
1.873007,4554.25
1.871728,4554.5
1.871728,4554.75
1.873007,4555.0
1.870449,4555.25
1.873007,4555.5
1.862775,4555.75
1.86917,4556.0
1.866612,4556.25
1.867891,4556.5
1.865333,4556.75
1.866612,4557.0
1.865333,4557.25
1.865333,4557.5
1.865333,4557.75
1.865333,4558.0
1.864054,4558.25
1.861496,4558.5
1.860218,4558.75
1.856381,4559.0
1.85766,4559.25
1.855102,4559.5
1.855102,4559.75
1.853823,4560.0
1.851265,4560.25
1.848707,4560.5
1.851265,4560.75
1.848707,4561.0
1.847428,4561.25
1.84487,4561.5
1.843591,4561.75
1.843591,4562.0
1.837197,4562.25
1.839754,4562.5
1.842312,4562.75
1.838475,4563.0
1.839754,4563.25
1.837197,4563.5
1.839754,4563.75
1.835918,4564.0
1.834639,4564.25
1.824407,4564.5
1.83336,4564.75
1.830802,4565.0
1.830802,4565.25
1.829523,4565.5
1.830802,4565.75
1.826965,4566.0
1.824407,4566.25
1.826965,4566.5
1.821849,4566.75
1.821849,4567.0
1.818012,4567.25
1.821849,4567.5
1.816733,4567.75
1.818012,4568.0
1.818012,4568.25
1.818012,4568.5
1.815454,4568.75
1.816733,4569.0
1.815454,4569.25
1.814175,4569.5
1.811618,4569.75
1.80906,4570.0
1.80906,4570.25
1.80906,4570.5
1.807781,4570.75
1.807781,4571.0
1.805223,4571.25
1.805223,4571.5
1.802665,4571.75
1.803944,4572.0
1.802665,4572.25
1.803944,4572.5
1.800107,4572.75
1.801386,4573.0
1.797549,4573.25
1.798828,4573.5
1.79627,4573.75
1.791155,4574.0
1.793712,4574.25
1.794991,4574.5
1.794991,4574.75
1.792434,4575.0
1.78476,4575.25
1.788597,4575.5
1.783481,4575.75
1.788597,4576.0
1.782202,4576.25
1.788597,4576.5
1.787318,4576.75
1.787318,4577.0
1.787318,4577.25
1.787318,4577.5
1.786039,4577.75
1.786039,4578.0
1.783481,4578.25
1.783481,4578.5
1.783481,4578.75
1.782202,4579.0
1.779644,4579.25
1.778365,4579.5
1.777086,4579.75
1.775807,4580.0
1.777086,4580.25
1.774528,4580.5
1.775807,4580.75
1.770692,4581.0
1.77197,4581.25
1.768134,4581.5
1.770692,4581.75
1.766855,4582.0
1.766855,4582.25
1.765576,4582.5
1.765576,4582.75
1.765576,4583.0
1.765576,4583.25
1.761739,4583.5
1.761739,4583.75
1.76046,4584.0
1.76046,4584.25
1.757902,4584.5
1.761739,4584.75
1.759181,4585.0
1.759181,4585.25
1.756623,4585.5
1.759181,4585.75
1.754065,4586.0
1.755344,4586.25
1.750228,4586.5
1.754065,4586.75
1.746392,4587.0
1.750228,4587.25
1.750228,4587.5
1.750228,4587.75
1.748949,4588.0
1.748949,4588.25
1.748949,4588.5
1.745113,4588.75
1.746392,4589.0
1.742555,4589.25
1.743834,4589.5
1.742555,4589.75
1.742555,4590.0
1.741276,4590.25
1.741276,4590.5
1.739997,4590.75
1.739997,4591.0
1.738718,4591.25
1.738718,4591.5
1.73616,4591.75
1.73616,4592.0
1.733602,4592.25
1.733602,4592.5
1.732323,4592.75
1.732323,4593.0
1.731044,4593.25
1.731044,4593.5
1.729765,4593.75
1.718255,4594.0
1.724649,4594.25
1.725928,4594.5
1.722092,4594.75
1.727207,4595.0
1.722092,4595.25
1.727207,4595.5
1.725928,4595.75
1.728486,4596.0
1.725928,4596.25
1.725928,4596.5
1.725928,4596.75
1.724649,4597.0
1.720813,4597.25
1.718255,4597.5
1.720813,4597.75
1.718255,4598.0
1.718255,4598.25
1.716976,4598.5
1.709302,4598.75
1.715697,4599.0
1.713139,4599.25
1.714418,4599.5
1.714418,4599.75
1.71186,4600.0
1.709302,4600.25
1.708023,4600.5
1.709302,4600.75
1.710581,4601.0
1.713139,4601.25
1.715697,4601.5
1.715697,4601.75
1.718255,4602.0
1.716976,4602.25
1.716976,4602.5
1.719534,4602.75
1.713139,4603.0
1.714418,4603.25
1.710581,4603.5
1.713139,4603.75
1.709302,4604.0
1.709302,4604.25
1.706744,4604.5
1.709302,4604.75
1.708023,4605.0
1.706744,4605.25
1.704186,4605.5
1.704186,4605.75
1.701628,4606.0
1.70035,4606.25
1.70035,4606.5
1.701628,4606.75
1.697792,4607.0
1.699071,4607.25
1.695234,4607.5
1.699071,4607.75
1.696513,4608.0
1.695234,4608.25
1.685002,4608.5
1.695234,4608.75
1.691397,4609.0
1.692676,4609.25
1.691397,4609.5
1.692676,4609.75
1.690118,4610.0
1.690118,4610.25
1.690118,4610.5
1.68756,4610.75
1.688839,4611.0
1.686281,4611.25
1.68756,4611.5
1.678607,4611.75
1.686281,4612.0
1.683723,4612.25
1.685002,4612.5
1.683723,4612.75
1.682444,4613.0
1.683723,4613.25
1.682444,4613.5
1.681165,4613.75
1.672213,4614.0
1.677329,4614.25
1.678607,4614.5
1.681165,4614.75
1.681165,4615.0
1.683723,4615.25
1.688839,4615.5
1.693955,4615.75
1.697792,4616.0
1.691397,4616.25
1.697792,4616.5
1.690118,4616.75
1.699071,4617.0
1.692676,4617.25
1.696513,4617.5
1.693955,4617.75
1.691397,4618.0
1.688839,4618.25
1.686281,4618.5
1.686281,4618.75
1.683723,4619.0
1.682444,4619.25
1.678607,4619.5
1.681165,4619.75
1.678607,4620.0
1.678607,4620.25
1.67605,4620.5
1.677329,4620.75
1.674771,4621.0
1.67605,4621.25
1.674771,4621.5
1.67605,4621.75
1.670934,4622.0
1.669655,4622.25
1.668376,4622.5
1.668376,4622.75
1.667097,4623.0
1.667097,4623.25
1.665818,4623.5
1.668376,4623.75
1.664539,4624.0
1.665818,4624.25
1.664539,4624.5
1.664539,4624.75
1.660702,4625.0
1.661981,4625.25
1.659423,4625.5
1.658144,4625.75
1.658144,4626.0
1.656865,4626.25
1.656865,4626.5
1.654308,4626.75
1.655586,4627.0
1.653029,4627.25
1.654308,4627.5
1.650471,4627.75
1.65175,4628.0
1.649192,4628.25
1.650471,4628.5
1.647913,4628.75
1.649192,4629.0
1.646634,4629.25
1.646634,4629.5
1.646634,4629.75
1.646634,4630.0
1.642797,4630.25
1.642797,4630.5
1.644076,4630.75
1.640239,4631.0
1.635123,4631.25
1.642797,4631.5
1.641518,4631.75
1.641518,4632.0
1.640239,4632.25
1.642797,4632.5
1.642797,4632.75
1.642797,4633.0
1.63896,4633.25
1.641518,4633.5
1.640239,4633.75
1.632565,4634.0
1.637681,4634.25
1.636402,4634.5
1.637681,4634.75
1.633844,4635.0
1.636402,4635.25
1.633844,4635.5
1.633844,4635.75
1.631287,4636.0
1.632565,4636.25
1.630008,4636.5
1.631287,4636.75
1.628729,4637.0
1.628729,4637.25
1.626171,4637.5
1.626171,4637.75
1.623613,4638.0
1.624892,4638.25
1.622334,4638.5
1.622334,4638.75
1.621055,4639.0
1.622334,4639.25
1.621055,4639.5
1.622334,4639.75
1.618497,4640.0
1.619776,4640.25
1.610824,4640.5
1.619776,4640.75
1.617218,4641.0
1.617218,4641.25
1.617218,4641.5
1.613381,4641.75
1.613381,4642.0
1.613381,4642.25
1.613381,4642.5
1.610824,4642.75
1.612102,4643.0
1.610824,4643.25
1.610824,4643.5
1.608266,4643.75
1.608266,4644.0
1.605708,4644.25
1.608266,4644.5
1.605708,4644.75
1.605708,4645.0
1.604429,4645.25
1.605708,4645.5
1.601871,4645.75
1.604429,4646.0
1.604429,4646.25
1.60315,4646.5
1.600592,4646.75
1.599313,4647.0
1.600592,4647.25
1.599313,4647.5
1.592918,4647.75
1.600592,4648.0
1.598034,4648.25
1.599313,4648.5
1.599313,4648.75
1.596755,4649.0
1.596755,4649.25
1.595476,4649.5
1.592918,4649.75
1.594197,4650.0
1.594197,4650.25
1.591639,4650.5
1.592918,4650.75
1.59036,4651.0
1.591639,4651.25
1.59036,4651.5
1.592918,4651.75
1.587803,4652.0
1.589081,4652.25
1.580129,4652.5
1.587803,4652.75
1.585245,4653.0
1.582687,4653.25
1.583966,4653.5
1.583966,4653.75
1.577571,4654.0
1.581408,4654.25
1.580129,4654.5
1.57885,4654.75
1.580129,4655.0
1.576292,4655.25
1.57885,4655.5
1.575013,4655.75
1.577571,4656.0
1.575013,4656.25
1.580129,4656.5
1.577571,4656.75
1.576292,4657.0
1.577571,4657.25
1.577571,4657.5
1.576292,4657.75
1.573734,4658.0
1.573734,4658.25
1.573734,4658.5
1.572455,4658.75
1.572455,4659.0
1.571176,4659.25
1.569897,4659.5
1.571176,4659.75
1.569897,4660.0
1.569897,4660.25
1.567339,4660.5
1.569897,4660.75
1.567339,4661.0
1.559666,4661.25
1.564782,4661.5
1.568618,4661.75
1.558387,4662.0
1.563503,4662.25
1.563503,4662.5
1.56606,4662.75
1.563503,4663.0
1.562224,4663.25
1.559666,4663.5
1.559666,4663.75
1.558387,4664.0
1.558387,4664.25
1.558387,4664.5
1.557108,4664.75
1.557108,4665.0
1.55455,4665.25
1.55455,4665.5
1.553271,4665.75
1.55455,4666.0
1.550713,4666.25
1.553271,4666.5
1.549434,4666.75
1.550713,4667.0
1.549434,4667.25
1.549434,4667.5
1.548155,4667.75
1.549434,4668.0
1.543039,4668.25
1.546876,4668.5
1.546876,4668.75
1.545597,4669.0
1.545597,4669.25
1.544318,4669.5
1.544318,4669.75
1.543039,4670.0
1.543039,4670.25
1.541761,4670.5
1.543039,4670.75
1.540482,4671.0
1.540482,4671.25
1.539203,4671.5
1.539203,4671.75
1.539203,4672.0
1.536645,4672.25
1.541761,4672.5
1.548155,4672.75
1.536645,4673.0
1.536645,4673.25
1.535366,4673.5
1.536645,4673.75
1.528971,4674.0
1.531529,4674.25
1.528971,4674.5
1.532808,4674.75
1.521297,4675.0
1.53025,4675.25
1.528971,4675.5
1.53025,4675.75
1.526413,4676.0
1.526413,4676.25
1.520018,4676.5
1.526413,4676.75
1.525134,4677.0
1.523855,4677.25
1.522576,4677.5
1.523855,4677.75
1.522576,4678.0
1.520018,4678.25
1.521297,4678.5
1.521297,4678.75
1.520018,4679.0
1.520018,4679.25
1.520018,4679.5
1.517461,4679.75
1.517461,4680.0
1.516182,4680.25
1.514903,4680.5
1.514903,4680.75
1.514903,4681.0
1.513624,4681.25
1.513624,4681.5
1.513624,4681.75
1.513624,4682.0
1.512345,4682.25
1.512345,4682.5
1.508508,4682.75
1.511066,4683.0
1.507229,4683.25
1.509787,4683.5
1.500834,4683.75
1.508508,4684.0
1.50595,4684.25
1.50595,4684.5
1.50595,4684.75
1.504671,4685.0
1.504671,4685.25
1.502113,4685.5
1.504671,4685.75
1.499555,4686.0
1.502113,4686.25
1.500834,4686.5
1.502113,4686.75
1.499555,4687.0
1.498276,4687.25
1.499555,4687.5
1.500834,4687.75
1.496997,4688.0
1.495719,4688.25
1.495719,4688.5
1.49444,4688.75
1.49444,4689.0
1.495719,4689.25
1.491882,4689.5
1.49444,4689.75
1.491882,4690.0
1.491882,4690.25
1.490603,4690.5
1.491882,4690.75
1.489324,4691.0
1.490603,4691.25
1.488045,4691.5
1.491882,4691.75
1.48165,4692.0
1.489324,4692.25
1.488045,4692.5
1.490603,4692.75
1.490603,4693.0
1.489324,4693.25
1.488045,4693.5
1.488045,4693.75
1.48165,4694.0
1.489324,4694.25
1.486766,4694.5
1.486766,4694.75
1.488045,4695.0
1.485487,4695.25
1.484208,4695.5
1.484208,4695.75
1.482929,4696.0
1.480371,4696.25
1.480371,4696.5
1.477813,4696.75
1.477813,4697.0
1.477813,4697.25
1.477813,4697.5
1.477813,4697.75
1.477813,4698.0
1.477813,4698.25
1.476534,4698.5
1.477813,4698.75
1.476534,4699.0
1.472697,4699.25
1.475255,4699.5
1.471419,4699.75
1.473976,4700.0
1.475255,4700.25
1.473976,4700.5
1.467582,4700.75
1.496799,4701.0
1.498078,4701.25
1.494241,4701.5
1.496799,4701.75
1.491683,4702.0
1.494241,4702.25
1.492962,4702.5
1.492962,4702.75
1.491683,4703.0
1.490404,4703.25
1.490404,4703.5
1.490404,4703.75
1.491683,4704.0
1.490404,4704.25
1.489125,4704.5
1.487846,4704.75
1.487846,4705.0
1.487846,4705.25
1.486567,4705.5
1.489125,4705.75
1.485288,4706.0
1.486567,4706.25
1.484009,4706.5
1.485288,4706.75
1.48273,4707.0
1.484009,4707.25
1.481451,4707.5
1.48273,4707.75
1.492962,4708.0
1.48273,4708.25
1.480172,4708.5
1.481451,4708.75
1.480172,4709.0
1.481451,4709.25
1.480172,4709.5
1.478893,4709.75
1.477614,4710.0
1.477614,4710.25
1.478893,4710.5
1.478893,4710.75
1.475057,4711.0
1.476335,4711.25
1.473778,4711.5
1.476335,4711.75
1.473778,4712.0
1.473778,4712.25
1.473778,4712.5
1.473778,4712.75
1.469941,4713.0
1.472499,4713.25
1.47122,4713.5
1.473778,4713.75
1.467383,4714.0
1.47122,4714.25
1.464825,4714.5
1.47122,4714.75
1.464825,4715.0
1.469941,4715.25
1.463546,4715.5
1.466104,4715.75
1.462267,4716.0
1.467383,4716.25
1.467383,4716.5
1.467383,4716.75
1.459709,4717.0
1.466104,4717.25
1.464825,4717.5
1.466104,4717.75
1.464825,4718.0
1.464825,4718.25
1.463546,4718.5
1.464825,4718.75
1.462267,4719.0
1.459709,4719.25
1.460988,4719.5
1.460988,4719.75
1.460988,4720.0
1.459709,4720.25
1.459709,4720.5
1.459709,4720.75
1.459709,4721.0
1.455872,4721.25
1.459709,4721.5
1.464825,4721.75
1.47122,4722.0
1.45843,4722.25
1.45843,4722.5
1.455872,4722.75
1.455872,4723.0
1.454593,4723.25
1.453314,4723.5
1.453314,4723.75
1.450757,4724.0
1.449478,4724.25
1.445641,4724.5
1.449478,4724.75
1.449478,4725.0
1.448199,4725.25
1.448199,4725.5
1.44692,4725.75
1.449478,4726.0
1.44692,4726.25
1.44692,4726.5
1.441804,4726.75
1.445641,4727.0
1.441804,4727.25
1.443083,4727.5
1.443083,4727.75
1.443083,4728.0
1.441804,4728.25
1.440525,4728.5
1.440525,4728.75
1.439246,4729.0
1.440525,4729.25
1.444362,4729.5
1.440525,4729.75
1.440525,4730.0
1.439246,4730.25
1.439246,4730.5
1.439246,4730.75
1.437967,4731.0
1.437967,4731.25
1.436688,4731.5
1.436688,4731.75
1.440525,4732.0
1.431572,4732.25
1.432851,4732.5
1.432851,4732.75
1.431572,4733.0
1.430293,4733.25
1.430293,4733.5
1.431572,4733.75
1.423899,4734.0
1.430293,4734.25
1.426457,4734.5
1.430293,4734.75
1.418783,4735.0
1.427736,4735.25
1.423899,4735.5
1.427736,4735.75
1.425178,4736.0
1.426457,4736.25
1.426457,4736.5
1.427736,4736.75
1.427736,4737.0
1.425178,4737.25
1.430293,4737.5
1.435409,4737.75
1.43413,4738.0
1.430293,4738.25
1.430293,4738.5
1.429015,4738.75
1.427736,4739.0
1.427736,4739.25
1.426457,4739.5
1.426457,4739.75
1.426457,4740.0
1.423899,4740.25
1.42262,4740.5
1.423899,4740.75
1.423899,4741.0
1.421341,4741.25
1.423899,4741.5
1.42262,4741.75
1.421341,4742.0
1.418783,4742.25
1.418783,4742.5
1.417504,4742.75
1.417504,4743.0
1.414946,4743.25
1.416225,4743.5
1.40983,4743.75
1.413667,4744.0
1.412388,4744.25
1.412388,4744.5
1.413667,4744.75
1.412388,4745.0
1.412388,4745.25
1.411109,4745.5
1.411109,4745.75
1.407272,4746.0
1.408551,4746.25
1.407272,4746.5
1.408551,4746.75
1.405994,4747.0
1.407272,4747.25
1.407272,4747.5
1.407272,4747.75
1.405994,4748.0
1.405994,4748.25
1.403436,4748.5
1.402157,4748.75
1.403436,4749.0
1.402157,4749.25
1.402157,4749.5
1.402157,4749.75
1.399599,4750.0
1.400878,4750.25
1.39832,4750.5
1.400878,4750.75
1.39832,4751.0
1.39832,4751.25
1.394483,4751.5
1.397041,4751.75
1.394483,4752.0
1.395762,4752.25
1.394483,4752.5
1.395762,4752.75
1.394483,4753.0
1.394483,4753.25
1.394483,4753.5
1.395762,4753.75
1.386809,4754.0
1.389367,4754.25
1.390646,4754.5
1.391925,4754.75
1.389367,4755.0
1.390646,4755.25
1.389367,4755.5
1.391925,4755.75
1.388088,4756.0
1.389367,4756.25
1.380415,4756.5
1.388088,4756.75
1.384251,4757.0
1.386809,4757.25
1.384251,4757.5
1.386809,4757.75
1.38553,4758.0
1.38553,4758.25
1.382973,4758.5
1.382973,4758.75
1.384251,4759.0
1.380415,4759.25
1.382973,4759.5
1.379136,4759.75
1.381694,4760.0
1.380415,4760.25
1.381694,4760.5
1.381694,4760.75
1.380415,4761.0
1.379136,4761.25
1.379136,4761.5
1.380415,4761.75
1.379136,4762.0
1.376578,4762.25
1.376578,4762.5
1.377857,4762.75
1.376578,4763.0
1.375299,4763.25
1.375299,4763.5
1.372741,4763.75
1.375299,4764.0
1.37402,4764.25
1.375299,4764.5
1.372741,4764.75
1.371462,4765.0
1.368904,4765.25
1.372741,4765.5
1.372741,4765.75
1.372741,4766.0
1.371462,4766.25
1.370183,4766.5
1.365067,4766.75
1.371462,4767.0
1.371462,4767.25
1.370183,4767.5
1.370183,4767.75
1.367625,4768.0
1.367625,4768.25
1.367625,4768.5
1.367625,4768.75
1.365067,4769.0
1.366346,4769.25
1.363788,4769.5
1.365067,4769.75
1.365067,4770.0
1.363788,4770.25
1.362509,4770.5
1.36123,4770.75
1.36123,4771.0
1.36123,4771.25
1.359951,4771.5
1.359951,4771.75
1.359951,4772.0
1.359951,4772.25
1.357394,4772.5
1.36123,4772.75
1.357394,4773.0
1.358673,4773.25
1.356115,4773.5
1.358673,4773.75
1.348441,4774.0
1.356115,4774.25
1.352278,4774.5
1.356115,4774.75
1.352278,4775.0
1.354836,4775.25
1.354836,4775.5
1.354836,4775.75
1.352278,4776.0
1.352278,4776.25
1.362509,4776.5
1.365067,4776.75
1.366346,4777.0
1.368904,4777.25
1.370183,4777.5
1.37402,4777.75
1.368904,4778.0
1.370183,4778.25
1.367625,4778.5
1.370183,4778.75
1.366346,4779.0
1.366346,4779.25
1.365067,4779.5
1.366346,4779.75
1.363788,4780.0
1.363788,4780.25
1.356115,4780.5
1.348441,4780.75
1.348441,4781.0
1.344604,4781.25
1.345883,4781.5
1.343325,4781.75
1.344604,4782.0
1.343325,4782.25
1.343325,4782.5
1.342046,4782.75
1.342046,4783.0
1.339489,4783.25
1.340767,4783.5
1.342046,4783.75
1.342046,4784.0
1.340767,4784.25
1.339489,4784.5
1.343325,4784.75
1.348441,4785.0
1.348441,4785.25
1.342046,4785.5
1.335652,4785.75
1.347162,4786.0
1.344604,4786.25
1.344604,4786.5
1.344604,4786.75
1.343325,4787.0
1.340767,4787.25
1.340767,4787.5
1.342046,4787.75
1.340767,4788.0
1.342046,4788.25
1.344604,4788.5
1.344604,4788.75
1.339489,4789.0
1.333094,4789.25
1.333094,4789.5
1.334373,4789.75
1.327978,4790.0
1.331815,4790.25
1.334373,4790.5
1.334373,4790.75
1.330536,4791.0
1.336931,4791.25
1.334373,4791.5
1.334373,4791.75
1.335652,4792.0
1.335652,4792.25
1.333094,4792.5
1.324141,4792.75
1.326699,4793.0
1.333094,4793.25
1.335652,4793.5
1.331815,4793.75
1.321583,4794.0
1.32542,4794.25
1.32542,4794.5
1.327978,4794.75
1.326699,4795.0
1.32542,4795.25
1.326699,4795.5
1.32542,4795.75
1.324141,4796.0
1.324141,4796.25
1.32542,4796.5
1.32542,4796.75
1.330536,4797.0
1.335652,4797.25
1.352278,4797.5
1.363788,4797.75
1.382973,4798.0
1.382973,4798.25
1.38553,4798.5
1.402157,4798.75
1.432851,4799.0
1.414946,4799.25
1.405994,4799.5
1.402157,4799.75
1.405994,4800.0
1.417504,4800.25
1.430293,4800.5
1.43413,4800.75
1.437967,4801.0
1.39832,4801.25
1.393204,4801.5
1.402157,4801.75
1.418783,4802.0
1.418783,4802.25
1.420062,4802.5
1.412388,4802.75
1.418783,4803.0
1.40983,4803.25
1.413667,4803.5
1.403436,4803.75
1.40983,4804.0
1.400878,4804.25
1.404715,4804.5
1.403436,4804.75
1.402157,4805.0
1.399599,4805.25
1.399599,4805.5
1.399599,4805.75
1.397041,4806.0
1.395762,4806.25
1.40983,4806.5
1.475057,4806.75
1.513425,4807.0
1.515983,4807.25
1.514704,4807.5
1.500635,4807.75
1.468662,4808.0
1.439246,4808.25
1.43413,4808.5
1.432851,4808.75
1.427736,4809.0
1.423899,4809.25
1.426457,4809.5
1.423899,4809.75
1.42262,4810.0
1.421341,4810.25
1.421341,4810.5
1.423899,4810.75
1.423899,4811.0
1.427736,4811.25
1.426457,4811.5
1.426457,4811.75
1.42262,4812.0
1.425178,4812.25
1.42262,4812.5
1.425178,4812.75
1.423899,4813.0
1.425178,4813.25
1.423899,4813.5
1.423899,4813.75
1.416225,4814.0
1.421341,4814.25
1.421341,4814.5
1.418783,4814.75
1.421341,4815.0
1.42262,4815.25
1.420062,4815.5
1.42262,4815.75
1.420062,4816.0
1.421341,4816.25
1.418783,4816.5
1.421341,4816.75
1.418783,4817.0
1.420062,4817.25
1.414946,4817.5
1.418783,4817.75
1.416225,4818.0
1.416225,4818.25
1.416225,4818.5
1.418783,4818.75
1.416225,4819.0
1.418783,4819.25
1.418783,4819.5
1.417504,4819.75
1.416225,4820.0
1.413667,4820.25
1.413667,4820.5
1.416225,4820.75
1.414946,4821.0
1.416225,4821.25
1.413667,4821.5
1.416225,4821.75
1.413667,4822.0
1.413667,4822.25
1.412388,4822.5
1.414946,4822.75
1.404715,4823.0
1.413667,4823.25
1.412388,4823.5
1.414946,4823.75
1.414946,4824.0
1.413667,4824.25
1.412388,4824.5
1.412388,4824.75
1.414946,4825.0
1.411109,4825.25
1.411109,4825.5
1.408551,4825.75
1.411109,4826.0
1.408551,4826.25
1.411109,4826.5
1.40983,4826.75
1.408551,4827.0
1.405994,4827.25
1.407272,4827.5
1.407272,4827.75
1.407272,4828.0
1.405994,4828.25
1.403436,4828.5
1.404715,4828.75
1.403436,4829.0
1.403436,4829.25
1.403436,4829.5
1.402157,4829.75
1.402157,4830.0
1.399599,4830.25
1.402157,4830.5
1.400878,4830.75
1.400878,4831.0
1.397041,4831.25
1.402157,4831.5
1.394483,4831.75
1.400878,4832.0
1.399599,4832.25
1.399599,4832.5
1.399599,4832.75
1.39832,4833.0
1.402157,4833.25
1.399599,4833.5
1.400878,4833.75
1.390646,4834.0
1.397041,4834.25
1.394483,4834.5
1.395762,4834.75
1.394483,4835.0
1.395762,4835.25
1.394483,4835.5
1.395762,4835.75
1.395762,4836.0
1.394483,4836.25
1.391925,4836.5
1.390646,4836.75
1.393204,4837.0
1.391925,4837.25
1.390646,4837.5
1.391925,4837.75
1.389367,4838.0
1.391925,4838.25
1.389367,4838.5
1.393204,4838.75
1.390646,4839.0
1.390646,4839.25
1.386809,4839.5
1.390646,4839.75
1.38553,4840.0
1.386809,4840.25
1.388088,4840.5
1.390646,4840.75
1.381694,4841.0
1.386809,4841.25
1.382973,4841.5
1.388088,4841.75
1.381694,4842.0
1.384251,4842.25
1.38553,4842.5
1.38553,4842.75
1.38553,4843.0
1.38553,4843.25
1.384251,4843.5
1.384251,4843.75
1.384251,4844.0
1.382973,4844.25
1.384251,4844.5
1.380415,4844.75
1.379136,4845.0
1.380415,4845.25
1.380415,4845.5
1.381694,4845.75
1.380415,4846.0
1.380415,4846.25
1.381694,4846.5
1.379136,4846.75
1.381694,4847.0
1.380415,4847.25
1.379136,4847.5
1.376578,4847.75
1.379136,4848.0
1.379136,4848.25
1.380415,4848.5
1.380415,4848.75
1.380415,4849.0
1.379136,4849.25
1.379136,4849.5
1.379136,4849.75
1.379136,4850.0
1.376578,4850.25
1.375299,4850.5
1.376578,4850.75
1.371462,4851.0
1.375299,4851.25
1.375299,4851.5
1.375299,4851.75
1.375299,4852.0
1.372741,4852.25
1.375299,4852.5
1.37402,4852.75
1.37402,4853.0
1.370183,4853.25
1.372741,4853.5
1.370183,4853.75
1.367625,4854.0
1.368904,4854.25
1.370183,4854.5
1.363788,4854.75
1.370183,4855.0
1.371462,4855.25
1.370183,4855.5
1.370183,4855.75
1.367625,4856.0
1.367625,4856.25
1.366346,4856.5
1.367625,4856.75
1.367625,4857.0
1.366346,4857.25
1.365067,4857.5
1.366346,4857.75
1.362509,4858.0
1.365067,4858.25
1.362509,4858.5
1.36123,4858.75
1.362509,4859.0
1.362509,4859.25
1.362509,4859.5
1.36123,4859.75
1.362509,4860.0
1.362509,4860.25
1.362509,4860.5
1.365067,4860.75
1.36123,4861.0
1.359951,4861.25
1.358673,4861.5
1.36123,4861.75
1.359951,4862.0
1.359951,4862.25
1.358673,4862.5
1.358673,4862.75
1.359951,4863.0
1.358673,4863.25
1.358673,4863.5
1.358673,4863.75
1.356115,4864.0
1.354836,4864.25
1.354836,4864.5
1.353557,4864.75
1.353557,4865.0
1.354836,4865.25
1.353557,4865.5
1.354836,4865.75
1.352278,4866.0
1.353557,4866.25
1.350999,4866.5
1.359951,4866.75
1.354836,4867.0
1.356115,4867.25
1.354836,4867.5
1.356115,4867.75
1.353557,4868.0
1.354836,4868.25
1.353557,4868.5
1.354836,4868.75
1.354836,4869.0
1.354836,4869.25
1.352278,4869.5
1.352278,4869.75
1.352278,4870.0
1.34972,4870.25
1.34972,4870.5
1.352278,4870.75
1.350999,4871.0
1.353557,4871.25
1.350999,4871.5
1.354836,4871.75
1.345883,4872.0
1.352278,4872.25
1.34972,4872.5
1.352278,4872.75
1.350999,4873.0
1.350999,4873.25
1.350999,4873.5
1.353557,4873.75
1.348441,4874.0
1.353557,4874.25
1.354836,4874.5
1.354836,4874.75
1.354836,4875.0
1.352278,4875.25
1.354836,4875.5
1.352278,4875.75
1.353557,4876.0
1.352278,4876.25
1.352278,4876.5
1.34972,4876.75
1.34972,4877.0
1.34972,4877.25
1.348441,4877.5
1.347162,4877.75
1.345883,4878.0
1.344604,4878.25
1.345883,4878.5
1.344604,4878.75
1.344604,4879.0
1.342046,4879.25
1.344604,4879.5
1.342046,4879.75
1.343325,4880.0
1.342046,4880.25
1.342046,4880.5
1.339489,4880.75
1.340767,4881.0
1.334373,4881.25
1.340767,4881.5
1.334373,4881.75
1.339489,4882.0
1.331815,4882.25
1.339489,4882.5
1.342046,4882.75
1.340767,4883.0
1.340767,4883.25
1.339489,4883.5
1.343325,4883.75
1.347162,4884.0
1.33821,4884.25
1.344604,4884.5
1.336931,4884.75
1.342046,4885.0
1.334373,4885.25
1.342046,4885.5
1.340767,4885.75
1.340767,4886.0
1.33821,4886.25
1.340767,4886.5
1.33821,4886.75
1.33821,4887.0
1.336931,4887.25
1.336931,4887.5
1.335652,4887.75
1.336931,4888.0
1.335652,4888.25
1.335652,4888.5
1.334373,4888.75
1.333094,4889.0
1.333094,4889.25
1.333094,4889.5
1.333094,4889.75
1.335652,4890.0
1.334373,4890.25
1.335652,4890.5
1.335652,4890.75
1.331815,4891.0
1.283215,4891.25
1.237173,4891.5
1.233336,4891.75
1.246126,4892.0
1.238452,4892.25
1.235894,4892.5
1.234615,4892.75
1.235894,4893.0
1.232057,4893.25
1.24101,4893.5
1.238452,4893.75
1.229499,4894.0
1.225662,4894.25
1.221826,4894.5
1.221826,4894.75
1.220547,4895.0
1.249962,4895.25
1.283215,4895.5
1.275541,4895.75
1.280657,4896.0
1.280657,4896.25
1.280657,4896.5
1.279378,4896.75
1.279378,4897.0
1.274262,4897.25
1.283215,4897.5
1.283215,4897.75
1.287052,4898.0
1.287052,4898.25
1.288331,4898.5
1.287052,4898.75
1.285773,4899.0
1.280657,4899.25
1.284494,4899.5
1.284494,4899.75
1.281936,4900.0
1.288331,4900.25
1.283215,4900.5
1.283215,4900.75
1.283215,4901.0
1.281936,4901.25
1.283215,4901.5
1.283215,4901.75
1.281936,4902.0
1.281936,4902.25
1.281936,4902.5
1.279378,4902.75
1.280657,4903.0
1.27682,4903.25
1.279378,4903.5
1.278099,4903.75
1.279378,4904.0
1.27682,4904.25
1.278099,4904.5
1.27682,4904.75
1.275541,4905.0
1.274262,4905.25
1.275541,4905.5
1.275541,4905.75
1.275541,4906.0
1.272983,4906.25
1.274262,4906.5
1.272983,4906.75
1.27682,4907.0
1.280657,4907.25
1.287052,4907.5
1.285773,4907.75
1.284494,4908.0
1.280657,4908.25
1.284494,4908.5
1.284494,4908.75
1.285773,4909.0
1.283215,4909.25
1.285773,4909.5
1.284494,4909.75
1.285773,4910.0
1.285773,4910.25
1.287052,4910.5
1.287052,4910.75
1.285773,4911.0
1.285773,4911.25
1.285773,4911.5
1.287052,4911.75
1.288331,4912.0
1.293446,4912.25
1.293446,4912.5
1.296004,4912.75
1.297283,4913.0
1.296004,4913.25
1.296004,4913.5
1.293446,4913.75
1.292168,4914.0
1.294725,4914.25
1.297283,4914.5
1.297283,4914.75
1.297283,4915.0
1.298562,4915.25
1.298562,4915.5
1.302399,4915.75
1.30112,4916.0
1.299841,4916.25
1.297283,4916.5
1.293446,4916.75
1.298562,4917.0
1.298562,4917.25
1.298562,4917.5
1.298562,4917.75
1.298562,4918.0
1.298562,4918.25
1.297283,4918.5
1.297283,4918.75
1.297283,4919.0
1.293446,4919.25
1.298562,4919.5
1.296004,4919.75
1.296004,4920.0
1.294725,4920.25
1.294725,4920.5
1.293446,4920.75
1.292168,4921.0
1.292168,4921.25
1.290889,4921.5
1.292168,4921.75
1.287052,4922.0
1.28961,4922.25
1.287052,4922.5
1.28961,4922.75
1.288331,4923.0
1.28961,4923.25
1.287052,4923.5
1.288331,4923.75
1.288331,4924.0
1.287052,4924.25
1.28961,4924.5
1.28961,4924.75
1.28961,4925.0
1.290889,4925.25
1.292168,4925.5
1.292168,4925.75
1.292168,4926.0
1.292168,4926.25
1.28961,4926.5
1.292168,4926.75
1.288331,4927.0
1.288331,4927.25
1.284494,4927.5
1.28961,4927.75
1.284494,4928.0
1.288331,4928.25
1.285773,4928.5
1.287052,4928.75
1.284494,4929.0
1.285773,4929.25
1.285773,4929.5
1.287052,4929.75
1.283215,4930.0
1.283215,4930.25
1.284494,4930.5
1.284494,4930.75
1.283215,4931.0
1.287052,4931.25
1.287052,4931.5
1.293446,4931.75
1.294725,4932.0
1.297283,4932.25
1.306236,4932.5
1.308794,4932.75
1.312631,4933.0
1.317746,4933.25
1.308794,4933.5
1.311352,4933.75
1.30112,4934.0
1.306236,4934.25
1.299841,4934.5
1.307515,4934.75
1.30112,4935.0
1.306236,4935.25
1.307515,4935.5
1.306236,4935.75
1.312631,4936.0
1.304957,4936.25
1.290889,4936.5
1.28961,4936.75
1.281936,4937.0
1.310073,4937.25
1.358673,4937.5
1.333094,4937.75
1.350999,4938.0
1.404715,4938.25
1.404715,4938.5
1.377857,4938.75
1.380415,4939.0
1.347162,4939.25
1.329257,4939.5
1.21671,4939.75
1.175784,4940.0
1.178342,4940.25
1.206478,4940.5
1.209036,4940.75
1.225662,4941.0
1.234615,4941.25
1.224383,4941.5
1.217989,4941.75
1.217989,4942.0
1.212873,4942.25
1.209036,4942.5
1.202641,4942.75
1.201362,4943.0
1.193689,4943.25
1.206478,4943.5
1.20392,4943.75
1.269147,4944.0
1.230778,4944.25
1.232057,4944.5
1.225662,4944.75
1.238452,4945.0
1.243568,4945.25
1.272983,4945.5
1.287052,4945.75
1.287052,4946.0
1.285773,4946.25
1.287052,4946.5
1.287052,4946.75
1.285773,4947.0
1.287052,4947.25
1.287052,4947.5
1.285773,4947.75
1.27682,4948.0
1.275541,4948.25
1.279378,4948.5
1.281936,4948.75
1.281936,4949.0
1.280657,4949.25
1.27682,4949.5
1.27682,4949.75
1.270425,4950.0
1.269147,4950.25
1.266589,4950.5
1.275541,4950.75
1.280657,4951.0
1.287052,4951.25
1.287052,4951.5
1.285773,4951.75
1.285773,4952.0
1.293446,4952.25
1.296004,4952.5
1.293446,4952.75
1.292168,4953.0
1.294725,4953.25
1.299841,4953.5
1.312631,4953.75
1.320304,4954.0
1.329257,4954.25
1.310073,4954.5
1.285773,4954.75
1.251241,4955.0
1.249962,4955.25
1.246126,4955.5
1.256357,4955.75
1.260194,4956.0
1.258915,4956.25
1.256357,4956.5
1.258915,4956.75
1.260194,4957.0
1.262752,4957.25
1.262752,4957.5
1.264031,4957.75
1.26531,4958.0
1.26531,4958.25
1.264031,4958.5
1.261473,4958.75
1.261473,4959.0
1.257636,4959.25
1.253799,4959.5
1.25252,4959.75
1.249962,4960.0
1.247404,4960.25
1.243568,4960.5
1.244847,4960.75
1.243568,4961.0
1.244847,4961.25
1.246126,4961.5
1.246126,4961.75
1.247404,4962.0
1.247404,4962.25
1.25252,4962.5
1.255078,4962.75
1.261473,4963.0
1.253799,4963.25
1.26531,4963.5
1.26531,4963.75
1.270425,4964.0
1.275541,4964.25
1.283215,4964.5
1.283215,4964.75
1.284494,4965.0
1.281936,4965.25
1.279378,4965.5
1.278099,4965.75
1.270425,4966.0
1.271704,4966.25
1.269147,4966.5
1.270425,4966.75
1.264031,4967.0
1.266589,4967.25
1.26531,4967.5
1.26531,4967.75
1.262752,4968.0
1.26531,4968.25
1.269147,4968.5
1.27682,4968.75
1.284494,4969.0
1.288331,4969.25
1.288331,4969.5
1.28961,4969.75
1.272983,4970.0
1.274262,4970.25
1.272983,4970.5
1.270425,4970.75
1.26531,4971.0
1.262752,4971.25
1.258915,4971.5
1.255078,4971.75
1.248683,4972.0
1.247404,4972.25
1.248683,4972.5
1.247404,4972.75
1.246126,4973.0
1.242289,4973.25
1.24101,4973.5
1.24101,4973.75
1.235894,4974.0
1.238452,4974.25
1.24101,4974.5
1.239731,4974.75
1.24101,4975.0
1.237173,4975.25
1.237173,4975.5
1.235894,4975.75
1.233336,4976.0
1.237173,4976.25
1.235894,4976.5
1.233336,4976.75
1.230778,4977.0
1.22822,4977.25
1.224383,4977.5
1.219268,4977.75
1.215431,4978.0
1.198805,4978.25
1.198805,4978.5
1.194968,4978.75
1.191131,4979.0
1.184736,4979.25
1.180899,4979.5
1.175784,4979.75
1.174505,4980.0
1.169389,4980.25
1.169389,4980.5
1.165552,4980.75
1.157878,4981.0
1.152763,4981.25
1.154042,4981.5
1.155321,4981.75
1.154042,4982.0
1.1566,4982.25
1.157878,4982.5
1.157878,4982.75
1.157878,4983.0
1.154042,4983.25
1.151484,4983.5
1.150205,4983.75
1.145089,4984.0
1.14381,4984.25
1.148926,4984.5
1.141252,4984.75
1.133579,4985.0
1.129742,4985.25
1.127184,4985.5
1.125905,4985.75
1.123347,4986.0
1.123347,4986.25
1.122068,4986.5
1.123347,4986.75
1.122068,4987.0
1.122068,4987.25
1.122068,4987.5
1.123347,4987.75
1.122068,4988.0
1.123347,4988.25
1.11951,4988.5
1.124626,4988.75
1.124626,4989.0
1.145089,4989.25
1.142531,4989.5
1.141252,4989.75
1.137415,4990.0
1.136136,4990.25
1.133579,4990.5
1.131021,4990.75
1.128463,4991.0
1.125905,4991.25
1.124626,4991.5
1.11951,4991.75
1.118231,4992.0
1.114394,4992.25
1.111836,4992.5
1.110558,4992.75
1.108,4993.0
1.105442,4993.25
1.106721,4993.5
1.102884,4993.75
1.097768,4994.0
1.100326,4994.25
1.099047,4994.5
1.097768,4994.75
1.096489,4995.0
1.09521,4995.25
1.101605,4995.5
1.099047,4995.75
1.096489,4996.0
1.093931,4996.25
1.092652,4996.5
1.091373,4996.75
1.090094,4997.0
1.079863,4997.25
1.082421,4997.5
1.077305,4997.75
1.082421,4998.0
1.081142,4998.25
1.081142,4998.5
1.0837,4998.75
1.078584,4999.0
1.078584,4999.25
1.073468,4999.5
1.073468,4999.75
1.068352,5000.0
1.065794,5000.25
1.064516,5000.5
1.063237,5000.75
1.063237,5001.0
1.064516,5001.25
1.063237,5001.5
1.063237,5001.75
1.061958,5002.0
1.063237,5002.25
1.063237,5002.5
1.064516,5002.75
1.061958,5003.0
1.064516,5003.25
1.065794,5003.5
1.077305,5003.75
1.090094,5004.0
1.104163,5004.25
1.113115,5004.5
1.125905,5004.75
1.131021,5005.0
1.139973,5005.25
1.152763,5005.5
1.157878,5005.75
1.152763,5006.0
1.148926,5006.25
1.141252,5006.5
1.136136,5006.75
1.128463,5007.0
1.122068,5007.25
1.116952,5007.5
1.115673,5007.75
1.113115,5008.0
1.109279,5008.25
1.100326,5008.5
1.104163,5008.75
1.100326,5009.0
1.099047,5009.25
1.096489,5009.5
1.093931,5009.75
1.088815,5010.0
1.087537,5010.25
1.084979,5010.5
1.0837,5010.75
1.082421,5011.0
1.081142,5011.25
1.079863,5011.5
1.078584,5011.75
1.077305,5012.0
1.076026,5012.25
1.073468,5012.5
1.07091,5012.75
1.07091,5013.0
1.067073,5013.25
1.067073,5013.5
1.063237,5013.75
1.0594,5014.0
1.061958,5014.25
1.0594,5014.5
1.061958,5014.75
1.0594,5015.0
1.0594,5015.25
1.0594,5015.5
1.055563,5015.75
1.056842,5016.0
1.060679,5016.25
1.060679,5016.5
1.056842,5016.75
1.055563,5017.0
1.051726,5017.25
1.051726,5017.5
1.047889,5017.75
1.04661,5018.0
1.042773,5018.25
1.042773,5018.5
1.038937,5018.75
1.038937,5019.0
1.036379,5019.25
1.0351,5019.5
1.0351,5019.75
1.033821,5020.0
1.033821,5020.25
1.032542,5020.5
1.029984,5020.75
1.028705,5021.0
1.027426,5021.25
1.026147,5021.5
1.026147,5021.75
1.024868,5022.0
1.023589,5022.25
1.02231,5022.5
1.02231,5022.75
1.021031,5023.0
1.019753,5023.25
1.017195,5023.5
1.015916,5023.75
1.015916,5024.0
1.013358,5024.25
1.013358,5024.5
1.014637,5024.75
1.012079,5025.0
1.012079,5025.25
1.009521,5025.5
1.0108,5025.75
1.008242,5026.0
1.008242,5026.25
1.006963,5026.5
1.008242,5026.75
1.004405,5027.0
1.005684,5027.25
1.001847,5027.5
1.003126,5027.75
0.999289,5028.0
0.999289,5028.25
0.999289,5028.5
0.999289,5028.75
0.995453,5029.0
0.99801,5029.25
0.994174,5029.5
0.996732,5029.75
0.999289,5030.0
0.996732,5030.25
0.996732,5030.5
1.000568,5030.75
1.000568,5031.0
1.003126,5031.25
1.000568,5031.5
1.001847,5031.75
0.999289,5032.0
1.000568,5032.25
0.994174,5032.5
0.99801,5032.75
0.995453,5033.0
0.994174,5033.25
0.987779,5033.5
0.9865,5033.75
0.980105,5034.0
1.013259,5034.25
1.014538,5034.5
1.014538,5034.75
1.018375,5035.0
1.018375,5035.25
1.02349,5035.5
1.024769,5035.75
1.024769,5036.0
1.02349,5036.25
1.024769,5036.5
1.022211,5036.75
1.022211,5037.0
1.019654,5037.25
1.018375,5037.5
1.019654,5037.75
1.015817,5038.0
1.015817,5038.25
1.015817,5038.5
1.014538,5038.75
1.015817,5039.0
1.014538,5039.25
1.015817,5039.5
1.013259,5039.75
1.013259,5040.0
1.008143,5040.25
1.01198,5040.5
1.009422,5040.75
1.009422,5041.0
1.005585,5041.25
1.005585,5041.5
1.003027,5041.75
1.003027,5042.0
1.004306,5042.25
1.004306,5042.5
1.005585,5042.75
1.004306,5043.0
1.006864,5043.25
1.005585,5043.5
1.000469,5043.75
1.004306,5044.0
1.003027,5044.25
1.003027,5044.5
1.001748,5044.75
0.999191,5045.0
0.997912,5045.25
0.994075,5045.5
0.991517,5045.75
0.991517,5046.0
0.988959,5046.25
0.98768,5046.5
0.988959,5046.75
0.98768,5047.0
0.985122,5047.25
0.985122,5047.5
0.985122,5047.75
0.982564,5048.0
0.982564,5048.25
0.978727,5048.5
0.981285,5048.75
0.973612,5049.0
0.978727,5049.25
0.978727,5049.5
0.978727,5049.75
0.977448,5050.0
0.977448,5050.25
0.97617,5050.5
0.97617,5050.75
0.974891,5051.0
0.972333,5051.25
0.972333,5051.5
0.971054,5051.75
0.969775,5052.0
0.968496,5052.25
0.968496,5052.5
0.968496,5052.75
0.965938,5053.0
0.965938,5053.25
0.96338,5053.5
0.964659,5053.75
0.956985,5054.0
0.959543,5054.25
0.954427,5054.5
0.958264,5054.75
0.956985,5055.0
0.956985,5055.25
0.955706,5055.5
0.956985,5055.75
0.955706,5056.0
0.954427,5056.25
0.953149,5056.5
0.949312,5056.75
0.950591,5057.0
0.949312,5057.25
0.948033,5057.5
0.946754,5057.75
0.946754,5058.0
0.946754,5058.25
0.949312,5058.5
0.946754,5058.75
0.945475,5059.0
0.941638,5059.25
0.940359,5059.5
0.940359,5059.75
0.937801,5060.0
0.937801,5060.25
0.936522,5060.5
0.936522,5060.75
0.935243,5061.0
0.933964,5061.25
0.933964,5061.5
0.933964,5061.75
0.932685,5062.0
0.928849,5062.25
0.931406,5062.5
0.928849,5062.75
0.930128,5063.0
0.928849,5063.25
0.928849,5063.5
0.92757,5063.75
0.926291,5064.0
0.92757,5064.25
0.92757,5064.5
0.922454,5064.75
0.921175,5065.0
0.925012,5065.25
0.922454,5065.5
0.921175,5065.75
0.919896,5066.0
0.913501,5066.25
0.918617,5066.5
0.917338,5066.75
0.917338,5067.0
0.917338,5067.25
0.917338,5067.5
0.913501,5067.75
0.91478,5068.0
0.913501,5068.25
0.913501,5068.5
0.913501,5068.75
0.912222,5069.0
0.910943,5069.25
0.910943,5069.5
0.910943,5069.75
0.908386,5070.0
0.908386,5070.25
0.905828,5070.5
0.908386,5070.75
0.904549,5071.0
0.905828,5071.25
0.905828,5071.5
0.905828,5071.75
0.90327,5072.0
0.90327,5072.25
0.90327,5072.5
0.901991,5072.75
0.901991,5073.0
0.899433,5073.25
0.898154,5073.5
0.899433,5073.75
0.893038,5074.0
0.895596,5074.25
0.894317,5074.5
0.895596,5074.75
0.893038,5075.0
0.894317,5075.25
0.891759,5075.5
0.891759,5075.75
0.889201,5076.0
0.89048,5076.25
0.889201,5076.5
0.891759,5076.75
0.89048,5077.0
0.89048,5077.25
0.889201,5077.5
0.891759,5077.75
0.89048,5078.0
0.89048,5078.25
0.89048,5078.5
0.89048,5078.75
0.89048,5079.0
0.89048,5079.25
0.887922,5079.5
0.889201,5079.75
0.886643,5080.0
0.886643,5080.25
0.885364,5080.5
0.886643,5080.75
0.882807,5081.0
0.881528,5081.25
0.87897,5081.5
0.880249,5081.75
0.876412,5082.0
0.877691,5082.25
0.875133,5082.5
0.876412,5082.75
0.873854,5083.0
0.873854,5083.25
0.872575,5083.5
0.871296,5083.75
0.870017,5084.0
0.867459,5084.25
0.868738,5084.5
0.868738,5084.75
0.864901,5085.0
0.86618,5085.25
0.864901,5085.5
0.863622,5085.75
0.861065,5086.0
0.862343,5086.25
0.861065,5086.5
0.862343,5086.75
0.857228,5087.0
0.858507,5087.25
0.857228,5087.5
0.859786,5087.75
0.855949,5088.0
0.857228,5088.25
0.855949,5088.5
0.857228,5088.75
0.855949,5089.0
0.855949,5089.25
0.852112,5089.5
0.850833,5089.75
0.849554,5090.0
0.849554,5090.25
0.849554,5090.5
0.850833,5090.75
0.849554,5091.0
0.848275,5091.25
0.845717,5091.5
0.848275,5091.75
0.845717,5092.0
0.845717,5092.25
0.844438,5092.5
0.844438,5092.75
0.843159,5093.0
0.843159,5093.25
0.84188,5093.5
0.843159,5093.75
0.838044,5094.0
0.838044,5094.25
0.838044,5094.5
0.839323,5094.75
0.838044,5095.0
0.835486,5095.25
0.835486,5095.5
0.834207,5095.75
0.832928,5096.0
0.832928,5096.25
0.834207,5096.5
0.834207,5096.75
0.838044,5097.0
0.845717,5097.25
0.863622,5097.5
0.872575,5097.75
0.891759,5098.0
0.896875,5098.25
0.901991,5098.5
0.909664,5098.75
0.913501,5099.0
0.925012,5099.25
0.931406,5099.5
0.935243,5099.75
0.940359,5100.0
0.940359,5100.25
0.941638,5100.5
0.935243,5100.75
0.942917,5101.0
0.941638,5101.25
0.940359,5101.5
0.93908,5101.75
0.935243,5102.0
0.933964,5102.25
0.932685,5102.5
0.926291,5102.75
0.928849,5103.0
0.92757,5103.25
0.926291,5103.5
0.930128,5103.75
0.926291,5104.0
0.925012,5104.25
0.925012,5104.5
0.922454,5104.75
0.922454,5105.0
0.919896,5105.25
0.919896,5105.5
0.918617,5105.75
0.918617,5106.0
0.918617,5106.25
0.918617,5106.5
0.916059,5106.75
0.917338,5107.0
0.916059,5107.25
0.918617,5107.5
0.919896,5107.75
0.921175,5108.0
0.92757,5108.25
0.930128,5108.5
0.930128,5108.75
0.928849,5109.0
0.928849,5109.25
0.930128,5109.5
0.928849,5109.75
0.925012,5110.0
0.919896,5110.25
0.917338,5110.5
0.916059,5110.75
0.912222,5111.0
0.908386,5111.25
0.912222,5111.5
0.916059,5111.75
0.926291,5112.0
0.930128,5112.25
0.936522,5112.5
0.937801,5112.75
0.93908,5113.0
0.940359,5113.25
0.946754,5113.5
0.956985,5113.75
0.96338,5114.0
0.980006,5114.25
0.988959,5114.5
0.995354,5114.75
0.996633,5115.0
0.995354,5115.25
0.991517,5115.5
0.985122,5115.75
0.981285,5116.0
0.97617,5116.25
0.971054,5116.5
0.965938,5116.75
0.962101,5117.0
0.956985,5117.25
0.958264,5117.5
0.953149,5117.75
0.95187,5118.0
0.949312,5118.25
0.949312,5118.5
0.948033,5118.75
0.948033,5119.0
0.945475,5119.25
0.945475,5119.5
0.945475,5119.75
0.946754,5120.0
0.95187,5120.25
0.958264,5120.5
0.962101,5120.75
0.967217,5121.0
0.968496,5121.25
0.969775,5121.5
0.968496,5121.75
0.967217,5122.0
0.964659,5122.25
0.964659,5122.5
0.959543,5122.75
0.960822,5123.0
0.956985,5123.25
0.958264,5123.5
0.958264,5123.75
0.959543,5124.0
0.959543,5124.25
0.958264,5124.5
0.959543,5124.75
0.956985,5125.0
0.954427,5125.25
0.95187,5125.5
0.95187,5125.75
0.950591,5126.0
0.950591,5126.25
0.953149,5126.5
0.95187,5126.75
0.950591,5127.0
0.949312,5127.25
0.949312,5127.5
0.946754,5127.75
0.945475,5128.0
0.941638,5128.25
0.944196,5128.5
0.941638,5128.75
0.93908,5129.0
0.937801,5129.25
0.937801,5129.5
0.937801,5129.75
0.935243,5130.0
0.936522,5130.25
0.935243,5130.5
0.933964,5130.75
0.931406,5131.0
0.932685,5131.25
0.931406,5131.5
0.931406,5131.75
0.930128,5132.0
0.930128,5132.25
0.928849,5132.5
0.930128,5132.75
0.92757,5133.0
0.925012,5133.25
0.923733,5133.5
0.921175,5133.75
0.917338,5134.0
0.919896,5134.25
0.921175,5134.5
0.921175,5134.75
0.921175,5135.0
0.919896,5135.25
0.918617,5135.5
0.919896,5135.75
0.918617,5136.0
0.918617,5136.25
0.921175,5136.5
0.925012,5136.75
0.926291,5137.0
0.932685,5137.25
0.936522,5137.5
0.933964,5137.75
0.944196,5138.0
0.944196,5138.25
0.944196,5138.5
0.942917,5138.75
0.942917,5139.0
0.940359,5139.25
0.942917,5139.5
0.944196,5139.75
0.944196,5140.0
0.944196,5140.25
0.944196,5140.5
0.944196,5140.75
0.944196,5141.0
0.942917,5141.25
0.940359,5141.5
0.940359,5141.75
0.936522,5142.0
0.936522,5142.25
0.935243,5142.5
0.93908,5142.75
0.936522,5143.0
0.936522,5143.25
0.933964,5143.5
0.932685,5143.75
0.931406,5144.0
0.930128,5144.25
0.92757,5144.5
0.926291,5144.75
0.926291,5145.0
0.925012,5145.25
0.923733,5145.5
0.923733,5145.75
0.921175,5146.0
0.921175,5146.25
0.921175,5146.5
0.925012,5146.75
0.921175,5147.0
0.922454,5147.25
0.918617,5147.5
0.921175,5147.75
0.919896,5148.0
0.919896,5148.25
0.917338,5148.5
0.917338,5148.75
0.917338,5149.0
0.917338,5149.25
0.917338,5149.5
0.916059,5149.75
0.91478,5150.0
0.912222,5150.25
0.91478,5150.5
0.912222,5150.75
0.913501,5151.0
0.912222,5151.25
0.910943,5151.5
0.910943,5151.75
0.910943,5152.0
0.910943,5152.25
0.910943,5152.5
0.909664,5152.75
0.907107,5153.0
0.901991,5153.25
0.907107,5153.5
0.905828,5153.75
0.901991,5154.0
0.90327,5154.25
0.904549,5154.5
0.904549,5154.75
0.90327,5155.0
0.898154,5155.25
0.905828,5155.5
0.904549,5155.75
0.904549,5156.0
0.904549,5156.25
0.904549,5156.5
0.90327,5156.75
0.901991,5157.0
0.901991,5157.25
0.901991,5157.5
0.90327,5157.75
0.900712,5158.0
0.900712,5158.25
0.898154,5158.5
0.898154,5158.75
0.896875,5159.0
0.898154,5159.25
0.895596,5159.5
0.896875,5159.75
0.895596,5160.0
0.895596,5160.25
0.895596,5160.5
0.895596,5160.75
0.891759,5161.0
0.891759,5161.25
0.893038,5161.5
0.891759,5161.75
0.89048,5162.0
0.891759,5162.25
0.889201,5162.5
0.891759,5162.75
0.891759,5163.0
0.891759,5163.25
0.884086,5163.5
0.89048,5163.75
0.881528,5164.0
0.889201,5164.25
0.887922,5164.5
0.89048,5164.75
0.887922,5165.0
0.885364,5165.25
0.887922,5165.5
0.886643,5165.75
0.887922,5166.0
0.886643,5166.25
0.886643,5166.5
0.885364,5166.75
0.889201,5167.0
0.887922,5167.25
0.889201,5167.5
0.887922,5167.75
0.887922,5168.0
0.889201,5168.25
0.89048,5168.5
0.891759,5168.75
0.893038,5169.0
0.891759,5169.25
0.891759,5169.5
0.893038,5169.75
0.893038,5170.0
0.89048,5170.25
0.89048,5170.5
0.887922,5170.75
0.887922,5171.0
0.886643,5171.25
0.886643,5171.5
0.885364,5171.75
0.882807,5172.0
0.880249,5172.25
0.882807,5172.5
0.882807,5172.75
0.893038,5173.0
0.901991,5173.25
0.908386,5173.5
0.916059,5173.75
0.91478,5174.0
0.92757,5174.25
0.93908,5174.5
0.946754,5174.75
0.946754,5175.0
0.946754,5175.25
0.948033,5175.5
0.954427,5175.75
0.96338,5176.0
0.973612,5176.25
0.983843,5176.5
1.005585,5176.75
1.019654,5177.0
1.022211,5177.25
1.024769,5177.5
1.027327,5177.75
1.032443,5178.0
1.035001,5178.25
1.031164,5178.5
1.043954,5178.75
1.042675,5179.0
1.046511,5179.25
1.040117,5179.5
1.049069,5179.75
1.050348,5180.0
1.055464,5180.25
1.059301,5180.5
1.065696,5180.75
1.078485,5181.0
1.093832,5181.25
1.101506,5181.5
1.107901,5181.75
1.114295,5182.0
1.110459,5182.25
1.107901,5182.5
1.097669,5182.75
1.093832,5183.0
1.087438,5183.25
1.091274,5183.5
1.088717,5183.75
1.093832,5184.0
1.100227,5184.25
1.123248,5184.5
1.166732,5184.75
1.239632,5185.0
1.347063,5185.25
1.393105,5185.5
1.41101,5185.75
1.416126,5186.0
1.408453,5186.25
1.387989,5186.5
1.370084,5186.75
1.352179,5187.0
1.330437,5187.25
1.330437,5187.5
1.332995,5187.75
1.345784,5188.0
1.395663,5188.25
1.509489,5188.5
1.48273,5188.75
1.560746,5189.0
1.595277,5189.25
1.618298,5189.5
1.614461,5189.75
1.611903,5190.0
1.629809,5190.25
1.625972,5190.5
1.596556,5190.75
1.588882,5191.0
1.592719,5191.25
1.597835,5191.5
1.619577,5191.75
1.638761,5192.0
1.656667,5192.25
1.663061,5192.5
1.67713,5192.75
1.692477,5193.0
1.716777,5193.25
1.729566,5193.5
1.706545,5193.75
1.689919,5194.0
1.679688,5194.25
1.660503,5194.5
1.654109,5194.75
1.643877,5195.0
1.650272,5195.25
1.641319,5195.5
1.622135,5195.75
1.602951,5196.0
1.597835,5196.25
1.59144,5196.5
1.587604,5196.75
1.585046,5197.0
1.585046,5197.25
1.593998,5197.5
1.609346,5197.75
1.622135,5198.0
1.64004,5198.25
1.646435,5198.5
1.654109,5198.75
1.66434,5199.0
1.672014,5199.25
1.683524,5199.5
1.686082,5199.75
1.692477,5200.0
1.68864,5200.25
1.682245,5200.5
1.668177,5200.75
1.656667,5201.0
1.641319,5201.25
1.632367,5201.5
1.623414,5201.75
1.614461,5202.0
1.605509,5202.25
1.597835,5202.5
1.593998,5202.75
1.59144,5203.0
1.585046,5203.25
1.581209,5203.5
1.578651,5203.75
1.576093,5204.0
1.572256,5204.25
1.572256,5204.5
1.569698,5204.75
1.565861,5205.0
1.559467,5205.25
1.559467,5205.5
1.556909,5205.75
1.554351,5206.0
1.550514,5206.25
1.547956,5206.5
1.545398,5206.75
1.544119,5207.0
1.541562,5207.25
1.537725,5207.5
1.535167,5207.75
1.530051,5208.0
1.528772,5208.25
1.527493,5208.5
1.526214,5208.75
1.522377,5209.0
1.518541,5209.25
1.519819,5209.5
1.515983,5209.75
1.514704,5210.0
1.512146,5210.25
1.509588,5210.5
1.504472,5210.75
1.50703,5211.0
1.501914,5211.25
1.501914,5211.5
1.494241,5211.75
1.499356,5212.0
1.49552,5212.25
1.496799,5212.5
1.494241,5212.75
1.491683,5213.0
1.490404,5213.25
1.486567,5213.5
1.486567,5213.75
1.478893,5214.0
1.481451,5214.25
1.477614,5214.5
1.477614,5214.75
1.476335,5215.0
1.469941,5215.25
1.464825,5215.5
1.472499,5215.75
1.469941,5216.0
1.466104,5216.25
1.467383,5216.5
1.466104,5216.75
1.464825,5217.0
1.463546,5217.25
1.463546,5217.5
1.462267,5217.75
1.460988,5218.0
1.459709,5218.25
1.45843,5218.5
1.457151,5218.75
1.450757,5219.0
1.453314,5219.25
1.450757,5219.5
1.450757,5219.75
1.44692,5220.0
1.44692,5220.25
1.444362,5220.5
1.444362,5220.75
1.443083,5221.0
1.440525,5221.25
1.439246,5221.5
1.437967,5221.75
1.435409,5222.0
1.435409,5222.25
1.435409,5222.5
1.435409,5222.75
1.432851,5223.0
1.432851,5223.25
1.431572,5223.5
1.43413,5223.75
1.429015,5224.0
1.430293,5224.25
1.425178,5224.5
1.427736,5224.75
1.423899,5225.0
1.425178,5225.25
1.42262,5225.5
1.42262,5225.75
1.420062,5226.0
1.420062,5226.25
1.420062,5226.5
1.418783,5226.75
1.416225,5227.0
1.391925,5227.25
1.389367,5227.5
1.388088,5227.75
1.380415,5228.0
1.380415,5228.25
1.381694,5228.5
1.390646,5228.75
1.395762,5229.0
1.413667,5229.25
1.427736,5229.5
1.448199,5229.75
1.453314,5230.0
1.47122,5230.25
1.476335,5230.5
1.462267,5230.75
1.484009,5231.0
1.485288,5231.25
1.486567,5231.5
1.494241,5231.75
1.491683,5232.0
1.490404,5232.25
1.50703,5232.5
1.547956,5232.75
1.605509,5233.0
1.673293,5233.25
1.733403,5233.5
1.812698,5233.75
1.881761,5234.0
1.963613,5234.25
1.990471,5234.5
2.009854,5234.75
1.994507,5235.0
1.965091,5235.25
1.930559,5235.5
1.916491,5235.75
1.897307,5236.0
1.88196,5236.25
1.851265,5236.5
1.866612,5236.75
1.901144,5237.0
1.956138,5237.25
2.022643,5237.5
2.071243,5237.75
2.094264,5238.0
2.11217,5238.25
2.114727,5238.5
2.103217,5238.75
2.101938,5239.0
2.085312,5239.25
2.062291,5239.5
2.037991,5239.75
2.017528,5240.0
1.997064,5240.25
1.979159,5240.5
1.962533,5240.75
1.945907,5241.0
1.933117,5241.25
1.919049,5241.5
1.90626,5241.75
1.897307,5242.0
1.883239,5242.25
1.873007,5242.5
1.862775,5242.75
1.853823,5243.0
1.843591,5243.25
1.837197,5243.5
1.826965,5243.75
1.823128,5244.0
1.811618,5244.25
1.807781,5244.5
1.800107,5244.75
1.794991,5245.0
1.787318,5245.25
1.786039,5245.5
1.787318,5245.75
1.78476,5246.0
1.779644,5246.25
1.773249,5246.5
1.769413,5246.75
1.763018,5247.0
1.756623,5247.25
1.754065,5247.5
1.746392,5247.75
1.743834,5248.0
1.737439,5248.25
1.733602,5248.5
1.729765,5248.75
1.725928,5249.0
1.714418,5249.25
1.715697,5249.5
1.71186,5249.75
1.709302,5250.0
1.705465,5250.25
1.702907,5250.5
1.699071,5250.75
1.693955,5251.0
1.693955,5251.25
1.691397,5251.5
1.693955,5251.75
1.699071,5252.0
1.71186,5252.25
1.720813,5252.5
1.732323,5252.75
1.738718,5253.0
1.739997,5253.25
1.737439,5253.5
1.733602,5253.75
1.719534,5254.0
1.719534,5254.25
1.71186,5254.5
1.702907,5254.75
1.696513,5255.0
1.683723,5255.25
1.686281,5255.5
1.679886,5255.75
1.674771,5256.0
1.672213,5256.25
1.665818,5256.5
1.665818,5256.75
1.659423,5257.0
1.658144,5257.25
1.65175,5257.5
1.653029,5257.75
1.646634,5258.0
1.645355,5258.25
1.641518,5258.5
1.640239,5258.75
1.635123,5259.0
1.633844,5259.25
1.631287,5259.5
1.631287,5259.75
1.626171,5260.0
1.62745,5260.25
1.630008,5260.5
1.630008,5260.75
1.630008,5261.0
1.626171,5261.25
1.630008,5261.5
1.631287,5261.75
1.626171,5262.0
1.617218,5262.25
1.617218,5262.5
1.618497,5262.75
1.610824,5263.0
1.612102,5263.25
1.605708,5263.5
1.605708,5263.75
1.600592,5264.0
1.600592,5264.25
1.596755,5264.5
1.595476,5264.75
1.592918,5265.0
1.591639,5265.25
1.587803,5265.5
1.587803,5265.75
1.583966,5266.0
1.581408,5266.25
1.57885,5266.5
1.57885,5266.75
1.576292,5267.0
1.575013,5267.25
1.571176,5267.5
1.573734,5267.75
1.568618,5268.0
1.568618,5268.25
1.563503,5268.5
1.564782,5268.75
1.55455,5269.0
1.560945,5269.25
1.558387,5269.5
1.559666,5269.75
1.555829,5270.0
1.557108,5270.25
1.55455,5270.5
1.553271,5270.75
1.549434,5271.0
1.546876,5271.25
1.544318,5271.5
1.544318,5271.75
1.543039,5272.0
1.540482,5272.25
1.537924,5272.5
1.536645,5272.75
1.532808,5273.0
1.532808,5273.25
1.528971,5273.5
1.528971,5273.75
1.520018,5274.0
1.523855,5274.25
1.517461,5274.5
1.520018,5274.75
1.517461,5275.0
1.517461,5275.25
1.517461,5275.5
1.532808,5275.75
1.550713,5276.0
1.562224,5276.25
1.572455,5276.5
1.572455,5276.75
1.572455,5277.0
1.567339,5277.25
1.560945,5277.5
1.569897,5277.75
1.569897,5278.0
1.568618,5278.25
1.56606,5278.5
1.564782,5278.75
1.559666,5279.0
1.557108,5279.25
1.551992,5279.5
1.548155,5279.75
1.543039,5280.0
1.541761,5280.25
1.537924,5280.5
1.532808,5280.75
1.532808,5281.0
1.528971,5281.25
1.527692,5281.5
1.523855,5281.75
1.522576,5282.0
1.51874,5282.25
1.517461,5282.5
1.511066,5282.75
1.511066,5283.0
1.508508,5283.25
1.50595,5283.5
1.504671,5283.75
1.503392,5284.0
1.499555,5284.25
1.498276,5284.5
1.49444,5284.75
1.493161,5285.0
1.489324,5285.25
1.486766,5285.5
1.485487,5285.75
1.486766,5286.0
1.48165,5286.25
1.482929,5286.5
1.480371,5286.75
1.48165,5287.0
1.479092,5287.25
1.479092,5287.5
1.476534,5287.75
1.479092,5288.0
1.477813,5288.25
1.480371,5288.5
1.472697,5288.75
1.48165,5289.0
1.480371,5289.25
1.479092,5289.5
1.480371,5289.75
1.475255,5290.0
1.471419,5290.25
1.467582,5290.5
1.485288,5290.75
1.48273,5291.0
1.481451,5291.25
1.480172,5291.5
1.476335,5291.75
1.476335,5292.0
1.47122,5292.25
1.47122,5292.5
1.467383,5292.75
1.462267,5293.0
1.45843,5293.25
1.457151,5293.5
1.453314,5293.75
1.445641,5294.0
1.448199,5294.25
1.445641,5294.5
1.445641,5294.75
1.441804,5295.0
1.443083,5295.25
1.439246,5295.5
1.437967,5295.75
1.431572,5296.0
1.432851,5296.25
1.430293,5296.5
1.429015,5296.75
1.423899,5297.0
1.425178,5297.25
1.421341,5297.5
1.420062,5297.75
1.418783,5298.0
1.416225,5298.25
1.413667,5298.5
1.412388,5298.75
1.40983,5299.0
1.40983,5299.25
1.407272,5299.5
1.407272,5299.75
1.403436,5300.0
1.403436,5300.25
1.402157,5300.5
1.404715,5300.75
1.399599,5301.0
1.39832,5301.25
1.394483,5301.5
1.397041,5301.75
1.390646,5302.0
1.391925,5302.25
1.390646,5302.5
1.390646,5302.75
1.386809,5303.0
1.386809,5303.25
1.388088,5303.5
1.38553,5303.75
1.380415,5304.0
1.377857,5304.25
1.377857,5304.5
1.377857,5304.75
1.375299,5305.0
1.376578,5305.25
1.368904,5305.5
1.37402,5305.75
1.372741,5306.0
1.372741,5306.25
1.370183,5306.5
1.370183,5306.75
1.366346,5307.0
1.367625,5307.25
1.365067,5307.5
1.363788,5307.75
1.362509,5308.0
1.36123,5308.25
1.359951,5308.5
1.358673,5308.75
1.357394,5309.0
1.354836,5309.25
1.353557,5309.5
1.352278,5309.75
1.352278,5310.0
1.34972,5310.25
1.348441,5310.5
1.348441,5310.75
1.345883,5311.0
1.343325,5311.25
1.344604,5311.5
1.344604,5311.75
1.344604,5312.0
1.343325,5312.25
1.344604,5312.5
1.348441,5312.75
1.350999,5313.0
1.359951,5313.25
1.375299,5313.5
1.394483,5313.75
1.414946,5314.0
1.439246,5314.25
1.454593,5314.5
1.463546,5314.75
1.464825,5315.0
1.460988,5315.25
1.459709,5315.5
1.453314,5315.75
1.453314,5316.0
1.449478,5316.25
1.449478,5316.5
1.444362,5316.75
1.440525,5317.0
1.437967,5317.25
1.435409,5317.5
1.436688,5317.75
1.449478,5318.0
1.468662,5318.25
1.481451,5318.5
1.501914,5318.75
1.514704,5319.0
1.523656,5319.25
1.528772,5319.5
1.524935,5319.75
1.521098,5320.0
1.510867,5320.25
1.499356,5320.5
1.486567,5320.75
1.480172,5321.0
1.472499,5321.25
1.468662,5321.5
1.462267,5321.75
1.459709,5322.0
1.454593,5322.25
1.452036,5322.5
1.449478,5322.75
1.445641,5323.0
1.440525,5323.25
1.435409,5323.5
1.435409,5323.75
1.430293,5324.0
1.427736,5324.25
1.425178,5324.5
1.414946,5324.75
1.411109,5325.0
1.40983,5325.25
1.411109,5325.5
1.40983,5325.75
1.407272,5326.0
1.404715,5326.25
1.430293,5326.5
1.439246,5326.75
1.47122,5327.0
1.484009,5327.25
1.503193,5327.5
1.514704,5327.75
1.683524,5328.0
1.744914,5328.25
1.746193,5328.5
1.660503,5328.75
1.572256,5329.0
1.553072,5329.25
1.545398,5329.5
1.539004,5329.75
1.528772,5330.0
1.519819,5330.25
1.512146,5330.5
1.521098,5330.75
1.541562,5331.0
1.553072,5331.25
1.595277,5331.5
1.657946,5331.75
1.654109,5332.0
1.600393,5332.25
1.656667,5332.5
1.692477,5332.75
1.586325,5333.0
1.608067,5333.25
1.678409,5333.5
1.724451,5333.75
1.730845,5334.0
1.815256,5334.25
1.811419,5334.5
1.849787,5334.75
1.881761,5335.0
1.900945,5335.25
1.908618,5335.5
1.920129,5335.75
1.921408,5336.0
1.931639,5336.25
1.946987,5336.5
1.96745,5336.75
1.995786,5337.0
2.032875,5337.25
2.069964,5337.5
2.07508,5337.75
2.100659,5338.0
2.059733,5338.25
2.027759,5338.5
1.965091,5338.75
1.994507,5339.0
2.003459,5339.25
2.003459,5339.5
1.993228,5339.75
1.982996,5340.0
1.980438,5340.25
1.981717,5340.5
1.984275,5340.75
1.979159,5341.0
1.979159,5341.25
1.970207,5341.5
1.962533,5341.75
1.956138,5342.0
1.957417,5342.25
1.959975,5342.5
1.948465,5342.75
1.935675,5343.0
1.951023,5343.25
1.920328,5343.5
1.919049,5343.75
1.938233,5344.0
1.902423,5344.25
1.873007,5344.5
1.855102,5344.75
1.830802,5345.0
1.830802,5345.25
1.851265,5345.5
1.852544,5345.75
1.839754,5346.0
1.837197,5346.25
1.846149,5346.5
1.86917,5346.75
1.876844,5347.0
1.899865,5347.25
1.920328,5347.5
1.930559,5347.75
1.922886,5348.0
1.913933,5348.25
1.889633,5348.5
1.873007,5348.75
1.870449,5349.0
1.88196,5349.25
1.85766,5349.5
1.848707,5349.75
1.842312,5350.0
1.873007,5350.25
1.936954,5350.5
2.016249,5350.75
2.02648,5351.0
2.048222,5351.25
2.004738,5351.5
1.972765,5351.75
1.981717,5352.0
1.993228,5352.25
2.007296,5352.5
2.01497,5352.75
1.991949,5353.0
1.995786,5353.25
2.078917,5353.5
2.084033,5353.75
2.054617,5354.0
2.041827,5354.25
1.999622,5354.5
1.952302,5354.75
1.910096,5355.0
1.904981,5355.25
1.922886,5355.5
1.919049,5355.75
1.883239,5356.0
1.876844,5356.25
1.913933,5356.5
1.875565,5356.75
1.875565,5357.0
1.82057,5357.25
1.779644,5357.5
1.748949,5357.75
1.710581,5358.0
1.681165,5358.25
1.714418,5358.5
1.723371,5358.75
1.883239,5359.0
1.910096,5359.25
1.930559,5359.5
1.949744,5359.75
2.021364,5360.0
2.185069,5360.25
2.22088,5360.5
2.234948,5360.75
2.233669,5361.0
2.213206,5361.25
2.197859,5361.5
2.165885,5361.75
2.162048,5362.0
2.165885,5362.25
2.141585,5362.5
2.136469,5362.75
2.117285,5363.0
2.132632,5363.25
2.130075,5363.5
2.139027,5363.75
2.119843,5364.0
2.108333,5364.25
2.094264,5364.5
2.078917,5364.75
2.09938,5365.0
2.091706,5365.25
2.087869,5365.5
2.076359,5365.75
2.058454,5366.0
2.049501,5366.25
2.044385,5366.5
2.037991,5366.75
2.023922,5367.0
2.021364,5367.25
2.049501,5367.5
2.084033,5367.75
2.131354,5368.0
2.132632,5368.25
2.126238,5368.5
2.141585,5368.75
2.150538,5369.0
2.168443,5369.25
2.149259,5369.5
2.169722,5369.75
2.130075,5370.0
2.11089,5370.25
2.122401,5370.5
2.146701,5370.75
2.130075,5371.0
2.121122,5371.25
2.117285,5371.5
2.11217,5371.75
2.109612,5372.0
2.116006,5372.25
2.114727,5372.5
2.116006,5372.75
2.108333,5373.0
2.113448,5373.25
2.105775,5373.5
2.108333,5373.75
2.096822,5374.0
2.103217,5374.25
2.104496,5374.5
2.103217,5374.75
2.101938,5375.0
2.09938,5375.25
2.095543,5375.5
2.094264,5375.75
2.109612,5376.0
2.17228,5376.25
2.204253,5376.5
2.205532,5376.75
2.213206,5377.0
2.237506,5377.25
2.238785,5377.5
2.242622,5377.75
2.240064,5378.0
2.242622,5378.25
2.237506,5378.5
2.24518,5378.75
2.240064,5379.0
2.241343,5379.25
2.236227,5379.5
2.234948,5379.75
2.229832,5380.0
2.213206,5380.25
2.188906,5380.5
2.176117,5380.75
2.168443,5381.0
2.163327,5381.25
2.163327,5381.5
2.15949,5381.75
2.153096,5382.0
2.150538,5382.25
2.141585,5382.5
2.131354,5382.75
2.130075,5383.0
2.127517,5383.25
2.119843,5383.5
2.118564,5383.75
2.108333,5384.0
2.108333,5384.25
2.096822,5384.5
2.09938,5384.75
2.098101,5385.0
2.09938,5385.25
2.118564,5385.5
2.18379,5385.75
2.182511,5386.0
2.118564,5386.25
2.016249,5386.5
1.981717,5386.75
1.952302,5387.0
1.90626,5387.25
1.890912,5387.5
1.892191,5387.75
1.901144,5388.0
1.899865,5388.25
1.901144,5388.5
1.90626,5388.75
1.904981,5389.0
1.904981,5389.25
1.896028,5389.5
1.888354,5389.75
1.885796,5390.0
1.875565,5390.25
1.865333,5390.5
1.85766,5390.75
1.852544,5391.0
1.853823,5391.25
1.84487,5391.5
1.835918,5391.75
1.829523,5392.0
1.83336,5392.25
1.830802,5392.5
1.826965,5392.75
1.819291,5393.0
1.816733,5393.25
1.80906,5393.5
1.807781,5393.75
1.79627,5394.0
1.79627,5394.25
1.801386,5394.5
1.798828,5394.75
1.801386,5395.0
1.818012,5395.25
1.80906,5395.5
1.80906,5395.75
1.797549,5396.0
1.797549,5396.25
1.793712,5396.5
1.789876,5396.75
1.78476,5397.0
1.777086,5397.25
1.770692,5397.5
1.766855,5397.75
1.76046,5398.0
1.754065,5398.25
1.751507,5398.5
1.74767,5398.75
1.742555,5399.0
1.738718,5399.25
1.734881,5399.5
1.734881,5399.75
1.727207,5400.0
1.723371,5400.25
1.710581,5400.5
1.716976,5400.75
1.710581,5401.0
1.710581,5401.25
1.706744,5401.5
1.705465,5401.75
1.701628,5402.0
1.701628,5402.25
1.697792,5402.5
1.699071,5402.75
1.690118,5403.0
1.685002,5403.25
1.693955,5403.5
1.722092,5403.75
1.782202,5404.0
1.834639,5404.25
1.861496,5404.5
1.876844,5404.75
1.866612,5405.0
1.851265,5405.25
1.848707,5405.5
1.847428,5405.75
1.835918,5406.0
1.823128,5406.25
1.815454,5406.5
1.812897,5406.75
1.814175,5407.0
1.801386,5407.25
1.792434,5407.5
1.791155,5407.75
1.794991,5408.0
1.794991,5408.25
1.791155,5408.5
1.787318,5408.75
1.78476,5409.0
1.780923,5409.25
1.778365,5409.5
1.775807,5409.75
1.770692,5410.0
1.768134,5410.25
1.766855,5410.5
1.770692,5410.75
1.759181,5411.0
1.780923,5411.25
1.806502,5411.5
1.819291,5411.75
1.829523,5412.0
1.83336,5412.25
1.841033,5412.5
1.908817,5412.75
1.907538,5413.0
1.916491,5413.25
1.920328,5413.5
1.921607,5413.75
1.915212,5414.0
1.91777,5414.25
1.913933,5414.5
1.908817,5414.75
1.916491,5415.0
1.929281,5415.25
1.945907,5415.5
1.945907,5415.75
1.95358,5416.0
1.962533,5416.25
1.961254,5416.5
1.959975,5416.75
1.952302,5417.0
1.952302,5417.25
1.954859,5417.5
1.958696,5417.75
1.959975,5418.0
1.963812,5418.25
1.975322,5418.5
1.974043,5418.75
2.022643,5419.0
2.066128,5419.25
2.103217,5419.5
2.132632,5419.75
2.141585,5420.0
2.132632,5420.25
2.133912,5420.5
2.167164,5420.75
2.162048,5421.0
2.153096,5421.25
2.153096,5421.5
2.17228,5421.75
2.176117,5422.0
2.177396,5422.25
2.17228,5422.5
2.17228,5422.75
2.169722,5423.0
2.17228,5423.25
2.164606,5423.5
2.137748,5423.75
2.108333,5424.0
2.096822,5424.25
2.046943,5424.5
2.012412,5424.75
1.993228,5425.0
1.957417,5425.25
1.939512,5425.5
1.948465,5425.75
2.185069,5426.0
2.323195,5426.25
2.357727,5426.5
2.422953,5426.75
2.42679,5427.0
2.440858,5427.25
2.437021,5427.5
2.434463,5427.75
2.422953,5428.0
2.417837,5428.25
2.408885,5428.5
2.412721,5428.75
2.406327,5429.0
2.401211,5429.25
2.399932,5429.5
2.390979,5429.75
2.344937,5430.0
2.23239,5430.25
2.242622,5430.5
2.241343,5430.75
2.23239,5431.0
2.249017,5431.25
2.370516,5431.5
2.385863,5431.75
2.376911,5432.0
2.348774,5432.25
2.3168,5432.5
2.333427,5432.75
2.355169,5433.0
2.350053,5433.25
2.35389,5433.5
2.375632,5433.75
2.374353,5434.0
2.380748,5434.25
2.388421,5434.5
2.392258,5434.75
2.390979,5435.0
2.387142,5435.25
2.392258,5435.5
2.385863,5435.75
2.385863,5436.0
2.375632,5436.25
2.379469,5436.5
2.376911,5436.75
2.374353,5437.0
2.375632,5437.25
2.384584,5437.5
2.393537,5437.75
2.416558,5438.0
2.302732,5438.25
2.19658,5438.5
2.191464,5438.75
2.188906,5439.0
2.201695,5439.25
2.217043,5439.5
2.223438,5439.75
2.137748,5440.0
2.118564,5440.25
2.126238,5440.5
2.131354,5440.75
2.140306,5441.0
2.160769,5441.25
2.177396,5441.5
2.17228,5441.75
2.164606,5442.0
2.160769,5442.25
2.145422,5442.5
2.137748,5442.75
2.104496,5443.0
2.078917,5443.25
2.058454,5443.5
2.055896,5443.75
2.058454,5444.0
2.068685,5444.25
2.071243,5444.5
2.049501,5444.75
2.048222,5445.0
2.078917,5445.25
2.236227,5445.5
2.274595,5445.75
2.296337,5446.0
2.318079,5446.25
2.346216,5446.5
2.379469,5446.75
2.382027,5447.0
2.388421,5447.25
2.392258,5447.5
2.399932,5447.75
2.416558,5448.0
2.419116,5448.25
2.412721,5448.5
2.411442,5448.75
2.408885,5449.0
2.410163,5449.25
2.408885,5449.5
2.408885,5449.75
2.394816,5450.0
2.398653,5450.25
2.397374,5450.5
2.406327,5450.75
2.392258,5451.0
2.394816,5451.25
2.394816,5451.5
2.346216,5451.75
2.367958,5452.0
2.352611,5452.25
2.343658,5452.5
2.344937,5452.75
2.348774,5453.0
2.465158,5453.25
2.509401,5453.5
2.51068,5453.75
2.48638,5454.0
2.436501,5454.25
2.371275,5454.5
2.321396,5454.75
2.325233,5455.0
2.32907,5455.25
2.31628,5455.5
2.315001,5455.75
2.308607,5456.0
2.309886,5456.25
2.313723,5456.5
2.30477,5456.75
2.295817,5457.0
2.288144,5457.25
2.291981,5457.5
2.345696,5457.75
2.349533,5458.0
2.382786,5458.25
2.396854,5458.5
2.40197,5458.75
2.403249,5459.0
2.419875,5459.25
2.311165,5459.5
2.120602,5459.75
2.19606,5460.0
2.216523,5460.25
2.238265,5460.5
2.276633,5460.75
2.299654,5461.0
2.291981,5461.25
2.28047,5461.5
2.276633,5461.75
2.272796,5462.0
2.270238,5462.25
2.274075,5462.5
2.267681,5462.75
2.262565,5463.0
2.254891,5463.25
2.249775,5463.5
2.242102,5463.75
2.240823,5464.0
2.23187,5464.25
2.243381,5464.5
2.261286,5464.75
2.253612,5465.0
2.249775,5465.25
2.247217,5465.5
2.248496,5465.75
2.242102,5466.0
2.236986,5466.25
2.245939,5466.5
2.243381,5466.75
2.176876,5467.0
2.133391,5467.25
2.088628,5467.5
2.060492,5467.75
2.020844,5468.0
2.031076,5468.25
2.066886,5468.5
2.092465,5468.75
2.105255,5469.0
2.138507,5469.25
2.142344,5469.5
2.135949,5469.75
2.141065,5470.0
2.157691,5470.25
2.217802,5470.5
2.242102,5470.75
2.221639,5471.0
2.22036,5471.25
2.213965,5471.5
2.210128,5471.75
2.221639,5472.0
2.215244,5472.25
2.210128,5472.5
2.213965,5472.75
2.20757,5473.0
2.181991,5473.25
2.13467,5473.5
2.107813,5473.75
2.078397,5474.0
2.069444,5474.25
2.054097,5474.5
2.046423,5474.75
2.040029,5475.0
2.034913,5475.25
2.02596,5475.5
2.017008,5475.75
2.006776,5476.0
2.009334,5476.25
2.009334,5476.5
1.995265,5476.75
1.995265,5477.0
1.996544,5477.25
1.996544,5477.5
1.997823,5477.75
1.993987,5478.0
2.000381,5478.25
2.00166,5478.5
2.008055,5478.75
2.009334,5479.0
2.008055,5479.25
2.004218,5479.5
1.999102,5479.75
1.988871,5480.0
1.981197,5480.25
1.973523,5480.5
1.981197,5480.75
1.978639,5481.0
1.970966,5481.25
1.960734,5481.5
1.972765,5481.75
1.96637,5482.0
1.963812,5482.25
1.957417,5482.5
1.959975,5482.75
1.959975,5483.0
1.975322,5483.25
1.989391,5483.5
2.007296,5483.75
2.017528,5484.0
2.02648,5484.25
2.02648,5484.5
2.027759,5484.75
2.021364,5485.0
2.013691,5485.25
2.006017,5485.5
2.006017,5485.75
2.00218,5486.0
1.999622,5486.25
1.991949,5486.5
1.991949,5486.75
1.985554,5487.0
1.99067,5487.25
2.009854,5487.5
2.114727,5487.75
2.130075,5488.0
2.094264,5488.25
2.145422,5488.5
2.163327,5488.75
2.136469,5489.0
2.128796,5489.25
2.139027,5489.5
2.243901,5489.75
2.179954,5490.0
2.149259,5490.25
2.11089,5490.5
2.066128,5490.75
2.048222,5491.0
2.077638,5491.25
2.076359,5491.5
2.011133,5491.75
1.985554,5492.0
1.97788,5492.25
1.972765,5492.5
1.96637,5492.75
1.949744,5493.0
1.940791,5493.25
1.939512,5493.5
1.935675,5493.75
1.91777,5494.0
1.915212,5494.25
1.904981,5494.5
1.899865,5494.75
1.892191,5495.0
1.885796,5495.25
1.879402,5495.5
1.874286,5495.75
1.870449,5496.0
1.865333,5496.25
1.861496,5496.5
1.85766,5496.75
1.861496,5497.0
1.864054,5497.25
1.866612,5497.5
1.856381,5497.75
1.851265,5498.0
1.848707,5498.25
1.846149,5498.5
1.84487,5498.75
1.842312,5499.0
1.842312,5499.25
1.837197,5499.5
1.837197,5499.75
1.83336,5500.0
1.83336,5500.25
1.837197,5500.5
1.837197,5500.75
1.832081,5501.0
1.835918,5501.25
1.834639,5501.5
1.849986,5501.75
1.861496,5502.0
1.832081,5502.25
1.825686,5502.5
1.815454,5502.75
1.803944,5503.0
1.798828,5503.25
1.794991,5503.5
1.789876,5503.75
1.788597,5504.0
1.78476,5504.25
1.780923,5504.5
1.777086,5504.75
1.773249,5505.0
1.769413,5505.25
1.765576,5505.5
1.768134,5505.75
1.922886,5506.0
2.000901,5506.25
1.997064,5506.5
2.011133,5506.75
1.99067,5507.0
1.979159,5507.25
1.97788,5507.5
2.00218,5507.75
2.087869,5508.0
2.11089,5508.25
2.140306,5508.5
2.158211,5508.75
2.173559,5509.0
2.204253,5509.25
2.206811,5509.5
2.22088,5509.75
2.218322,5510.0
2.182511,5510.25
2.162048,5510.5
2.194022,5510.75
2.243901,5511.0
2.291222,5511.25
2.314243,5511.5
2.318079,5511.75
2.337264,5512.0
2.355169,5512.25
2.351332,5512.5
2.356448,5512.75
2.375632,5513.0
2.379469,5513.25
2.411442,5513.5
2.433184,5513.75
2.396095,5514.0
2.398653,5514.25
2.396095,5514.5
2.231111,5514.75
2.173559,5515.0
2.15949,5515.25
2.182511,5515.5
2.197859,5515.75
2.205532,5516.0
2.24518,5516.25
2.272038,5516.5
2.229832,5516.75
2.169722,5517.0
2.154375,5517.25
2.130075,5517.5
2.194022,5517.75
2.278432,5518.0
2.472831,5518.25
2.460801,5518.5
2.48638,5518.75
2.424991,5519.0
2.341859,5519.25
2.25617,5519.5
2.190944,5519.75
2.194781,5520.0
2.193502,5520.25
2.346975,5520.5
2.367438,5520.75
2.31628,5521.0
2.290702,5521.25
2.258728,5521.5
2.24466,5521.75
2.226754,5522.0
2.22036,5522.25
2.206291,5522.5
2.198617,5522.75
2.185828,5523.0
2.178154,5523.25
2.170481,5523.5
2.167923,5523.75
2.173039,5524.0
2.167923,5524.25
2.156412,5524.5
2.150018,5524.75
2.141065,5525.0
2.13467,5525.25
2.126997,5525.5
2.146181,5525.75
2.144902,5526.0
2.148739,5526.25
2.148739,5526.5
2.148739,5526.75
2.121881,5527.0
2.103976,5527.25
2.107813,5527.5
2.120602,5527.75
2.11165,5528.0
2.091186,5528.25
2.109092,5528.5
2.112928,5528.75
2.109092,5529.0
2.138507,5529.25
2.14746,5529.5
2.142344,5529.75
2.148739,5530.0
2.137228,5530.25
2.13467,5530.5
2.130834,5530.75
2.128276,5531.0
2.138507,5531.25
2.129555,5531.5
2.126997,5531.75
2.12316,5532.0
2.116765,5532.25
2.11165,5532.5
2.107813,5532.75
2.101418,5533.0
2.097581,5533.25
2.093744,5533.5
2.087349,5533.75
2.079676,5534.0
2.082234,5534.25
2.082234,5534.5
2.083513,5534.75
2.079676,5535.0
2.077118,5535.25
2.073281,5535.5
2.070723,5535.75
2.06305,5536.0
2.042586,5536.25
2.031076,5536.5
2.061771,5536.75
2.047702,5537.0
2.061771,5537.25
2.135949,5537.5
2.178154,5537.75
2.179433,5538.0
2.257449,5538.25
2.295817,5538.5
2.298375,5538.75
2.294538,5539.0
2.275354,5539.25
2.272796,5539.5
2.332907,5539.75
2.348254,5540.0
2.344417,5540.25
2.302212,5540.5
2.208849,5540.75
2.238265,5541.0
2.198617,5541.25
2.335464,5541.5
2.451849,5541.75
2.442896,5542.0
2.423712,5542.25
2.396854,5542.5
2.416038,5542.75
2.424991,5543.0
2.38918,5543.25
2.399412,5543.5
2.403249,5543.75
2.398133,5544.0
2.390459,5544.25
2.381506,5544.5
2.375112,5544.75
2.369996,5545.0
2.363601,5545.25
2.359765,5545.5
2.357207,5545.75
2.355928,5546.0
2.359765,5546.25
2.373833,5546.5
2.385343,5546.75
2.390459,5547.0
2.393017,5547.25
2.390459,5547.5
2.386622,5547.75
2.378949,5548.0
2.369996,5548.25
2.359765,5548.5
2.348254,5548.75
2.338022,5549.0
2.334186,5549.25
2.325233,5549.5
2.322675,5549.75
2.317559,5550.0
2.312443,5550.25
2.307328,5550.5
2.302212,5550.75
2.298375,5551.0
2.291981,5551.25
2.291981,5551.5
2.285586,5551.75
2.283028,5552.0
2.28047,5552.25
2.275354,5552.5
2.276633,5552.75
2.275354,5553.0
2.277912,5553.25
2.277912,5553.5
2.288144,5553.75
2.28047,5554.0
2.289423,5554.25
2.284307,5554.5
2.285586,5554.75
2.277912,5555.0
2.275354,5555.25
2.270238,5555.5
2.267681,5555.75
2.261286,5556.0
2.261286,5556.25
2.254891,5556.5
2.252333,5556.75
2.24466,5557.0
2.240823,5557.25
2.239544,5557.5
2.243381,5557.75
2.23187,5558.0
2.230591,5558.25
2.229312,5558.5
2.239544,5558.75
2.248496,5559.0
2.252333,5559.25
2.25617,5559.5
2.257449,5559.75
2.258728,5560.0
2.265123,5560.25
2.270238,5560.5
2.272796,5560.75
2.276633,5561.0
2.279191,5561.25
2.285586,5561.5
2.298375,5561.75
2.323954,5562.0
2.354649,5562.25
2.384064,5562.5
2.407085,5562.75
2.460801,5563.0
2.488938,5563.25
2.48638,5563.5
2.47359,5563.75
2.46208,5564.0
2.454406,5564.25
2.444175,5564.5
2.433943,5564.75
2.422433,5565.0
2.414759,5565.25
2.400691,5565.5
2.40197,5565.75
2.390459,5566.0
2.384064,5566.25
2.372554,5566.5
2.369996,5566.75
2.366159,5567.0
2.357207,5567.25
2.349533,5567.5
2.343138,5567.75
2.335464,5568.0
2.326512,5568.25
2.323954,5568.5
2.317559,5568.75
2.312443,5569.0
2.306049,5569.25
2.299654,5569.5
2.297096,5569.75
2.290702,5570.0
2.286865,5570.25
2.281749,5570.5
2.277912,5570.75
2.271517,5571.0
2.26896,5571.25
2.263844,5571.5
2.261286,5571.75
2.257449,5572.0
2.245939,5572.25
2.251054,5572.5
2.239544,5572.75
2.243381,5573.0
2.233149,5573.25
2.235707,5573.5
2.224196,5573.75
2.22036,5574.0
2.221639,5574.25
2.221639,5574.5
2.219081,5574.75
2.217802,5575.0
2.213965,5575.25
2.212686,5575.5
2.211407,5575.75
2.206291,5576.0
2.202454,5576.25
2.197339,5576.5
2.197339,5576.75
2.193502,5577.0
2.192223,5577.25
2.190944,5577.5
2.192223,5577.75
2.190944,5578.0
2.187107,5578.25
2.187107,5578.5
2.18327,5578.75
2.184549,5579.0
2.178154,5579.25
2.179433,5579.5
2.174318,5579.75
2.17176,5580.0
2.169202,5580.25
2.166644,5580.5
2.165365,5580.75
2.162807,5581.0
2.161528,5581.25
2.15897,5581.5
2.153855,5581.75
2.150018,5582.0
2.14746,5582.25
2.144902,5582.5
2.142344,5582.75
2.142344,5583.0
2.137228,5583.25
2.138507,5583.5
2.13467,5583.75
2.132113,5584.0
2.128276,5584.25
2.126997,5584.5
2.124439,5584.75
2.12316,5585.0
2.116765,5585.25
2.119323,5585.5
2.114207,5585.75
2.115486,5586.0
2.11037,5586.25
2.11165,5586.5
2.109092,5586.75
2.105255,5587.0
2.101418,5587.25
2.100139,5587.5
2.09886,5587.75
2.096302,5588.0
2.092465,5588.25
2.093744,5588.5
2.088628,5588.75
2.089907,5589.0
2.086071,5589.25
2.087349,5589.5
2.083513,5589.75
2.080955,5590.0
2.075839,5590.25
2.077118,5590.5
2.07456,5590.75
2.073281,5591.0
2.068165,5591.25
2.068165,5591.5
2.066886,5591.75
2.064328,5592.0
2.061771,5592.25
2.059213,5592.5
2.056655,5592.75
2.054097,5593.0
2.051539,5593.25
2.045144,5593.5
2.047702,5593.75
2.040029,5594.0
2.043865,5594.25
2.043865,5594.5
2.041307,5594.75
2.041307,5595.0
2.03875,5595.25
2.036192,5595.5
2.036192,5595.75
2.036192,5596.0
2.031076,5596.25
2.032355,5596.5
2.032355,5596.75
2.029797,5597.0
2.02596,5597.25
2.02596,5597.5
2.023402,5597.75
2.022123,5598.0
2.020844,5598.25
2.020844,5598.5
2.023402,5598.75
2.020844,5599.0
2.020844,5599.25
2.019565,5599.5
2.018286,5599.75
2.017008,5600.0
2.013171,5600.25
2.011892,5600.5
2.009334,5600.75
2.006776,5601.0
1.995265,5601.25
2.00166,5601.5
1.995265,5601.75
1.997823,5602.0
1.987592,5602.25
1.993987,5602.5
1.985034,5602.75
1.99015,5603.0
1.982476,5603.25
1.986313,5603.5
1.983755,5603.75
1.982476,5604.0
1.981197,5604.25
1.976081,5604.5
1.97736,5604.75
1.963292,5605.0
1.981717,5605.25
1.982996,5605.5
1.981717,5605.75
1.981717,5606.0
1.976601,5606.25
1.976601,5606.5
1.972765,5606.75
1.975322,5607.0
1.971486,5607.25
1.971486,5607.5
1.971486,5607.75
1.971486,5608.0
1.96637,5608.25
1.96637,5608.5
1.965091,5608.75
1.963812,5609.0
1.958696,5609.25
1.956138,5609.5
1.957417,5609.75
1.954859,5610.0
1.945907,5610.25
1.952302,5610.5
1.945907,5610.75
1.951023,5611.0
1.947186,5611.25
1.948465,5611.5
1.945907,5611.75
1.945907,5612.0
1.94207,5612.25
1.94207,5612.5
1.938233,5612.75
1.938233,5613.0
1.935675,5613.25
1.934396,5613.5
1.934396,5613.75
1.926723,5614.0
1.930559,5614.25
1.925444,5614.5
1.924165,5614.75
1.920328,5615.0
1.920328,5615.25
1.919049,5615.5
1.920328,5615.75
1.91777,5616.0
1.916491,5616.25
1.913933,5616.5
1.915212,5616.75
1.911375,5617.0
1.911375,5617.25
1.908817,5617.5
1.904981,5617.75
1.904981,5618.0
1.904981,5618.25
1.90626,5618.5
1.907538,5618.75
1.907538,5619.0
1.90626,5619.25
1.90626,5619.5
1.907538,5619.75
1.902423,5620.0
1.907538,5620.25
1.901144,5620.5
1.915212,5620.75
1.902423,5621.0
1.898586,5621.25
1.894749,5621.5
1.896028,5621.75
1.89347,5622.0
1.896028,5622.25
1.902423,5622.5
1.90626,5622.75
1.903702,5623.0
1.901144,5623.25
1.899865,5623.5
1.899865,5623.75
1.902423,5624.0
1.901144,5624.25
1.911375,5624.5
1.910096,5624.75
1.903702,5625.0
1.903702,5625.25
1.899865,5625.5
1.901144,5625.75
1.89347,5626.0
1.894749,5626.25
1.889633,5626.5
1.894749,5626.75
1.88196,5627.0
1.811618,5627.25
1.789876,5627.5
1.792434,5627.75
1.79627,5628.0
1.788597,5628.25
1.791155,5628.5
1.91777,5628.75
1.889633,5629.0
1.910096,5629.25
1.962533,5629.5
1.994507,5629.75
2.025201,5630.0
2.031596,5630.25
1.997064,5630.5
1.97788,5630.75
1.979159,5631.0
1.982996,5631.25
1.981717,5631.5
1.991949,5631.75
1.986833,5632.0
1.989391,5632.25
1.982996,5632.5
1.984275,5632.75
1.980438,5633.0
1.982996,5633.25
1.982996,5633.5
1.982996,5633.75
1.979159,5634.0
1.981717,5634.25
1.981717,5634.5
1.984275,5634.75
1.982996,5635.0
1.984275,5635.25
1.981717,5635.5
1.984275,5635.75
1.985554,5636.0
1.989391,5636.25
1.981717,5636.5
1.986833,5636.75
1.980438,5637.0
1.984275,5637.25
1.984275,5637.5
2.000901,5637.75
2.030317,5638.0
2.016249,5638.25
1.97788,5638.5
1.971486,5638.75
2.06357,5639.0
2.085312,5639.25
2.149259,5639.5
2.141585,5639.75
2.09938,5640.0
2.108333,5640.25
2.107054,5640.5
2.118564,5640.75
2.092985,5641.0
2.12368,5641.25
2.15949,5641.5
2.211927,5641.75
2.185069,5642.0
2.176117,5642.25
2.17228,5642.5
2.182511,5642.75
2.174838,5643.0
2.177396,5643.25
2.174838,5643.5
2.176117,5643.75
2.17228,5644.0
2.167164,5644.25
2.168443,5644.5
2.165885,5644.75
2.163327,5645.0
2.160769,5645.25
2.165885,5645.5
2.163327,5645.75
2.164606,5646.0
2.164606,5646.25
2.164606,5646.5
2.163327,5646.75
2.164606,5647.0
2.169722,5647.25
2.167164,5647.5
2.160769,5647.75
2.167164,5648.0
2.169722,5648.25
2.169722,5648.5
2.171001,5648.75
2.17228,5649.0
2.169722,5649.25
2.169722,5649.5
2.174838,5649.75
2.173559,5650.0
2.168443,5650.25
2.167164,5650.5
2.164606,5650.75
2.167164,5651.0
2.163327,5651.25
2.160769,5651.5
2.160769,5651.75
2.156933,5652.0
2.14798,5652.25
2.167164,5652.5
2.158211,5652.75
2.164606,5653.0
2.154375,5653.25
2.156933,5653.5
2.153096,5653.75
2.14798,5654.0
2.151817,5654.25
2.153096,5654.5
2.151817,5654.75
2.141585,5655.0
2.145422,5655.25
2.142864,5655.5
2.194022,5655.75
2.164606,5656.0
2.15949,5656.25
2.156933,5656.5
2.15949,5656.75
2.156933,5657.0
2.154375,5657.25
2.151817,5657.5
2.14798,5657.75
2.146701,5658.0
2.146701,5658.25
2.142864,5658.5
2.142864,5658.75
2.136469,5659.0
2.136469,5659.25
2.132632,5659.5
2.132632,5659.75
2.128796,5660.0
2.126238,5660.25
2.124959,5660.5
2.122401,5660.75
2.122401,5661.0
2.119843,5661.25
2.117285,5661.5
2.113448,5661.75
2.114727,5662.0
2.11217,5662.25
2.114727,5662.5
2.12368,5662.75
2.133912,5663.0
2.142864,5663.25
2.150538,5663.5
2.160769,5663.75
2.160769,5664.0
2.164606,5664.25
2.15949,5664.5
2.165885,5664.75
2.15949,5665.0
2.158211,5665.25
2.153096,5665.5
2.150538,5665.75
2.144143,5666.0
2.141585,5666.25
2.139027,5666.5
2.137748,5666.75
2.133912,5667.0
2.126238,5667.25
2.12368,5667.5
2.12368,5667.75
2.118564,5668.0
2.116006,5668.25
2.113448,5668.5
2.114727,5668.75
2.11089,5669.0
2.109612,5669.25
2.104496,5669.5
2.104496,5669.75
2.096822,5670.0
2.100659,5670.25
2.095543,5670.5
2.098101,5670.75
2.090427,5671.0
2.090427,5671.25
2.087869,5671.5
2.090427,5671.75
2.091706,5672.0
2.087869,5672.25
2.084033,5672.5
2.082754,5672.75
2.080196,5673.0
2.081475,5673.25
2.077638,5673.5
2.078917,5673.75
2.066128,5674.0
2.071243,5674.25
2.068685,5674.5
2.071243,5674.75
2.064848,5675.0
2.067406,5675.25
2.058454,5675.5
2.06357,5675.75
2.059733,5676.0
2.059733,5676.25
2.055896,5676.5
2.057175,5676.75
2.053338,5677.0
2.052059,5677.25
2.052059,5677.5
2.049501,5677.75
2.046943,5678.0
2.043107,5678.25
2.045664,5678.5
2.041827,5678.75
2.040549,5679.0
2.03927,5679.25
2.037991,5679.5
2.03927,5679.75
2.035433,5680.0
2.036712,5680.25
2.032875,5680.5
2.034154,5680.75
2.032875,5681.0
2.046943,5681.25
2.057175,5681.5
2.069964,5681.75
2.081475,5682.0
2.089149,5682.25
2.100659,5682.5
2.105775,5682.75
2.101938,5683.0
2.096822,5683.25
2.092985,5683.5
2.085312,5683.75
2.084033,5684.0
2.080196,5684.25
2.07508,5684.5
2.072522,5684.75
2.067406,5685.0
2.064848,5685.25
2.059733,5685.5
2.061012,5685.75
2.055896,5686.0
2.053338,5686.25
2.046943,5686.5
2.049501,5686.75
2.045664,5687.0
2.043107,5687.25
2.041827,5687.5
2.043107,5687.75
2.037991,5688.0
2.037991,5688.25
2.036712,5688.5
2.034154,5688.75
2.032875,5689.0
2.029038,5689.25
2.029038,5689.5
2.029038,5689.75
2.02648,5690.0
2.023922,5690.25
2.023922,5690.5
2.023922,5690.75
2.020086,5691.0
2.025201,5691.25
2.03927,5691.5
2.040549,5691.75
2.048222,5692.0
2.069964,5692.25
2.100659,5692.5
2.09938,5692.75
2.085312,5693.0
2.087869,5693.25
2.086591,5693.5
2.086591,5693.75
2.073801,5694.0
2.078917,5694.25
2.07508,5694.5
2.069964,5694.75
2.068685,5695.0
2.064848,5695.25
2.062291,5695.5
2.059733,5695.75
2.055896,5696.0
2.052059,5696.25
2.049501,5696.5
2.048222,5696.75
2.043107,5697.0
2.041827,5697.25
2.035433,5697.5
2.036712,5697.75
2.035433,5698.0
2.034154,5698.25
2.031596,5698.5
2.030317,5698.75
2.029038,5699.0
2.029038,5699.25
2.029038,5699.5
2.027759,5699.75
2.029038,5700.0
2.032875,5700.25
2.02648,5700.5
2.023922,5700.75
2.021364,5701.0
2.020086,5701.25
2.018806,5701.5
2.018806,5701.75
2.018806,5702.0
2.018806,5702.25
2.016249,5702.5
2.01497,5702.75
2.011133,5703.0
2.011133,5703.25
2.009854,5703.5
2.011133,5703.75
2.008575,5704.0
2.007296,5704.25
2.006017,5704.5
2.007296,5704.75
2.006017,5705.0
2.004738,5705.25
2.00218,5705.5
1.998343,5705.75
2.000901,5706.0
2.00218,5706.25
2.000901,5706.5
1.999622,5706.75
1.998343,5707.0
1.995786,5707.25
1.993228,5707.5
1.994507,5707.75
1.99067,5708.0
1.984275,5708.25
1.993228,5708.5
1.988112,5708.75
1.99067,5709.0
1.99067,5709.25
1.989391,5709.5
1.986833,5709.75
1.988112,5710.0
1.986833,5710.25
1.985554,5710.5
1.985554,5710.75
1.982996,5711.0
1.979159,5711.25
1.981717,5711.5
1.981717,5711.75
1.981717,5712.0
1.980438,5712.25
1.980438,5712.5
1.979159,5712.75
1.980438,5713.0
1.980438,5713.25
1.979159,5713.5
1.976601,5713.75
1.963812,5714.0
1.970207,5714.25
1.968928,5714.5
1.968928,5714.75
1.967649,5715.0
1.967649,5715.25
1.967649,5715.5
1.967649,5715.75
1.96637,5716.0
1.963812,5716.25
1.965091,5716.5
1.962533,5716.75
1.963812,5717.0
1.962533,5717.25
1.965091,5717.5
1.96637,5717.75
1.965091,5718.0
1.965091,5718.25
1.963812,5718.5
1.965091,5718.75
1.970207,5719.0
1.988112,5719.25
2.011133,5719.5
2.044385,5719.75
2.07508,5720.0
2.101938,5720.25
2.119843,5720.5
2.140306,5720.75
2.158211,5721.0
2.15949,5721.25
2.165885,5721.5
2.173559,5721.75
2.190185,5722.0
2.202975,5722.25
2.231111,5722.5
2.24518,5722.75
2.24518,5723.0
2.246459,5723.25
2.229832,5723.5
2.20809,5723.75
2.201695,5724.0
2.192743,5724.25
2.186348,5724.5
2.167164,5724.75
2.162048,5725.0
2.155653,5725.25
2.160769,5725.5
2.165885,5725.75
2.164606,5726.0
2.163327,5726.25
2.160769,5726.5
2.156933,5726.75
2.153096,5727.0
2.145422,5727.25
2.140306,5727.5
2.132632,5727.75
2.130075,5728.0
2.124959,5728.25
2.121122,5728.5
2.131354,5728.75
2.117285,5729.0
2.113448,5729.25
2.11089,5729.5
2.108333,5729.75
2.104496,5730.0
2.09938,5730.25
2.094264,5730.5
2.091706,5730.75
2.090427,5731.0
2.085312,5731.25
2.085312,5731.5
2.081475,5731.75
2.080196,5732.0
2.07508,5732.25
2.07508,5732.5
2.071243,5732.75
2.069964,5733.0
2.062291,5733.25
2.066128,5733.5
2.062291,5733.75
2.053338,5734.0
2.054617,5734.25
2.055896,5734.5
2.053338,5734.75
2.052059,5735.0
2.05078,5735.25
2.048222,5735.5
2.048222,5735.75
2.044385,5736.0
2.044385,5736.25
2.041827,5736.5
2.043107,5736.75
2.040549,5737.0
2.040549,5737.25
2.037991,5737.5
2.03927,5737.75
2.037991,5738.0
2.037991,5738.25
2.036712,5738.5
2.034154,5738.75
2.032875,5739.0
2.032875,5739.25
2.029038,5739.5
2.031596,5739.75
2.02648,5740.0
2.02648,5740.25
2.023922,5740.5
2.02648,5740.75
2.022643,5741.0
2.023922,5741.25
2.017528,5741.5
2.022643,5741.75
2.032875,5742.0
2.032875,5742.25
2.027759,5742.5
2.02648,5742.75
2.021364,5743.0
2.020086,5743.25
2.018806,5743.5
2.017528,5743.75
2.013691,5744.0
2.011133,5744.25
2.011133,5744.5
2.01497,5744.75
2.012412,5745.0
2.012412,5745.25
2.009854,5745.5
2.009854,5745.75
2.007296,5746.0
2.007296,5746.25
2.004738,5746.5
2.004738,5746.75
1.999622,5747.0
2.00218,5747.25
1.998343,5747.5
2.000901,5747.75
1.999622,5748.0
1.997064,5748.25
1.995786,5748.5
1.997064,5748.75
1.989391,5749.0
1.986833,5749.25
1.982996,5749.5
1.979159,5749.75
1.979159,5750.0
1.979159,5750.25
1.976601,5750.5
1.97788,5750.75
1.97788,5751.0
1.982996,5751.25
1.994507,5751.5
1.993228,5751.75
1.988112,5752.0
2.007296,5752.25
1.999622,5752.5
2.00218,5752.75
1.997064,5753.0
1.998343,5753.25
1.993228,5753.5
1.991949,5753.75
1.980438,5754.0
1.985554,5754.25
1.982996,5754.5
1.985554,5754.75
1.979159,5755.0
1.976601,5755.25
1.976601,5755.5
1.979159,5755.75
1.976601,5756.0
1.979159,5756.25
1.979159,5756.5
1.981717,5756.75
1.97788,5757.0
1.979159,5757.25
1.97788,5757.5
1.97788,5757.75
1.971486,5758.0
1.972765,5758.25
1.970207,5758.5
1.972765,5758.75
1.970207,5759.0
1.976601,5759.25
1.980438,5759.5
1.989391,5759.75
1.993228,5760.0
1.993228,5760.25
1.993228,5760.5
1.99067,5760.75
1.99067,5761.0
1.994507,5761.25
2.006017,5761.5
1.997064,5761.75
1.984275,5762.0
1.988112,5762.25
1.976601,5762.5
1.984275,5762.75
1.979159,5763.0
1.976601,5763.25
1.971486,5763.5
1.976601,5763.75
1.972765,5764.0
1.971486,5764.25
1.970207,5764.5
1.971486,5764.75
1.967649,5765.0
1.975322,5765.25
1.986833,5765.5
2.000901,5765.75
2.012412,5766.0
2.022643,5766.25
2.034154,5766.5
2.045664,5766.75
2.045664,5767.0
2.045664,5767.25
2.044385,5767.5
2.044385,5767.75
2.03927,5768.0
2.034154,5768.25
2.025201,5768.5
2.021364,5768.75
2.011133,5769.0
2.011133,5769.25
2.004738,5769.5
2.006017,5769.75
2.000901,5770.0
1.998343,5770.25
1.988112,5770.5
1.993228,5770.75
1.993228,5771.0
1.99067,5771.25
1.985554,5771.5
1.984275,5771.75
1.982996,5772.0
1.979159,5772.25
1.97788,5772.5
1.975322,5772.75
1.974043,5773.0
1.970207,5773.25
1.970207,5773.5
1.968928,5773.75
1.958696,5774.0
1.961254,5774.25
1.957417,5774.5
1.959975,5774.75
1.957417,5775.0
1.956138,5775.25
1.954859,5775.5
1.95358,5775.75
1.952302,5776.0
1.952302,5776.25
1.951023,5776.5
1.949744,5776.75
1.949744,5777.0
1.944628,5777.25
1.947186,5777.5
1.944628,5777.75
1.945907,5778.0
1.943349,5778.25
1.943349,5778.5
1.94207,5778.75
1.943349,5779.0
1.940791,5779.25
1.940791,5779.5
1.938233,5779.75
1.934396,5780.0
1.938233,5780.25
1.936954,5780.5
1.935675,5780.75
1.936954,5781.0
1.934396,5781.25
1.938233,5781.5
1.936954,5781.75
1.940791,5782.0
1.939512,5782.25
1.94207,5782.5
1.934396,5782.75
1.938233,5783.0
1.935675,5783.25
1.935675,5783.5
1.934396,5783.75
1.934396,5784.0
1.931838,5784.25
1.931838,5784.5
1.930559,5784.75
1.926723,5785.0
1.925444,5785.25
1.922886,5785.5
1.922886,5785.75
1.921607,5786.0
1.921607,5786.25
1.921607,5786.5
1.921607,5786.75
1.929281,5787.0
1.930559,5787.25
1.935675,5787.5
1.935675,5787.75
1.938233,5788.0
1.931838,5788.25
1.933117,5788.5
1.928002,5788.75
1.928002,5789.0
1.926723,5789.25
1.924165,5789.5
1.920328,5789.75
1.920328,5790.0
1.919049,5790.25
1.928002,5790.5
1.841033,5790.75
1.814175,5791.0
1.794991,5791.25
1.777086,5791.5
1.76046,5791.75
1.750228,5792.0
1.709302,5792.25
1.668376,5792.5
1.673492,5792.75
1.645355,5793.0
1.630008,5793.25
1.632565,5793.5
1.635123,5793.75
1.617218,5794.0
1.622334,5794.25
1.642797,5794.5
1.633844,5794.75
1.640239,5795.0
1.640239,5795.25
1.664539,5795.5
1.668376,5795.75
1.664539,5796.0
1.641518,5796.25
1.631287,5796.5
1.637681,5796.75
1.644076,5797.0
1.656865,5797.25
1.685002,5797.5
1.755344,5797.75
1.709302,5798.0
1.701628,5798.25
1.76046,5798.5
1.745113,5798.75
1.716976,5799.0
1.725928,5799.25
1.728486,5799.5
1.722092,5799.75
1.732323,5800.0
1.73616,5800.25
1.723371,5800.5
1.752786,5800.75
1.752786,5801.0
1.741276,5801.25
1.731044,5801.5
1.764297,5801.75
1.732323,5802.0
1.780923,5802.25
1.754065,5802.5
1.741276,5802.75
1.768134,5803.0
1.788597,5803.25
1.778365,5803.5
1.793712,5803.75
1.797549,5804.0
1.763018,5804.25
1.793712,5804.5
1.79627,5804.75
1.802665,5805.0
1.807781,5805.25
1.807781,5805.5
1.812897,5805.75
1.80906,5806.0
1.810339,5806.25
1.810339,5806.5
1.811618,5806.75
1.805223,5807.0
1.806502,5807.25
1.823128,5807.5
1.82057,5807.75
1.814175,5808.0
1.830802,5808.25
1.824407,5808.5
1.823128,5808.75
1.826965,5809.0
1.825686,5809.25
1.832081,5809.5
1.825686,5809.75
1.82057,5810.0
1.818012,5810.25
1.816733,5810.5
1.815454,5810.75
1.812897,5811.0
1.811618,5811.25
1.810339,5811.5
1.811618,5811.75
1.810339,5812.0
1.811618,5812.25
1.835918,5812.5
1.832081,5812.75
1.908817,5813.0
1.843591,5813.25
1.786039,5813.5
1.835918,5813.75
1.78476,5814.0
1.751507,5814.25
1.745113,5814.5
1.759181,5814.75
1.765576,5815.0
1.755344,5815.25
1.751507,5815.5
1.738718,5815.75
1.748949,5816.0
1.745113,5816.25
1.74767,5816.5
1.746392,5816.75
1.743834,5817.0
1.743834,5817.25
1.738718,5817.5
1.742555,5817.75
1.737439,5818.0
1.73616,5818.25
1.732323,5818.5
1.734881,5818.75
1.729765,5819.0
1.731044,5819.25
1.728486,5819.5
1.729765,5819.75
1.733602,5820.0
1.757902,5820.25
1.764297,5820.5
1.768134,5820.75
1.778365,5821.0
1.819291,5821.25
1.835918,5821.5
1.838475,5821.75
1.838475,5822.0
1.839754,5822.25
1.837197,5822.5
1.841033,5822.75
1.837197,5823.0
1.838475,5823.25
1.835918,5823.5
1.838475,5823.75
1.832081,5824.0
1.834639,5824.25
1.83336,5824.5
1.834639,5824.75
1.830802,5825.0
1.832081,5825.25
1.829523,5825.5
1.83336,5825.75
1.835918,5826.0
1.834639,5826.25
1.828244,5826.5
1.832081,5826.75
1.828244,5827.0
1.832081,5827.25
1.832081,5827.5
1.837197,5827.75
1.832081,5828.0
1.830802,5828.25
1.826965,5828.5
1.832081,5828.75
1.826965,5829.0
1.829523,5829.25
1.826965,5829.5
1.829523,5829.75
1.824407,5830.0
1.825686,5830.25
1.824407,5830.5
1.823128,5830.75
1.819291,5831.0
1.821849,5831.25
1.82057,5831.5
1.819291,5831.75
1.818012,5832.0
1.814175,5832.25
1.816733,5832.5
1.818012,5832.75
1.816733,5833.0
1.818012,5833.25
1.806502,5833.5
1.812897,5833.75
1.801386,5834.0
1.803944,5834.25
1.797549,5834.5
1.798828,5834.75
1.806502,5835.0
1.793712,5835.25
1.812897,5835.5
1.82057,5835.75
1.837197,5836.0
1.837197,5836.25
1.824407,5836.5
1.814175,5836.75
1.816733,5837.0
1.818012,5837.25
1.815454,5837.5
1.818012,5837.75
1.816733,5838.0
1.812897,5838.25
1.792434,5838.5
1.778365,5838.75
1.805223,5839.0
1.824407,5839.25
1.852544,5839.5
1.837197,5839.75
1.823128,5840.0
1.818012,5840.25
1.812897,5840.5
1.812897,5840.75
1.80906,5841.0
1.806502,5841.25
1.803944,5841.5
1.801386,5841.75
1.798828,5842.0
1.793712,5842.25
1.793712,5842.5
1.792434,5842.75
1.789876,5843.0
1.786039,5843.25
1.788597,5843.5
1.783481,5843.75
1.792434,5844.0
1.798828,5844.25
1.794991,5844.5
1.798828,5844.75
1.783481,5845.0
1.769413,5845.25
1.788597,5845.5
1.774528,5845.75
1.769413,5846.0
1.769413,5846.25
1.768134,5846.5
1.766855,5846.75
1.770692,5847.0
1.770692,5847.25
1.768134,5847.5
1.761739,5847.75
1.766855,5848.0
1.766855,5848.25
1.764297,5848.5
1.770692,5848.75
1.769413,5849.0
1.765576,5849.25
1.764297,5849.5
1.763018,5849.75
1.766855,5850.0
1.76046,5850.25
1.74767,5850.5
1.731044,5850.75
1.724649,5851.0
1.719534,5851.25
1.76046,5851.5
1.759181,5851.75
1.732323,5852.0
1.745113,5852.25
1.743834,5852.5
1.754065,5852.75
1.752786,5853.0
1.743834,5853.25
1.746392,5853.5
1.745113,5853.75
1.734881,5854.0
1.73616,5854.25
1.737439,5854.5
1.728486,5854.75
1.732323,5855.0
1.731044,5855.25
1.734881,5855.5
1.746392,5855.75
1.745113,5856.0
1.752786,5856.25
1.743834,5856.5
1.739997,5856.75
1.734881,5857.0
1.733602,5857.25
1.732323,5857.5
1.729765,5857.75
1.731044,5858.0
1.728486,5858.25
1.725928,5858.5
1.723371,5858.75
1.725928,5859.0
1.723371,5859.25
1.723371,5859.5
1.718255,5859.75
1.720813,5860.0
1.716976,5860.25
1.718255,5860.5
1.715697,5860.75
1.719534,5861.0
1.716976,5861.25
1.714418,5861.5
1.715697,5861.75
1.713139,5862.0
1.710581,5862.25
1.709302,5862.5
1.713139,5862.75
1.710581,5863.0
1.709302,5863.25
1.710581,5863.5
1.708023,5863.75
1.706744,5864.0
1.706744,5864.25
1.705465,5864.5
1.705465,5864.75
1.704186,5865.0
1.701628,5865.25
1.701628,5865.5
1.701628,5865.75
1.702907,5866.0
1.701628,5866.25
1.70035,5866.5
1.70035,5866.75
1.699071,5867.0
1.699071,5867.25
1.697792,5867.5
1.693955,5867.75
1.690118,5868.0
1.690118,5868.25
1.690118,5868.5
1.688839,5868.75
1.691397,5869.0
1.691397,5869.25
1.691397,5869.5
1.690118,5869.75
1.692676,5870.0
1.691397,5870.25
1.691397,5870.5
1.688839,5870.75
1.688839,5871.0
1.686281,5871.25
1.690118,5871.5
1.688839,5871.75
1.68756,5872.0
1.685002,5872.25
1.685002,5872.5
1.685002,5872.75
1.685002,5873.0
1.682444,5873.25
1.681165,5873.5
1.681165,5873.75
1.674771,5874.0
1.678607,5874.25
1.679886,5874.5
1.681165,5874.75
1.679886,5875.0
1.677329,5875.25
1.678607,5875.5
1.678607,5875.75
1.681165,5876.0
1.685002,5876.25
1.686281,5876.5
1.679886,5876.75
1.682444,5877.0
1.681165,5877.25
1.679886,5877.5
1.678607,5877.75
1.67605,5878.0
1.677329,5878.25
1.673492,5878.5
1.669655,5878.75
1.664539,5879.0
1.665818,5879.25
1.661981,5879.5
1.665818,5879.75
1.660702,5880.0
1.661981,5880.25
1.658144,5880.5
1.659423,5880.75
1.656865,5881.0
1.655586,5881.25
1.654308,5881.5
1.654308,5881.75
1.654308,5882.0
1.654308,5882.25
1.65175,5882.5
1.653029,5882.75
1.650471,5883.0
1.65175,5883.25
1.649192,5883.5
1.65175,5883.75
1.647913,5884.0
1.640239,5884.25
1.644076,5884.5
1.647913,5884.75
1.642797,5885.0
1.644076,5885.25
1.641518,5885.5
1.644076,5885.75
1.640239,5886.0
1.642797,5886.25
1.644076,5886.5
1.644076,5886.75
1.640239,5887.0
1.640239,5887.25
1.63896,5887.5
1.63896,5887.75
1.636402,5888.0
1.63896,5888.25
1.633844,5888.5
1.636402,5888.75
1.633844,5889.0
1.633844,5889.25
1.630008,5889.5
1.632565,5889.75
1.628729,5890.0
1.628729,5890.25
1.626171,5890.5
1.62745,5890.75
1.624892,5891.0
1.62745,5891.25
1.624892,5891.5
1.624892,5891.75
1.624892,5892.0
1.622334,5892.25
1.621055,5892.5
1.619776,5892.75
1.619776,5893.0
1.619776,5893.25
1.618497,5893.5
1.619776,5893.75
1.612102,5894.0
1.618497,5894.25
1.61466,5894.5
1.618497,5894.75
1.613381,5895.0
1.615939,5895.25
1.612102,5895.5
1.61466,5895.75
1.609545,5896.0
1.612102,5896.25
1.610824,5896.5
1.610824,5896.75
1.608266,5897.0
1.608266,5897.25
1.608266,5897.5
1.609545,5897.75
1.608266,5898.0
1.608266,5898.25
1.605708,5898.5
1.604429,5898.75
1.60315,5899.0
1.601871,5899.25
1.60315,5899.5
1.601871,5899.75
1.601871,5900.0
1.601871,5900.25
1.599313,5900.5
1.600592,5900.75
1.598034,5901.0
1.599313,5901.25
1.599313,5901.5
1.596755,5901.75
1.591639,5902.0
1.582687,5902.25
1.577571,5902.5
1.573734,5902.75
1.572455,5903.0
1.576292,5903.25
1.568618,5903.5
1.558387,5903.75
1.567339,5904.0
1.537924,5904.25
1.476534,5904.5
1.448398,5904.75
1.457151,5905.0
1.454593,5905.25
1.44692,5905.5
1.43413,5905.75
1.426457,5906.0
1.435409,5906.25
1.453314,5906.5
1.487846,5906.75
1.496799,5907.0
1.499356,5907.25
1.504472,5907.5
1.491683,5907.75
1.496799,5908.0
1.467383,5908.25
1.486567,5908.5
1.518541,5908.75
1.550514,5909.0
1.547956,5909.25
1.537725,5909.5
1.530051,5909.75
1.523656,5910.0
1.513425,5910.25
1.509588,5910.5
1.499356,5910.75
1.485288,5911.0
1.480172,5911.25
1.492962,5911.5
1.487846,5911.75
1.455872,5912.0
1.44692,5912.25
1.437967,5912.5
1.421341,5912.75
1.399599,5913.0
1.394483,5913.25
1.389367,5913.5
1.382973,5913.75
1.377857,5914.0
1.380415,5914.25
1.375299,5914.5
1.367625,5914.75
1.365067,5915.0
1.36123,5915.25
1.363788,5915.5
1.362509,5915.75
1.362509,5916.0
1.358673,5916.25
1.358673,5916.5
1.356115,5916.75
1.348441,5917.0
1.340767,5917.25
1.343325,5917.5
1.343325,5917.75
1.343325,5918.0
1.342046,5918.25
1.342046,5918.5
1.339489,5918.75
1.335652,5919.0
1.321583,5919.25
1.321583,5919.5
1.32542,5919.75
1.334373,5920.0
1.331815,5920.25
1.331815,5920.5
1.335652,5920.75
1.33821,5921.0
1.335652,5921.25
1.335652,5921.5
1.336931,5921.75
1.33821,5922.0
1.336931,5922.25
1.335652,5922.5
1.331815,5922.75
1.330536,5923.0
1.334373,5923.25
1.340767,5923.5
1.340767,5923.75
1.343325,5924.0
1.340767,5924.25
1.342046,5924.5
1.33821,5924.75
1.336931,5925.0
1.333094,5925.25
1.331815,5925.5
1.32542,5925.75
1.326699,5926.0
1.321583,5926.25
1.324141,5926.5
1.319025,5926.75
1.317746,5927.0
1.31391,5927.25
1.316467,5927.5
1.315189,5927.75
1.312631,5928.0
1.307515,5928.25
1.312631,5928.5
1.306236,5928.75
1.312631,5929.0
1.311352,5929.25
1.310073,5929.5
1.308794,5929.75
1.310073,5930.0
1.311352,5930.25
1.31391,5930.5
1.312631,5930.75
1.311352,5931.0
1.304957,5931.25
1.303678,5931.5
1.302399,5931.75
1.299841,5932.0
1.30112,5932.25
1.30112,5932.5
1.302399,5932.75
1.299841,5933.0
1.302399,5933.25
1.311352,5933.5
1.319025,5933.75
1.319025,5934.0
1.324141,5934.25
1.324141,5934.5
1.324141,5934.75
1.322862,5935.0
1.321583,5935.25
1.321583,5935.5
1.32542,5935.75
1.319025,5936.0
1.321583,5936.25
1.357394,5936.5
1.348441,5936.75
1.347162,5937.0
1.343325,5937.25
1.33821,5937.5
1.335652,5937.75
1.333094,5938.0
1.330536,5938.25
1.348441,5938.5
1.377857,5938.75
1.400878,5939.0
1.423899,5939.25
1.436688,5939.5
1.444362,5939.75
1.423899,5940.0
1.423899,5940.25
1.414946,5940.5
1.436688,5940.75
1.437967,5941.0
1.42262,5941.25
1.413667,5941.5
1.405994,5941.75
1.388088,5942.0
1.371462,5942.25
1.380415,5942.5
1.397041,5942.75
1.359951,5943.0
1.367625,5943.25
1.439246,5943.5
1.467383,5943.75
1.530051,5944.0
1.654109,5944.25
1.700151,5944.5
1.727008,5944.75
1.678409,5945.0
1.622135,5945.25
1.663061,5945.5
1.638761,5945.75
1.665619,5946.0
1.648993,5946.25
1.657946,5946.5
1.645156,5946.75
1.642598,5947.0
1.646435,5947.25
1.62853,5947.5
1.599114,5947.75
1.595277,5948.0
1.614461,5948.25
1.625972,5948.5
1.605509,5948.75
1.558188,5949.0
1.582488,5949.25
1.620856,5949.5
1.680966,5949.75
1.700151,5950.0
1.710382,5950.25
1.700151,5950.5
1.687361,5950.75
1.668177,5951.0
1.654109,5951.25
1.687361,5951.5
1.680966,5951.75
1.64004,5952.0
1.665619,5952.25
1.732124,5952.5
1.733403,5952.75
1.746193,5953.0
1.734682,5953.25
1.739798,5953.5
1.727008,5953.75
1.691198,5954.0
1.703987,5954.25
1.715498,5954.5
1.735961,5954.75
1.727008,5955.0
1.720614,5955.25
1.721893,5955.5
1.724451,5955.75
1.696314,5956.0
1.727008,5956.25
1.719335,5956.5
1.707824,5956.75
1.693756,5957.0
1.742356,5957.25
1.733403,5957.5
1.725729,5957.75
1.71294,5958.0
1.68864,5958.25
1.711661,5958.5
1.698872,5958.75
1.709103,5959.0
1.718056,5959.25
1.738519,5959.5
1.752587,5959.75
1.71294,5960.0
1.765377,5960.25
1.775608,5960.5
1.725729,5960.75
1.738519,5961.0
1.752587,5961.25
1.723172,5961.5
1.730845,5961.75
1.669456,5962.0
1.686082,5962.25
1.774329,5962.5
1.776887,5962.75
1.771771,5963.0
1.751308,5963.25
1.719335,5963.5
1.73724,5963.75
1.698872,5964.0
1.73724,5964.25
1.733403,5964.5
1.765377,5964.75
1.760261,5965.0
1.762819,5965.25
1.757703,5965.5
1.738519,5965.75
1.758982,5966.0
1.78584,5966.25
1.840834,5966.5
1.862576,5966.75
1.868971,5967.0
1.868971,5967.25
1.856182,5967.5
1.844671,5967.75
1.822929,5968.0
1.812698,5968.25
1.805024,5968.5
1.79735,5968.75
1.790956,5969.0
1.784561,5969.25
1.796071,5969.5
1.831882,5969.75
1.88304,5970.0
1.932918,5970.25
1.963613,5970.5
1.985355,5970.75
1.993228,5971.0
1.984275,5971.25
1.95358,5971.5
1.935675,5971.75
1.904981,5972.0
1.884517,5972.25
1.85766,5972.5
1.851265,5972.75
1.835918,5973.0
1.825686,5973.25
1.814175,5973.5
1.803944,5973.75
1.788597,5974.0
1.786039,5974.25
1.779644,5974.5
1.773249,5974.75
1.768134,5975.0
1.759181,5975.25
1.757902,5975.5
1.750228,5975.75
1.743834,5976.0
1.728486,5976.25
1.720813,5976.5
1.713139,5976.75
1.708023,5977.0
1.70035,5977.25
1.695234,5977.5
1.688839,5977.75
1.686281,5978.0
1.686281,5978.25
1.685002,5978.5
1.685002,5978.75
1.685002,5979.0
1.681165,5979.25
1.677329,5979.5
1.672213,5979.75
1.668376,5980.0
1.664539,5980.25
1.658144,5980.5
1.655586,5980.75
1.653029,5981.0
1.647913,5981.25
1.647913,5981.5
1.647913,5981.75
1.646634,5982.0
1.644076,5982.25
1.645355,5982.5
1.650471,5982.75
1.645355,5983.0
1.642797,5983.25
1.637681,5983.5
1.63896,5983.75
1.631287,5984.0
1.632565,5984.25
1.62745,5984.5
1.624892,5984.75
1.619776,5985.0
1.617218,5985.25
1.615939,5985.5
1.61466,5985.75
1.601871,5986.0
1.605708,5986.25
1.60315,5986.5
1.600592,5986.75
1.599313,5987.0
1.595476,5987.25
1.592918,5987.5
1.589081,5987.75
1.591639,5988.0
1.587803,5988.25
1.585245,5988.5
1.589081,5988.75
1.592918,5989.0
1.595476,5989.25
1.596755,5989.5
1.595476,5989.75
1.592918,5990.0
1.59036,5990.25
1.587803,5990.5
1.583966,5990.75
1.582687,5991.0
1.577571,5991.25
1.576292,5991.5
1.571176,5991.75
1.572455,5992.0
1.567339,5992.25
1.569897,5992.5
1.573734,5992.75
1.57885,5993.0
1.581408,5993.25
1.581408,5993.5
1.575013,5993.75
1.575013,5994.0
1.571176,5994.25
1.580129,5994.5
1.585245,5994.75
1.583966,5995.0
1.585245,5995.25
1.587803,5995.5
1.586524,5995.75
1.583966,5996.0
1.582687,5996.25
1.577571,5996.5
1.576292,5996.75
1.576292,5997.0
1.572455,5997.25
1.573734,5997.5
1.571176,5997.75
1.567339,5998.0
1.567339,5998.25
1.563503,5998.5
1.560945,5998.75
1.557108,5999.0
1.559666,5999.25
1.557108,5999.5
1.557108,5999.75
1.55455,6000.0
1.555829,6000.25
1.550713,6000.5
1.551992,6000.75
1.545597,6001.0
1.543039,6001.25
1.543039,6001.5
1.544318,6001.75
1.544318,6002.0
1.545597,6002.25
1.540482,6002.5
1.536645,6002.75
1.534087,6003.0
1.521297,6003.25
1.528971,6003.5
1.528971,6003.75
1.525134,6004.0
1.523855,6004.25
1.523855,6004.5
1.521297,6004.75
1.517461,6005.0
1.512345,6005.25
1.509787,6005.5
1.507229,6005.75
1.503392,6006.0
1.50595,6006.25
1.503392,6006.5
1.499555,6006.75
1.498276,6007.0
1.493161,6007.25
1.491882,6007.5
1.489324,6007.75
1.486766,6008.0
1.482929,6008.25
1.482929,6008.5
1.479092,6008.75
1.477813,6009.0
1.468861,6009.25
1.49552,6009.5
1.494241,6009.75
1.489125,6010.0
1.490404,6010.25
1.485288,6010.5
1.485288,6010.75
1.480172,6011.0
1.481451,6011.25
1.481451,6011.5
1.48273,6011.75
1.478893,6012.0
1.478893,6012.25
1.475057,6012.5
1.476335,6012.75
1.473778,6013.0
1.47122,6013.25
1.469941,6013.5
1.468662,6013.75
1.462267,6014.0
1.464825,6014.25
1.462267,6014.5
1.462267,6014.75
1.453314,6015.0
1.457151,6015.25
1.455872,6015.5
1.455872,6015.75
1.452036,6016.0
1.450757,6016.25
1.445641,6016.5
1.445641,6016.75
1.443083,6017.0
1.444362,6017.25
1.444362,6017.5
1.445641,6017.75
1.44692,6018.0
1.445641,6018.25
1.448199,6018.5
1.448199,6018.75
1.44692,6019.0
1.439246,6019.25
1.441804,6019.5
1.437967,6019.75
1.436688,6020.0
1.43413,6020.25
1.431572,6020.5
1.429015,6020.75
1.429015,6021.0
1.427736,6021.25
1.425178,6021.5
1.42262,6021.75
1.418783,6022.0
1.418783,6022.25
1.417504,6022.5
1.423899,6022.75
1.423899,6023.0
1.421341,6023.25
1.420062,6023.5
1.411109,6023.75
1.416225,6024.0
1.414946,6024.25
1.412388,6024.5
1.40983,6024.75
1.408551,6025.0
1.405994,6025.25
1.404715,6025.5
1.405994,6025.75
1.402157,6026.0
1.402157,6026.25
1.402157,6026.5
1.402157,6026.75
1.402157,6027.0
1.399599,6027.25
1.394483,6027.5
1.395762,6027.75
1.394483,6028.0
1.394483,6028.25
1.393204,6028.5
1.395762,6028.75
1.391925,6029.0
1.391925,6029.25
1.393204,6029.5
1.391925,6029.75
1.391925,6030.0
1.393204,6030.25
1.391925,6030.5
1.390646,6030.75
1.397041,6031.0
1.416225,6031.25
1.440525,6031.5
1.464825,6031.75
1.487846,6032.0
1.510867,6032.25
1.523656,6032.5
1.526214,6032.75
1.512146,6033.0
1.514704,6033.25
1.503193,6033.5
1.494241,6033.75
1.478893,6034.0
1.472499,6034.25
1.466104,6034.5
1.460988,6034.75
1.45843,6035.0
1.449478,6035.25
1.44692,6035.5
1.437967,6035.75
1.435409,6036.0
1.432851,6036.25
1.429015,6036.5
1.425178,6036.75
1.42262,6037.0
1.420062,6037.25
1.417504,6037.5
1.417504,6037.75
1.416225,6038.0
1.413667,6038.25
1.40983,6038.5
1.40983,6038.75
1.407272,6039.0
1.405994,6039.25
1.403436,6039.5
1.399599,6039.75
1.39832,6040.0
1.393204,6040.25
1.393204,6040.5
1.389367,6040.75
1.389367,6041.0
1.384251,6041.25
1.384251,6041.5
1.379136,6041.75
1.377857,6042.0
1.372741,6042.25
1.370183,6042.5
1.367625,6042.75
1.367625,6043.0
1.366346,6043.25
1.365067,6043.5
1.359951,6043.75
1.356115,6044.0
1.354836,6044.25
1.352278,6044.5
1.352278,6044.75
1.350999,6045.0
1.345883,6045.25
1.347162,6045.5
1.33821,6045.75
1.342046,6046.0
1.33821,6046.25
1.336931,6046.5
1.336931,6046.75
1.335652,6047.0
1.333094,6047.25
1.330536,6047.5
1.330536,6047.75
1.329257,6048.0
1.32542,6048.25
1.32542,6048.5
1.326699,6048.75
1.324141,6049.0
1.321583,6049.25
1.317746,6049.5
1.320304,6049.75
1.315189,6050.0
1.316467,6050.25
1.31391,6050.5
1.316467,6050.75
1.320304,6051.0
1.32542,6051.25
1.334373,6051.5
1.340767,6051.75
1.342046,6052.0
1.342046,6052.25
1.342046,6052.5
1.339489,6052.75
1.334373,6053.0
1.331815,6053.25
1.32542,6053.5
1.322862,6053.75
1.315189,6054.0
1.315189,6054.25
1.312631,6054.5
1.311352,6054.75
1.306236,6055.0
1.307515,6055.25
1.30112,6055.5
1.304957,6055.75
1.302399,6056.0
1.302399,6056.25
1.299841,6056.5
1.299841,6056.75
1.298562,6057.0
1.294725,6057.25
1.293446,6057.5
1.28961,6057.75
1.290889,6058.0
1.288331,6058.25
1.287052,6058.5
1.285773,6058.75
1.284494,6059.0
1.281936,6059.25
1.280657,6059.5
1.280657,6059.75
1.278099,6060.0
1.27682,6060.25
1.274262,6060.5
1.272983,6060.75
1.271704,6061.0
1.269147,6061.25
1.269147,6061.5
1.267868,6061.75
1.266589,6062.0
1.266589,6062.25
1.26531,6062.5
1.261473,6062.75
1.262752,6063.0
1.257636,6063.25
1.258915,6063.5
1.256357,6063.75
1.256357,6064.0
1.247404,6064.25
1.25252,6064.5
1.251241,6064.75
1.249962,6065.0
1.249962,6065.25
1.247404,6065.5
1.239731,6065.75
1.242289,6066.0
1.237173,6066.25
1.239731,6066.5
1.24101,6066.75
1.238452,6067.0
1.238452,6067.25
1.237173,6067.5
1.237173,6067.75
1.234615,6068.0
1.233336,6068.25
1.232057,6068.5
1.232057,6068.75
1.230778,6069.0
1.22822,6069.25
1.229499,6069.5
1.232057,6069.75
1.232057,6070.0
1.22822,6070.25
1.22822,6070.5
1.22822,6070.75
1.223105,6071.0
1.224383,6071.25
1.221826,6071.5
1.221826,6071.75
1.221826,6072.0
1.217989,6072.25
1.215431,6072.5
1.21671,6072.75
1.214152,6073.0
1.212873,6073.25
1.212873,6073.5
1.211594,6073.75
1.205199,6074.0
1.206478,6074.25
1.207757,6074.5
1.205199,6074.75
1.205199,6075.0
1.202641,6075.25
1.202641,6075.5
1.202641,6075.75
1.200084,6076.0
1.200084,6076.25
1.198805,6076.5
1.19241,6076.75
1.196247,6077.0
1.188573,6077.25
1.191131,6077.5
1.184736,6077.75
1.191131,6078.0
1.188573,6078.25
1.187294,6078.5
1.187294,6078.75
1.187294,6079.0
1.184736,6079.25
1.183457,6079.5
1.184736,6079.75
1.180899,6080.0
1.175784,6080.25
1.180899,6080.5
1.171947,6080.75
1.177063,6081.0
1.169389,6081.25
1.175784,6081.5
1.175784,6081.75
1.173226,6082.0
1.171947,6082.25
1.171947,6082.5
1.177063,6082.75
1.174505,6083.0
1.170668,6083.25
1.166831,6083.5
1.166831,6083.75
1.165552,6084.0
1.165552,6084.25
1.164273,6084.5
1.164273,6084.75
1.161715,6085.0
1.160436,6085.25
1.160436,6085.5
1.157878,6085.75
1.157878,6086.0
1.157878,6086.25
1.157878,6086.5
1.157878,6086.75
1.160436,6087.0
1.161715,6087.25
1.1566,6087.5
1.1566,6087.75
1.154042,6088.0
1.155321,6088.25
1.150205,6088.5
1.152763,6088.75
1.150205,6089.0
1.152763,6089.25
1.151484,6089.5
1.152763,6089.75
1.151484,6090.0
1.150205,6090.25
1.150205,6090.5
1.148926,6090.75
1.145089,6091.0
1.150205,6091.25
1.154042,6091.5
1.157878,6091.75
1.178342,6092.0
1.189852,6092.25
1.193689,6092.5
1.200084,6092.75
1.200084,6093.0
1.205199,6093.25
1.210315,6093.5
1.223105,6093.75
1.223105,6094.0
1.235894,6094.25
1.239731,6094.5
1.243568,6094.75
1.242289,6095.0
1.226941,6095.25
1.220547,6095.5
1.221826,6095.75
1.215431,6096.0
1.214152,6096.25
1.209036,6096.5
1.206478,6096.75
1.197526,6097.0
1.201362,6097.25
1.19241,6097.5
1.196247,6097.75
1.194968,6098.0
1.194968,6098.25
1.194968,6098.5
1.20392,6098.75
1.202641,6099.0
1.20392,6099.25
1.202641,6099.5
1.20392,6099.75
1.200084,6100.0
1.198805,6100.25
1.196247,6100.5
1.197526,6100.75
1.197526,6101.0
1.200084,6101.25
1.201362,6101.5
1.20392,6101.75
1.205199,6102.0
1.206478,6102.25
1.205199,6102.5
1.205199,6102.75
1.205199,6103.0
1.20392,6103.25
1.205199,6103.5
1.20392,6103.75
1.201362,6104.0
1.20392,6104.25
1.202641,6104.5
1.20392,6104.75
1.20392,6105.0
1.202641,6105.25
1.202641,6105.5
1.201362,6105.75
1.197526,6106.0
1.196247,6106.25
1.188573,6106.5
1.191131,6106.75
1.184736,6107.0
1.186015,6107.25
1.187294,6107.5
1.183457,6107.75
1.182178,6108.0
1.180899,6108.25
1.178342,6108.5
1.179621,6108.75
1.177063,6109.0
1.175784,6109.25
1.174505,6109.5
1.171947,6109.75
1.171947,6110.0
1.170668,6110.25
1.165552,6110.5
1.166831,6110.75
1.165552,6111.0
1.165552,6111.25
1.162994,6111.5
1.164273,6111.75
1.161715,6112.0
1.160436,6112.25
1.157878,6112.5
1.157878,6112.75
1.155321,6113.0
1.154042,6113.25
1.154042,6113.5
1.152763,6113.75
1.147647,6114.0
1.150205,6114.25
1.148926,6114.5
1.150205,6114.75
1.147647,6115.0
1.145089,6115.25
1.142531,6115.5
1.14381,6115.75
1.141252,6116.0
1.141252,6116.25
1.139973,6116.5
1.139973,6116.75
1.137415,6117.0
1.137415,6117.25
1.136136,6117.5
1.136136,6117.75
1.133579,6118.0
1.1323,6118.25
1.1323,6118.5
1.129742,6118.75
1.129742,6119.0
1.128463,6119.25
1.127184,6119.5
1.127184,6119.75
1.127184,6120.0
1.125905,6120.25
1.125905,6120.5
1.125905,6120.75
1.123347,6121.0
1.123347,6121.25
1.120789,6121.5
1.122068,6121.75
1.11951,6122.0
1.118231,6122.25
1.11951,6122.5
1.116952,6122.75
1.116952,6123.0
1.115673,6123.25
1.115673,6123.5
1.114394,6123.75
1.113115,6124.0
1.110558,6124.25
1.113115,6124.5
1.110558,6124.75
1.110558,6125.0
1.109279,6125.25
1.108,6125.5
1.108,6125.75
1.105442,6126.0
1.101605,6126.25
1.100326,6126.5
1.102884,6126.75
1.099047,6127.0
1.100326,6127.25
1.099047,6127.5
1.090094,6127.75
1.096489,6128.0
1.09521,6128.25
1.09521,6128.5
1.09521,6128.75
1.092652,6129.0
1.091373,6129.25
1.092652,6129.5
1.087537,6129.75
1.090094,6130.0
1.082421,6130.25
1.088815,6130.5
1.082421,6130.75
1.087537,6131.0
1.087537,6131.25
1.087537,6131.5
1.078584,6131.75
1.0837,6132.0
1.0837,6132.25
1.081142,6132.5
1.082421,6132.75
1.081142,6133.0
1.079863,6133.25
1.078584,6133.5
1.076026,6133.75
1.07091,6134.0
1.074747,6134.25
1.073468,6134.5
1.072189,6134.75
1.073468,6135.0
1.068352,6135.25
1.069631,6135.5
1.069631,6135.75
1.069631,6136.0
1.069631,6136.25
1.068352,6136.5
1.07091,6136.75
1.068352,6137.0
1.067073,6137.25
1.064516,6137.5
1.063237,6137.75
1.064516,6138.0
1.063237,6138.25
1.063237,6138.5
1.060679,6138.75
1.060679,6139.0
1.058121,6139.25
1.060679,6139.5
1.058121,6139.75
1.0594,6140.0
1.063237,6140.25
1.068352,6140.5
1.069631,6140.75
1.078584,6141.0
1.079863,6141.25
1.0837,6141.5
1.087537,6141.75
1.090094,6142.0
1.090094,6142.25
1.091373,6142.5
1.090094,6142.75
1.093931,6143.0
1.093931,6143.25
1.092652,6143.5
1.092652,6143.75
1.090094,6144.0
1.086258,6144.25
1.087537,6144.5
1.084979,6144.75
1.082421,6145.0
1.081142,6145.25
1.081142,6145.5
1.079863,6145.75
1.079863,6146.0
1.077305,6146.25
1.074747,6146.5
1.076026,6146.75
1.076026,6147.0
1.074747,6147.25
1.074747,6147.5
1.077305,6147.75
1.077305,6148.0
1.076026,6148.25
1.079863,6148.5
1.081142,6148.75
1.081142,6149.0
1.086258,6149.25
1.082421,6149.5
1.081142,6149.75
1.0837,6150.0
1.0837,6150.25
1.110558,6150.5
1.113115,6150.75
1.109279,6151.0
1.120789,6151.25
1.134857,6151.5
1.141252,6151.75
1.138694,6152.0
1.128463,6152.25
1.122068,6152.5
1.118231,6152.75
1.127184,6153.0
1.129742,6153.25
1.136136,6153.5
1.145089,6153.75
1.148926,6154.0
1.157878,6154.25
1.157878,6154.5
1.160436,6154.75
1.1566,6155.0
1.154042,6155.25
1.150205,6155.5
1.147647,6155.75
1.145089,6156.0
1.141252,6156.25
1.138694,6156.5
1.136136,6156.75
1.133579,6157.0
1.131021,6157.25
1.131021,6157.5
1.128463,6157.75
1.125905,6158.0
1.124626,6158.25
1.123347,6158.5
1.122068,6158.75
1.11951,6159.0
1.110558,6159.25
1.116952,6159.5
1.115673,6159.75
1.111836,6160.0
1.113115,6160.25
1.111836,6160.5
1.102884,6160.75
1.106721,6161.0
1.100326,6161.25
1.105442,6161.5
1.104163,6161.75
1.102884,6162.0
1.101605,6162.25
1.101605,6162.5
1.099047,6162.75
1.100326,6163.0
1.092652,6163.25
1.099047,6163.5
1.091373,6163.75
1.097768,6164.0
1.092652,6164.25
1.096489,6164.5
1.088815,6164.75
1.092652,6165.0
1.092652,6165.25
1.090094,6165.5
1.092652,6165.75
1.091373,6166.0
1.091373,6166.25
1.093931,6166.5
1.09521,6166.75
1.100326,6167.0
1.101605,6167.25
1.104163,6167.5
1.102884,6167.75
1.104163,6168.0
1.100326,6168.25
1.099047,6168.5
1.099047,6168.75
1.096489,6169.0
1.09521,6169.25
1.093931,6169.5
1.093931,6169.75
1.090094,6170.0
1.088815,6170.25
1.087537,6170.5
1.088815,6170.75
1.086258,6171.0
1.086258,6171.25
1.086258,6171.5
1.084979,6171.75
1.084979,6172.0
1.084979,6172.25
1.0837,6172.5
1.0837,6172.75
1.082421,6173.0
1.079863,6173.25
1.079863,6173.5
1.079863,6173.75
1.074747,6174.0
1.078584,6174.25
1.076026,6174.5
1.078584,6174.75
1.076026,6175.0
1.076026,6175.25
1.073468,6175.5
1.073468,6175.75
1.07091,6176.0
1.072189,6176.25
1.068352,6176.5
1.069631,6176.75
1.067073,6177.0
1.068352,6177.25
1.065794,6177.5
1.068352,6177.75
1.067073,6178.0
1.067073,6178.25
1.067073,6178.5
1.067073,6178.75
1.064516,6179.0
1.065794,6179.25
1.065794,6179.5
1.065794,6179.75
1.061958,6180.0
1.061958,6180.25
1.063237,6180.5
1.067073,6180.75
1.063237,6181.0
1.065794,6181.25
1.067073,6181.5
1.073468,6181.75
1.084979,6182.0
1.114394,6182.25
1.142531,6182.5
1.174505,6182.75
1.202641,6183.0
1.219268,6183.25
1.232057,6183.5
1.237173,6183.75
1.233336,6184.0
1.224383,6184.25
1.221826,6184.5
1.214152,6184.75
1.206478,6185.0
1.198805,6185.25
1.194968,6185.5
1.188573,6185.75
1.184736,6186.0
1.182178,6186.25
1.177063,6186.5
1.175784,6186.75
1.170668,6187.0
1.16811,6187.25
1.170668,6187.5
1.184736,6187.75
1.19241,6188.0
1.189852,6188.25
1.186015,6188.5
1.179621,6188.75
1.175784,6189.0
1.170668,6189.25
1.16811,6189.5
1.164273,6189.75
1.164273,6190.0
1.161715,6190.25
1.171947,6190.5
1.179621,6190.75
1.191131,6191.0
1.202641,6191.25
1.206478,6191.5
1.212873,6191.75
1.210315,6192.0
1.205199,6192.25
1.209036,6192.5
1.230778,6192.75
1.223105,6193.0
1.210315,6193.25
1.215431,6193.5
1.239731,6193.75
1.257636,6194.0
1.285773,6194.25
1.342046,6194.5
1.389367,6194.75
1.37402,6195.0
1.426457,6195.25
1.460988,6195.5
1.388088,6195.75
1.357394,6196.0
1.339489,6196.25
1.319025,6196.5
1.33821,6196.75
1.354836,6197.0
1.371462,6197.25
1.388088,6197.5
1.399599,6197.75
1.417504,6198.0
1.436688,6198.25
1.45843,6198.5
1.468662,6198.75
1.453314,6199.0
1.432851,6199.25
1.421341,6199.5
1.418783,6199.75
1.411109,6200.0
1.416225,6200.25
1.423899,6200.5
1.486567,6200.75
1.530051,6201.0
1.577372,6201.25
1.637482,6201.5
1.669456,6201.75
1.691198,6202.0
1.66434,6202.25
1.683524,6202.5
1.674572,6202.75
1.659224,6203.0
1.660503,6203.25
1.647714,6203.5
1.693756,6203.75
1.709103,6204.0
1.714219,6204.25
1.705266,6204.5
1.696314,6204.75
1.680966,6205.0
1.668177,6205.25
1.661782,6205.5
1.66434,6205.75
1.668177,6206.0
1.68864,6206.25
1.696314,6206.5
1.678409,6206.75
1.663061,6207.0
1.648993,6207.25
1.637482,6207.5
1.625972,6207.75
1.61574,6208.0
1.606788,6208.25
1.592719,6208.5
1.583767,6208.75
1.573535,6209.0
1.562025,6209.25
1.544119,6209.5
1.541562,6209.75
1.539004,6210.0
1.53133,6210.25
1.519819,6210.5
1.517262,6210.75
1.522377,6211.0
1.537725,6211.25
1.540283,6211.5
1.553072,6211.75
1.560746,6212.0
1.55563,6212.25
1.645156,6212.5
1.654109,6212.75
1.700151,6213.0
1.77305,6213.25
1.89455,6213.5
1.95466,6213.75
1.94315,6214.0
1.941871,6214.25
1.89455,6214.5
1.847229,6214.75
1.833161,6215.0
1.853624,6215.25
1.851066,6215.5
1.815256,6215.75
1.807582,6216.0
1.813977,6216.25
1.806303,6216.5
1.803745,6216.75
1.843392,6217.0
1.893271,6217.25
1.879203,6217.5
1.806303,6217.75
1.79735,6218.0
1.81014,6218.25
1.801187,6218.5
1.802466,6218.75
1.812698,6219.0
1.825487,6219.25
1.824208,6219.5
1.886876,6219.75
1.897108,6220.0
1.903503,6220.25
1.876645,6220.5
1.738519,6220.75
1.643877,6221.0
1.661782,6221.25
1.678409,6221.5
1.636203,6221.75
1.641319,6222.0
1.743635,6222.25
1.885597,6222.5
2.037792,6222.75
2.069964,6223.0
2.154375,6223.25
2.162048,6223.5
2.154375,6223.75
2.141585,6224.0
2.18379,6224.25
2.081475,6224.5
2.049501,6224.75
2.091706,6225.0
2.133912,6225.25
2.178674,6225.5
2.195301,6225.75
2.178674,6226.0
2.191464,6226.25
2.227274,6226.5
2.26948,6226.75
2.319358,6227.0
2.327032,6227.25
2.352611,6227.5
2.350053,6227.75
2.342379,6228.0
2.312964,6228.25
2.3411,6228.5
2.337264,6228.75
2.30529,6229.0
2.251574,6229.25
2.288664,6229.5
2.296337,6229.75
2.288664,6230.0
2.288664,6230.25
2.307848,6230.5
2.361563,6230.75
2.439579,6231.0
2.523989,6231.25
2.582301,6231.5
2.742169,6231.75
2.919942,6232.0
2.916105,6232.25
2.936568,6232.5
2.999236,6232.75
3.099299,6233.0
3.160688,6233.25
3.215683,6233.5
3.266841,6233.75
3.274514,6234.0
3.275793,6234.25
3.234867,6234.5
3.183709,6234.75
3.133831,6235.0
3.160688,6235.25
3.233588,6235.5
3.325672,6235.75
3.385782,6236.0
3.406245,6236.25
3.383224,6236.5
3.369156,6236.75
3.301372,6237.0
3.232309,6237.25
3.177315,6237.5
3.141504,6237.75
3.090346,6238.0
3.060931,6238.25
3.020005,6238.5
2.988031,6238.75
2.954778,6239.0
2.931757,6239.25
2.915131,6239.5
2.912573,6239.75
2.922805,6240.0
2.950942,6240.25
2.979078,6240.5
3.014889,6240.75
3.032794,6241.0
3.043025,6241.25
3.03791,6241.5
3.036631,6241.75
3.020005,6242.0
3.002099,6242.25
2.971405,6242.5
2.950942,6242.75
2.924084,6243.0
2.903621,6243.25
2.888273,6243.5
2.879321,6243.75
2.872926,6244.0
2.86781,6244.25
2.879321,6244.5
2.921526,6244.75
2.972684,6245.0
3.009773,6245.25
3.030236,6245.5
3.050699,6245.75
3.036631,6246.0
3.009773,6246.25
2.967568,6246.5
2.944547,6246.75
2.918968,6247.0
2.907457,6247.25
2.906178,6247.5
2.939431,6247.75
2.979078,6248.0
3.045583,6248.25
3.095462,6248.5
3.15813,6248.75
3.250214,6249.0
3.506003,6249.25
3.86885,6249.5
4.05046,6249.75
4.401037,6250.0
4.592879,6250.25
4.810209,6250.5
4.876714,6250.75
5.096693,6251.0
5.575756,6251.25
5.820682,6251.5
5.985665,6251.75
6.036507,6252.0
6.230906,6252.25
6.142659,6252.5
6.048018,6252.75
6.256485,6253.0
6.481579,6253.25
6.658911,6253.5
6.486253,6253.75
6.564269,6254.0
6.708789,6254.25
6.712626,6254.5
6.708789,6254.75
6.724137,6255.0
6.412075,6255.25
6.474743,6255.5
6.528459,6255.75
6.438932,6256.0
6.307201,6256.25
6.201049,6256.5
6.285459,6256.75
6.319991,6257.0
6.340454,6257.25
6.319991,6257.5
6.222791,6257.75
6.121754,6258.0
5.964444,6258.25
5.828876,6258.5
5.559461,6258.75
5.422614,6259.0
5.382004,6259.25
5.465136,6259.5
5.672324,6259.75
5.925555,6260.0
6.049613,6260.25
6.152891,6260.5
6.062086,6260.75
5.743629,6261.0
5.803739,6261.25
5.926518,6261.5
6.041623,6261.75
6.142659,6262.0
6.205328,6262.25
6.256485,6262.5
6.257764,6262.75
6.244975,6263.0
6.175912,6263.25
6.088943,6263.5
5.913728,6263.75
5.903497,6264.0
5.921402,6264.25
5.909892,6264.5
5.848502,6264.75
5.776881,6265.0
5.696308,6265.25
5.687355,6265.5
5.83955,6265.75
5.906054,6266.0
6.028833,6266.25
6.095338,6266.5
6.138823,6266.75
6.160564,6267.0
6.163122,6267.25
6.269275,6267.5
6.555758,6267.75
6.863542,6268.0
6.997831,6268.25
7.011329,6268.5
6.938429,6268.75
6.862971,6269.0
6.735077,6269.25
6.550909,6269.5
6.325815,6269.75
6.171633,6270.0
6.280343,6270.25
6.213838,6270.5
6.092339,6270.75
6.010486,6271.0
5.827597,6271.25
5.810134,6271.5
6.035228,6271.75
6.49309,6272.0
6.493927,6272.25
6.678095,6272.5
6.825173,6272.75
6.894236,6273.0
6.858426,6273.25
6.735647,6273.5
6.653795,6273.75
6.528459,6274.0
6.488811,6274.25
6.500321,6274.5
6.596242,6274.75
6.63589,6275.0
6.667863,6275.25
6.690884,6275.5
6.735647,6275.75
6.687047,6276.0
6.790642,6276.25
7.000389,6276.5
7.21596,6276.75
7.42059,6277.0
7.34897,6277.25
7.318275,6277.5
7.387338,6277.75
7.462796,6278.0
7.746175,6278.25
7.637465,6278.5
6.922535,6278.75
6.617414,6279.0
6.360346,6279.25
6.289296,6279.5
6.129428,6279.75
6.103849,6280.0
6.041181,6280.25
5.941423,6280.5
5.876639,6280.75
5.801181,6281.0
5.783276,6281.25
5.746187,6281.5
5.666892,6281.75
5.538998,6282.0
5.510861,6282.25
5.473772,6282.5
5.40343,6282.75
5.344915,6283.0
5.41142,6283.25
5.567451,6283.5
5.705577,6283.75
5.659535,6284.0
5.619888,6284.25
5.509899,6284.5
5.626282,6284.75
5.78615,6285.0
5.839866,6285.25
5.998455,6285.5
6.11708,6285.75
6.113244,6286.0
6.065923,6286.25
5.973839,6286.5
5.858734,6286.75
5.755139,6287.0
5.647708,6287.25
5.606782,6287.5
5.689913,6287.75
5.842107,6288.0
5.958491,6288.25
6.033949,6288.5
6.058249,6288.75
6.049296,6289.0
6.007091,6289.25
5.927797,6289.5
5.842107,6289.75
5.765371,6290.0
5.686076,6290.25
5.63364,6290.5
5.60934,6290.75
5.618292,6291.0
5.634919,6291.25
5.733397,6291.5
5.903497,6291.75
6.04546,6292.0
6.134985,6292.25
6.183586,6292.5
6.17847,6292.75
6.134985,6293.0
6.060807,6293.25
6.03267,6293.5
6.06848,6293.75
6.082549,6294.0
6.095338,6294.25
6.152891,6294.5
6.177191,6294.75
6.152891,6295.0
6.085107,6295.25
6.016044,6295.5
5.957212,6295.75
6.046739,6296.0
6.361359,6296.25
6.591568,6296.5
6.808547,6296.75
7.075846,6297.0
7.288859,6297.25
7.146897,6297.5
7.314438,6297.75
7.429543,6298.0
7.355364,6298.25
7.547206,6298.5
7.863838,6298.75
8.077421,6299.0
8.128229,6299.25
8.096255,6299.5
7.94534,6299.75
8.029751,6300.0
8.043819,6300.25
7.99394,6300.5
8.015682,6300.75
8.063004,6301.0
7.906972,6301.25
7.887788,6301.5
7.961967,6301.75
7.955572,6302.0
7.950456,6302.25
7.94534,6302.5
7.964524,6302.75
7.987545,6303.0
8.000335,6303.25
7.991382,6303.5
8.001614,6303.75
8.004171,6304.0
7.970919,6304.25
7.990103,6304.5
8.028472,6304.75
7.99394,6305.0
7.959409,6305.25
7.95813,6305.5
7.924877,6305.75
7.954293,6306.0
7.889067,6306.25
7.823841,6306.5
7.832793,6306.75
7.830235,6307.0
7.859651,6307.25
7.866046,6307.5
7.877556,6307.75
8.084745,6308.0
8.024634,6308.25
8.013124,6308.5
7.981151,6308.75
7.999056,6309.0
8.047656,6309.25
8.088582,6309.5
8.13974,6309.75
8.196013,6310.0
8.230545,6310.25
8.258681,6310.5
8.134624,6310.75
8.07835,6311.0
8.055329,6311.25
8.036145,6311.5
8.010567,6311.75
8.106487,6312.0
8.120556,6312.25
8.152529,6312.5
8.165318,6312.75
8.211361,6313.0
8.267634,6313.25
8.34565,6313.5
8.396808,6313.75
8.395529,6314.0
8.36867,6314.25
8.340534,6314.5
8.282982,6314.75
8.254845,6315.0
8.217755,6315.25
8.196013,6315.5
8.174272,6315.75
8.092419,6316.0
8.023355,6316.25
8.052772,6316.5
8.051493,6316.75
8.019519,6317.0
8.013124,6317.25
8.074513,6317.5
8.190898,6317.75
8.170434,6318.0
8.194735,6318.25
8.225429,6318.5
8.267634,6318.75
8.231824,6319.0
8.225429,6319.25
8.226707,6319.5
8.227987,6319.75
8.298328,6320.0
8.409596,6320.25
8.50168,6320.5
8.617644,6320.75
8.608691,6321.0
8.586949,6321.25
8.508934,6321.5
8.442429,6321.75
8.457776,6322.0
8.419408,6322.25
8.424523,6322.5
7.997356,6322.75
7.819583,6323.0
7.910809,6323.25
7.873719,6323.5
8.016961,6323.75
8.222871,6324.0
8.073235,6324.25
7.941504,6324.5
7.947898,6324.75
7.731757,6325.0
7.440157,6325.25
7.143792,6325.5
6.886724,6325.75
6.947381,6326.0
7.066323,6326.25
7.487096,6326.5
8.083816,6326.75
8.038703,6327.0
8.050214,6327.25
8.268913,6327.5
8.494007,6327.75
8.588228,6328.0
7.884809,6328.25
7.3647,6328.5
7.225645,6328.75
7.293428,6329.0
7.357376,6329.25
7.482712,6329.5
7.61828,6329.75
7.587586,6330.0
7.674554,6330.25
7.914995,6330.5
8.097884,6330.75
8.52726,6331.0
8.531955,6331.25
8.27105,6331.5
8.333718,6331.75
9.07039,6332.0
8.782565,6332.25
8.318309,6332.5
7.859231,6332.75
7.602583,6333.0
7.704899,6333.25
7.790588,6333.5
8.052772,6333.75
7.736873,6334.0
7.713851,6334.25
7.747104,6334.5
7.767567,6334.75
7.501547,6335.0
7.322495,6335.25
7.082403,6335.5
7.068335,6335.75
7.092635,6336.0
7.175766,6336.25
7.17065,6336.5
7.161697,6336.75
7.162976,6337.0
7.315171,6337.25
7.32796,6337.5
7.322845,6337.75
7.308776,6338.0
7.290871,6338.25
7.287034,6338.5
7.297266,6338.75
7.302381,6339.0
7.288313,6339.25
7.266571,6339.5
7.256339,6339.75
7.247386,6340.0
7.244829,6340.25
7.234597,6340.5
7.257618,6340.75
7.26785,6341.0
7.270408,6341.25
7.281918,6341.5
7.30366,6341.75
7.312613,6342.0
7.301102,6342.25
7.301102,6342.5
7.29215,6342.75
7.283197,6343.0
7.090076,6343.25
6.894398,6343.5
6.384646,6343.75
6.697279,6344.0
6.727973,6344.25
6.710068,6344.5
6.7446,6344.75
6.736926,6345.0
6.724137,6345.25
6.727973,6345.5
6.748437,6345.75
6.767621,6346.0
6.767621,6346.25
6.762505,6346.5
6.775294,6346.75
6.790642,6347.0
6.779131,6347.25
6.776574,6347.5
6.749716,6347.75
6.745879,6348.0
6.722858,6348.25
6.719021,6348.5
6.703674,6348.75
6.685769,6349.0
6.657632,6349.25
6.665305,6349.5
6.643563,6349.75
6.641006,6350.0
6.620543,6350.25
6.588569,6350.5
6.866099,6350.75
7.01062,6351.0
7.149455,6351.25
6.875761,6351.5
6.666014,6351.75
6.687756,6352.0
6.666014,6352.25
6.511261,6352.5
6.478009,6352.75
6.506146,6353.0
6.503588,6353.25
6.516377,6353.5
6.51382,6353.75
6.483125,6354.0
6.494635,6354.25
6.533004,6354.5
6.515099,6354.75
6.554746,6355.0
6.832276,6355.25
7.003655,6355.5
6.90134,6355.75
6.721008,6356.0
6.699266,6356.25
6.636598,6356.5
6.611019,6356.75
6.603345,6357.0
6.589277,6357.25
6.580325,6357.5
6.557303,6357.75
6.558582,6358.0
6.552188,6358.25
6.556025,6358.5
6.544514,6358.75
6.539398,6359.0
6.529167,6359.25
6.526609,6359.5
6.509983,6359.75
6.503588,6360.0
6.48952,6360.25
6.486962,6360.5
6.475451,6360.75
6.470335,6361.0
6.462662,6361.25
6.454988,6361.5
6.455559,6361.75
6.450443,6362.0
6.44149,6362.25
6.433816,6362.5
6.426143,6362.75
6.415911,6363.0
6.421027,6363.25
6.437654,6363.5
6.474743,6363.75
6.47858,6364.0
6.547643,6364.25
6.551479,6364.5
6.5502,6364.75
6.546364,6365.0
6.537411,6365.25
6.533574,6365.5
6.565548,6365.75
6.566827,6366.0
6.560432,6366.25
6.50288,6366.5
6.504158,6366.75
6.488811,6367.0
6.484974,6367.25
6.47858,6367.5
6.484974,6367.75
6.476022,6368.0
6.473464,6368.25
6.464511,6368.5
6.474743,6368.75
6.456838,6369.0
6.449164,6369.25
6.437654,6369.5
6.444048,6369.75
6.432538,6370.0
6.431259,6370.25
6.427422,6370.5
6.42998,6370.75
6.433816,6371.0
6.453001,6371.25
6.47858,6371.5
6.500321,6371.75
6.499043,6372.0
6.504158,6372.25
6.495206,6372.5
6.497764,6372.75
6.479858,6373.0
6.470906,6373.25
6.442769,6373.5
6.432538,6373.75
6.378822,6374.0
6.401843,6374.25
6.398006,6374.5
6.404401,6374.75
6.409517,6375.0
6.408237,6375.25
6.403122,6375.5
6.410796,6375.75
6.40568,6376.0
6.406959,6376.25
6.39289,6376.5
6.373706,6376.75
6.369869,6377.0
6.35708,6377.25
6.343011,6377.5
6.33278,6377.75
6.319991,6378.0
6.314875,6378.25
6.32127,6378.5
6.362195,6378.75
6.339175,6379.0
6.343011,6379.25
6.34429,6379.5
6.348127,6379.75
6.34429,6380.0
6.337896,6380.25
6.331501,6380.5
6.325106,6380.75
6.326385,6381.0
6.330222,6381.25
6.34429,6381.5
6.35708,6381.75
6.371148,6382.0
6.367311,6382.25
6.373706,6382.5
6.433816,6382.75
6.426143,6383.0
6.409517,6383.25
6.396727,6383.5
6.387774,6383.75
6.372427,6384.0
6.363475,6384.25
6.341733,6384.5
6.331501,6384.75
6.305922,6385.0
6.302085,6385.25
6.250927,6385.5
6.243254,6385.75
6.239417,6386.0
6.244533,6386.25
6.290575,6386.5
6.302085,6386.75
6.312317,6387.0
6.302085,6387.25
6.282901,6387.5
6.267554,6387.75
6.264996,6388.0
6.249649,6388.25
6.234301,6388.5
6.225348,6388.75
6.218954,6389.0
6.210001,6389.25
6.162681,6389.5
5.936307,6389.75
5.895823,6390.0
6.137544,6390.25
5.964886,6390.5
5.977675,6390.75
5.994302,6391.0
5.98407,6391.25
5.982791,6391.5
5.968723,6391.75
5.975118,6392.0
5.980233,6392.25
6.004533,6392.5
6.026275,6392.75
6.055691,6393.0
6.049296,6393.25
6.05697,6393.5
6.042902,6393.75
6.007091,6394.0
6.013486,6394.25
6.014765,6394.5
6.022439,6394.75
6.009649,6395.0
6.004533,6395.25
5.994302,6395.5
5.977675,6395.75
5.961049,6396.0
5.950818,6396.25
5.939307,6396.5
5.92396,6396.75
5.918844,6397.0
5.91117,6397.25
5.900939,6397.5
5.894544,6397.75
5.885592,6398.0
5.876639,6398.25
5.868965,6398.5
5.857455,6398.75
5.860013,6399.0
5.854897,6399.25
5.85106,6399.5
5.847223,6399.75
5.842107,6400.0
5.840828,6400.25
5.852339,6400.5
5.880476,6400.75
5.906054,6401.0
5.921402,6401.25
5.921402,6401.5
5.929076,6401.75
5.925239,6402.0
5.913728,6402.25
5.900939,6402.5
5.890707,6402.75
5.880476,6403.0
5.867686,6403.25
5.856176,6403.5
5.842107,6403.75
5.831876,6404.0
5.812692,6404.25
5.811413,6404.5
5.805018,6404.75
5.794786,6405.0
5.787113,6405.25
5.779439,6405.5
5.771766,6405.75
5.76665,6406.0
5.760255,6406.25
5.750023,6406.5
5.741071,6406.75
5.725724,6407.0
5.724445,6407.25
5.715492,6407.5
5.707819,6407.75
5.707819,6408.0
5.707819,6408.25
5.701424,6408.5
5.698866,6408.75
5.701424,6409.0
5.695029,6409.25
5.689913,6409.5
5.678402,6409.75
5.68224,6410.0
5.674566,6410.25
5.642592,6410.5
5.637476,6410.75
5.638755,6411.0
5.634919,6411.25
5.646429,6411.5
5.532603,6411.75
5.329251,6412.0
5.704298,6412.25
6.012523,6412.5
6.16568,6412.75
6.218117,6413.0
6.333222,6413.25
6.5289,6413.5
6.382659,6413.75
6.115359,6414.0
6.060365,6414.25
6.034786,6414.5
5.99386,6414.75
5.859571,6415.0
5.779439,6415.25
5.751302,6415.5
5.761534,6415.75
5.80246,6416.0
5.821644,6416.25
5.785834,6416.5
5.728281,6416.75
5.627245,6417.0
5.588877,6417.25
5.562019,6417.5
5.550508,6417.75
5.484003,6418.0
5.457145,6418.25
5.474088,6418.5
5.77464,6418.75
5.805335,6419.0
5.818124,6419.25
5.562335,6419.5
5.601983,6419.75
5.645466,6420.0
5.686393,6420.25
5.788708,6420.5
5.827076,6420.75
5.857771,6421.0
5.920439,6421.25
5.947297,6421.5
5.977992,6421.75
6.091502,6422.0
6.110686,6422.25
6.11708,6422.5
6.110686,6422.75
6.103012,6423.0
6.091502,6423.25
6.076154,6423.5
6.073596,6423.75
6.067202,6424.0
6.062086,6424.25
6.063365,6424.5
6.062086,6424.75
6.058249,6425.0
6.041623,6425.25
6.04546,6425.5
6.027555,6425.75
6.024996,6426.0
5.995581,6426.25
6.001976,6426.5
5.986628,6426.75
5.985349,6427.0
5.964886,6427.25
5.967444,6427.5
5.958491,6427.75
5.954655,6428.0
5.955934,6428.25
5.953375,6428.5
5.94826,6428.75
5.949539,6429.0
5.941865,6429.25
5.936749,6429.5
5.934191,6429.75
5.92396,6430.0
5.904776,6430.25
5.898381,6430.5
5.885592,6430.75
5.87536,6431.0
5.857455,6431.25
5.853618,6431.5
5.842107,6431.75
5.870244,6432.0
5.909892,6432.25
5.961049,6432.5
6.013486,6432.75
6.04418,6433.0
6.060807,6433.25
6.063365,6433.5
6.063365,6433.75
6.026275,6434.0
6.023717,6434.25
5.990465,6434.5
6.003254,6434.75
6.001976,6435.0
6.026275,6435.25
6.03267,6435.5
6.04546,6435.75
6.033949,6436.0
6.026275,6436.25
6.018602,6436.5
6.014765,6436.75
5.982791,6437.0
5.954655,6437.25
5.929076,6437.5
5.916286,6437.75
5.890707,6438.0
5.877918,6438.25
5.89966,6438.5
5.888149,6438.75
5.865129,6439.0
5.858734,6439.25
5.758976,6439.5
6.088943,6439.75
5.987907,6440.0
5.368898,6440.25
4.8295,6440.5
4.947794,6440.75
5.211257,6441.0
5.230441,6441.25
5.314851,6441.5
5.41333,6441.75
5.505414,6442.0
5.541872,6442.25
5.553382,6442.5
5.554661,6442.75
5.559777,6443.0
5.558498,6443.25
5.581519,6443.5
5.585356,6443.75
5.613493,6444.0
5.619888,6444.25
5.616051,6444.5
5.596867,6444.75
5.577682,6445.0
5.555941,6445.25
5.539314,6445.5
5.526525,6445.75
5.512456,6446.0
5.491993,6446.25
5.476646,6446.5
5.456183,6446.75
5.452346,6447.0
5.434441,6447.25
5.424209,6447.5
5.412699,6447.75
5.407583,6448.0
5.389678,6448.25
5.396072,6448.5
5.389678,6448.75
5.38712,6449.0
5.38712,6449.25
5.38712,6449.5
5.428046,6449.75
5.506062,6450.0
5.489435,6450.25
5.463857,6450.5
5.356425,6450.75
5.307826,6451.0
5.295036,6451.25
5.206789,6451.5
5.027737,6451.75
5.030294,6452.0
5.269457,6452.25
5.42293,6452.5
5.42293,6452.75
5.348752,6453.0
5.278409,6453.25
5.467693,6453.5
5.526525,6453.75
5.585356,6454.0
5.543151,6454.25
5.59303,6454.5
5.594309,6454.75
5.627561,6455.0
5.567451,6455.25
5.416535,6455.5
5.419094,6455.75
5.413978,6456.0
5.555941,6456.25
5.640351,6456.5
5.635235,6456.75
5.70174,6457.0
5.622446,6457.25
5.72604,6457.5
5.54443,6457.75
5.554661,6458.0
5.614772,6458.25
5.44723,6458.5
4.966347,6458.75
4.605038,6459.0
4.487375,6459.25
4.45668,6459.5
4.555699,6459.75
4.537794,6460.0
4.533957,6460.25
4.610694,6460.5
4.61581,6460.75
4.647783,6461.0
4.751378,6461.25
4.932988,6461.5
5.090298,6461.75
5.264973,6462.0
5.386472,6462.25
5.390309,6462.5
5.403099,6462.75
5.392867,6463.0
5.387751,6463.25
5.38903,6463.5
5.394146,6463.75
5.395425,6464.0
5.404377,6464.25
5.417167,6464.5
5.470882,6464.75
5.50734,6465.0
5.517572,6465.25
5.521409,6465.5
5.526525,6465.75
5.529083,6466.0
5.529083,6466.25
5.546988,6466.5
5.654419,6466.75
5.644187,6467.0
5.608377,6467.25
5.599424,6467.5
5.582798,6467.75
5.582798,6468.0
5.562335,6468.25
5.562335,6468.5
5.558498,6468.75
5.54443,6469.0
5.535477,6469.25
5.534198,6469.5
5.527804,6469.75
5.531641,6470.0
5.555941,6470.25
5.59303,6470.5
5.550825,6470.75
5.660814,6471.0
5.540593,6471.25
5.401188,6471.5
5.185047,6471.75
5.431883,6472.0
5.663372,6472.25
5.916603,6472.5
5.783592,6472.75
5.741387,6473.0
5.878234,6473.25
5.88335,6473.5
5.838587,6473.75
5.788708,6474.0
5.975434,6474.25
6.060807,6474.5
6.049296,6474.75
6.071038,6475.0
6.158007,6475.25
6.367754,6475.5
6.261601,6475.75
6.365195,6476.0
6.330664,6476.25
6.39589,6476.5
6.44449,6476.75
6.439374,6477.0
6.435537,6477.25
6.466232,6477.5
6.520785,6477.75
6.534853,6478.0
6.561711,6478.25
6.588569,6478.5
6.584732,6478.75
6.574501,6479.0
6.546364,6479.25
6.5259,6479.5
6.495206,6479.75
6.488811,6480.0
6.483696,6480.25
6.482417,6480.5
6.477301,6480.75
6.47858,6481.0
6.617984,6481.25
6.715184,6481.5
6.794479,6481.75
6.730532,6482.0
6.685769,6482.25
6.716463,6482.5
6.788084,6482.75
6.818779,6483.0
6.831568,6483.25
6.887842,6483.5
6.923652,6483.75
6.899352,6484.0
6.921094,6484.25
6.946673,6484.5
6.976089,6484.75
6.978076,6485.0
6.964008,6485.25
6.939708,6485.5
6.91285,6485.75
6.874482,6486.0
6.856576,6486.25
6.868087,6486.5
6.859134,6486.75
6.836113,6487.0
6.829719,6487.25
6.814371,6487.5
6.810534,6487.75
6.795187,6488.0
6.813092,6488.25
6.845066,6488.5
6.894945,6488.75
6.907734,6489.0
6.921803,6489.25
6.91285,6489.5
6.911571,6489.75
6.880877,6490.0
6.855298,6490.25
6.910292,6490.5
6.884713,6490.75
6.85146,6491.0
6.814371,6491.25
6.800303,6491.5
6.79135,6491.75
6.792629,6492.0
6.783677,6492.25
6.783677,6492.5
6.769608,6492.75
6.760655,6493.0
6.765771,6493.25
6.759377,6493.5
6.751703,6493.75
6.70694,6494.0
6.749145,6494.25
6.742751,6494.5
6.732519,6494.75
6.727403,6495.0
6.729961,6495.25
6.738914,6495.5
6.742751,6495.75
6.750424,6496.0
6.742751,6496.25
6.740192,6496.5
6.735077,6496.75
6.735077,6497.0
6.714613,6497.25
6.717172,6497.5
6.701824,6497.75
6.728682,6498.0
6.635319,6498.25
6.644272,6498.5
6.594393,6498.75
6.712056,6499.0
6.619972,6499.25
6.662177,6499.5
6.708219,6499.75
6.65834,6500.0
6.637877,6500.25
6.562419,6500.5
6.685198,6500.75
6.805418,6501.0
6.756819,6501.25
6.756819,6501.5
6.796466,6501.75
6.846345,6502.0
6.723566,6502.25
6.774724,6502.5
6.919245,6502.75
7.342575,6503.0
7.168639,6503.25
6.77984,6503.5
6.347557,6503.75
6.360917,6504.0
6.455559,6504.25
6.921094,6504.5
6.983762,6504.75
7.047139,6505.0
7.084229,6505.25
7.099576,6505.5
7.090623,6505.75
7.031792,6506.0
7.029234,6506.25
7.054813,6506.5
7.077834,6506.75
7.278628,6507.0
7.249212,6507.25
7.451285,6507.5
7.420044,6507.75
7.34075,6508.0
7.235876,6508.25
7.151466,6508.5
7.096471,6508.75
7.251224,6509.0
7.388071,6509.25
7.494223,6509.5
7.535149,6509.75
7.624675,6510.0
7.844654,6510.25
7.773033,6510.5
7.76408,6510.75
7.748733,6511.0
7.67967,6511.25
7.588865,6511.5
7.216692,6511.75
7.214134,6512.0
6.825335,6512.25
6.492077,6512.5
6.365462,6512.75
6.421027,6513.0
6.559153,6513.25
6.555316,6513.5
6.486253,6513.75
6.715184,6514.0
6.9147,6514.25
6.993994,6514.5
7.076555,6514.75
7.190381,6515.0
7.192939,6515.25
7.213402,6515.5
7.208286,6515.75
7.176312,6516.0
7.150733,6516.25
7.125154,6516.5
7.149455,6516.75
7.102134,6517.0
7.067602,6517.25
7.031792,6517.5
6.999818,6517.75
6.975518,6518.0
6.944824,6518.25
6.926919,6518.5
6.907734,6518.75
6.88855,6519.0
6.871924,6519.25
6.855298,6519.5
6.837392,6519.75
6.843787,6520.0
6.85274,6520.25
6.862971,6520.5
6.879597,6520.75
6.891108,6521.0
6.896224,6521.25
6.902618,6521.5
6.90134,6521.75
6.900061,6522.0
6.893666,6522.25
6.869366,6522.5
6.869366,6522.75
6.848903,6523.0
6.833555,6523.25
6.816929,6523.5
6.805418,6523.75
6.790071,6524.0
6.781119,6524.25
6.765771,6524.5
6.765771,6524.75
6.759377,6525.0
6.747866,6525.25
6.759377,6525.5
6.74403,6525.75
6.713335,6526.0
6.705661,6526.25
6.722287,6526.5
6.728682,6526.75
6.726124,6527.0
6.73124,6527.25
6.704382,6527.5
6.695429,6527.75
6.689035,6528.0
6.690314,6528.25
6.663456,6528.5
6.672409,6528.75
6.65834,6529.0
6.655782,6529.25
6.641714,6529.5
6.645551,6529.75
6.635319,6530.0
6.627645,6530.25
6.614856,6530.5
6.612298,6530.75
6.603345,6531.0
6.596951,6531.25
6.587998,6531.5
6.595672,6531.75
6.582882,6532.0
6.580325,6532.25
6.576488,6532.5
6.582882,6532.75
6.572651,6533.0
6.576488,6533.25
6.557303,6533.5
6.566256,6533.75
6.521493,6534.0
6.541956,6534.25
6.552188,6534.5
6.581604,6534.75
6.602067,6535.0
6.627645,6535.25
6.637877,6535.5
6.645551,6535.75
6.636598,6536.0
6.635319,6536.25
6.626367,6536.5
6.616135,6536.75
6.596951,6537.0
6.586719,6537.25
6.571372,6537.5
6.566256,6537.75
6.554746,6538.0
6.552188,6538.25
6.541956,6538.5
6.541956,6538.75
6.52533,6539.0
6.533004,6539.25
6.533004,6539.5
6.539398,6539.75
6.530446,6540.0
6.531724,6540.25
6.524051,6540.5
6.526609,6540.75
6.524051,6541.0
6.526609,6541.25
6.518935,6541.5
6.51254,6541.75
6.517656,6542.0
6.509983,6542.25
6.507425,6542.5
6.511261,6542.75
6.508704,6543.0
6.504867,6543.25
6.508704,6543.5
6.507425,6543.75
6.498472,6544.0
6.529167,6544.25
6.543235,6544.5
6.552188,6544.75
6.567535,6545.0
6.58544,6545.25
6.596951,6545.5
6.605904,6545.75
6.605904,6546.0
6.582882,6546.25
6.642993,6546.5
6.695429,6546.75
6.795187,6547.0
6.800303,6547.25
6.843787,6547.5
6.914129,6547.75
6.938429,6548.0
6.934592,6548.25
6.965287,6548.5
6.939708,6548.75
6.911571,6549.0
6.885992,6549.25
6.865529,6549.5
6.848903,6549.75
6.825882,6550.0
6.820766,6550.25
6.809256,6550.5
6.805418,6550.75
6.79135,6551.0
6.776003,6551.25
6.760655,6551.5
6.746587,6551.75
6.737635,6552.0
6.724845,6552.25
6.719729,6552.5
6.687756,6552.75
6.696708,6553.0
6.683919,6553.25
6.68264,6553.5
6.681361,6553.75
6.640435,6554.0
6.664735,6554.25
6.668571,6554.5
6.668571,6554.75
6.680082,6555.0
6.685198,6555.25
6.683919,6555.5
6.690314,6555.75
6.696708,6556.0
6.691593,6556.25
6.685198,6556.5
6.669851,6556.75
6.659619,6557.0
6.641714,6557.25
6.636598,6557.5
6.618693,6557.75
6.611019,6558.0
6.591835,6558.25
6.599509,6558.5
6.596951,6558.75
6.595672,6559.0
6.589277,6559.25
6.589277,6559.5
6.579046,6559.75
6.567535,6560.0
6.579046,6560.25
6.566256,6560.5
6.557303,6560.75
6.543235,6561.0
6.534283,6561.25
6.524051,6561.5
6.511261,6561.75
6.507425,6562.0
6.494635,6562.25
6.492077,6562.5
6.480567,6562.75
6.47673,6563.0
6.466498,6563.25
6.462662,6563.5
6.449872,6563.75
6.460674,6564.0
6.449164,6564.25
6.447885,6564.5
6.438932,6564.75
6.437654,6565.0
6.433816,6565.25
6.433816,6565.5
6.42998,6565.75
6.422306,6566.0
6.41719,6566.25
6.408237,6566.5
6.413353,6566.75
6.406959,6567.0
6.396727,6567.25
6.395448,6567.5
6.39289,6567.75
6.385217,6568.0
6.386496,6568.25
6.386496,6568.5
6.378822,6568.75
6.36859,6569.0
6.360917,6569.25
6.360917,6569.5
6.362195,6569.75
6.351964,6570.0
6.348127,6570.25
6.340454,6570.5
6.343011,6570.75
6.334059,6571.0
6.330222,6571.25
6.32127,6571.5
6.326385,6571.75
6.307201,6572.0
6.313596,6572.25
6.303364,6572.5
6.302085,6572.75
6.294412,6573.0
6.293133,6573.25
6.289296,6573.5
6.294412,6573.75
6.258601,6574.0
6.270112,6574.25
6.267554,6574.5
6.258601,6574.75
6.257322,6575.0
6.252206,6575.25
6.247091,6575.5
6.244533,6575.75
6.239417,6576.0
6.236859,6576.25
6.229186,6576.5
6.230464,6576.75
6.222791,6577.0
6.217675,6577.25
6.204885,6577.5
6.208723,6577.75
6.19977,6578.0
6.195933,6578.25
6.189538,6578.5
6.188259,6578.75
6.184422,6579.0
6.17547,6579.25
6.180586,6579.5
6.172912,6579.75
6.170354,6580.0
6.156286,6580.25
6.162681,6580.5
6.157565,6580.75
6.155007,6581.0
6.153728,6581.25
6.149891,6581.5
6.153728,6581.75
6.143497,6582.0
6.144775,6582.25
6.138381,6582.5
6.152449,6582.75
6.133265,6583.0
6.135823,6583.25
6.128149,6583.5
6.129428,6583.75
6.12687,6584.0
6.148612,6584.25
6.184422,6584.5
6.107686,6584.75
6.120475,6585.0
6.116639,6585.25
6.111523,6585.5
6.110244,6585.75
6.103849,6586.0
6.110244,6586.25
6.103849,6586.5
6.106407,6586.75
6.098733,6587.0
6.103849,6587.25
6.098733,6587.5
6.101291,6587.75
6.094896,6588.0
6.092339,6588.25
6.07827,6588.5
6.087223,6588.75
6.07827,6589.0
6.074433,6589.25
6.068038,6589.5
6.069317,6589.75
6.062923,6590.0
6.060365,6590.25
6.056528,6590.5
6.057807,6590.75
6.045018,6591.0
6.037344,6591.25
6.034786,6591.5
6.034786,6591.75
6.023275,6592.0
6.021996,6592.25
6.011765,6592.5
6.020718,6592.75
6.013044,6593.0
6.009207,6593.25
6.006649,6593.5
6.006649,6593.75
5.960608,6594.0
5.986628,6594.25
5.987907,6594.5
5.973839,6594.75
5.982791,6595.0
5.977675,6595.25
5.978954,6595.5
5.971281,6595.75
5.970002,6596.0
5.963607,6596.25
5.970002,6596.5
5.952096,6596.75
5.962328,6597.0
5.949539,6597.25
5.949539,6597.5
5.945702,6597.75
5.941865,6598.0
5.931633,6598.25
5.934191,6598.5
5.932912,6598.75
5.927797,6599.0
5.926518,6599.25
5.915007,6599.5
5.920123,6599.75
5.909892,6600.0
5.906054,6600.25
5.891986,6600.5
5.906054,6600.75
5.891986,6601.0
5.890707,6601.25
5.88687,6601.5
5.888149,6601.75
5.87536,6602.0
5.874081,6602.25
5.868965,6602.5
5.865129,6602.75
5.857455,6603.0
5.857455,6603.25
5.849781,6603.5
5.861291,6603.75
5.857455,6604.0
5.868965,6604.25
5.876639,6604.5
5.885592,6604.75
5.879197,6605.0
5.885592,6605.25
5.881755,6605.5
5.881755,6605.75
5.87536,6606.0
5.866407,6606.25
5.861291,6606.5
5.860013,6606.75
5.852339,6607.0
5.824202,6607.25
5.830597,6607.5
5.820365,6607.75
5.821644,6608.0
5.807576,6608.25
5.806297,6608.5
5.796065,6608.75
5.794786,6609.0
5.785834,6609.25
5.784555,6609.5
5.784555,6609.75
5.781997,6610.0
5.769207,6610.25
5.762813,6610.5
5.758976,6610.75
5.752582,6611.0
5.746187,6611.25
5.746187,6611.5
5.735955,6611.75
5.734676,6612.0
5.734676,6612.25
5.734676,6612.5
5.730839,6612.75
5.724445,6613.0
5.716771,6613.25
5.716771,6613.5
5.711655,6613.75
5.68224,6614.0
5.691192,6614.25
5.691192,6614.5
5.688634,6614.75
5.686076,6615.0
5.684797,6615.25
5.680961,6615.5
5.686076,6615.75
5.673287,6616.0
5.674566,6616.25
5.663055,6616.5
5.668171,6616.75
5.655382,6617.0
5.664334,6617.25
5.654103,6617.5
5.663055,6617.75
5.656661,6618.0
5.650266,6618.25
5.641313,6618.5
5.64515,6618.75
5.640034,6619.0
5.636198,6619.25
5.63236,6619.5
5.641313,6619.75
5.634919,6620.0
5.641313,6620.25
5.63364,6620.5
5.642592,6620.75
5.63236,6621.0
5.63236,6621.25
5.619571,6621.5
5.628524,6621.75
5.611897,6622.0
5.613176,6622.25
5.606782,6622.5
5.610619,6622.75
5.601666,6623.0
5.601666,6623.25
5.600387,6623.5
5.597829,6623.75
5.591434,6624.0
5.586318,6624.25
5.583761,6624.5
5.583761,6624.75
5.574808,6625.0
5.57225,6625.25
5.569693,6625.5
5.568413,6625.75
5.564577,6626.0
5.559461,6626.25
5.558182,6626.5
5.554345,6626.75
5.546671,6627.0
5.545393,6627.25
5.542835,6627.5
5.544114,6627.75
5.541556,6628.0
5.53644,6628.25
5.528766,6628.5
5.528766,6628.75
5.52493,6629.0
5.519814,6629.25
5.515977,6629.5
5.498072,6629.75
5.508303,6630.0
5.496793,6630.25
5.504467,6630.5
5.503187,6630.75
5.508303,6631.0
5.507024,6631.25
5.510861,6631.5
5.513419,6631.75
5.514698,6632.0
5.505745,6632.25
5.498072,6632.5
5.491677,6632.75
5.48784,6633.0
5.476329,6633.25
5.473772,6633.5
5.467377,6633.75
5.437961,6634.0
5.454904,6634.25
5.456183,6634.5
5.451067,6634.75
5.44723,6635.0
5.439557,6635.25
5.443393,6635.5
5.439557,6635.75
5.435719,6636.0
5.426767,6636.25
5.424209,6636.5
5.413978,6636.75
5.399909,6637.0
5.390957,6637.25
5.389678,6637.5
5.394794,6637.75
5.389678,6638.0
5.39863,6638.25
5.392236,6638.5
5.393515,6638.75
5.388399,6639.0
5.385841,6639.25
5.380725,6639.5
5.378167,6639.75
5.371772,6640.0
5.374331,6640.25
5.369215,6640.5
5.367936,6640.75
5.360262,6641.0
5.356425,6641.25
5.35003,6641.5
5.352588,6641.75
5.343636,6642.0
5.342357,6642.25
5.332125,6642.5
5.33852,6642.75
5.32701,6643.0
5.32573,6643.25
5.310383,6643.5
5.318057,6643.75
5.310383,6644.0
5.310383,6644.25
5.305267,6644.5
5.310383,6644.75
5.301431,6645.0
5.300152,6645.25
5.301431,6645.5
5.30271,6645.75
5.303988,6646.0
5.303988,6646.25
5.31422,6646.5
5.316778,6646.75
5.309104,6647.0
5.310383,6647.25
5.309104,6647.5
5.30271,6647.75
5.298873,6648.0
5.300152,6648.25
5.292478,6648.5
5.286083,6648.75
5.275852,6649.0
5.270736,6649.25
5.268178,6649.5
5.260504,6649.75
5.344915,6650.0
5.310383,6650.25
5.329567,6650.5
5.388399,6650.75
5.385841,6651.0
5.348752,6651.25
5.319336,6651.5
5.284804,6651.75
5.288641,6652.0
5.272015,6652.25
5.269457,6652.5
5.260504,6652.75
5.257946,6653.0
5.250273,6653.25
5.246436,6653.5
5.24132,6653.75
5.214462,6654.0
5.219578,6654.25
5.215741,6654.5
5.217021,6654.75
5.214462,6655.0
5.210626,6655.25
5.209347,6655.5
5.206789,6655.75
5.202952,6656.0
5.193999,6656.25
5.197836,6656.5
5.193999,6656.75
5.188884,6657.0
5.182489,6657.25
5.177373,6657.5
5.186326,6657.75
5.18121,6658.0
5.178652,6658.25
5.172257,6658.5
5.176094,6658.75
5.164584,6659.0
5.165863,6659.25
5.15691,6659.5
5.160747,6659.75
5.142842,6660.0
5.149236,6660.25
5.139005,6660.5
5.1454,6660.75
5.131331,6661.0
5.135168,6661.25
5.131331,6661.5
5.128773,6661.75
5.128773,6662.0
5.124937,6662.25
5.118542,6662.5
5.112147,6662.75
5.117263,6663.0
5.112147,6663.25
5.109589,6663.5
5.105752,6663.75
5.105752,6664.0
5.094242,6664.25
5.100636,6664.5
5.099358,6664.75
5.09552,6665.0
5.089126,6665.25
5.082731,6665.5
5.080173,6665.75
5.078895,6666.0
5.073779,6666.25
5.0725,6666.5
5.071221,6666.75
5.0725,6667.0
5.062268,6667.25
5.062268,6667.5
5.055873,6667.75
5.055873,6668.0
5.044363,6668.25
5.046921,6668.5
5.044363,6668.75
5.044363,6669.0
5.036689,6669.25
5.039247,6669.5
5.034132,6669.75
5.032853,6670.0
5.026458,6670.25
5.032853,6670.5
5.026458,6670.75
5.021342,6671.0
5.025179,6671.25
5.022621,6671.5
5.020063,6671.75
5.018784,6672.0
5.017505,6672.25
5.013668,6672.5
5.009831,6672.75
5.012389,6673.0
5.008553,6673.25
5.005995,6673.5
5.000879,6673.75
4.977858,6674.0
4.989368,6674.25
4.985531,6674.5
4.990647,6674.75
4.981695,6675.0
4.984252,6675.25
4.977858,6675.5
4.981695,6675.75
4.972742,6676.0
4.972742,6676.25
4.961232,6676.5
4.983605,6676.75
4.972095,6677.0
4.972095,6677.25
4.9657,6677.5
4.966979,6677.75
4.960584,6678.0
4.961863,6678.25
4.9657,6678.5
4.9657,6678.75
4.960584,6679.0
4.956747,6679.25
4.956747,6679.5
4.961863,6679.75
4.950353,6680.0
4.954189,6680.25
4.951632,6680.5
4.950353,6680.75
4.947794,6681.0
4.946516,6681.25
4.943958,6681.5
4.946516,6681.75
4.933726,6682.0
4.938842,6682.25
4.933726,6682.5
4.929889,6682.75
4.922216,6683.0
4.922216,6683.25
4.920937,6683.5
4.9171,6683.75
4.913263,6684.0
4.910705,6684.25
4.90559,6684.5
4.899195,6684.75
4.899195,6685.0
4.910705,6685.25
4.909426,6685.5
4.901752,6685.75
4.900474,6686.0
4.897916,6686.25
4.897916,6686.5
4.890242,6686.75
4.897916,6687.0
4.8928,6687.25
4.888963,6687.5
4.890242,6687.75
4.890242,6688.0
4.886405,6688.25
4.887684,6688.5
4.886405,6688.75
4.887684,6689.0
4.878732,6689.25
4.878732,6689.5
4.873616,6689.75
4.872337,6690.0
4.862105,6690.25
4.867221,6690.5
4.859548,6690.75
4.860826,6691.0
4.854432,6691.25
4.855711,6691.5
4.849316,6691.75
4.849316,6692.0
4.849316,6692.25
4.845479,6692.5
4.8442,6692.75
4.836526,6693.0
4.851874,6693.25
4.85699,6693.5
4.848037,6693.75
4.8199,6694.0
4.833969,6694.25
4.833969,6694.5
4.831411,6694.75
4.833969,6695.0
4.833969,6695.25
4.830132,6695.5
4.826295,6695.75
4.833969,6696.0
4.831411,6696.25
4.828853,6696.5
4.83269,6696.75
4.831411,6697.0
4.830132,6697.25
4.827574,6697.5
4.828853,6697.75
4.826295,6698.0
4.822458,6698.25
4.814785,6698.5
4.814785,6698.75
4.813506,6699.0
4.807111,6699.25
4.807111,6699.5
4.803274,6699.75
4.801995,6700.0
4.796879,6700.25
4.800716,6700.5
4.793043,6700.75
4.791763,6701.0
4.787927,6701.25
4.786648,6701.5
4.785369,6701.75
4.782811,6702.0
4.780253,6702.25
4.778974,6702.5
4.781532,6702.75
4.776416,6703.0
4.776416,6703.25
4.773858,6703.5
4.773858,6703.75
4.75979,6704.0
4.775137,6704.25
4.762348,6704.5
4.768743,6704.75
4.775137,6705.0
4.773858,6705.25
4.768743,6705.5
4.767464,6705.75
4.776416,6706.0
4.773858,6706.25
4.766185,6706.5
4.764905,6706.75
4.762348,6707.0
4.75979,6707.25
4.754674,6707.5
4.758511,6707.75
4.74828,6708.0
4.749558,6708.25
4.740606,6708.5
4.747001,6708.75
4.739327,6709.0
4.738048,6709.25
4.726537,6709.5
4.73549,6709.75
4.725258,6710.0
4.727816,6710.25
4.721422,6710.5
4.723979,6710.75
4.716306,6711.0
4.716306,6711.25
4.715027,6711.5
4.716306,6711.75
4.707353,6712.0
4.703516,6712.25
4.702238,6712.5
4.704795,6712.75
4.6984,6713.0
4.700958,6713.25
4.693285,6713.5
4.700958,6713.75
4.672822,6714.0
4.689448,6714.25
4.68689,6714.5
4.694564,6714.75
4.683053,6715.0
4.688169,6715.25
4.684332,6715.5
4.688169,6715.75
4.680495,6716.0
4.683053,6716.25
4.679216,6716.5
4.680495,6716.75
4.677938,6717.0
4.67538,6717.25
4.671543,6717.5
4.674101,6717.75
4.670264,6718.0
4.666427,6718.25
4.666427,6718.5
4.663869,6718.75
4.668985,6719.0
4.661311,6719.25
4.657475,6719.5
4.657475,6719.75
4.654916,6720.0
4.65108,6720.25
4.645964,6720.5
4.648522,6720.75
4.644685,6721.0
4.637012,6721.25
4.644685,6721.5
4.642127,6721.75
4.640848,6722.0
4.63829,6722.25
4.63829,6722.5
4.63829,6722.75
4.639569,6723.0
4.630617,6723.25
4.635732,6723.5
4.633174,6723.75
4.634453,6724.0
4.62678,6724.25
4.62678,6724.5
4.622943,6724.75
4.625501,6725.0
4.622943,6725.25
4.620385,6725.5
4.61399,6725.75
4.611433,6726.0
4.607595,6726.25
4.605038,6726.5
4.603759,6726.75
4.60248,6727.0
4.601201,6727.25
4.597364,6727.5
4.594806,6727.75
4.594806,6728.0
4.592248,6728.25
4.58969,6728.5
4.583296,6728.75
4.585854,6729.0
4.576901,6729.25
4.57818,6729.5
4.573064,6729.75
4.573064,6730.0
4.566669,6730.25
4.570506,6730.5
4.566669,6730.75
4.565391,6731.0
4.557717,6731.25
4.556438,6731.5
4.555159,6731.75
4.552601,6732.0
4.548764,6732.25
4.548764,6732.5
4.544927,6732.75
4.546206,6733.0
4.538533,6733.25
4.523185,6733.5
4.509117,6733.75
4.484817,6734.0
4.464354,6734.25
4.504541,6734.5
4.548026,6734.75
4.650341,6735.0
4.633715,6735.25
4.696383,6735.5
4.646504,6735.75
4.637552,6736.0
4.629878,6736.25
4.628599,6736.5
4.624763,6736.75
4.65162,6737.0
4.646504,6737.25
4.647783,6737.5
4.634994,6737.75
4.638831,6738.0
4.629878,6738.25
4.628599,6738.5
4.624763,6738.75
4.624763,6739.0
4.613252,6739.25
4.610694,6739.5
4.604299,6739.75
4.619647,6740.0
4.611973,6740.25
4.620925,6740.5
4.605578,6740.75
4.605578,6741.0
4.599184,6741.25
4.587673,6741.5
4.574883,6741.75
4.568489,6742.0
4.563373,6742.25
4.550584,6742.5
4.549304,6742.75
4.54291,6743.0
4.539073,6743.25
4.533957,6743.5
4.532679,6743.75
4.527563,6744.0
4.523726,6744.25
4.521168,6744.5
4.51861,6744.75
4.513494,6745.0
4.501984,6745.25
4.504541,6745.5
4.495589,6745.75
4.49431,6746.0
4.487916,6746.25
4.486637,6746.5
4.4828,6746.75
4.480242,6747.0
4.475126,6747.25
4.471289,6747.5
4.468731,6747.75
4.462337,6748.0
4.459779,6748.25
4.458499,6748.5
4.454663,6748.75
4.450826,6749.0
4.449547,6749.25
4.448268,6749.5
4.446989,6749.75
4.448268,6750.0
4.439315,6750.25
4.438036,6750.5
4.4342,6750.75
4.435479,6751.0
4.4342,6751.25
4.438036,6751.5
4.438036,6751.75
4.430363,6752.0
4.427805,6752.25
4.422689,6752.5
4.429084,6752.75
4.42141,6753.0
4.418852,6753.25
4.407342,6753.5
4.412457,6753.75
4.380484,6754.0
4.398389,6754.25
4.386879,6754.5
4.395832,6754.75
4.384321,6755.0
4.393273,6755.25
4.3856,6755.5
4.394553,6755.75
4.388158,6756.0
4.380484,6756.25
4.379205,6756.5
4.3856,6756.75
4.376647,6757.0
4.375368,6757.25
4.371531,6757.5
4.376647,6757.75
4.365137,6758.0
4.366416,6758.25
4.3613,6758.5
4.365137,6758.75
4.352347,6759.0
4.358742,6759.25
4.3613,6759.5
4.360021,6759.75
4.352347,6760.0
4.353626,6760.25
4.34979,6760.5
4.351068,6760.75
4.347231,6761.0
4.345953,6761.25
4.343395,6761.5
4.338279,6761.75
4.339558,6762.0
4.337,6762.25
4.334442,6762.5
4.331884,6762.75
4.328047,6763.0
4.326768,6763.25
4.32549,6763.5
4.326768,6763.75
4.32549,6764.0
4.321653,6764.25
4.315258,6764.5
4.3127,6764.75
4.319095,6765.0
4.3127,6765.25
4.3127,6765.5
4.313979,6765.75
4.310142,6766.0
4.302468,6766.25
4.303748,6766.5
4.298632,6766.75
4.299911,6767.0
4.2884,6767.25
4.293516,6767.5
4.285842,6767.75
4.289679,6768.0
4.283284,6768.25
4.283284,6768.5
4.27689,6768.75
4.280726,6769.0
4.278169,6769.25
4.27689,6769.5
4.273053,6769.75
4.266658,6770.0
4.271774,6770.25
4.266658,6770.5
4.267937,6770.75
4.253869,6771.0
4.261542,6771.25
4.255147,6771.5
4.260263,6771.75
4.256426,6772.0
4.25259,6772.25
4.247474,6772.5
4.251311,6772.75
4.247474,6773.0
4.243637,6773.25
4.2398,6773.5
4.2398,6773.75
4.216779,6774.0
4.232127,6774.25
4.22829,6774.5
4.234684,6774.75
4.233406,6775.0
4.229569,6775.25
4.223174,6775.5
4.22829,6775.75
4.225732,6776.0
4.233406,6776.25
4.22829,6776.5
4.234684,6776.75
4.22829,6777.0
4.225732,6777.25
4.22829,6777.5
4.22829,6777.75
4.224453,6778.0
4.219337,6778.25
4.15539,6778.5
4.189921,6778.75
4.210384,6779.0
4.202711,6779.25
4.205269,6779.5
4.209105,6779.75
4.223174,6780.0
4.232127,6780.25
4.230848,6780.5
4.22829,6780.75
4.218058,6781.0
4.2155,6781.25
4.216779,6781.5
4.216779,6781.75
4.214221,6782.0
4.211664,6782.25
4.212943,6782.5
4.205269,6782.75
4.20399,6783.0
4.197595,6783.25
4.198874,6783.5
4.188643,6783.75
4.193758,6784.0
4.184806,6784.25
4.189921,6784.5
4.182248,6784.75
4.184806,6785.0
4.178411,6785.25
4.17969,6785.5
4.174574,6785.75
4.175853,6786.0
4.169458,6786.25
4.169458,6786.5
4.166901,6786.75
4.164342,6787.0
4.160506,6787.25
4.160506,6787.5
4.15539,6787.75
4.15539,6788.0
4.151553,6788.25
4.151553,6788.5
4.15539,6788.75
4.151553,6789.0
4.146437,6789.25
4.142601,6789.5
4.136206,6789.75
4.157948,6790.0
4.145158,6790.25
4.141322,6790.5
4.140043,6790.75
4.138764,6791.0
4.138764,6791.25
4.136206,6791.5
4.132369,6791.75
4.127253,6792.0
4.096559,6792.25
4.090164,6792.5
3.898322,6792.75
3.518566,6793.0
3.365093,6793.25
3.216588,6793.5
3.207636,6793.75
3.187173,6794.0
3.203799,6794.25
3.174383,6794.5
3.17822,6794.75
3.17822,6795.0
3.180778,6795.25
3.179499,6795.5
3.187173,6795.75
3.180778,6796.0
3.17822,6796.25
3.169268,6796.5
3.165431,6796.75
3.152641,6797.0
3.152641,6797.25
3.197404,6797.5
3.581088,6797.75
3.664219,6798.0
3.721771,6798.25
3.688519,6798.5
3.678287,6798.75
3.669335,6799.0
3.669335,6799.25
3.673172,6799.5
3.679566,6799.75
3.680845,6800.0
3.679566,6800.25
3.684682,6800.5
3.682124,6800.75
3.679566,6801.0
3.675729,6801.25
3.671892,6801.5
3.671892,6801.75
3.669335,6802.0
3.668056,6802.25
3.665498,6802.5
3.664219,6802.75
3.653987,6803.0
3.651429,6803.25
3.647593,6803.5
3.639919,6803.75
3.636082,6804.0
3.629687,6804.25
3.62713,6804.5
3.62713,6804.75
3.623293,6805.0
3.618177,6805.25
3.615619,6805.5
3.607945,6805.75
3.610503,6806.0
3.605387,6806.25
3.605387,6806.5
3.607945,6806.75
3.602829,6807.0
3.600272,6807.25
3.597714,6807.5
3.596435,6807.75
3.588761,6808.0
3.587482,6808.25
3.579808,6808.5
3.582366,6808.75
3.581088,6809.0
3.577251,6809.25
3.575972,6809.5
3.573414,6809.75
3.574693,6810.0
3.572135,6810.25
3.570856,6810.5
3.569577,6810.75
3.568298,6811.0
3.559345,6811.25
3.564461,6811.5
3.563182,6811.75
3.561903,6812.0
3.561903,6812.25
3.561903,6812.5
3.55423,6812.75
3.561903,6813.0
3.559345,6813.25
3.567019,6813.5
3.559345,6813.75
3.549114,6814.0
3.559345,6814.25
3.568298,6814.5
3.570856,6814.75
3.574693,6815.0
3.577251,6815.25
3.579808,6815.5
3.581088,6815.75
3.586203,6816.0
3.584924,6816.25
3.59004,6816.5
3.616898,6816.75
3.637361,6817.0
3.628408,6817.25
3.632245,6817.5
3.630966,6817.75
3.630966,6818.0
3.628408,6818.25
3.629687,6818.5
3.62713,6818.75
3.628408,6819.0
3.62585,6819.25
3.629687,6819.5
3.634803,6819.75
3.641198,6820.0
3.645035,6820.25
3.652708,6820.5
3.666777,6820.75
3.665498,6821.0
3.659103,6821.25
3.661661,6821.5
3.661661,6821.75
3.673172,6822.0
3.668056,6822.25
3.67445,6822.5
3.67445,6822.75
3.675729,6823.0
3.669335,6823.25
3.670614,6823.5
3.67445,6823.75
3.670614,6824.0
3.673172,6824.25
3.66294,6824.5
3.671892,6824.75
3.657824,6825.0
3.671892,6825.25
3.666777,6825.5
3.671892,6825.75
3.666777,6826.0
3.668056,6826.25
3.66294,6826.5
3.666777,6826.75
3.664219,6827.0
3.664219,6827.25
3.659103,6827.5
3.656545,6827.75
3.656545,6828.0
3.656545,6828.25
3.652708,6828.5
3.657824,6828.75
3.652708,6829.0
3.652708,6829.25
3.648871,6829.5
3.652708,6829.75
3.646314,6830.0
3.647593,6830.25
3.63864,6830.5
3.647593,6830.75
3.639919,6831.0
3.642477,6831.25
3.639919,6831.5
3.642477,6831.75
3.636082,6832.0
3.637361,6832.25
3.63864,6832.5
3.637361,6832.75
3.633524,6833.0
3.628408,6833.25
3.630966,6833.5
3.633524,6833.75
3.613061,6834.0
3.624572,6834.25
3.623293,6834.5
3.623293,6834.75
3.622014,6835.0
3.622014,6835.25
3.622014,6835.5
3.619456,6835.75
3.61434,6836.0
3.630966,6836.25
3.62585,6836.5
3.62585,6836.75
3.62585,6837.0
3.61434,6837.25
3.622014,6837.5
3.623293,6837.75
3.620735,6838.0
3.619456,6838.25
3.619456,6838.5
3.611782,6838.75
3.616898,6839.0
3.613061,6839.25
3.615619,6839.5
3.613061,6839.75
3.615619,6840.0
3.611782,6840.25
3.61434,6840.5
3.613061,6840.75
3.611782,6841.0
3.609224,6841.25
3.606666,6841.5
3.607945,6841.75
3.607945,6842.0
3.606666,6842.25
3.606666,6842.5
3.602829,6842.75
3.604109,6843.0
3.600272,6843.25
3.601551,6843.5
3.596435,6843.75
3.597714,6844.0
3.591319,6844.25
3.596435,6844.5
3.592598,6844.75
3.595156,6845.0
3.591319,6845.25
3.591319,6845.5
3.587482,6845.75
3.588761,6846.0
3.59004,6846.25
3.588761,6846.5
3.587482,6846.75
3.581088,6847.0
3.582366,6847.25
3.581088,6847.5
3.577251,6847.75
3.57853,6848.0
3.574693,6848.25
3.574693,6848.5
3.575972,6848.75
3.573414,6849.0
3.569577,6849.25
3.568298,6849.5
3.563182,6849.75
3.567019,6850.0
3.560624,6850.25
3.561903,6850.5
3.560624,6850.75
3.560624,6851.0
3.556787,6851.25
3.556787,6851.5
3.55423,6851.75
3.55423,6852.0
3.549114,6852.25
3.546556,6852.5
3.547835,6852.75
3.551672,6853.0
3.545277,6853.25
3.552951,6853.5
3.609224,6853.75
3.59004,6854.0
3.613061,6854.25
3.685961,6854.5
3.652708,6854.75
3.655266,6855.0
3.634803,6855.25
3.633524,6855.5
3.62585,6855.75
3.623293,6856.0
3.613061,6856.25
3.615619,6856.5
3.622014,6856.75
3.615619,6857.0
3.620735,6857.25
3.618177,6857.5
3.616898,6857.75
3.610503,6858.0
3.611782,6858.25
3.609224,6858.5
3.607945,6858.75
3.607945,6859.0
3.602829,6859.25
3.604109,6859.5
3.598993,6859.75
3.600272,6860.0
3.595156,6860.25
3.593877,6860.5
3.588761,6860.75
3.593877,6861.0
3.592598,6861.25
3.591319,6861.5
3.591319,6861.75
3.59004,6862.0
3.588761,6862.25
3.587482,6862.5
3.583645,6862.75
3.57853,6863.0
3.574693,6863.25
3.567019,6863.5
3.568298,6863.75
3.563182,6864.0
3.563182,6864.25
3.559345,6864.5
3.563182,6864.75
3.558067,6865.0
3.558067,6865.25
3.551672,6865.5
3.559345,6865.75
3.550393,6866.0
3.543998,6866.25
3.542719,6866.5
3.546556,6866.75
3.538882,6867.0
3.538882,6867.25
3.535046,6867.5
3.540161,6867.75
3.533767,6868.0
3.536325,6868.25
3.531209,6868.5
3.519698,6868.75
3.503072,6869.0
3.509467,6869.25
3.503072,6869.5
3.512025,6869.75
3.508188,6870.0
3.514582,6870.25
3.508188,6870.5
3.513304,6870.75
3.510746,6871.0
3.509467,6871.25
3.503072,6871.5
3.503072,6871.75
3.500514,6872.0
3.500514,6872.25
3.496677,6872.5
3.501793,6872.75
3.495398,6873.0
3.489004,6873.25
3.49284,6873.5
3.497956,6873.75
3.474935,6874.0
3.485167,6874.25
3.477493,6874.5
3.483888,6874.75
3.478772,6875.0
3.48133,6875.25
3.476214,6875.5
3.480051,6875.75
3.476214,6876.0
3.476214,6876.25
3.477493,6876.5
3.478772,6876.75
3.476214,6877.0
3.469819,6877.25
3.472377,6877.5
3.471098,6877.75
3.472377,6878.0
3.491561,6878.25
3.480051,6878.5
3.480051,6878.75
3.477493,6879.0
3.476214,6879.25
3.472377,6879.5
3.469819,6879.75
3.462146,6880.0
3.465982,6880.25
3.462146,6880.5
3.460867,6880.75
3.459588,6881.0
3.459588,6881.25
3.458309,6881.5
3.450635,6881.75
3.458309,6882.0
3.451914,6882.25
3.460867,6882.5
3.449356,6882.75
3.453193,6883.0
3.448077,6883.25
3.453193,6883.5
3.448077,6883.75
3.448077,6884.0
3.445519,6884.25
3.445519,6884.5
3.442961,6884.75
3.444241,6885.0
3.442961,6885.25
3.436567,6885.5
3.437846,6885.75
3.448077,6886.0
3.459588,6886.25
3.454472,6886.5
3.453193,6886.75
3.453193,6887.0
3.453193,6887.25
3.445519,6887.5
3.449356,6887.75
3.444241,6888.0
3.440404,6888.25
3.439125,6888.5
3.440404,6888.75
3.435288,6889.0
3.435288,6889.25
3.428893,6889.5
3.428893,6889.75
3.425056,6890.0
3.426335,6890.25
3.422498,6890.5
3.430172,6890.75
3.422498,6891.0
3.428893,6891.25
3.427614,6891.5
3.435288,6891.75
3.43273,6892.0
3.434009,6892.25
3.434009,6892.5
3.43273,6892.75
3.43273,6893.0
3.431451,6893.25
3.428893,6893.5
3.422498,6893.75
3.412267,6894.0
3.41994,6894.25
3.418662,6894.5
3.41994,6894.75
3.41994,6895.0
3.412267,6895.25
3.418662,6895.5
3.416104,6895.75
3.416104,6896.0
3.413546,6896.25
3.40843,6896.5
3.412267,6896.75
3.410988,6897.0
3.407151,6897.25
3.409709,6897.5
3.404593,6897.75
3.404593,6898.0
3.402035,6898.25
3.403314,6898.5
3.402035,6898.75
3.417383,6899.0
3.427614,6899.25
3.413546,6899.5
3.412267,6899.75
3.41994,6900.0
3.418662,6900.25
3.422498,6900.5
3.422498,6900.75
3.427614,6901.0
3.430172,6901.25
3.427614,6901.5
3.43273,6901.75
3.434009,6902.0
3.439125,6902.25
3.444241,6902.5
3.445519,6902.75
3.453193,6903.0
3.45703,6903.25
3.458309,6903.5
3.459588,6903.75
3.459588,6904.0
3.463425,6904.25
3.458309,6904.5
3.453193,6904.75
3.455751,6905.0
3.453193,6905.25
3.451914,6905.5
3.474935,6905.75
3.499235,6906.0
3.478772,6906.25
3.474935,6906.5
3.473656,6906.75
3.471098,6907.0
3.473656,6907.25
3.469819,6907.5
3.478772,6907.75
3.467262,6908.0
3.473656,6908.25
3.46854,6908.5
3.471098,6908.75
3.467262,6909.0
3.465982,6909.25
3.467262,6909.5
3.474935,6909.75
3.46854,6910.0
3.462146,6910.25
3.462146,6910.5
3.453193,6910.75
3.454472,6911.0
3.518419,6911.25
3.355993,6911.5
3.313788,6911.75
3.307394,6912.0
3.385409,6912.25
3.367504,6912.5
3.423777,6912.75
3.321462,6913.0
3.235773,6913.25
3.197404,6913.5
3.235773,6913.75
3.010679,6914.0
3.063115,6914.25
3.222983,6914.5
3.26263,6914.75
3.377735,6915.0
3.393083,6915.25
2.835463,6915.5
2.869089,6915.75
2.817931,6916.0
2.811537,6916.25
2.730963,6916.5
2.623532,6916.75
2.592837,6917.0
2.596674,6917.25
2.664458,6917.5
2.764216,6917.75
2.733521,6918.0
2.7348,6918.25
2.655505,6918.5
2.670853,6918.75
2.806421,6919.0
2.917689,6919.25
2.934315,6919.5
2.927921,6919.75
2.889552,6920.0
2.865252,6920.25
2.832,6920.5
2.948384,6920.75
2.910015,6921.0
2.925363,6921.25
3.00082,6921.5
2.950942,6921.75
2.972684,6922.0
3.050699,6922.25
3.114646,6922.5
3.113367,6922.75
3.161967,6923.0
3.196499,6923.25
3.261725,6923.5
3.366598,6923.75
3.366598,6924.0
3.448451,6924.25
3.525187,6924.5
3.641198,6924.75
3.560624,6925.0
3.519698,6925.25
3.428893,6925.5
3.336809,6925.75
3.350878,6926.0
3.329136,6926.25
3.336809,6926.5
3.393083,6926.75
3.422498,6927.0
3.459588,6927.25
3.485167,6927.5
3.483888,6927.75
3.485167,6928.0
3.446798,6928.25
3.425056,6928.5
3.426335,6928.75
3.430172,6929.0
3.393083,6929.25
3.364946,6929.5
3.327857,6929.75
3.312509,6930.0
3.340646,6930.25
3.306115,6930.5
3.29972,6930.75
3.28693,6931.0
3.279257,6931.25
3.27542,6931.5
3.266467,6931.75
3.254957,6932.0
3.242167,6932.25
3.229378,6932.5
3.258794,6932.75
3.316346,6933.0
3.281815,6933.25
3.284373,6933.5
3.290767,6933.75
3.261352,6934.0
3.263909,6934.25
3.256236,6934.5
3.261352,6934.75
3.253678,6935.0
3.25112,6935.25
3.239609,6935.5
3.242167,6935.75
3.231936,6936.0
3.228099,6936.25
3.219146,6936.5
3.21531,6936.75
3.207636,6937.0
3.196126,6937.25
3.193568,6937.5
3.184615,6937.75
3.189731,6938.0
3.188452,6938.25
3.196126,6938.5
3.20252,6938.75
3.207636,6939.0
3.20252,6939.25
3.203799,6939.5
3.20252,6939.75
3.199962,6940.0
3.198683,6940.25
3.196126,6940.5
3.199962,6940.75
3.197404,6941.0
3.197404,6941.25
3.194846,6941.5
3.193568,6941.75
3.196126,6942.0
3.194846,6942.25
3.192289,6942.5
3.19101,6942.75
3.185894,6943.0
3.179499,6943.25
3.167989,6943.5
3.170547,6943.75
3.167989,6944.0
3.165431,6944.25
3.157757,6944.5
3.160315,6944.75
3.15392,6945.0
3.147526,6945.25
3.141131,6945.5
3.14241,6945.75
3.133457,6946.0
3.132178,6946.25
3.125783,6946.5
3.127063,6946.75
3.121947,6947.0
3.116831,6947.25
3.115552,6947.5
3.116831,6947.75
3.114273,6948.0
3.11811,6948.25
3.123226,6948.5
3.125783,6948.75
3.130899,6949.0
3.136015,6949.25
3.14241,6949.5
3.148804,6949.75
3.156478,6950.0
3.160315,6950.25
3.160315,6950.5
3.150084,6950.75
3.15392,6951.0
3.139852,6951.25
3.141131,6951.5
3.138573,6951.75
3.141131,6952.0
3.136015,6952.25
3.130899,6952.5
3.121947,6952.75
3.121947,6953.0
3.115552,6953.25
3.114273,6953.5
3.10532,6953.75
3.091252,6954.0
3.089973,6954.25
3.092531,6954.5
3.086136,6954.75
3.082299,6955.0
3.072068,6955.25
3.066952,6955.5
3.000447,6955.75
2.981263,6956.0
2.979984,6956.25
3.005563,6956.5
3.040094,6956.75
3.037536,6957.0
3.036258,6957.25
3.036258,6957.5
3.043931,6957.75
3.052884,6958.0
3.057999,6958.25
3.059278,6958.5
3.057999,6958.75
3.057999,6959.0
3.050326,6959.25
3.0337,6959.5
2.97231,6959.75
2.986752,6960.0
3.043025,6960.25
3.045583,6960.5
3.045583,6960.75
3.044304,6961.0
3.051978,6961.25
3.058373,6961.5
3.066046,6961.75
3.060931,6962.0
3.059652,6962.25
3.051978,6962.5
3.054536,6962.75
3.04942,6963.0
3.046862,6963.25
3.03791,6963.5
3.036631,6963.75
3.032794,6964.0
3.032794,6964.25
3.031515,6964.5
3.030236,6964.75
3.02512,6965.0
3.016168,6965.25
3.018726,6965.5
3.01361,6965.75
3.011052,6966.0
3.009773,6966.25
3.014889,6966.5
3.012331,6966.75
3.022562,6967.0
3.028957,6967.25
3.036631,6967.5
3.043025,6967.75
3.045583,6968.0
3.04942,6968.25
3.04942,6968.5
3.045583,6968.75
3.041747,6969.0
3.035352,6969.25
3.034073,6969.5
3.031515,6969.75
3.027678,6970.0
3.021283,6970.25
3.023841,6970.5
3.014889,6970.75
3.017447,6971.0
3.007215,6971.25
3.011052,6971.5
3.005936,6971.75
3.003378,6972.0
2.999541,6972.25
3.00082,6972.5
2.998262,6972.75
2.995705,6973.0
2.991868,6973.25
2.988031,6973.5
2.98931,6973.75
2.97652,6974.0
2.981636,6974.25
2.979078,6974.5
2.980357,6974.75
2.981636,6975.0
2.977799,6975.25
2.973963,6975.5
2.97652,6975.75
2.971405,6976.0
2.96501,6976.25
2.973963,6976.5
2.972684,6976.75
2.971405,6977.0
2.967568,6977.25
2.967568,6977.5
2.970126,6977.75
2.979078,6978.0
2.995705,6978.25
3.016168,6978.5
3.040468,6978.75
3.055815,6979.0
3.071162,6979.25
3.086509,6979.5
3.096741,6979.75
3.136388,6980.0
3.213125,6980.25
3.167083,6980.5
3.103136,6980.75
3.167083,6981.0
3.274514,6981.25
3.378109,6981.5
3.458682,6981.75
3.56995,6982.0
3.67445,6982.25
3.666777,6982.5
3.486446,6982.75
3.361109,6983.0
3.297162,6983.25
3.272862,6983.5
3.253678,6983.75
3.229378,6984.0
3.212752,6984.25
3.193568,6984.5
3.184615,6984.75
3.16671,6985.0
3.155199,6985.25
3.138573,6985.5
3.130899,6985.75
3.121947,6986.0
3.136015,6986.25
3.150084,6986.5
3.161594,6986.75
3.169268,6987.0
3.169268,6987.25
3.165431,6987.5
3.160315,6987.75
3.143689,6988.0
3.12962,6988.25
3.114273,6988.5
3.101484,6988.75
3.078463,6989.0
3.049047,6989.25
3.011957,6989.5
3.001726,6989.75
3.008121,6990.0
3.032421,6990.25
3.05672,6990.5
3.083578,6990.75
3.092531,6991.0
3.097647,6991.25
3.089973,6991.5
3.078463,6991.75
3.065673,6992.0
3.049047,6992.25
3.0337,6992.5
3.017073,6992.75
3.077184,6993.0
3.074626,6993.25
2.921153,6993.5
2.971405,6993.75
3.095462,6994.0
3.121041,6994.25
3.126157,6994.5
3.106973,6994.75
3.32823,6995.0
3.46124,6995.25
3.587856,6995.5
3.758861,6995.75
3.889313,6996.0
3.958376,6996.25
3.992907,6996.5
4.048049,6996.75
4.105601,6997.0
4.129901,6997.25
4.136296,6997.5
4.129901,6997.75
4.128622,6998.0
4.100485,6998.25
4.035259,6998.5
4.003286,6998.75
4.005844,6999.0
4.02247,6999.25
4.032701,6999.5
4.041654,6999.75
4.045491,7000.0
4.05828,7000.25
4.064675,7000.5
4.073627,7000.75
4.086417,7001.0
4.141412,7001.25
4.306396,7001.5
4.297443,7001.75
3.94957,7002.0
3.67076,7002.25
3.761565,7002.5
3.819118,7002.75
4.016075,7003.0
4.5916,7003.25
4.702778,7003.5
4.532679,7003.75
4.672083,7004.0
4.692546,7004.25
4.79742,7004.5
4.904851,7004.75
4.789746,7005.0
4.398389,7005.25
4.127253,7005.5
4.055633,7005.75
4.147717,7006.0
4.177132,7006.25
4.328047,7006.5
4.358742,7006.75
4.4342,7007.0
4.526284,7007.25
4.597905,7007.5
4.702778,7007.75
4.60302,7008.0
4.681036,7008.25
4.656736,7008.5
4.64011,7008.75
4.629878,7009.0
4.678478,7009.25
4.666967,7009.5
4.611973,7009.75
4.555699,7010.0
4.636273,7010.25
4.766725,7010.5
4.619647,7010.75
4.490473,7011.0
4.25259,7011.25
4.07098,7011.5
3.990406,7011.75
4.065864,7012.0
4.051795,7012.25
4.078653,7012.5
4.067143,7012.75
4.104232,7013.0
4.186085,7013.25
4.157948,7013.5
4.042843,7013.75
3.977617,7014.0
3.920064,7014.25
3.888181,7014.5
3.890739,7014.75
3.950849,7015.0
4.110717,7015.25
4.356274,7015.5
4.479053,7015.75
4.429084,7016.0
4.394553,7016.25
4.310142,7016.5
4.315258,7016.75
4.296074,7017.0
4.283284,7017.25
4.444431,7017.5
4.549304,7017.75
4.510936,7018.0
4.723241,7018.25
4.798699,7018.5
4.947056,7018.75
5.083903,7019.0
5.241952,7019.25
5.309736,7019.5
5.293109,7019.75
4.911984,7020.0
4.332623,7020.25
4.051795,7020.5
4.221895,7020.75
4.370253,7021.0
4.354905,7021.25
4.34979,7021.5
4.4342,7021.75
4.508379,7022.0
4.476405,7022.25
4.47001,7022.5
4.679757,7022.75
4.913804,7023.0
4.742425,7023.25
4.594068,7023.5
4.582557,7023.75
4.563373,7024.0
4.487916,7024.25
4.461058,7024.5
4.450826,7024.75
4.526284,7025.0
4.462337,7025.25
4.238521,7025.5
4.255147,7025.75
4.2398,7026.0
4.2884,7026.25
4.328047,7026.5
4.308863,7026.75
4.283284,7027.0
4.256426,7027.25
4.212943,7027.5
4.17969,7027.75
4.207827,7028.0
4.241079,7028.25
4.271774,7028.5
4.363858,7028.75
4.342116,7029.0
4.358742,7029.25
4.337,7029.5
4.311421,7029.75
4.284564,7030.0
4.270495,7030.25
4.257706,7030.5
4.25259,7030.75
4.256426,7031.0
4.258985,7031.25
4.269216,7031.5
4.283284,7031.75
4.267937,7032.0
4.255147,7032.25
4.282005,7032.5
4.471289,7032.75
4.619647,7033.0
4.533957,7033.25
4.187364,7033.5
4.200153,7033.75
4.262821,7034.0
4.235963,7034.25
4.242358,7034.5
4.352347,7034.75
4.420131,7035.0
4.656736,7035.25
4.725799,7035.5
4.614531,7035.75
5.050651,7036.0
5.603893,7036.25
5.389678,7036.5
5.0239,7036.75
5.213183,7037.0
5.263062,7037.25
5.70174,7037.5
4.901121,7037.75
4.869779,7038.0
4.8442,7038.25
4.833969,7038.5
4.809669,7038.75
4.782811,7039.0
4.745721,7039.25
4.721422,7039.5
4.713748,7039.75
4.695843,7040.0
4.694564,7040.25
4.830132,7040.5
4.85699,7040.75
4.883847,7041.0
4.726537,7041.25
4.62678,7041.5
4.587132,7041.75
4.562832,7042.0
4.538533,7042.25
4.532138,7042.5
4.555159,7042.75
4.639569,7043.0
4.611433,7043.25
4.610154,7043.5
4.639569,7043.75
4.723979,7044.0
5.08592,7044.25
4.761069,7044.5
4.749558,7044.75
4.734211,7045.0
4.732932,7045.25
4.789206,7045.5
4.7956,7045.75
4.764905,7046.0
4.741885,7046.25
4.757232,7046.5
4.583296,7046.75
4.552601,7047.0
4.544927,7047.25
4.550043,7047.5
4.561553,7047.75
4.567948,7048.0
4.570506,7048.25
4.569227,7048.5
4.566669,7048.75
4.557717,7049.0
4.543648,7049.25
4.524464,7049.5
4.521906,7049.75
4.708632,7050.0
4.835248,7050.25
4.722701,7050.5
4.749558,7050.75
4.848037,7051.0
4.867221,7051.25
4.920937,7051.5
4.883847,7051.75
4.859548,7052.0
4.881289,7052.25
5.039878,7052.5
5.073131,7052.75
5.029647,7053.0
4.961863,7053.25
4.937563,7053.5
4.883847,7053.75
4.918379,7054.0
5.013021,7054.25
5.0872,7054.5
5.279041,7054.75
5.326362,7055.0
5.322525,7055.25
5.42612,7055.5
5.369846,7055.75
5.428678,7056.0
5.58343,7056.25
5.755455,7056.5
5.765687,7056.75
5.671045,7057.0
5.633956,7057.25
5.622446,7057.5
5.616051,7057.75
5.607098,7058.0
5.630119,7058.25
5.645466,7058.5
5.596867,7058.75
5.543151,7059.0
5.509899,7059.25
5.503504,7059.5
5.503504,7059.75
5.564893,7060.0
5.648025,7060.25
5.729877,7060.5
5.791266,7060.75
5.821961,7061.0
5.832192,7061.25
5.811729,7061.5
5.791266,7061.75
5.746503,7062.0
5.709414,7062.25
5.679998,7062.5
5.65314,7062.75
5.658256,7063.0
5.672324,7063.25
5.616051,7063.5
5.582798,7063.75
5.58024,7064.0
5.561056,7064.25
5.335962,7064.5
5.296315,7064.75
5.421651,7065.0
5.699182,7065.25
5.821961,7065.5
6.009965,7065.75
6.000697,7066.0
5.973839,7066.25
5.931633,7066.5
5.880476,7066.75
5.845944,7067.0
5.764092,7067.25
5.648987,7067.5
5.533882,7067.75
5.531324,7068.0
5.53644,7068.25
5.79095,7068.5
5.821644,7068.75
5.675845,7069.0
5.691192,7069.25
5.743629,7069.5
5.709097,7069.75
5.721887,7070.0
5.724445,7070.25
5.670729,7070.5
5.324135,7070.75
